estacion,temporada,hora_local,obs,n
117,invierno,0,12.923461121593292,954
117,invierno,1,12.56341960125918,953
117,invierno,2,12.380522903563941,954
117,invierno,3,12.490085407098121,958
117,invierno,4,12.225682864637985,953
117,invierno,5,12.014578919202519,953
117,invierno,6,12.462522641509434,954
117,invierno,7,12.296247657563026,952
117,invierno,8,11.65602620908131,947
117,invierno,9,11.513954855923158,937
117,invierno,10,11.889642027600848,942
117,invierno,11,11.428209139213601,941
117,invierno,12,11.26625964968153,942
117,invierno,13,10.671611386243386,945
117,invierno,14,10.724470190274841,946
117,invierno,15,10.963922980769231,936
117,invierno,16,11.190388322717622,942
117,invierno,17,11.794220488322717,942
117,invierno,18,12.611365395152793,949
117,invierno,19,13.435815652631579,950
117,invierno,20,13.348958982161594,953
117,invierno,21,13.125229916317993,956
117,invierno,22,12.442601244769875,956
117,invierno,23,13.098423874345551,955
117,otoño,0,10.550328979166666,960
117,otoño,1,10.02876930785124,968
117,otoño,2,9.77528590909091,968
117,otoño,3,9.583139886714727,971
117,otoño,4,10.008990514403292,972
117,otoño,5,12.194212695473253,972
117,otoño,6,14.177647520661157,968
117,otoño,7,10.779194876033058,968
117,otoño,8,9.945823829344434,961
117,otoño,9,10.8566785204617,953
117,otoño,10,10.718541422594143,956
117,otoño,11,9.597494425887264,958
117,otoño,12,9.259903465968586,955
117,otoño,13,8.562708257261411,964
117,otoño,14,8.195778284823286,962
117,otoño,15,8.196110904365904,962
117,otoño,16,8.434433587069863,959
117,otoño,17,9.611293859649123,969
117,otoño,18,10.783622273201251,959
117,otoño,19,11.635136190975865,953
117,otoño,20,11.978653263598327,956
117,otoño,21,12.132892591050988,961
117,otoño,22,11.541308461538462,962
117,otoño,23,11.084700186528497,965
117,primavera,0,10.015604013157894,912
117,primavera,1,10.013249945175438,912
117,primavera,2,10.33240014254386,912
117,primavera,3,10.139890043956045,910
117,primavera,4,10.603637252747253,910
117,primavera,5,12.240206140350876,912
117,primavera,6,11.516748643880927,907
117,primavera,7,10.59895001111111,900
117,primavera,8,10.184976644444445,900
117,primavera,9,10.125960927374301,895
117,primavera,10,9.750483779264215,897
117,primavera,11,9.466439966923925,907
117,primavera,12,8.965615088495575,904
117,primavera,13,8.844402684268427,909
117,primavera,14,8.925231696230599,902
117,primavera,15,8.794305488888888,900
117,primavera,16,9.196735077262694,906
117,primavera,17,9.278775489548954,909
117,primavera,18,9.645917469746975,909
117,primavera,19,9.799272805280527,909
117,primavera,20,10.122785916575191,911
117,primavera,21,9.953437434210526,912
117,primavera,22,9.61725931868132,910
117,primavera,23,9.971258281596452,902
117,verano,0,8.05202928008999,889
117,verano,1,8.12034379775281,890
117,verano,2,8.025686925675675,888
117,verano,3,8.656003340832395,889
117,verano,4,8.964481948198198,888
117,verano,5,10.887522612612614,888
117,verano,6,10.858725389830509,885
117,verano,7,8.556556981776765,878
117,verano,8,8.991096586206897,870
117,verano,9,9.779145630733945,872
117,verano,10,9.114042104664392,879
117,verano,11,7.15286756849315,876
117,verano,12,6.660693461538462,884
117,verano,13,6.711826816647919,889
117,verano,14,7.740237149372862,877
117,verano,15,6.490119329545455,880
117,verano,16,6.597584326160815,883
117,verano,17,7.031905584269662,890
117,verano,18,7.779788657718121,894
117,verano,19,8.340838611422173,893
117,verano,20,9.008105691788527,889
117,verano,21,9.052505542986426,884
117,verano,22,9.446618616422946,889
117,verano,23,8.183550585585586,888
204,invierno,0,5.9034874290348744,1233
204,invierno,1,4.9440389294403895,1233
204,invierno,2,5.034063260340632,1233
204,invierno,3,5.472830494728305,1233
204,invierno,4,6.383617193836172,1233
204,invierno,5,7.536090835360908,1233
204,invierno,6,9.483319772172498,1229
204,invierno,7,11.720097640358015,1229
204,invierno,8,11.857491856677525,1228
204,invierno,9,11.63739837398374,1230
204,invierno,10,9.603096984515078,1227
204,invierno,11,8.074225122349104,1226
204,invierno,12,8.202293202293202,1221
204,invierno,13,7.6109298531810765,1226
204,invierno,14,7.249795918367347,1225
204,invierno,15,6.454471544715447,1230
204,invierno,16,6.9747967479674795,1230
204,invierno,17,8.117504051863857,1234
204,invierno,18,8.339821573398217,1233
204,invierno,19,9.784440842787681,1234
204,invierno,20,9.278994322789943,1233
204,invierno,21,7.971613949716139,1233
204,invierno,22,6.857258718572587,1233
204,invierno,23,6.030819140308191,1233
204,otoño,0,7.522047244094488,1270
204,otoño,1,6.839370078740157,1270
204,otoño,2,7.274803149606299,1270
204,otoño,3,8.03779527559055,1270
204,otoño,4,8.12214342001576,1269
204,otoño,5,9.580974842767295,1272
204,otoño,6,10.506687647521636,1271
204,otoño,7,12.7437106918239,1272
204,otoño,8,12.405043341213554,1269
204,otoño,9,11.783293932230102,1269
204,otoño,10,12.026004728132389,1269
204,otoño,11,11.175728920409771,1269
204,otoño,12,10.015772870662461,1268
204,otoño,13,10.180237154150198,1265
204,otoño,14,9.346245059288538,1265
204,otoño,15,9.902053712480253,1266
204,otoño,16,8.554235946159936,1263
204,otoño,17,8.950871632329635,1262
204,otoño,18,10.586698337292162,1263
204,otoño,19,9.44382911392405,1264
204,otoño,20,10.602999210734017,1267
204,otoño,21,9.425632911392405,1264
204,otoño,22,8.758921490880255,1261
204,otoño,23,8.255905511811024,1270
204,primavera,0,7.071122536418167,1167
204,primavera,1,6.320479862896315,1167
204,primavera,2,5.9193133047210305,1165
204,primavera,3,5.984549356223176,1165
204,primavera,4,6.869078380706288,1161
204,primavera,5,9.335910652920962,1164
204,primavera,6,11.19104991394148,1162
204,primavera,7,12.198453608247423,1164
204,primavera,8,12.348237317282889,1163
204,primavera,9,12.4,1160
204,primavera,10,10.175814751286449,1166
204,primavera,11,8.509939498703543,1157
204,primavera,12,8.38448275862069,1160
204,primavera,13,7.643470790378007,1164
204,primavera,14,9.443965517241379,1160
204,primavera,15,9.068787618228718,1163
204,primavera,16,8.615649183147033,1163
204,primavera,17,7.359307359307359,1155
204,primavera,18,6.919174548581255,1163
204,primavera,19,7.676724137931035,1160
204,primavera,20,9.232817869415808,1164
204,primavera,21,8.41444539982803,1163
204,primavera,22,8.369098712446352,1165
204,primavera,23,8.059380378657487,1162
204,verano,0,7.658536585365853,1189
204,verano,1,7.214285714285714,1190
204,verano,2,6.769101595298069,1191
204,verano,3,6.850545759865659,1191
204,verano,4,7.608915054667788,1189
204,verano,5,8.921717171717171,1188
204,verano,6,10.856181665264929,1189
204,verano,7,11.112510495382033,1191
204,verano,8,10.288607594936709,1185
204,verano,9,10.210970464135022,1185
204,verano,10,12.027871621621621,1184
204,verano,11,8.909551986475064,1183
204,verano,12,8.788185654008439,1185
204,verano,13,8.699324324324325,1184
204,verano,14,11.583614864864865,1184
204,verano,15,11.547217537942664,1186
204,verano,16,10.804384485666105,1186
204,verano,17,9.57792754844145,1187
204,verano,18,7.877843302443134,1187
204,verano,19,8.662468513853904,1191
204,verano,20,8.167086481947942,1191
204,verano,21,8.30950378469302,1189
204,verano,22,8.527731092436975,1190
204,verano,23,8.256711409395972,1192
217,invierno,0,4.6645056726094,617
217,invierno,1,4.021487603305785,605
217,invierno,2,4.368421052631579,608
217,invierno,3,3.7475409836065574,610
217,invierno,4,4.150326797385621,612
217,invierno,5,4.162828947368421,608
217,invierno,6,4.621710526315789,608
217,invierno,7,5.238562091503268,612
217,invierno,8,6.485197368421052,608
217,invierno,9,9.210873146622735,607
217,invierno,10,13.596694214876033,605
217,invierno,11,11.197346600331676,603
217,invierno,12,8.27986906710311,611
217,invierno,13,8.019417475728156,618
217,invierno,14,7.972402597402597,616
217,invierno,15,7.346774193548387,620
217,invierno,16,6.755700325732899,614
217,invierno,17,7.735056542810986,619
217,invierno,18,13.012658227848101,632
217,invierno,19,16.318681318681318,637
217,invierno,20,16.166929133858268,635
217,invierno,21,11.846761453396525,633
217,invierno,22,8.251980982567353,631
217,invierno,23,6.098705501618123,618
217,otoño,0,6.4657097288676235,627
217,otoño,1,5.766295707472178,629
217,otoño,2,5.672,625
217,otoño,3,5.504012841091493,623
217,otoño,4,5.266990291262136,618
217,otoño,5,5.164227642276423,615
217,otoño,6,5.5147540983606556,610
217,otoño,7,5.924466338259442,609
217,otoño,8,6.9868852459016395,610
217,otoño,9,9.22203947368421,608
217,otoño,10,10.218597063621534,613
217,otoño,11,8.012965964343598,617
217,otoño,12,7.586429725363489,619
217,otoño,13,8.286373697749195,622
217,otoño,14,8.480645161290322,620
217,otoño,15,8.62439024390244,615
217,otoño,16,7.996794871794871,624
217,otoño,17,8.797752808988765,623
217,otoño,18,11.985714285714286,630
217,otoño,19,15.07120253164557,632
217,otoño,20,13.593700787401575,635
217,otoño,21,11.776898734177216,632
217,otoño,22,9.585443037974683,632
217,otoño,23,7.517515923566879,628
217,primavera,0,8.296703296703297,546
217,primavera,1,7.064338235294118,544
217,primavera,2,5.8330275229357795,545
217,primavera,3,4.861060329067642,547
217,primavera,4,4.714285714285714,546
217,primavera,5,5.027422303473492,547
217,primavera,6,5.516544117647059,544
217,primavera,7,7.488929889298893,542
217,primavera,8,10.938661710037175,538
217,primavera,9,10.873840445269016,539
217,primavera,10,8.063432835820896,536
217,primavera,11,7.668539325842697,534
217,primavera,12,8.406716417910447,536
217,primavera,13,9.420370370370371,540
217,primavera,14,9.104868913857677,534
217,primavera,15,9.22429906542056,535
217,primavera,16,8.565619223659889,541
217,primavera,17,8.988990825688074,545
217,primavera,18,12.259597806215723,547
217,primavera,19,15.288848263254113,547
217,primavera,20,13.10989010989011,546
217,primavera,21,12.435897435897436,546
217,primavera,22,11.073394495412844,545
217,primavera,23,10.014732965009209,543
217,verano,0,10.571912013536378,591
217,verano,1,9.693602693602694,594
217,verano,2,8.712121212121213,594
217,verano,3,8.2003367003367,594
217,verano,4,7.84991568296796,593
217,verano,5,7.444256756756757,592
217,verano,6,7.666666666666667,591
217,verano,7,8.6921768707483,588
217,verano,8,9.226027397260275,584
217,verano,9,10.428816466552316,583
217,verano,10,11.475298126064736,587
217,verano,11,12.365482233502538,591
217,verano,12,12.326599326599327,594
217,verano,13,12.1875,592
217,verano,14,11.800752693602695,594
217,verano,15,11.730964467005077,591
217,verano,16,12.474747474747474,594
217,verano,17,13.610738255033556,596
217,verano,18,13.593645484949834,598
217,verano,19,14.120603015075377,597
217,verano,20,12.445561139028475,597
217,verano,21,11.672818791946309,596
217,verano,22,11.75503355704698,596
217,verano,23,11.490725126475548,593
222,invierno,0,20.464009330289194,657
222,invierno,1,20.244591540334856,657
222,invierno,2,19.715452708396946,655
222,invierno,3,19.46524731707317,656
222,invierno,4,19.34540299847793,657
222,invierno,5,19.273682541856925,657
222,invierno,6,19.26619515981735,657
222,invierno,7,19.38117504601227,652
222,invierno,8,19.388930562211982,651
222,invierno,9,20.023735390357697,643
222,invierno,10,20.81632713158706,649
222,invierno,11,23.788628170542637,645
222,invierno,12,21.546490327102802,642
222,invierno,13,21.19979854714065,647
222,invierno,14,18.84462561728395,648
222,invierno,15,20.33418251155624,649
222,invierno,16,20.417040568147012,653
222,invierno,17,20.577640281345566,654
222,invierno,18,20.69962874233129,652
222,invierno,19,20.273976564885494,655
222,invierno,20,19.077434179331306,658
222,invierno,21,19.726787832317072,656
222,invierno,22,19.543921834862385,654
222,invierno,23,20.37593319634703,657
222,otoño,0,16.773313024691358,648
222,otoño,1,16.376880679012345,648
222,otoño,2,15.87232386996904,646
222,otoño,3,15.887056882716049,648
222,otoño,4,15.837072681047765,649
222,otoño,5,16.01167993836672,649
222,otoño,6,17.22427163580247,648
222,otoño,7,17.61861205564142,647
222,otoño,8,17.13474015503876,645
222,otoño,9,19.92458567026194,649
222,otoño,10,23.34568413953488,645
222,otoño,11,20.78157806501548,646
222,otoño,12,17.68605801242236,644
222,otoño,13,14.209565782945736,645
222,otoño,14,13.411709579439252,642
222,otoño,15,13.825049203125,640
222,otoño,16,13.270956785093166,644
222,otoño,17,13.242409984520124,646
222,otoño,18,13.236357250773993,646
222,otoño,19,12.73384857009245,649
222,otoño,20,13.733609462365592,651
222,otoño,21,14.948299849476923,650
222,otoño,22,16.68448513975155,644
222,otoño,23,17.780963672839505,648
222,primavera,0,14.609072865986395,588
222,primavera,1,14.73780066439523,587
222,primavera,2,14.784870081632652,588
222,primavera,3,15.017700372913119,587
222,primavera,4,15.318820371379898,587
222,primavera,5,15.779567585034012,588
222,primavera,6,16.3072988225256,586
222,primavera,7,16.833345059931506,584
222,primavera,8,19.6409429209622,582
222,primavera,9,20.01342529360967,579
222,primavera,10,21.048117184482756,580
222,primavera,11,19.802854965034964,572
222,primavera,12,17.61820277486911,573
222,primavera,13,16.78414992895204,563
222,primavera,14,17.656173133682373,573
222,primavera,15,18.43691301269565,575
222,primavera,16,19.492025692041523,578
222,primavera,17,19.305419257340244,579
222,primavera,18,17.136712612456748,578
222,primavera,19,16.20334859589041,584
222,primavera,20,15.8398154271012,583
222,primavera,21,14.614596919795222,586
222,primavera,22,13.427938473413379,583
222,primavera,23,13.908711484641639,586
222,verano,0,15.296482373070607,609
222,verano,1,15.882076149342105,608
222,verano,2,16.171268478217822,606
222,verano,3,15.852806891940789,608
222,verano,4,16.584915368151815,606
222,verano,5,14.402397370715473,601
222,verano,6,16.376534740666667,600
222,verano,7,20.95149343489933,596
222,verano,8,22.00413436243822,607
222,verano,9,21.420826903814262,603
222,verano,10,17.63465332778702,601
222,verano,11,15.314093900826446,605
222,verano,12,15.751084101153214,607
222,verano,13,14.75317121416804,607
222,verano,14,17.1890161124792,601
222,verano,15,13.388828258862876,598
222,verano,16,13.112517287128712,606
222,verano,17,12.069725817438016,605
222,verano,18,11.187898771004942,607
222,verano,19,11.264135818985269,611
222,verano,20,11.827190898947368,608
222,verano,21,12.468034647222222,612
222,verano,22,13.604819969458129,609
222,verano,23,14.723355642998351,607
230,invierno,0,20.295806495393702,1524
230,invierno,1,20.100939314996726,1527
230,invierno,2,20.36714140879265,1524
230,invierno,3,20.56482011613517,1524
230,invierno,4,21.00623547042707,1522
230,invierno,5,22.221289615782894,1520
230,invierno,6,23.034761195869418,1501
230,invierno,7,20.58400186929293,1485
230,invierno,8,19.16183951689861,1509
230,invierno,9,18.419901446077127,1504
230,invierno,10,18.197196904856952,1503
230,invierno,11,17.243229445260347,1498
230,invierno,12,16.51280624469496,1508
230,invierno,13,15.115074452610706,1513
230,invierno,14,14.302050322089947,1512
230,invierno,15,14.589655153514588,1508
230,invierno,16,16.54781901839156,1517
230,invierno,17,15.948678197099538,1517
230,invierno,18,15.734163789789198,1518
230,invierno,19,16.664868327960527,1520
230,invierno,20,17.365128147043364,1522
230,invierno,21,17.755926881656805,1521
230,invierno,22,18.234986292312747,1522
230,invierno,23,19.119355569738048,1527
230,otoño,0,27.268076884827586,1450
230,otoño,1,26.652808671694213,1452
230,otoño,2,28.179957688466853,1448
230,otoño,3,29.12418665190173,1445
230,otoño,4,28.579714501036676,1445
230,otoño,5,28.38416372903673,1443
230,otoño,6,30.168318323963458,1423
230,otoño,7,33.30261938737659,1418
230,otoño,8,34.03382342836237,1435
230,otoño,9,26.57714840819902,1427
230,otoño,10,21.46475706964863,1423
230,otoño,11,18.059204142505248,1429
230,otoño,12,13.949298700418703,1433
230,otoño,13,12.563869547337527,1431
230,otoño,14,12.84420630034722,1440
230,otoño,15,12.493535925697431,1441
230,otoño,16,13.419743926584315,1441
230,otoño,17,13.805579933298684,1443
230,otoño,18,15.041181112404713,1443
230,otoño,19,17.249562994475138,1448
230,otoño,20,18.628245266643695,1451
230,otoño,21,20.487428695174362,1451
230,otoño,22,22.919085322627588,1450
230,otoño,23,25.62484378987603,1452
230,primavera,0,20.150647021389645,1468
230,primavera,1,19.77781396329468,1466
230,primavera,2,21.097507755942623,1464
230,primavera,3,21.668367108413133,1462
230,primavera,4,22.213865264392908,1466
230,primavera,5,20.410693693347106,1452
230,primavera,6,20.81338552372645,1433
230,primavera,7,20.25119236755846,1454
230,primavera,8,20.119696824085576,1449
230,primavera,9,18.585966487330566,1446
230,primavera,10,17.71353483303324,1444
230,primavera,11,15.712412364370216,1437
230,primavera,12,13.987093032373114,1458
230,primavera,13,12.326803623443299,1455
230,primavera,14,12.67137926429161,1454
230,primavera,15,12.408626385175017,1457
230,primavera,16,12.287221140938355,1460
230,primavera,17,13.397239123744043,1469
230,primavera,18,14.397070611504425,1469
230,primavera,19,16.267735971629175,1467
230,primavera,20,16.66593791793338,1471
230,primavera,21,17.379314988775512,1470
230,primavera,22,18.64639341074779,1471
230,primavera,23,17.991937997949417,1463
230,verano,0,24.493205746236562,1395
230,verano,1,26.698109670487106,1396
230,verano,2,28.132879143575018,1393
230,verano,3,29.498789759166065,1391
230,verano,4,30.185054971060605,1386
230,verano,5,30.44279118432511,1378
230,verano,6,30.826877863970587,1360
230,verano,7,34.47218131521015,1380
230,verano,8,32.39673916090445,1371
230,verano,9,20.869712589650145,1372
230,verano,10,16.292849187726944,1377
230,verano,11,13.84484156635243,1379
230,verano,12,12.276654477673231,1371
230,verano,13,11.141933332896652,1374
230,verano,14,11.671127662823702,1367
230,verano,15,12.313955424938001,1371
230,verano,16,12.773855907641922,1374
230,verano,17,12.328028509001447,1382
230,verano,18,11.478124291542898,1387
230,verano,19,12.108694091476945,1388
230,verano,20,14.416104503010057,1392
230,verano,21,15.653460832378224,1396
230,verano,22,17.664920996405463,1391
230,verano,23,21.774082365846485,1394
231,invierno,0,15.619739953733767,1232
231,invierno,1,16.60848382495948,1234
231,invierno,2,16.459474327390602,1234
231,invierno,3,16.482538463414635,1230
231,invierno,4,16.057877737998375,1229
231,invierno,5,16.628143262214984,1228
231,invierno,6,18.278465847222222,1224
231,invierno,7,19.300023578990228,1228
231,invierno,8,16.288431184210527,1216
231,invierno,9,17.13231817883511,1219
231,invierno,10,18.123822200816328,1225
231,invierno,11,16.706468254693878,1225
231,invierno,12,17.678697120915032,1224
231,invierno,13,16.128166256347257,1221
231,invierno,14,17.348467627755102,1225
231,invierno,15,18.39458755102041,1225
231,invierno,16,16.06276921632653,1225
231,invierno,17,15.657890986076985,1221
231,invierno,18,13.53050247879282,1226
231,invierno,19,14.001548761011419,1226
231,invierno,20,14.35545859105691,1230
231,invierno,21,14.831430271615009,1226
231,invierno,22,15.310022075609755,1230
231,invierno,23,15.448136704545455,1232
231,otoño,0,14.754875173254835,1189
231,otoño,1,14.865912810084033,1190
231,otoño,2,15.729562484797299,1184
231,otoño,3,15.732877584602369,1182
231,otoño,4,15.137082239258634,1187
231,otoño,5,18.014197008488964,1178
231,otoño,6,17.06864670093458,1177
231,otoño,7,18.705826392006802,1176
231,otoño,8,18.692750916595745,1175
231,otoño,9,17.91351974108659,1178
231,otoño,10,18.351992674872665,1178
231,otoño,11,13.582362878069434,1181
231,otoño,12,10.434287947546531,1182
231,otoño,13,11.340106223639456,1176
231,otoño,14,11.60630342735769,1177
231,otoño,15,10.823705960034014,1176
231,otoño,16,10.980357053617022,1175
231,otoño,17,10.935474617872341,1175
231,otoño,18,10.44711691319149,1175
231,otoño,19,11.598686949957592,1179
231,otoño,20,13.974475979695432,1182
231,otoño,21,14.272318154237288,1180
231,otoño,22,14.543535293423272,1186
231,otoño,23,15.085009983136594,1186
231,primavera,0,12.711335601516428,1187
231,primavera,1,13.251618065767286,1186
231,primavera,2,14.61239956986532,1188
231,primavera,3,14.018356893097645,1188
231,primavera,4,14.237842446127946,1188
231,primavera,5,15.05174310067682,1182
231,primavera,6,14.428653698385727,1177
231,primavera,7,14.01916917557252,1179
231,primavera,8,15.166997163126592,1177
231,primavera,9,14.30244823339012,1174
231,primavera,10,13.727904817681894,1182
231,primavera,11,12.169397586790854,1181
231,primavera,12,12.411767521150592,1182
231,primavera,13,13.11133451312447,1181
231,primavera,14,11.042179100676819,1182
231,primavera,15,11.579889861981371,1181
231,primavera,16,9.685704844199831,1181
231,primavera,17,9.515920380186284,1181
231,primavera,18,9.303036615319865,1188
231,primavera,19,9.262621826565143,1182
231,primavera,20,9.78134384543919,1184
231,primavera,21,10.718356273187185,1186
231,primavera,22,12.451175594435076,1186
231,primavera,23,12.291106730412805,1187
231,verano,0,11.973665992031872,1255
231,verano,1,12.53781794183267,1255
231,verano,2,12.259311578696343,1258
231,verano,3,12.350044943426296,1255
231,verano,4,14.21161944089457,1252
231,verano,5,15.156891401116425,1254
231,verano,6,15.290358531100479,1254
231,verano,7,16.799455126693225,1255
231,verano,8,13.157458617647059,1258
231,verano,9,11.4744728536,1250
231,verano,10,10.217677579614332,1242
231,verano,11,8.894087318619583,1246
231,verano,12,9.203979024979855,1241
231,verano,13,7.389343908279222,1232
231,verano,14,8.07462530806189,1228
231,verano,15,10.27884615434606,1231
231,verano,16,9.429292074043937,1229
231,verano,17,8.465080962753037,1235
231,verano,18,7.805724402755268,1234
231,verano,19,7.591487670418006,1244
231,verano,20,8.592646211745777,1243
231,verano,21,9.658754098434992,1246
231,verano,22,10.561024976874002,1254
231,verano,23,11.057941424363056,1256
233,invierno,0,4.76262647736593,1268
233,invierno,1,3.9932206279968456,1268
233,invierno,2,3.6290510661137443,1266
233,invierno,3,3.4560100422900155,1262
233,invierno,4,3.36287081048336,1262
233,invierno,5,4.030748612478158,1259
233,invierno,6,4.715573517290837,1255
233,invierno,7,5.568315212390787,1259
233,invierno,8,6.006362317492012,1252
233,invierno,9,5.791921520273532,1243
233,invierno,10,6.919873862439419,1238
233,invierno,11,5.7400141434817815,1235
233,invierno,12,4.920033004471545,1230
233,invierno,13,4.878026496107056,1233
233,invierno,14,4.806211187175325,1232
233,invierno,15,4.380173300162866,1228
233,invierno,16,4.749967373202614,1224
233,invierno,17,5.927772586131387,1233
233,invierno,18,11.189001361843168,1237
233,invierno,19,18.434284528054665,1244
233,invierno,20,21.660657573961664,1252
233,invierno,21,17.56630848052464,1258
233,invierno,22,11.155798045886076,1264
233,invierno,23,6.686624190118576,1265
233,otoño,0,7.034061529903069,1238
233,otoño,1,6.127700828011318,1237
233,otoño,2,5.560869907560778,1234
233,otoño,3,5.341152428849271,1234
233,otoño,4,5.467790798547077,1232
233,otoño,5,6.081599895524817,1229
233,otoño,6,6.930165790901706,1231
233,otoño,7,7.565804571836734,1225
233,otoño,8,6.879305037180544,1213
233,otoño,9,7.041021639267887,1202
233,otoño,10,7.24205886197655,1194
233,otoño,11,6.923150198063973,1188
233,otoño,12,6.8263784222499995,1200
233,otoño,13,6.686832695559211,1216
233,otoño,14,6.548407457803468,1211
233,otoño,15,6.217595155802469,1215
233,otoño,16,6.112015322923204,1211
233,otoño,17,6.800823241896551,1218
233,otoño,18,9.727025845395273,1227
233,otoño,19,12.06470415701541,1233
233,otoño,20,13.500269470450885,1242
233,otoño,21,13.898907692679002,1243
233,otoño,22,10.991927397219078,1237
233,otoño,23,8.680823939765752,1238
233,primavera,0,5.827763251960785,1224
233,primavera,1,4.790279028232406,1222
233,primavera,2,4.2517339103673475,1225
233,primavera,3,3.998406044799345,1221
233,primavera,4,4.36298233988534,1221
233,primavera,5,4.830774702625102,1219
233,primavera,6,5.537728101235585,1214
233,primavera,7,5.998217237757626,1213
233,primavera,8,5.920744379583334,1200
233,primavera,9,5.9022792579746834,1185
233,primavera,10,5.61008810511509,1173
233,primavera,11,5.7106731135622315,1165
233,primavera,12,5.546481584425532,1175
233,primavera,13,5.613562180438448,1186
233,primavera,14,5.33333125,1188
233,primavera,15,5.130941772152477,1191
233,primavera,16,5.044912678337532,1191
233,primavera,17,5.539774015329441,1199
233,primavera,18,6.926857232145816,1207
233,primavera,19,7.7301778811930415,1207
233,primavera,20,8.762225656661185,1216
233,primavera,21,10.248722310735463,1221
233,primavera,22,9.752307455537325,1219
233,primavera,23,7.3782390008190015,1221
233,verano,0,8.759177752177486,1217
233,verano,1,7.538876090812141,1219
233,verano,2,7.085438226458504,1217
233,verano,3,6.728994236363636,1210
233,verano,4,6.886005236049383,1215
233,verano,5,7.448392627370156,1213
233,verano,6,7.908886188486843,1216
233,verano,7,7.853792108175061,1211
233,verano,8,7.827613050333889,1198
233,verano,9,7.867227155696202,1185
233,verano,10,8.424891601772153,1185
233,verano,11,8.85061178204698,1192
233,verano,12,8.549165325375625,1198
233,verano,13,8.506417087770382,1202
233,verano,14,8.356212570441299,1201
233,verano,15,8.20205160951586,1198
233,verano,16,8.086644255601659,1205
233,verano,17,8.754736122074688,1205
233,verano,18,8.927963720926385,1209
233,verano,19,8.615886900740131,1216
233,verano,20,8.510657152209493,1222
233,verano,21,8.641498055510205,1225
233,verano,22,8.918376371416938,1228
233,verano,23,11.151082248233362,1217
235,invierno,0,6.6271867256244965,1241
235,invierno,1,5.88684565089141,1234
235,invierno,2,5.362419985668017,1235
235,invierno,3,5.405553499021961,1234
235,invierno,4,5.811742233441558,1232
235,invierno,5,6.344165831000813,1229
235,invierno,6,7.227396405028432,1231
235,invierno,7,8.390913881673724,1214
235,invierno,8,9.284085457429049,1198
235,invierno,9,10.825430805446809,1175
235,invierno,10,11.499512115515772,1173
235,invierno,11,9.511381157921635,1174
235,invierno,12,8.68433359621385,1184
235,invierno,13,8.81306065496247,1199
235,invierno,14,8.601434197032152,1213
235,invierno,15,7.838729899506579,1216
235,invierno,16,7.468860513201321,1212
235,invierno,17,8.41551809628099,1210
235,invierno,18,12.966344637030996,1226
235,invierno,19,17.24089786352559,1231
235,invierno,20,19.190766035313,1246
235,invierno,21,15.514508699677938,1242
235,invierno,22,11.518546610576923,1248
235,invierno,23,8.20759890983871,1240
235,otoño,0,8.590538761692308,1235
235,otoño,1,7.583577180253046,1231
235,otoño,2,7.278731018454028,1229
235,otoño,3,6.740275484439024,1230
235,otoño,4,7.1517654372801305,1228
235,otoño,5,7.935994729533932,1223
235,otoño,6,9.117481504520885,1221
235,otoño,7,10.140228214650206,1215
235,otoño,8,9.890133188712374,1196
235,otoño,9,10.64662689931973,1176
235,otoño,10,10.139140970901288,1165
235,otoño,11,9.42986219960034,1176
235,otoño,12,9.451461012332214,1192
235,otoño,13,9.693600005448449,1193
235,otoño,14,9.661787545802676,1196
235,otoño,15,9.168642493703398,1207
235,otoño,16,8.6363000875,1208
235,otoño,17,8.86698260135954,1221
235,otoño,18,10.554958113398692,1224
235,otoño,19,12.188646780438312,1232
235,otoño,20,13.182087940454915,1231
235,otoño,21,13.25463336410008,1239
235,otoño,22,11.422920889967612,1235
235,otoño,23,9.745636572077922,1232
235,primavera,0,8.982693166515013,1099
235,primavera,1,7.923914217375565,1105
235,primavera,2,7.163751206959707,1092
235,primavera,3,6.861522222248414,1103
235,primavera,4,7.447323450767842,1107
235,primavera,5,8.298503466787988,1099
235,primavera,6,9.466148444040037,1099
235,primavera,7,10.403593026678934,1087
235,primavera,8,10.802003603351956,1074
235,primavera,9,10.42798040397351,1057
235,primavera,10,8.990021328871892,1046
235,primavera,11,9.476600679657794,1052
235,primavera,12,10.328323457943926,1070
235,primavera,13,10.4263421634169,1077
235,primavera,14,10.148343676199262,1084
235,primavera,15,9.72971379373849,1086
235,primavera,16,9.238882609981514,1082
235,primavera,17,9.597651339889707,1088
235,primavera,18,9.933180405651777,1097
235,primavera,19,9.978113035108302,1108
235,primavera,20,10.751332655826557,1107
235,primavera,21,11.927419846153846,1105
235,primavera,22,11.998301005434781,1104
235,primavera,23,10.521709738853502,1099
235,verano,0,10.5363806915078,1154
235,verano,1,9.618105200344532,1161
235,verano,2,8.916092456686904,1153
235,verano,3,8.575983964888124,1162
235,verano,4,8.957842125517242,1160
235,verano,5,9.455443008922414,1160
235,verano,6,10.13969321630491,1161
235,verano,7,10.16033827139153,1157
235,verano,8,10.255682134951456,1133
235,verano,9,10.384330600177305,1128
235,verano,10,10.957045756663724,1133
235,verano,11,11.570670385949697,1153
235,verano,12,11.578229768637533,1167
235,verano,13,11.831574263157895,1159
235,verano,14,12.002601917875648,1158
235,verano,15,11.353187869956331,1145
235,verano,16,11.109188230836237,1148
235,verano,17,11.429840379518073,1162
235,verano,18,11.6464463811044,1159
235,verano,19,10.5319832104811,1164
235,verano,20,10.000618769098713,1165
235,verano,21,9.995327888369099,1165
235,verano,22,10.820380962971818,1171
235,verano,23,12.89251540299914,1161
236,invierno,0,4.600318477508651,1156
236,invierno,1,3.908714125432526,1156
236,invierno,2,3.7296669765421377,1151
236,invierno,3,3.5694521966927764,1149
236,invierno,4,3.605771612369338,1148
236,invierno,5,3.989928919060052,1149
236,invierno,6,4.479804582024433,1146
236,invierno,7,5.206018939843069,1147
236,invierno,8,5.635110605263158,1140
236,invierno,9,6.158751927175844,1126
236,invierno,10,7.178320896057348,1116
236,invierno,11,6.811769472146119,1095
236,invierno,12,6.1111405140781105,1101
236,invierno,13,5.958818507734304,1099
236,invierno,14,6.004931713508613,1103
236,invierno,15,5.85544432165319,1113
236,invierno,16,5.5522757193923145,1119
236,invierno,17,6.6504463113879,1124
236,invierno,18,10.630450362511052,1131
236,invierno,19,14.942676927129058,1139
236,invierno,20,17.02656339982654,1153
236,invierno,21,14.094628780466724,1157
236,invierno,22,8.955013698275861,1160
236,invierno,23,5.855490011206896,1160
236,otoño,0,6.156067662842013,1133
236,otoño,1,5.429699946996466,1132
236,otoño,2,5.044133711248893,1129
236,otoño,3,4.797330433628319,1130
236,otoño,4,5.088000451641526,1127
236,otoño,5,5.446055616681455,1127
236,otoño,6,6.196158069395018,1124
236,otoño,7,6.947757716947648,1127
236,otoño,8,6.941012243074173,1119
236,otoño,9,7.175909954421148,1097
236,otoño,10,7.334317872340425,1081
236,otoño,11,7.420300171481827,1073
236,otoño,12,7.701690608534323,1078
236,otoño,13,7.489877469990766,1083
236,otoño,14,7.218279304666057,1093
236,otoño,15,6.911203625457875,1092
236,otoño,16,6.669612881976212,1093
236,otoño,17,7.2989978238482385,1107
236,otoño,18,9.289705224014337,1116
236,otoño,19,10.733307468916518,1126
236,otoño,20,11.805138206713782,1132
236,otoño,21,11.767209595070423,1136
236,otoño,22,9.184526772486773,1134
236,otoño,23,7.231234294532627,1134
236,primavera,0,5.635202489660877,1209
236,primavera,1,4.934012883181442,1207
236,primavera,2,4.361759451532726,1207
236,primavera,3,4.137316600331675,1206
236,primavera,4,4.560886162790698,1204
236,primavera,5,4.947322796003331,1201
236,primavera,6,5.566069381348876,1201
236,primavera,7,6.167601591666666,1200
236,primavera,8,6.30265825210084,1190
236,primavera,9,6.315355046968403,1171
236,primavera,10,6.396691029411764,1156
236,primavera,11,6.73598796123348,1135
236,primavera,12,6.909119119650655,1145
236,primavera,13,6.900561207349081,1143
236,primavera,14,6.710439894551845,1138
236,primavera,15,6.570902894280763,1154
236,primavera,16,6.44737923275862,1160
236,primavera,17,6.643781834192439,1164
236,primavera,18,7.3548251615646265,1176
236,primavera,19,7.895081318219983,1191
236,primavera,20,8.604880407315047,1203
236,primavera,21,9.38195055058043,1206
236,primavera,22,8.413070319834711,1210
236,primavera,23,6.783218446280992,1210
236,verano,0,7.471055121212121,1122
236,verano,1,6.697251819715808,1126
236,verano,2,6.156345381205673,1128
236,verano,3,5.78169159946714,1126
236,verano,4,6.07783121975089,1124
236,verano,5,6.748838952972493,1127
236,verano,6,7.106791342806394,1126
236,verano,7,7.4788937275985665,1116
236,verano,8,7.802654367513611,1102
236,verano,9,7.8601013197405,1079
236,verano,10,8.545161975768872,1073
236,verano,11,9.401024990757856,1082
236,verano,12,9.306793333333333,1098
236,verano,13,8.758089230769231,1092
236,verano,14,8.551136584249084,1092
236,verano,15,8.248856285714286,1099
236,verano,16,8.36120309321267,1105
236,verano,17,8.825165426774484,1113
236,verano,18,9.11675460161146,1117
236,verano,19,8.5735107437276,1116
236,verano,20,8.011189617437722,1124
236,verano,21,7.822294801777779,1125
236,verano,22,7.525645073083779,1122
236,verano,23,8.47428744513827,1121
237,invierno,0,15.590724682034976,1258
237,invierno,1,15.396751231135822,1259
237,invierno,2,15.286618833333332,1260
237,invierno,3,15.550338951548849,1259
237,invierno,4,16.56162292063492,1260
237,invierno,5,17.887908514694203,1259
237,invierno,6,19.79688737051793,1255
237,invierno,7,19.818756504389466,1253
237,invierno,8,18.828156544000002,1250
237,invierno,9,18.502167637096775,1240
237,invierno,10,17.30190160225443,1242
237,invierno,11,15.278694351329573,1241
237,invierno,12,13.763914747393745,1247
237,invierno,13,13.488152353413655,1245
237,invierno,14,13.133482852564102,1248
237,invierno,15,13.435122877697841,1251
237,invierno,16,12.976027725458898,1253
237,invierno,17,13.933811414944355,1258
237,invierno,18,14.030338374306105,1261
237,invierno,19,16.088525142630747,1262
237,invierno,20,15.592337422680412,1261
237,invierno,21,16.7117619889065,1262
237,invierno,22,17.00410998413957,1261
237,invierno,23,15.846624436507938,1260
237,otoño,0,10.932681910397294,1183
237,otoño,1,10.55965632825719,1182
237,otoño,2,10.868430677392041,1181
237,otoño,3,10.942516734348562,1182
237,otoño,4,12.248017616229923,1183
237,otoño,5,14.407654292972056,1181
237,otoño,6,16.06879628498728,1179
237,otoño,7,15.100105972812235,1177
237,otoño,8,14.030414567266495,1167
237,otoño,9,13.2613622433132,1159
237,otoño,10,11.959807085124677,1163
237,otoño,11,10.489268892674618,1174
237,otoño,12,9.173471998292058,1171
237,otoño,13,8.404446560891937,1166
237,otoño,14,8.049210398981323,1178
237,otoño,15,7.95361287414966,1176
237,otoño,16,8.108922734970363,1181
237,otoño,17,8.447379303904924,1178
237,otoño,18,8.89604279797126,1183
237,otoño,19,9.91638054054054,1184
237,otoño,20,10.754387250423012,1182
237,otoño,21,11.475449561181435,1185
237,otoño,22,11.663201775147929,1183
237,otoño,23,11.449288640202703,1184
237,primavera,0,9.811137614213198,1182
237,primavera,1,9.835165316990702,1183
237,primavera,2,10.105991158072696,1183
237,primavera,3,10.820792569737955,1183
237,primavera,4,11.966514037162161,1184
237,primavera,5,13.562217233502539,1182
237,primavera,6,13.793619271186442,1180
237,primavera,7,12.761560901360545,1176
237,primavera,8,12.86840956632653,1176
237,primavera,9,11.906038984641638,1172
237,primavera,10,10.501332840136055,1176
237,primavera,11,9.205421413969336,1174
237,primavera,12,9.40493022881356,1180
237,primavera,13,9.176285152027027,1184
237,primavera,14,9.071566522842641,1182
237,primavera,15,8.99176707523246,1183
237,primavera,16,8.979130787468247,1181
237,primavera,17,9.214842938187976,1181
237,primavera,18,9.408627170608108,1184
237,primavera,19,10.558628630600168,1183
237,primavera,20,10.011537766497463,1182
237,primavera,21,10.391317633136095,1183
237,primavera,22,10.186323474576271,1180
237,primavera,23,9.754044441624366,1182
237,verano,0,7.544243552290406,1157
237,verano,1,7.501393715517241,1160
237,verano,2,7.699263350559862,1161
237,verano,3,8.210635982758621,1160
237,verano,4,9.410655775862068,1160
237,verano,5,11.223000655737705,1159
237,verano,6,10.736672152117546,1157
237,verano,7,10.232142587108015,1148
237,verano,8,9.819663520632133,1139
237,verano,9,9.028478217734856,1139
237,verano,10,7.791219609035621,1151
237,verano,11,6.766036824849008,1159
237,verano,12,6.047217998274374,1159
237,verano,13,5.806347734711456,1161
237,verano,14,6.178752456896552,1160
237,verano,15,5.63582209663503,1159
237,verano,16,6.417853545611016,1162
237,verano,17,5.910949104991394,1162
237,verano,18,6.867596850733391,1159
237,verano,19,6.575045556514236,1159
237,verano,20,6.993625081826012,1161
237,verano,21,7.26428717728055,1162
237,verano,22,8.73578443583118,1161
237,verano,23,7.650081794650561,1159
251,invierno,0,16.012875536480685,466
251,invierno,1,14.464516129032258,465
251,invierno,2,14.629310344827585,464
251,invierno,3,15.887931034482758,464
251,invierno,4,14.3125,464
251,invierno,5,13.926565874730022,463
251,invierno,6,13.855291576673865,463
251,invierno,7,15.271739130434783,460
251,invierno,8,17.76659528907923,467
251,invierno,9,17.33693304535637,463
251,invierno,10,20.299126637554586,458
251,invierno,11,23.615550755939523,463
251,invierno,12,19.752711496746205,461
251,invierno,13,19.737527114967463,461
251,invierno,14,25.954643628509718,463
251,invierno,15,21.678260869565218,460
251,invierno,16,21.56304347826087,460
251,invierno,17,21.147505422993493,461
251,invierno,18,21.41048034934498,458
251,invierno,19,17.34051724137931,464
251,invierno,20,17.00646551724138,464
251,invierno,21,19.35637149028078,463
251,invierno,22,14.91792656587473,463
251,invierno,23,15.32403433476395,466
251,otoño,0,15.980088495575222,452
251,otoño,1,14.106904231625835,449
251,otoño,2,14.375275938189846,453
251,otoño,3,13.495594713656388,454
251,otoño,4,19.053215077605323,451
251,otoño,5,16.615044247787612,452
251,otoño,6,13.704444444444444,450
251,otoño,7,13.390728476821192,453
251,otoño,8,18.835189309576837,449
251,otoño,9,24.38546255506608,454
251,otoño,10,28.917960088691796,451
251,otoño,11,31.536748329621382,449
251,otoño,12,27.4375,448
251,otoño,13,21.423423423423422,444
251,otoño,14,18.070776255707763,438
251,otoño,15,17.857142857142858,441
251,otoño,16,22.626696832579185,442
251,otoño,17,14.19634703196347,438
251,otoño,18,18.702272727272728,440
251,otoño,19,15.5125284738041,439
251,otoño,20,17.56756756756757,444
251,otoño,21,14.525842696629214,445
251,otoño,22,16.790849673202615,459
251,otoño,23,17.08149779735683,454
251,primavera,0,15.449888641425389,449
251,primavera,1,12.221476510067115,447
251,primavera,2,12.32662192393736,447
251,primavera,3,11.818385650224215,446
251,primavera,4,13.768539325842697,445
251,primavera,5,11.916666666666666,444
251,primavera,6,14.225225225225225,444
251,primavera,7,14.787810383747178,443
251,primavera,8,14.342342342342342,444
251,primavera,9,27.195505617977528,445
251,primavera,10,16.175675675675677,444
251,primavera,11,18.002237136465325,447
251,primavera,12,16.213004484304932,446
251,primavera,13,18.190156599552573,447
251,primavera,14,24.31390134529148,446
251,primavera,15,13.993258426966293,445
251,primavera,16,21.383073496659243,449
251,primavera,17,14.122171945701357,442
251,primavera,18,17.299776286353467,447
251,primavera,19,14.95973154362416,447
251,primavera,20,12.265168539325842,445
251,primavera,21,13.015555555555556,450
251,primavera,22,13.748878923766815,446
251,primavera,23,12.982300884955752,452
251,verano,0,12.024017467248909,458
251,verano,1,12.461706783369802,457
251,verano,2,14.780701754385966,456
251,verano,3,16.47045951859956,457
251,verano,4,12.920353982300885,452
251,verano,5,12.902654867256636,452
251,verano,6,12.955752212389381,452
251,verano,7,16.673960612691467,457
251,verano,8,18.54185022026432,454
251,verano,9,31.20524017467249,458
251,verano,10,22.32532751091703,458
251,verano,11,17.656319290465632,451
251,verano,12,16.101545253863133,453
251,verano,13,16.732456140350877,456
251,verano,14,31.08869179600887,451
251,verano,15,16.857142857142858,448
251,verano,16,21.11208791208791,455
251,verano,17,18.52328159645233,451
251,verano,18,13.898678414096917,454
251,verano,19,8.762637362637363,455
251,verano,20,10.610503282275712,457
251,verano,21,9.3568281938326,454
251,verano,22,10.623913043478261,460
251,verano,23,11.917570498915401,461
309,invierno,0,9.086280056577086,707
309,invierno,1,11.755994358251058,709
309,invierno,2,9.507757404795486,709
309,invierno,3,8.80168776371308,711
309,invierno,4,8.751054852320674,711
309,invierno,5,8.491573033707866,712
309,invierno,6,8.256661991584853,713
309,invierno,7,8.908963585434174,714
309,invierno,8,5.5084507042253525,710
309,invierno,9,6.353606789250354,707
309,invierno,10,9.173728813559322,708
309,invierno,11,10.019746121297603,709
309,invierno,12,11.594900849858357,706
309,invierno,13,10.661951909476661,707
309,invierno,14,10.446478873239437,710
309,invierno,15,10.552742616033756,711
309,invierno,16,12.029494382022472,712
309,invierno,17,15.469760900140647,711
309,invierno,18,11.976022566995768,709
309,invierno,19,8.817021276595744,705
309,invierno,20,8.045390070921986,705
309,invierno,21,8.067988668555241,706
309,invierno,22,7.992927864214993,707
309,invierno,23,8.083333333333334,708
309,otoño,0,9.444444444444445,639
309,otoño,1,11.539184952978056,638
309,otoño,2,9.45141065830721,638
309,otoño,3,8.836990595611285,638
309,otoño,4,8.711598746081505,638
309,otoño,5,8.861635220125786,636
309,otoño,6,9.218553459119496,636
309,otoño,7,7.993730407523511,638
309,otoño,8,5.463836477987422,636
309,otoño,9,5.428346456692913,635
309,otoño,10,6.736677115987461,638
309,otoño,11,6.598746081504702,638
309,otoño,12,6.780907668231612,639
309,otoño,13,7.71830985915493,639
309,otoño,14,8.1890625,640
309,otoño,15,8.476635514018692,642
309,otoño,16,9.894080996884735,642
309,otoño,17,13.356697819314642,642
309,otoño,18,14.14040561622465,641
309,otoño,19,10.477379095163807,641
309,otoño,20,9.736349453978159,641
309,otoño,21,9.7859375,640
309,otoño,22,9.3125,640
309,otoño,23,9.19092331768388,639
309,primavera,0,8.584527220630372,698
309,primavera,1,9.756446991404012,698
309,primavera,2,7.767908309455588,698
309,primavera,3,7.097560975609756,697
309,primavera,4,6.641319942611191,697
309,primavera,5,6.929597701149425,696
309,primavera,6,6.7988505747126435,696
309,primavera,7,5.0215827338129495,695
309,primavera,8,5.187319884726225,694
309,primavera,9,6.185878962536023,694
309,primavera,10,6.933812949640288,695
309,primavera,11,7.702158273381295,695
309,primavera,12,7.8314121037463975,694
309,primavera,13,8.14985590778098,694
309,primavera,14,8.343390804597702,696
309,primavera,15,7.997126436781609,696
309,primavera,16,8.525107604017217,697
309,primavera,17,10.443328550932568,697
309,primavera,18,11.532374100719425,695
309,primavera,19,8.2987012987013,693
309,primavera,20,7.094964028776978,695
309,primavera,21,7.336206896551724,696
309,primavera,22,7.651798561151079,695
309,primavera,23,7.3405172413793105,696
309,verano,0,8.858938547486034,716
309,verano,1,9.087866108786612,717
309,verano,2,7.189944134078212,716
309,verano,3,6.681564245810056,716
309,verano,4,6.191340782122905,716
309,verano,5,6.370111731843576,716
309,verano,6,5.5474860335195535,716
309,verano,7,3.2960893854748603,716
309,verano,8,3.4936708860759493,711
309,verano,9,3.644755244755245,715
309,verano,10,4.880055788005579,717
309,verano,11,6.551675977653631,716
309,verano,12,7.634588563458856,717
309,verano,13,7.243356643356643,715
309,verano,14,7.581005586592179,716
309,verano,15,7.874476987447698,717
309,verano,16,7.683403068340307,717
309,verano,17,8.608938547486034,716
309,verano,18,11.083682008368202,717
309,verano,19,10.506276150627615,717
309,verano,20,7.7527932960893855,716
309,verano,21,8.03631284916201,716
309,verano,22,8.903361344537815,714
309,verano,23,8.879551820728292,714
310,invierno,0,21.148783977110156,699
310,invierno,1,15.224606580829757,699
310,invierno,2,13.78826895565093,699
310,invierno,3,13.405982905982906,702
310,invierno,4,12.67475035663338,701
310,invierno,5,12.343794579172611,701
310,invierno,6,12.154065620542083,701
310,invierno,7,11.84352773826458,703
310,invierno,8,6.756410256410256,702
310,invierno,9,6.441260744985673,698
310,invierno,10,8.262553802008608,697
310,invierno,11,8.647142857142857,700
310,invierno,12,8.593123209169054,698
310,invierno,13,9.38483547925608,699
310,invierno,14,11.330945558739256,698
310,invierno,15,13.460881934566146,703
310,invierno,16,17.326704545454547,704
310,invierno,17,26.203125,704
310,invierno,18,23.191761363636363,704
310,invierno,19,17.529243937232525,701
310,invierno,20,15.25962910128388,701
310,invierno,21,14.298998569384835,699
310,invierno,22,13.501428571428571,700
310,invierno,23,17.411428571428573,700
310,otoño,0,21.559375,640
310,otoño,1,16.3546875,640
310,otoño,2,15.1375,640
310,otoño,3,14.7296875,640
310,otoño,4,14.34375,640
310,otoño,5,14.322884012539184,638
310,otoño,6,15.66614420062696,638
310,otoño,7,11.584375,640
310,otoño,8,7.18125,640
310,otoño,9,6.424764890282131,638
310,otoño,10,6.785602503912363,639
310,otoño,11,6.123244929797192,641
310,otoño,12,6.493730407523511,638
310,otoño,13,7.45,640
310,otoño,14,9.458658346333854,641
310,otoño,15,11.892523364485982,642
310,otoño,16,16.65576323987539,642
310,otoño,17,26.276131045241808,641
310,otoño,18,30.996875,640
310,otoño,19,25.1453125,640
310,otoño,20,20.4421875,640
310,otoño,21,19.1734375,640
310,otoño,22,16.753510140405616,641
310,otoño,23,18.878315132605305,641
310,primavera,0,18.703857142857142,700
310,primavera,1,13.577032810271042,701
310,primavera,2,12.094008559201141,701
310,primavera,3,11.231428571428571,700
310,primavera,4,11.032618025751074,699
310,primavera,5,10.811747851002865,698
310,primavera,6,9.709442060085836,699
310,primavera,7,6.595114942528736,696
310,primavera,8,5.844460431654676,695
310,primavera,9,5.6102305187319885,694
310,primavera,10,6.145050215208035,697
310,primavera,11,6.7978509885386815,698
310,primavera,12,7.427753919885551,699
310,primavera,13,8.973789173789175,702
310,primavera,14,11.166191155492154,701
310,primavera,15,12.385386819484241,698
310,primavera,16,14.588285714285714,700
310,primavera,17,20.0112857,700
310,primavera,18,25.54191702432046,699
310,primavera,19,20.146551724137932,696
310,primavera,20,16.32183908045977,696
310,primavera,21,15.209469153515064,697
310,primavera,22,13.58764367816092,696
310,primavera,23,15.308440629470672,699
310,verano,0,20.34225352112676,710
310,verano,1,16.132208157524612,711
310,verano,2,14.68776371308017,711
310,verano,3,13.909985935302391,711
310,verano,4,13.14225352112676,710
310,verano,5,13.387323943661972,710
310,verano,6,10.995780590717299,711
310,verano,7,5.142454160789844,709
310,verano,8,5.100282485875706,708
310,verano,9,4.213276836158192,708
310,verano,10,4.830268741159831,707
310,verano,11,6.06638418079096,708
310,verano,12,6.163380281690141,710
310,verano,13,5.78984485190409,709
310,verano,14,7.473314606741573,712
310,verano,15,10.070126227208975,713
310,verano,16,12.417952314165499,713
310,verano,17,17.547752808988765,712
310,verano,18,27.573632538569424,713
310,verano,19,35.86816269284712,713
310,verano,20,25.05758426966292,712
310,verano,21,22.6376404494382,712
310,verano,22,23.060478199718705,711
310,verano,23,23.00281690140845,710
330,invierno,0,10.96231884057971,690
330,invierno,1,10.76923076923077,689
330,invierno,2,10.73982558139535,688
330,invierno,3,10.677745664739884,692
330,invierno,4,10.753623188405797,690
330,invierno,5,10.452173913043477,690
330,invierno,6,10.492774566473988,692
330,invierno,7,10.350724637681159,690
330,invierno,8,10.332365747460088,689
330,invierno,9,10.660349854227405,686
330,invierno,10,10.455344070278185,683
330,invierno,11,10.491253644314869,686
330,invierno,12,10.681159420289855,690
330,invierno,13,10.732946298984034,689
330,invierno,14,10.930434782608696,690
330,invierno,15,10.997109826589595,692
330,invierno,16,10.809798270893372,694
330,invierno,17,11.080808080808081,693
330,invierno,18,11.772793053545586,691
330,invierno,19,11.982404692082111,682
330,invierno,20,11.742268041237113,679
330,invierno,21,11.814598540145985,685
330,invierno,22,11.465116279069768,688
330,invierno,23,11.322254335260116,692
330,otoño,0,9.157819225251076,697
330,otoño,1,9.0,696
330,otoño,2,8.964080459770114,696
330,otoño,3,9.005738880918221,697
330,otoño,4,9.083213773314204,697
330,otoño,5,8.99713055954089,697
330,otoño,6,9.01154401154401,693
330,otoño,7,8.78735632183908,696
330,otoño,8,8.481268011527378,694
330,otoño,9,8.340057636887607,694
330,otoño,10,8.398561151079136,695
330,otoño,11,8.447826086956521,690
330,otoño,12,8.357864357864358,693
330,otoño,13,8.643578643578644,693
330,otoño,14,8.751079136690647,695
330,otoño,15,8.708751793400287,697
330,otoño,16,8.622668579626973,697
330,otoño,17,8.631276901004304,697
330,otoño,18,8.727403156384504,697
330,otoño,19,9.165229885057471,696
330,otoño,20,9.988505747126437,696
330,otoño,21,9.798850574712644,696
330,otoño,22,9.600574712643677,696
330,otoño,23,9.512230215827339,695
330,primavera,0,8.566995768688294,709
330,primavera,1,8.443037974683545,711
330,primavera,2,8.291139240506329,711
330,primavera,3,8.288135593220339,708
330,primavera,4,8.07909604519774,708
330,primavera,5,7.987306064880113,709
330,primavera,6,7.9365303244005645,709
330,primavera,7,7.728813559322034,708
330,primavera,8,7.642149929278642,707
330,primavera,9,7.605374823196605,707
330,primavera,10,7.6709039548022595,708
330,primavera,11,7.981534090909091,704
330,primavera,12,8.519774011299434,708
330,primavera,13,8.847457627118644,708
330,primavera,14,8.908062234794908,707
330,primavera,15,8.931914893617021,705
330,primavera,16,9.009929078014185,705
330,primavera,17,8.645980253878703,709
330,primavera,18,8.472496473906912,709
330,primavera,19,8.69111424541608,709
330,primavera,20,8.956152758132957,707
330,primavera,21,9.389280677009873,709
330,primavera,22,9.074858757062147,708
330,primavera,23,8.643661971830985,710
330,verano,0,8.57843137254902,714
330,verano,1,8.476923076923077,715
330,verano,2,8.360839160839161,715
330,verano,3,8.144055944055944,715
330,verano,4,8.053072625698324,716
330,verano,5,7.908963585434174,714
330,verano,6,7.8,715
330,verano,7,7.557880055788005,717
330,verano,8,7.4365411436541144,717
330,verano,9,7.417015341701534,717
330,verano,10,7.358938547486034,716
330,verano,11,7.333798882681564,716
330,verano,12,7.598326359832636,717
330,verano,13,7.942577030812325,714
330,verano,14,8.261904761904763,714
330,verano,15,8.154277699859747,713
330,verano,16,8.071328671328672,715
330,verano,17,7.8431372549019605,714
330,verano,18,7.794117647058823,714
330,verano,19,8.0,714
330,verano,20,8.568022440392706,713
330,verano,21,8.709677419354838,713
330,verano,22,8.759493670886076,711
330,verano,23,8.700280112044817,714
333,invierno,0,9.73067627787307,1166
333,invierno,1,9.260789828620394,1167
333,invierno,2,9.518066615252785,1167
333,invierno,3,9.613866232876711,1168
333,invierno,4,9.556571498287672,1168
333,invierno,5,9.598928690068492,1168
333,invierno,6,9.750095466210436,1169
333,invierno,7,9.870418748928877,1167
333,invierno,8,10.539314442538593,1166
333,invierno,9,9.681206053310405,1163
333,invierno,10,9.816229697493517,1157
333,invierno,11,9.468969462272332,1153
333,invierno,12,9.261730869565218,1150
333,invierno,13,9.36561771823682,1157
333,invierno,14,9.639348995708154,1165
333,invierno,15,9.573818384615384,1170
333,invierno,16,10.158243813993174,1172
333,invierno,17,10.98582241056218,1174
333,invierno,18,11.460053535439796,1171
333,invierno,19,11.023794529914529,1170
333,invierno,20,12.016606339590444,1172
333,invierno,21,10.798250419161677,1169
333,invierno,22,10.553107376068377,1170
333,invierno,23,10.57619489885664,1137
333,otoño,0,8.746246260236578,1099
333,otoño,1,9.271520737704918,1098
333,otoño,2,8.730380418943534,1098
333,otoño,3,9.394081695533272,1097
333,otoño,4,8.906298887876027,1097
333,otoño,5,9.819630686813188,1092
333,otoño,6,9.256623171846435,1094
333,otoño,7,9.174893574702109,1091
333,otoño,8,9.037404811753904,1089
333,otoño,9,8.635287060998152,1082
333,otoño,10,8.21978077634011,1082
333,otoño,11,7.851842748375115,1077
333,otoño,12,7.883565013876041,1081
333,otoño,13,8.000598706422018,1090
333,otoño,14,7.897047497708524,1091
333,otoño,15,8.049071085766423,1096
333,otoño,16,8.22463829690346,1098
333,otoño,17,9.485967987249545,1098
333,otoño,18,9.513447538601271,1101
333,otoño,19,9.69426867393279,1101
333,otoño,20,9.823333372727273,1100
333,otoño,21,9.768628516833484,1099
333,otoño,22,9.36053330909091,1100
333,otoño,23,9.00115354477612,1072
333,primavera,0,9.268660428441203,1097
333,primavera,1,9.927383381950776,1097
333,primavera,2,9.505258740875913,1096
333,primavera,3,10.722221607305936,1095
333,primavera,4,9.457428318098719,1094
333,primavera,5,9.835254689213894,1094
333,primavera,6,9.693781893870083,1093
333,primavera,7,10.15260880733945,1090
333,primavera,8,9.35296840846366,1087
333,primavera,9,9.047031935483872,1085
333,primavera,10,8.99448377094972,1074
333,primavera,11,10.05808504638219,1078
333,primavera,12,11.136218894009216,1085
333,primavera,13,11.28989811527905,1093
333,primavera,14,10.569817616014559,1099
333,primavera,15,9.88478558287796,1098
333,primavera,16,9.742390182149363,1098
333,primavera,17,9.9815614,1100
333,primavera,18,10.136360636363635,1100
333,primavera,19,10.61099152866242,1099
333,primavera,20,10.22139448589627,1099
333,primavera,21,10.591236493624772,1098
333,primavera,22,9.98289547857794,1097
333,primavera,23,9.808551170411985,1068
333,verano,0,7.036184358013121,1067
333,verano,1,7.087920177902622,1068
333,verano,2,7.004461780693534,1067
333,verano,3,6.965834460093896,1065
333,verano,4,6.982018525821596,1065
333,verano,5,7.110827272727272,1067
333,verano,6,7.458427542213884,1066
333,verano,7,7.589142058823529,1054
333,verano,8,7.358622309885932,1052
333,verano,9,6.8698216952380955,1050
333,verano,10,6.618020774378586,1046
333,verano,11,6.605708711832061,1048
333,verano,12,6.570676454372624,1052
333,verano,13,6.449615816618912,1047
333,verano,14,6.501547706161137,1055
333,verano,15,6.537740094073377,1063
333,verano,16,6.903007279549719,1066
333,verano,17,7.485802989690721,1067
333,verano,18,7.912363667917448,1066
333,verano,19,8.366012833020639,1066
333,verano,20,8.49940844924812,1064
333,verano,21,8.186605796418474,1061
333,verano,22,8.210523701605288,1059
333,verano,23,7.192450738963531,1042
424,invierno,0,3.5984251968503935,635
424,invierno,1,3.529968454258675,634
424,invierno,2,3.294488188976378,635
424,invierno,3,3.3864353312302837,634
424,invierno,4,3.3889763779527557,635
424,invierno,5,3.29874213836478,636
424,invierno,6,3.604724409448819,635
424,invierno,7,3.9227129337539433,634
424,invierno,8,3.9369085173501577,634
424,invierno,9,4.078988941548183,633
424,invierno,10,3.7093206951026856,633
424,invierno,11,3.5339652448657186,633
424,invierno,12,3.4667721518987342,632
424,invierno,13,3.0618066561014263,631
424,invierno,14,3.2456692913385825,635
424,invierno,15,3.5133858267716533,635
424,invierno,16,3.8708661417322836,635
424,invierno,17,4.451104100946372,634
424,invierno,18,4.242902208201893,634
424,invierno,19,4.235015772870662,634
424,invierno,20,4.220125786163522,636
424,invierno,21,4.0251572327044025,636
424,invierno,22,3.806603773584906,636
424,invierno,23,3.7861635220125787,636
424,otoño,0,5.133956386292835,642
424,otoño,1,4.970358814352574,641
424,otoño,2,5.185647425897036,641
424,otoño,3,5.018720748829953,641
424,otoño,4,4.97971918876755,641
424,otoño,5,5.452418096723869,641
424,otoño,6,5.91875,640
424,otoño,7,6.5007800312012485,641
424,otoño,8,5.827102803738318,642
424,otoño,9,5.04375,640
424,otoño,10,4.8125,640
424,otoño,11,4.47962382445141,638
424,otoño,12,4.324451410658307,638
424,otoño,13,4.208791208791209,637
424,otoño,14,4.5039246467817895,637
424,otoño,15,4.922712933753943,634
424,otoño,16,5.661417322834645,635
424,otoño,17,6.470125786163522,636
424,otoño,18,6.576802507836991,638
424,otoño,19,6.549295774647887,639
424,otoño,20,6.489827856025039,639
424,otoño,21,5.7578125,640
424,otoño,22,5.6046875,640
424,otoño,23,5.2984375,640
424,primavera,0,4.925992779783393,554
424,primavera,1,4.750902527075812,554
424,primavera,2,4.772563176895307,554
424,primavera,3,4.844484629294756,553
424,primavera,4,4.85740072202166,554
424,primavera,5,5.333935018050542,554
424,primavera,6,5.288288288288288,555
424,primavera,7,5.4198198198198195,555
424,primavera,8,5.600361663652803,553
424,primavera,9,5.533453887884268,553
424,primavera,10,4.606498194945848,554
424,primavera,11,4.1488203266787655,551
424,primavera,12,4.143375680580762,551
424,primavera,13,4.107664233576642,548
424,primavera,14,4.509124087591241,548
424,primavera,15,5.036363636363636,550
424,primavera,16,4.990892531876138,549
424,primavera,17,5.492727272727273,550
424,primavera,18,5.557377049180328,549
424,primavera,19,5.8397085610200365,549
424,primavera,20,5.963768115942029,552
424,primavera,21,5.555153707052441,553
424,primavera,22,5.4846292947558775,553
424,primavera,23,5.242314647377938,553
424,verano,0,6.4765342960288805,554
424,verano,1,6.40072202166065,554
424,verano,2,6.030685920577618,554
424,verano,3,6.240072202166065,554
424,verano,4,6.342960288808665,554
424,verano,5,7.458483754512636,554
424,verano,6,7.794594594594595,555
424,verano,7,7.570143884892087,556
424,verano,8,7.3045045045045045,555
424,verano,9,6.767567567567568,555
424,verano,10,6.333333333333333,555
424,verano,11,6.600361663652803,553
424,verano,12,6.5461121157323685,553
424,verano,13,6.62748643761302,553
424,verano,14,6.844765342960288,554
424,verano,15,7.343580470162749,553
424,verano,16,7.458333333333333,552
424,verano,17,7.313405797101449,552
424,verano,18,6.978339350180505,554
424,verano,19,7.367088607594937,553
424,verano,20,7.564981949458484,554
424,verano,21,7.354954954954955,555
424,verano,22,6.8267148014440435,554
424,verano,23,6.5027027027027025,555
425,invierno,0,20.19555061276596,1175
425,invierno,1,17.805403228547153,1177
425,invierno,2,15.502656958368735,1177
425,invierno,3,14.006990636672327,1178
425,invierno,4,13.008270526762958,1177
425,invierno,5,13.069971547619048,1176
425,invierno,6,14.666333556876062,1178
425,invierno,7,17.202921105442176,1176
425,invierno,8,15.710338177929856,1169
425,invierno,9,14.032709676044332,1173
425,invierno,10,12.42212329059829,1170
425,invierno,11,11.160832877882152,1171
425,invierno,12,10.272683810741688,1173
425,invierno,13,9.810902890025575,1173
425,invierno,14,10.045055221465075,1174
425,invierno,15,10.620793290924514,1179
425,invierno,16,11.659849677966102,1180
425,invierno,17,14.595079923793397,1181
425,invierno,18,19.310139102455548,1181
425,invierno,19,23.356895165394402,1179
425,invierno,20,25.577593681085666,1179
425,invierno,21,26.8714562086514,1179
425,invierno,22,25.43359881255301,1179
425,invierno,23,22.635832907075873,1173
425,otoño,0,15.227613473684212,1140
425,otoño,1,13.930254026315788,1140
425,otoño,2,13.183402254385964,1140
425,otoño,3,12.681789640035118,1139
425,otoño,4,12.491853418054339,1141
425,otoño,5,13.32156392794376,1138
425,otoño,6,15.600853857557118,1138
425,otoño,7,15.443144709929701,1138
425,otoño,8,13.648885846472663,1134
425,otoño,9,12.01220328903625,1131
425,otoño,10,10.646297658922263,1132
425,otoño,11,9.942984006972639,1133
425,otoño,12,9.469526192894737,1140
425,otoño,13,9.309987622807018,1140
425,otoño,14,9.450840254385964,1140
425,otoño,15,9.720104293239684,1139
425,otoño,16,10.730364631578949,1140
425,otoño,17,12.913723198948292,1141
425,otoño,18,14.957006605424322,1143
425,otoño,19,15.972497252843395,1143
425,otoño,20,16.76440690017513,1142
425,otoño,21,16.854098415061294,1142
425,otoño,22,17.049711833333333,1140
425,otoño,23,16.25103889570552,1141
425,primavera,0,10.856369112149533,1070
425,primavera,1,10.80716008411215,1070
425,primavera,2,10.27727745267104,1067
425,primavera,3,10.092639484644195,1068
425,primavera,4,9.81330325093633,1068
425,primavera,5,11.567496621441949,1068
425,primavera,6,11.914437581707316,1066
425,primavera,7,10.717480392992424,1056
425,primavera,8,9.998801778618732,1057
425,primavera,9,8.800238191531875,1051
425,primavera,10,8.430611793529971,1051
425,primavera,11,7.924177316587677,1055
425,primavera,12,7.6208233513257575,1056
425,primavera,13,7.591969142372881,1062
425,primavera,14,8.127200187793427,1065
425,primavera,15,8.13033385553471,1066
425,primavera,16,9.127289558146067,1068
425,primavera,17,10.175230507042253,1065
425,primavera,18,11.800715179943767,1067
425,primavera,19,11.576071302434457,1068
425,primavera,20,11.73289632022472,1068
425,primavera,21,12.000645377570095,1070
425,primavera,22,11.623949509345795,1070
425,primavera,23,11.3067899494855,1069
425,verano,0,10.363294022988505,1131
425,verano,1,10.06616490627763,1131
425,verano,2,10.112680132625995,1131
425,verano,3,10.134557938992042,1131
425,verano,4,10.401821851950354,1128
425,verano,5,11.702370026595744,1128
425,verano,6,11.24605836589698,1126
425,verano,7,10.478812765388048,1121
425,verano,8,9.635137305976807,1121
425,verano,9,8.697839562499999,1120
425,verano,10,7.8999715733333336,1125
425,verano,11,8.189035208148804,1129
425,verano,12,7.5914514893617016,1128
425,verano,13,7.398116133865249,1128
425,verano,14,7.337975848,1125
425,verano,15,7.338574698046181,1126
425,verano,16,7.902358661647476,1129
425,verano,17,9.0176028255093,1129
425,verano,18,12.274784245567377,1128
425,verano,19,12.451999086879432,1128
425,verano,20,11.616481673162092,1129
425,verano,21,10.890289964570417,1129
425,verano,22,10.485503784261715,1131
425,verano,23,10.391764001766784,1132
426,invierno,0,20.894470888697153,1159
426,invierno,1,18.408250517241378,1160
426,invierno,2,16.140308431034484,1160
426,invierno,3,14.600783146551723,1160
426,invierno,4,13.494797554019014,1157
426,invierno,5,13.004050777873813,1157
426,invierno,6,13.994589861949956,1159
426,invierno,7,16.059225203816133,1153
426,invierno,8,15.888658298245613,1140
426,invierno,9,13.644157631578947,1140
426,invierno,10,11.926997962798938,1129
426,invierno,11,11.280097358156029,1128
426,invierno,12,10.66372458259325,1126
426,invierno,13,11.73739240495137,1131
426,invierno,14,10.552113959613695,1139
426,invierno,15,11.237855519366196,1136
426,invierno,16,12.774666588132636,1146
426,invierno,17,12.66715074978204,1147
426,invierno,18,15.49419880312229,1153
426,invierno,19,18.90812933448574,1157
426,invierno,20,21.433143896551723,1160
426,invierno,21,23.11758003451251,1159
426,invierno,22,23.17954441760138,1159
426,invierno,23,22.816532717860227,1159
426,otoño,0,15.447663916083918,1144
426,otoño,1,14.204614200873362,1145
426,otoño,2,13.201736256544502,1146
426,otoño,3,12.415757530541013,1146
426,otoño,4,12.08077527607362,1141
426,otoño,5,12.33704767888307,1146
426,otoño,6,13.326976268526591,1147
426,otoño,7,14.228132783143108,1139
426,otoño,8,13.946692164310955,1132
426,otoño,9,12.274229752431477,1131
426,otoño,10,11.295373835252436,1129
426,otoño,11,10.438716172291295,1126
426,otoño,12,9.744335607394365,1136
426,otoño,13,9.422666660792952,1135
426,otoño,14,9.7383575877193,1140
426,otoño,15,10.742463713784021,1139
426,otoño,16,11.354530297723294,1142
426,otoño,17,11.59826879082083,1133
426,otoño,18,12.173659009725906,1131
426,otoño,19,13.529945778364116,1137
426,otoño,20,14.489740969432315,1145
426,otoño,21,15.524461647776809,1147
426,otoño,22,15.7798739581517,1147
426,otoño,23,16.27160634210526,1140
426,primavera,0,10.833147916666666,1080
426,primavera,1,10.192454138248847,1085
426,primavera,2,9.619380120036935,1083
426,primavera,3,9.451428822984246,1079
426,primavera,4,9.390471929499071,1078
426,primavera,5,10.070193949814126,1076
426,primavera,6,11.065070671015844,1073
426,primavera,7,11.212977179245284,1060
426,primavera,8,10.511744042950513,1071
426,primavera,9,9.843592029934518,1069
426,primavera,10,11.300375183443085,1063
426,primavera,11,9.986883414634146,1066
426,primavera,12,8.975891437908496,1071
426,primavera,13,10.23926509310987,1074
426,primavera,14,9.292628803738317,1070
426,primavera,15,9.911661351606806,1058
426,primavera,16,10.222265692883894,1068
426,primavera,17,10.868983962616824,1070
426,primavera,18,9.87001568224299,1070
426,primavera,19,10.281472867783984,1074
426,primavera,20,10.557700111008327,1081
426,primavera,21,11.06276162511542,1083
426,primavera,22,10.793240809567617,1087
426,primavera,23,11.037498962962962,1080
426,verano,0,9.65574002734731,1097
426,verano,1,9.050534445454547,1100
426,verano,2,8.800140950226245,1105
426,verano,3,8.738358879855465,1107
426,verano,4,9.00107401631913,1103
426,verano,5,9.500263315266485,1107
426,verano,6,10.000964070397112,1108
426,verano,7,10.609655127272726,1100
426,verano,8,10.229120155393053,1094
426,verano,9,9.511934697247705,1090
426,verano,10,10.031512953509571,1097
426,verano,11,9.085334826642336,1096
426,verano,12,9.002286080956761,1087
426,verano,13,9.026920947176684,1098
426,verano,14,9.148747291857273,1093
426,verano,15,9.593536614821591,1093
426,verano,16,9.983654054545454,1100
426,verano,17,9.669637379873073,1103
426,verano,18,9.446264504094632,1099
426,verano,19,9.39411329008341,1079
426,verano,20,9.364917598896044,1087
426,verano,21,9.26069403652968,1095
426,verano,22,9.41288841385597,1097
426,verano,23,9.816783089579525,1094
503,invierno,0,26.98615984521073,1305
503,invierno,1,24.55691896021423,1307
503,invierno,2,21.80083296643625,1302
503,invierno,3,19.354235718498845,1299
503,invierno,4,17.263373536153846,1300
503,invierno,5,15.769146405718702,1294
503,invierno,6,14.841267123065014,1292
503,invierno,7,14.940832678018577,1292
503,invierno,8,15.436151047937742,1285
503,invierno,9,16.147801917981074,1268
503,invierno,10,17.191936007053293,1276
503,invierno,11,18.160862302839117,1268
503,invierno,12,18.533153330462017,1277
503,invierno,13,17.71904673240526,1293
503,invierno,14,16.767016722565685,1294
503,invierno,15,16.109139655855163,1298
503,invierno,16,15.957664323552123,1295
503,invierno,17,17.642168460354117,1299
503,invierno,18,21.03970503578221,1304
503,invierno,19,24.42133628582317,1312
503,invierno,20,27.384095657754013,1309
503,invierno,21,29.08171698315467,1306
503,invierno,22,29.432633151724136,1305
503,invierno,23,28.686978619157088,1305
503,otoño,0,18.31966111550633,1264
503,otoño,1,17.654756015079368,1260
503,otoño,2,16.770652413820493,1259
503,otoño,3,15.739099570182395,1261
503,otoño,4,14.868009275477707,1256
503,otoño,5,14.274054795382167,1256
503,otoño,6,14.0885617923749,1259
503,otoño,7,14.396658235294119,1258
503,otoño,8,15.067198892885694,1251
503,otoño,9,16.137479478229665,1254
503,otoño,10,16.842374270859874,1256
503,otoño,11,17.466943948124502,1253
503,otoño,12,17.659983662943382,1254
503,otoño,13,17.047722282577567,1257
503,otoño,14,16.261771751192367,1258
503,otoño,15,15.586737258320127,1262
503,otoño,16,15.33541707278481,1264
503,otoño,17,16.18536238170347,1268
503,otoño,18,17.166355778723403,1269
503,otoño,19,18.140557603307087,1270
503,otoño,20,19.203404661683713,1271
503,otoño,21,19.636197389308176,1272
503,otoño,22,19.66922512214342,1269
503,otoño,23,19.154459890822785,1264
503,primavera,0,12.431574528995252,1264
503,primavera,1,12.050699934045921,1263
503,primavera,2,11.665094577075099,1265
503,primavera,3,11.239904559683794,1265
503,primavera,4,10.71871313578199,1266
503,primavera,5,10.439981436700867,1267
503,primavera,6,10.430635040393701,1270
503,primavera,7,10.735631160236593,1268
503,primavera,8,11.729882792627452,1275
503,primavera,9,12.772752691765637,1263
503,primavera,10,12.919235670332277,1264
503,primavera,11,12.842840285031848,1256
503,primavera,12,12.720657159904535,1257
503,primavera,13,12.235396894761905,1260
503,primavera,14,11.704616827050474,1268
503,primavera,15,11.40758241219319,1263
503,primavera,16,11.360075661646873,1263
503,primavera,17,11.390269868774704,1265
503,primavera,18,11.836053879113924,1264
503,primavera,19,12.371147456916997,1265
503,primavera,20,12.854324885646689,1268
503,primavera,21,13.056226545181673,1266
503,primavera,22,12.7257493821907,1269
503,primavera,23,12.550340234227129,1268
503,verano,0,12.481305570621469,1239
503,verano,1,12.32912760226354,1237
503,verano,2,12.210999485875705,1239
503,verano,3,11.964615677626302,1247
503,verano,4,11.877637055510862,1243
503,verano,5,11.707150823008849,1243
503,verano,6,11.624768842363345,1244
503,verano,7,12.323223747035257,1248
503,verano,8,12.66968830638642,1237
503,verano,9,12.575030334951457,1236
503,verano,10,12.34141406750405,1234
503,verano,11,12.444632303152789,1237
503,verano,12,12.789668760169766,1237
503,verano,13,12.530859765567175,1243
503,verano,14,12.188396637168141,1243
503,verano,15,11.980685703942076,1243
503,verano,16,11.840682138263666,1244
503,verano,17,11.709655610932476,1244
503,verano,18,11.873017948676825,1247
503,verano,19,12.190420302085004,1247
503,verano,20,12.512999133706966,1249
503,verano,21,12.825421379743796,1249
503,verano,22,12.916738349041532,1252
503,verano,23,12.632443864583333,1248
504,invierno,0,13.786575528878283,1257
504,invierno,1,13.492235211563939,1259
504,invierno,2,12.991456721917592,1262
504,invierno,3,12.549026789380953,1260
504,invierno,4,12.18424234096,1250
504,invierno,5,11.966638596664,1250
504,invierno,6,11.869945013027156,1252
504,invierno,7,11.64564748115016,1252
504,invierno,8,10.92489912538983,1180
504,invierno,9,11.345239369354546,1100
504,invierno,10,13.503610307007985,1127
504,invierno,11,15.788964297431193,1199
504,invierno,12,18.69470063012903,1240
504,invierno,13,19.763692046135997,1250
504,invierno,14,18.979362068421054,1254
504,invierno,15,17.699463513990462,1258
504,invierno,16,16.390245009746433,1262
504,invierno,17,14.933925175051794,1255
504,invierno,18,13.244427149767814,1249
504,invierno,19,12.342034611642744,1254
504,invierno,20,12.343218677374303,1253
504,invierno,21,12.947209649694997,1259
504,invierno,22,13.498760313706814,1262
504,invierno,23,13.742663012705698,1264
504,otoño,0,11.747944955825947,1241
504,otoño,1,12.129902436158192,1239
504,otoño,2,12.159350790175719,1252
504,otoño,3,12.19797705176565,1246
504,otoño,4,12.137251417586485,1243
504,otoño,5,12.103495115901772,1242
504,otoño,6,12.06148064799358,1246
504,otoño,7,12.10958705615073,1234
504,otoño,8,12.42971691118702,1171
504,otoño,9,14.178629612798634,1172
504,otoño,10,16.91461099517185,1222
504,otoño,11,19.67308937923763,1233
504,otoño,12,21.32164736747573,1236
504,otoño,13,21.1386486960177,1243
504,otoño,14,19.893772710906173,1247
504,otoño,15,18.649337362247373,1237
504,otoño,16,17.17233590372168,1236
504,otoño,17,15.488684873636364,1232
504,otoño,18,13.437775683751026,1221
504,otoño,19,11.932205824439729,1178
504,otoño,20,11.104043290093937,1171
504,otoño,21,11.207672724588635,1179
504,otoño,22,11.381675427363184,1206
504,otoño,23,11.582926652530514,1229
504,primavera,0,9.069257916243094,1267
504,primavera,1,9.111308587302839,1268
504,primavera,2,9.180171065212598,1270
504,primavera,3,9.21109702490859,1269
504,primavera,4,9.17995588492502,1267
504,primavera,5,9.22611197854877,1261
504,primavera,6,8.801318040528,1250
504,primavera,7,8.818374184530855,1183
504,primavera,8,10.083597367547485,1173
504,primavera,9,12.681676474029604,1216
504,primavera,10,14.69000681072,1250
504,primavera,11,15.4206677377496,1246
504,primavera,12,15.394036368799034,1244
504,primavera,13,14.15744119414263,1248
504,primavera,14,12.938760071211568,1262
504,primavera,15,12.306390460900474,1266
504,primavera,16,11.893948746254747,1264
504,primavera,17,11.630220304520222,1261
504,primavera,18,10.73496447299125,1257
504,primavera,19,9.641387584144454,1253
504,primavera,20,8.828579308009632,1246
504,primavera,21,8.44858214002322,1249
504,primavera,22,8.545490839745627,1258
504,primavera,23,8.880861055794913,1258
504,verano,0,9.666045528571429,1239
504,verano,1,10.084205381642512,1242
504,verano,2,10.250529255564205,1246
504,verano,3,10.447661698759008,1249
504,verano,4,10.656299324772254,1247
504,verano,5,10.623878712885853,1244
504,verano,6,10.314885398812601,1238
504,verano,7,10.497967599932998,1194
504,verano,8,11.902622093588676,1201
504,verano,9,13.754334843146795,1233
504,verano,10,15.062069730687146,1237
504,verano,11,15.397190586816722,1244
504,verano,12,15.68910203639791,1244
504,verano,13,15.209806812159199,1250
504,verano,14,14.531197818744971,1243
504,verano,15,13.985185375241937,1240
504,verano,16,13.66853634733871,1240
504,verano,17,13.385114902772838,1237
504,verano,18,12.239953566397059,1224
504,verano,19,10.868519484599332,1198
504,verano,20,9.75725387947413,1179
504,verano,21,9.019189714733276,1181
504,verano,22,8.86927410526749,1215
504,verano,23,9.202100740223221,1223
505,invierno,0,27.1230712250996,1004
505,invierno,1,23.501155828343315,1002
505,invierno,2,19.993650578842313,1002
505,invierno,3,17.005158904522613,995
505,invierno,4,14.480462914562814,995
505,invierno,5,12.863111772406848,993
505,invierno,6,12.710061561866125,986
505,invierno,7,14.12227069416499,994
505,invierno,8,15.976020080645162,992
505,invierno,9,15.42850222965587,988
505,invierno,10,13.574555093911249,969
505,invierno,11,13.09163141666318,956
505,invierno,12,14.2665854,950
505,invierno,13,15.322461234567902,972
505,invierno,14,16.115159806320083,981
505,invierno,15,16.40274464249748,993
505,invierno,16,17.114173209628884,997
505,invierno,17,19.561483027778,1000
505,invierno,18,23.431852384384385,999
505,invierno,19,27.396724314314316,999
505,invierno,20,30.887328562874252,1002
505,invierno,21,32.597374361277446,1002
505,invierno,22,32.13636444111776,1002
505,invierno,23,30.076488703888334,1003
505,otoño,0,18.99839181181181,999
505,otoño,1,17.597703856143855,1001
505,otoño,2,16.24880638,1000
505,otoño,3,14.807672154308618,998
505,otoño,4,13.734346221105527,995
505,otoño,5,13.212674422110553,995
505,otoño,6,13.60137403420523,994
505,otoño,7,14.429638385155465,997
505,otoño,8,14.66707309835851,993
505,otoño,9,14.113529949596774,992
505,otoño,10,13.617933142137096,992
505,otoño,11,13.656669027411168,985
505,otoño,12,13.934402964862105,979
505,otoño,13,14.292242843165985,976
505,otoño,14,14.43926629604061,985
505,otoño,15,14.476762083383992,987
505,otoño,16,14.571744431338741,986
505,otoño,17,15.404868587939086,985
505,otoño,18,16.876967575757575,990
505,otoño,19,18.56201560728745,988
505,otoño,20,20.387311383838384,990
505,otoño,21,21.69308828973843,994
505,otoño,22,21.868336797188757,996
505,otoño,23,20.88945385771543,998
505,primavera,0,13.846176031728666,914
505,primavera,1,12.681101622807017,912
505,primavera,2,11.40733452354874,913
505,primavera,3,10.341209615806806,911
505,primavera,4,9.538401879781421,915
505,primavera,5,9.500710452188184,914
505,primavera,6,10.447670695364238,906
505,primavera,7,10.465611459201774,902
505,primavera,8,10.360295322419534,901
505,primavera,9,10.665887752696628,890
505,primavera,10,11.283438515659956,894
505,primavera,11,11.870857393736019,894
505,primavera,12,12.24371703125,896
505,primavera,13,12.276379568106313,903
505,primavera,14,12.344808686123349,908
505,primavera,15,12.383609195148843,907
505,primavera,16,12.326401822491732,907
505,primavera,17,12.192877991189427,908
505,primavera,18,12.688171591160222,905
505,primavera,19,13.35158198439242,897
505,primavera,20,14.571598821548822,891
505,primavera,21,15.449435669988926,903
505,primavera,22,15.689907373626374,910
505,primavera,23,15.007411883899234,913
505,verano,0,15.637855532381998,911
505,verano,1,15.076293180327868,915
505,verano,2,14.199270470459519,914
505,verano,3,13.33011161007667,913
505,verano,4,12.571761211790394,916
505,verano,5,12.343733483041577,914
505,verano,6,12.361760164473685,912
505,verano,7,11.678376535675081,911
505,verano,8,11.360192990828729,905
505,verano,9,11.516805871539313,903
505,verano,10,11.788880716759156,901
505,verano,11,12.095776819222221,900
505,verano,12,11.903921053258426,890
505,verano,13,11.449849355583982,899
505,verano,14,11.493234920598006,903
505,verano,15,11.92372372907489,908
505,verano,16,12.350878824505493,910
505,verano,17,12.691730462295082,915
505,verano,18,13.141279051750546,914
505,verano,19,13.893404715083799,895
505,verano,20,14.610463836549375,881
505,verano,21,15.184566153846154,884
505,verano,22,15.866515617021278,893
505,verano,23,16.15603297237569,905
509,invierno,0,19.343081145510833,969
509,invierno,1,19.019492845360826,970
509,invierno,2,18.75598390544707,973
509,invierno,3,18.50723698869476,973
509,invierno,4,18.36423729058945,967
509,invierno,5,18.253453281412252,963
509,invierno,6,18.236737606217616,965
509,invierno,7,18.257868969072167,970
509,invierno,8,18.254308112033197,964
509,invierno,9,18.04202074844075,962
509,invierno,10,18.251089365750527,946
509,invierno,11,18.309445010570826,946
509,invierno,12,18.034480199579832,952
509,invierno,13,17.543606894736843,950
509,invierno,14,16.82370634837356,953
509,invierno,15,16.08368886792453,954
509,invierno,16,15.5540706302521,952
509,invierno,17,16.07431982217573,956
509,invierno,18,16.674364096638655,952
509,invierno,19,17.39259188935282,958
509,invierno,20,18.84163161795407,958
509,invierno,21,19.611006697916665,960
509,invierno,22,19.71836705699482,965
509,invierno,23,19.376776569948188,965
509,otoño,0,14.340264654811715,956
509,otoño,1,14.469394375,960
509,otoño,2,14.599865229166666,960
509,otoño,3,14.90329430196484,967
509,otoño,4,14.9071629218107,972
509,otoño,5,14.931309794268168,977
509,otoño,6,15.032643255646816,974
509,otoño,7,15.512226836628512,961
509,otoño,8,16.1663509989373,941
509,otoño,9,17.020151534334765,932
509,otoño,10,17.555871158562365,946
509,otoño,11,17.460552627118645,944
509,otoño,12,17.085130709745762,944
509,otoño,13,16.275266804670913,942
509,otoño,14,15.660193161562828,947
509,otoño,15,15.149628209424083,955
509,otoño,16,14.677158332285115,954
509,otoño,17,14.350884737279337,963
509,otoño,18,14.137473970984457,965
509,otoño,19,13.537296278296989,963
509,otoño,20,13.41897025856698,963
509,otoño,21,13.958039789915967,952
509,otoño,22,14.15574785115304,954
509,otoño,23,14.15698264984227,951
509,primavera,0,11.632028460661346,877
509,primavera,1,11.707387293318233,883
509,primavera,2,11.60050025871766,889
509,primavera,3,11.488805300668151,898
509,primavera,4,11.559597402885684,901
509,primavera,5,11.817443997760357,893
509,primavera,6,12.370016860335197,895
509,primavera,7,13.10535685280899,890
509,primavera,8,13.645795743243243,888
509,primavera,9,13.679298227990971,886
509,primavera,10,13.369356121076233,892
509,primavera,11,13.214355396825399,882
509,primavera,12,13.096748605442178,882
509,primavera,13,12.960460796359499,879
509,primavera,14,12.86017587628866,873
509,primavera,15,12.475953062146893,885
509,primavera,16,12.217829026047566,883
509,primavera,17,11.821640496613997,886
509,primavera,18,11.618623284090908,880
509,primavera,19,11.05493489678899,872
509,primavera,20,10.596211580756014,873
509,primavera,21,10.862730711494253,870
509,primavera,22,10.954583477765109,877
509,primavera,23,11.176538100686498,874
509,verano,0,13.172709227110584,841
509,verano,1,13.029090960648148,864
509,verano,2,12.698480228571428,875
509,verano,3,12.490018357870895,883
509,verano,4,12.600611575963718,882
509,verano,5,12.852112210884355,882
509,verano,6,13.376197665148064,878
509,verano,7,13.866650792192882,871
509,verano,8,13.87139348275862,870
509,verano,9,13.815752158693115,857
509,verano,10,13.46452268321513,846
509,verano,11,13.290199644128114,843
509,verano,12,13.164239667458434,842
509,verano,13,12.859269253554501,844
509,verano,14,12.664917109004739,844
509,verano,15,12.45251444047619,840
509,verano,16,12.41758983548766,851
509,verano,17,12.285009228971962,856
509,verano,18,12.193888624708624,858
509,verano,19,12.40904975495916,857
509,verano,20,12.53270618266979,854
509,verano,21,12.610498733727809,845
509,verano,22,12.461777933412604,841
509,verano,23,12.66008662275449,835
513,invierno,0,33.56740740740741,675
513,invierno,1,27.844444444444445,675
513,invierno,2,24.922619047619047,672
513,invierno,3,23.145833333333332,672
513,invierno,4,22.285714285714285,665
513,invierno,5,22.515648286140088,671
513,invierno,6,24.24112426035503,676
513,invierno,7,25.074294205052006,673
513,invierno,8,25.33134328358209,670
513,invierno,9,25.842578710644677,667
513,invierno,10,23.29191616766467,668
513,invierno,11,20.640060240963855,664
513,invierno,12,17.914893617021278,658
513,invierno,13,15.989329268292684,656
513,invierno,14,15.521538461538462,650
513,invierno,15,16.766871165644172,652
513,invierno,16,21.579908675799086,657
513,invierno,17,31.17083946980854,679
513,invierno,18,40.2,685
513,invierno,19,47.703216374269005,684
513,invierno,20,52.87390029325513,682
513,invierno,21,51.28299120234604,682
513,invierno,22,45.10588235294118,680
513,invierno,23,38.65345080763583,681
513,otoño,0,20.10675039246468,637
513,otoño,1,18.16355140186916,642
513,otoño,2,17.206842923794714,643
513,otoño,3,16.344992050874403,629
513,otoño,4,17.786936236391913,643
513,otoño,5,17.834355828220858,652
513,otoño,6,19.444444444444443,648
513,otoño,7,20.220364741641337,658
513,otoño,8,21.108231707317074,656
513,otoño,9,20.067292644757433,639
513,otoño,10,17.7375,640
513,otoño,11,15.051968503937008,635
513,otoño,12,13.80967741935484,620
513,otoño,13,13.2304,625
513,otoño,14,13.266990291262136,618
513,otoño,15,13.514851485148515,606
513,otoño,16,14.160453808752026,617
513,otoño,17,16.87844408427877,617
513,otoño,18,19.60483870967742,620
513,otoño,19,23.45846645367412,626
513,otoño,20,26.71698113207547,636
513,otoño,21,26.518167456556082,633
513,otoño,22,25.69254658385093,644
513,otoño,23,22.70679012345679,648
513,primavera,0,11.308441558441558,616
513,primavera,1,10.915702479338844,605
513,primavera,2,10.197693574958814,607
513,primavera,3,10.4189852700491,611
513,primavera,4,11.191935483870967,620
513,primavera,5,12.250809061488674,618
513,primavera,6,12.6592,625
513,primavera,7,13.168789808917197,628
513,primavera,8,12.702265372168284,618
513,primavera,9,11.358428805237315,611
513,primavera,10,10.431855500821017,609
513,primavera,11,9.981757877280266,603
513,primavera,12,9.874791318864775,599
513,primavera,13,9.834738617200674,593
513,primavera,14,9.173400673400673,594
513,primavera,15,9.222972972972974,592
513,primavera,16,8.97635135135135,592
513,primavera,17,9.070234113712374,598
513,primavera,18,10.016722408026755,598
513,primavera,19,10.963875205254515,609
513,primavera,20,13.357605177993527,618
513,primavera,21,14.263327948303715,619
513,primavera,22,13.626409017713366,621
513,primavera,23,12.412052117263844,614
513,verano,0,8.991304347826087,575
513,verano,1,8.998266897746968,577
513,verano,2,9.114982578397212,574
513,verano,3,9.481865284974093,579
513,verano,4,10.167241379310346,580
513,verano,5,11.20486111111111,576
513,verano,6,11.836666666666666,600
513,verano,7,11.804020100502512,597
513,verano,8,11.23037542662116,586
513,verano,9,10.33901192504259,587
513,verano,10,10.20890410958904,584
513,verano,11,10.074523396880416,577
513,verano,12,10.01213171577123,577
513,verano,13,9.55497382198953,573
513,verano,14,9.317543859649122,570
513,verano,15,9.252613240418118,574
513,verano,16,9.121478873239436,568
513,verano,17,8.918294849023091,563
513,verano,18,8.73049645390071,564
513,verano,19,9.115248226950355,564
513,verano,20,9.708480565371024,566
513,verano,21,9.756613756613756,567
513,verano,22,9.742105263157894,570
513,verano,23,9.336252189141856,571
514,invierno,0,24.313117066290552,709
514,invierno,1,20.730606488011283,709
514,invierno,2,19.2822695035461,705
514,invierno,3,18.88684582743989,707
514,invierno,4,17.61198288159772,701
514,invierno,5,18.05722460658083,699
514,invierno,6,20.53846153846154,702
514,invierno,7,24.269121813031163,706
514,invierno,8,26.275320970042795,701
514,invierno,9,28.444921316165953,699
514,invierno,10,26.504310344827587,696
514,invierno,11,23.95942028985507,690
514,invierno,12,21.17467248908297,687
514,invierno,13,19.537900874635568,686
514,invierno,14,18.036075036075037,693
514,invierno,15,19.004304160688665,697
514,invierno,16,23.316761363636363,704
514,invierno,17,32.2169014084507,710
514,invierno,18,36.82535211267606,710
514,invierno,19,36.23943661971831,710
514,invierno,20,34.26160337552743,711
514,invierno,21,32.306179775280896,712
514,invierno,22,30.495774647887323,710
514,invierno,23,26.38818565400844,711
514,otoño,0,16.633540372670808,644
514,otoño,1,15.603421461897357,643
514,otoño,2,14.83125,640
514,otoño,3,14.421630094043888,638
514,otoño,4,14.329173166926678,641
514,otoño,5,15.650621118012422,644
514,otoño,6,18.254290171606865,641
514,otoño,7,19.32496075353218,637
514,otoño,8,22.107086614173227,635
514,otoño,9,22.424960505529224,633
514,otoño,10,19.873015873015873,630
514,otoño,11,17.143312101910826,628
514,otoño,12,16.417061611374407,633
514,otoño,13,15.120689655172415,638
514,otoño,14,14.8125,640
514,otoño,15,14.90809968847352,642
514,otoño,16,16.547140649149924,647
514,otoño,17,19.292117465224113,647
514,otoño,18,20.862229102167184,646
514,otoño,19,23.23148148148148,648
514,otoño,20,22.415765069551778,647
514,otoño,21,20.671296296296298,648
514,otoño,22,20.191950464396285,646
514,otoño,23,18.506191950464395,646
514,primavera,0,9.966074313408724,619
514,primavera,1,9.662379421221864,622
514,primavera,2,9.351524879614768,623
514,primavera,3,9.41357027463651,619
514,primavera,4,9.949838187702266,618
514,primavera,5,11.543548387096774,620
514,primavera,6,12.407704654895666,623
514,primavera,7,13.87378640776699,618
514,primavera,8,13.586816720257234,622
514,primavera,9,13.006451612903225,620
514,primavera,10,12.432258064516128,620
514,primavera,11,12.986906710310965,611
514,primavera,12,12.493464052287582,612
514,primavera,13,13.665016501650165,606
514,primavera,14,11.436781609195402,609
514,primavera,15,11.014634146341463,615
514,primavera,16,11.122383252818036,621
514,primavera,17,11.519354838709678,620
514,primavera,18,13.352180936995154,619
514,primavera,19,13.623188405797102,621
514,primavera,20,13.39102564102564,624
514,primavera,21,12.64423076923077,624
514,primavera,22,11.490353697749196,622
514,primavera,23,10.700647249190938,618
514,verano,0,9.647058823529411,595
514,verano,1,9.192242833052276,593
514,verano,2,9.030303030303031,594
514,verano,3,9.305602716468591,589
514,verano,4,9.936348408710218,597
514,verano,5,11.138333333333334,600
514,verano,6,12.333889816360601,599
514,verano,7,12.468120805369127,596
514,verano,8,11.927487352445194,593
514,verano,9,11.117948717948718,585
514,verano,10,11.560553633217992,578
514,verano,11,11.34470989761092,586
514,verano,12,10.912671232876713,584
514,verano,13,10.982905982905983,585
514,verano,14,10.671209540034072,587
514,verano,15,10.494915254237288,590
514,verano,16,10.46938775510204,588
514,verano,17,10.123745819397993,598
514,verano,18,10.30522765598651,593
514,verano,19,10.625,600
514,verano,20,10.627287853577371,601
514,verano,21,10.877926421404682,598
514,verano,22,10.633165829145728,597
514,verano,23,10.379598662207357,598
515,invierno,0,15.435114503816793,131
515,invierno,1,14.728682170542635,129
515,invierno,2,14.5,128
515,invierno,3,13.811023622047244,127
515,invierno,4,13.8828125,128
515,invierno,5,14.484375,128
515,invierno,6,15.976744186046512,129
515,invierno,7,18.0,131
515,invierno,8,22.078125,128
515,invierno,9,21.74015748031496,127
515,invierno,10,19.96,125
515,invierno,11,18.1875,128
515,invierno,12,17.385826771653544,127
515,invierno,13,14.566929133858268,127
515,invierno,14,13.28,125
515,invierno,15,12.86923076923077,130
515,invierno,16,14.503875968992247,129
515,invierno,17,17.902255639097746,133
515,invierno,18,17.356060606060606,132
515,invierno,19,16.69924812030075,133
515,invierno,20,17.270676691729324,133
515,invierno,21,15.93939393939394,132
515,invierno,22,16.090225563909776,133
515,invierno,23,16.689393939393938,132
515,otoño,0,12.45054945054945,91
515,otoño,1,12.662921348314606,89
515,otoño,2,12.527472527472527,91
515,otoño,3,12.188888888888888,90
515,otoño,4,12.282608695652174,92
515,otoño,5,13.391304347826088,92
515,otoño,6,15.141304347826088,92
515,otoño,7,18.065934065934066,91
515,otoño,8,20.23076923076923,91
515,otoño,9,19.36263736263736,91
515,otoño,10,17.055555555555557,90
515,otoño,11,16.61111111111111,90
515,otoño,12,18.177777777777777,90
515,otoño,13,14.45054945054945,91
515,otoño,14,13.076923076923077,91
515,otoño,15,13.582417582417582,91
515,otoño,16,13.461538461538462,91
515,otoño,17,15.16304347826087,92
515,otoño,18,16.384615384615383,91
515,otoño,19,14.637362637362637,91
515,otoño,20,14.78888888888889,90
515,otoño,21,13.824175824175825,91
515,otoño,22,13.065217391304348,92
515,otoño,23,14.142857142857142,91
515,primavera,0,5.763440860215054,93
515,primavera,1,5.46067415730337,89
515,primavera,2,5.6022727272727275,88
515,primavera,3,5.546511627906977,86
515,primavera,4,5.375,88
515,primavera,5,6.934065934065934,91
515,primavera,6,8.421052631578947,95
515,primavera,7,10.602150537634408,93
515,primavera,8,12.021739130434783,92
515,primavera,9,11.652173913043478,92
515,primavera,10,9.521739130434783,92
515,primavera,11,11.893617021276595,94
515,primavera,12,10.652173913043478,92
515,primavera,13,8.455555555555556,90
515,primavera,14,7.263736263736264,91
515,primavera,15,7.517241379310345,87
515,primavera,16,7.365591397849462,93
515,primavera,17,8.052631578947368,95
515,primavera,18,10.48421052631579,95
515,primavera,19,9.377551020408163,98
515,primavera,20,7.836734693877551,98
515,primavera,21,7.164948453608248,97
515,primavera,22,6.516483516483516,91
515,primavera,23,7.209302325581396,86
515,verano,0,6.964285714285714,84
515,verano,1,6.63855421686747,83
515,verano,2,6.8,80
515,verano,3,6.819277108433735,83
515,verano,4,7.325581395348837,86
515,verano,5,8.511627906976743,86
515,verano,6,9.476744186046512,86
515,verano,7,10.36144578313253,83
515,verano,8,9.738095238095237,84
515,verano,9,9.91764705882353,85
515,verano,10,9.768292682926829,82
515,verano,11,10.129411764705882,85
515,verano,12,9.952941176470588,85
515,verano,13,9.870588235294118,85
515,verano,14,9.702380952380953,84
515,verano,15,8.595238095238095,84
515,verano,16,7.9411764705882355,85
515,verano,17,7.623529411764705,85
515,verano,18,9.364705882352942,85
515,verano,19,11.30952380952381,84
515,verano,20,9.127906976744185,86
515,verano,21,8.518072289156626,83
515,verano,22,7.445783132530121,83
515,verano,23,7.214285714285714,84
529,invierno,0,19.249492137573963,1352
529,invierno,1,18.190882874074074,1350
529,invierno,2,17.27719881305638,1348
529,invierno,3,16.460059413511505,1347
529,invierno,4,16.029152771982115,1342
529,invierno,5,15.809957237527923,1343
529,invierno,6,16.111018956002983,1341
529,invierno,7,17.05414154247392,1342
529,invierno,8,18.5337060551827,1341
529,invierno,9,18.851719635145198,1343
529,invierno,10,18.21225362957431,1339
529,invierno,11,17.197911335820894,1340
529,invierno,12,16.67849303075769,1333
529,invierno,13,15.770015608108109,1332
529,invierno,14,15.022510588323353,1336
529,invierno,15,15.143195220973782,1335
529,invierno,16,15.645374666666665,1344
529,invierno,17,16.993543655274888,1346
529,invierno,18,18.980008802083333,1344
529,invierno,19,20.320068816083396,1343
529,invierno,20,21.206313672862454,1345
529,invierno,21,22.070611835677276,1351
529,invierno,22,21.094626139053254,1352
529,invierno,23,20.206199948224853,1352
529,otoño,0,15.536889439324117,1302
529,otoño,1,14.795257904834996,1303
529,otoño,2,14.257925967741935,1302
529,otoño,3,14.140631973886329,1302
529,otoño,4,14.241741099999999,1300
529,otoño,5,14.644814992307692,1300
529,otoño,6,15.604423056197076,1299
529,otoño,7,16.995200691775555,1301
529,otoño,8,18.28389362797848,1301
529,otoño,9,18.73256336153846,1300
529,otoño,10,17.519120115830116,1295
529,otoño,11,17.09136757364341,1290
529,otoño,12,17.464544310077518,1290
529,otoño,13,15.313540302091402,1291
529,otoño,14,15.273799319412218,1293
529,otoño,15,14.401663919876732,1298
529,otoño,16,14.644957882986912,1299
529,otoño,17,16.2992442605364,1305
529,otoño,18,16.856164550345888,1301
529,otoño,19,17.816828910207214,1303
529,otoño,20,18.203263699155794,1303
529,otoño,21,17.899811835637482,1302
529,otoño,22,17.181628956254798,1303
529,otoño,23,16.34635405529954,1302
529,primavera,0,12.185914170337739,1362
529,primavera,1,11.916319455081002,1358
529,primavera,2,11.35686544787078,1362
529,primavera,3,11.321951327953045,1363
529,primavera,4,11.184360051508461,1359
529,primavera,5,11.112690470588236,1360
529,primavera,6,11.379586292217327,1362
529,primavera,7,12.116269264705881,1360
529,primavera,8,12.55829880794702,1359
529,primavera,9,12.571108440029434,1359
529,primavera,10,12.401639500367377,1361
529,primavera,11,11.859011210448859,1359
529,primavera,12,11.336257249521003,1357
529,primavera,13,10.797109283456425,1354
529,primavera,14,10.452668193782383,1351
529,primavera,15,10.808925567699115,1356
529,primavera,16,11.265577191770758,1361
529,primavera,17,12.602358709439528,1356
529,primavera,18,13.47791611235119,1344
529,primavera,19,13.915263617189837,1338
529,primavera,20,13.787694437825762,1343
529,primavera,21,13.461774208178438,1345
529,primavera,22,13.300169403534609,1358
529,primavera,23,12.724403852941176,1360
529,verano,0,13.789104156769596,1263
529,verano,1,13.370574600158353,1263
529,verano,2,13.373105268987343,1264
529,verano,3,12.87948424050633,1264
529,verano,4,12.720243119556612,1263
529,verano,5,12.900859493269992,1263
529,verano,6,13.125309849445324,1262
529,verano,7,13.620462757527735,1262
529,verano,8,13.758725423930269,1262
529,verano,9,13.380513757911391,1264
529,verano,10,12.808385837282781,1266
529,verano,11,12.117098667458432,1263
529,verano,12,11.566731765451664,1262
529,verano,13,11.62666952050673,1263
529,verano,14,11.076121706115964,1259
529,verano,15,10.860165403481012,1264
529,verano,16,11.71198045922407,1263
529,verano,17,13.379608526148969,1262
529,verano,18,15.716597252573239,1263
529,verano,19,16.646943721298495,1263
529,verano,20,16.4411451984127,1260
529,verano,21,15.883319173947577,1259
529,verano,22,15.287331930103257,1259
529,verano,23,15.14500856012658,1264
532,invierno,0,41.183861290322575,31
532,invierno,1,34.987096774193546,31
532,invierno,2,29.190312903225806,31
532,invierno,3,24.067741612903223,31
532,invierno,4,22.393547741935482,31
532,invierno,5,19.896773548387095,31
532,invierno,6,19.190321935483873,31
532,invierno,7,19.619354193548386,31
532,invierno,8,20.22258,31
532,invierno,9,17.59677412903226,31
532,invierno,10,15.364512258064515,31
532,invierno,11,13.016665,30
532,invierno,12,10.099998387096774,31
532,invierno,13,8.283869903225806,31
532,invierno,14,8.977408580645161,31
532,invierno,15,10.541935161290322,31
532,invierno,16,11.703214838709679,31
532,invierno,17,18.45806409677419,31
532,invierno,18,23.767741612903226,31
532,invierno,19,32.99354838709677,31
532,invierno,20,44.158054838709674,31
532,invierno,21,48.68384193548387,31
532,invierno,22,46.58708709677419,31
532,invierno,23,44.1125,32
532,primavera,0,34.65164285714286,91
532,primavera,1,33.24944439560439,91
532,primavera,2,31.05494164835165,91
532,primavera,3,30.034061098901102,91
532,primavera,4,28.84065923076923,91
532,primavera,5,31.406593076923077,91
532,primavera,6,34.43185802197802,91
532,primavera,7,32.931856043956046,91
532,primavera,8,28.474723956043956,91
532,primavera,9,24.83406197802198,91
532,primavera,10,20.52888788888889,90
532,primavera,11,16.724443555555556,90
532,primavera,12,14.64111011111111,90
532,primavera,13,13.3033313,90
532,primavera,14,12.432966153846154,91
532,primavera,15,13.221109777777777,90
532,primavera,16,14.802196263736263,91
532,primavera,17,20.42747164835165,91
532,primavera,18,27.424171978021977,91
532,primavera,19,34.92746813186813,91
532,primavera,20,37.2131778021978,91
532,primavera,21,37.55493186813187,91
532,primavera,22,37.346145054945055,91
532,primavera,23,36.13515384615385,91
532,verano,0,27.945555555555554,45
532,verano,1,26.805555333333334,45
532,verano,2,25.319444444444443,45
532,verano,3,25.616666444444444,45
532,verano,4,25.36333333333333,45
532,verano,5,28.682777777777776,45
532,verano,6,32.07611111111111,45
532,verano,7,29.14944444444445,45
532,verano,8,24.93,45
532,verano,9,20.51666622222222,45
532,verano,10,17.240907954545456,44
532,verano,11,14.873294090909091,44
532,verano,12,13.797726136363638,44
532,verano,13,14.498862045454546,44
532,verano,14,11.03295340909091,44
532,verano,15,10.146021363636363,44
532,verano,16,9.630680227272727,44
532,verano,17,10.755112045454545,44
532,verano,18,15.935792727272728,44
532,verano,19,23.626740930232558,43
532,verano,20,31.39034090909091,44
532,verano,21,33.76249318181818,44
532,verano,22,31.185795454545453,44
532,verano,23,29.494886363636365,44
539,invierno,0,27.57492795389049,694
539,invierno,1,24.785302593659942,694
539,invierno,2,22.94956772334294,694
539,invierno,3,21.77521613832853,694
539,invierno,4,20.64265129682997,694
539,invierno,5,20.45086705202312,692
539,invierno,6,20.878612716763005,692
539,invierno,7,21.40606936416185,692
539,invierno,8,21.170028818443804,694
539,invierno,9,20.570188133140377,691
539,invierno,10,19.602601156069365,692
539,invierno,11,18.49206349206349,693
539,invierno,12,17.271676300578033,692
539,invierno,13,16.29913294797688,692
539,invierno,14,15.27377521613833,694
539,invierno,15,15.292753623188405,690
539,invierno,16,18.110632183908045,696
539,invierno,17,24.889367816091955,696
539,invierno,18,31.692528735632184,696
539,invierno,19,38.19971264367816,696
539,invierno,20,40.36115107913669,695
539,invierno,21,38.40863309352518,695
539,invierno,22,34.75431034482759,696
539,invierno,23,31.066187050359712,695
539,otoño,0,21.43633540372671,644
539,otoño,1,21.12111801242236,644
539,otoño,2,20.06842923794712,643
539,otoño,3,19.457231726283048,643
539,otoño,4,19.20217729393468,643
539,otoño,5,19.329704510108865,643
539,otoño,6,19.720062208398133,643
539,otoño,7,20.045241809672387,641
539,otoño,8,19.62794348508634,637
539,otoño,9,18.601880877742946,638
539,otoño,10,17.177570093457945,642
539,otoño,11,16.170579029733958,639
539,otoño,12,15.4625,640
539,otoño,13,14.862714508580343,641
539,otoño,14,14.457098283931357,641
539,otoño,15,14.265625,640
539,otoño,16,15.034321372854913,641
539,otoño,17,17.641744548286603,642
539,otoño,18,20.57943925233645,642
539,otoño,19,23.24922118380062,642
539,otoño,20,24.993769470404985,642
539,otoño,21,24.97822706065319,643
539,otoño,22,23.493001555209954,643
539,otoño,23,22.1444099378882,644
539,primavera,0,15.946153846153846,650
539,primavera,1,15.804314329738059,649
539,primavera,2,15.147919876733436,649
539,primavera,3,15.006163328197227,649
539,primavera,4,15.007704160246533,649
539,primavera,5,15.382126348228043,649
539,primavera,6,15.297380585516178,649
539,primavera,7,14.25077399380805,646
539,primavera,8,12.743431221020092,647
539,primavera,9,11.746522411128284,647
539,primavera,10,11.24767801857585,646
539,primavera,11,11.013996889580094,643
539,primavera,12,10.84984520123839,646
539,primavera,13,10.543343653250774,646
539,primavera,14,10.370542635658914,645
539,primavera,15,10.385335413416536,641
539,primavera,16,10.645412130637636,643
539,primavera,17,12.08398133748056,643
539,primavera,18,13.154320987654321,648
539,primavera,19,14.645608628659476,649
539,primavera,20,16.12,650
539,primavera,21,16.46153846153846,650
539,primavera,22,16.42064714946071,649
539,primavera,23,16.075500770416024,649
539,verano,0,14.725677830940988,627
539,verano,1,14.347687400318978,627
539,verano,2,14.11164274322169,627
539,verano,3,13.98883572567783,627
539,verano,4,13.984051036682615,627
539,verano,5,14.044728434504792,626
539,verano,6,13.7616,625
539,verano,7,12.899361022364218,626
539,verano,8,11.8752,625
539,verano,9,11.216,625
539,verano,10,11.022328548644339,627
539,verano,11,10.93939393939394,627
539,verano,12,10.76555023923445,627
539,verano,13,10.6896,625
539,verano,14,10.6768,625
539,verano,15,10.7232,625
539,verano,16,10.653846153846153,624
539,verano,17,10.8496,625
539,verano,18,11.47923322683706,626
539,verano,19,12.065495207667732,626
539,verano,20,12.779552715654953,626
539,verano,21,13.562300319488818,626
539,verano,22,14.180223285486443,627
539,verano,23,14.440191387559809,627
540,invierno,0,21.295791137000002,1000
540,invierno,1,20.940760926073928,1001
540,invierno,2,20.2846641733,1000
540,invierno,3,19.420414909999998,1000
540,invierno,4,19.060813366633365,1001
540,invierno,5,18.793901975,1000
540,invierno,6,18.643292522522522,999
540,invierno,7,18.468563764028058,998
540,invierno,8,18.815945667001003,997
540,invierno,9,19.659382700502512,995
540,invierno,10,19.813877490480962,998
540,invierno,11,19.375796046501517,989
540,invierno,12,18.459195904369917,984
540,invierno,13,17.072402178498983,986
540,invierno,14,15.828119853509666,983
540,invierno,15,14.843328934077078,986
540,invierno,16,14.618359264914053,989
540,invierno,17,15.209191698685542,989
540,invierno,18,16.728486453441295,988
540,invierno,19,18.94467886203424,993
540,invierno,20,21.31017570422535,994
540,invierno,21,21.981717696088264,997
540,invierno,22,22.326004268537073,998
540,invierno,23,21.63885205205205,999
540,otoño,0,16.441261282848544,997
540,otoño,1,17.008776716283716,1001
540,otoño,2,17.578501416132266,998
540,otoño,3,17.65781118599,1000
540,otoño,4,17.857826217347956,1003
540,otoño,5,18.13360890329013,1003
540,otoño,6,18.38526097808765,1004
540,otoño,7,18.667638376171485,1003
540,otoño,8,18.95117928128128,999
540,otoño,9,18.734271259181817,990
540,otoño,10,18.019983518858307,981
540,otoño,11,16.862290580682973,981
540,otoño,12,16.09166422625641,975
540,otoño,13,14.852177079692307,975
540,otoño,14,14.030663603370787,979
540,otoño,15,13.411537218142858,980
540,otoño,16,13.228067707918783,985
540,otoño,17,13.393673948536831,991
540,otoño,18,13.786293544747474,990
540,otoño,19,14.810117708036623,983
540,otoño,20,15.927469129949237,985
540,otoño,21,16.151484117472304,993
540,otoño,22,16.237850864968937,998
540,otoño,23,16.177285478435305,997
540,primavera,0,12.220456716319823,913
540,primavera,1,12.633707377192984,912
540,primavera,2,12.953015213421342,909
540,primavera,3,13.113759506578948,912
540,primavera,4,13.30342552140505,911
540,primavera,5,13.725709512719298,912
540,primavera,6,14.162353450054885,911
540,primavera,7,14.895151540154016,909
540,primavera,8,15.451350834248078,911
540,primavera,9,15.293147218302096,907
540,primavera,10,14.811408809261302,907
540,primavera,11,13.82539570842572,902
540,primavera,12,12.83866013003337,899
540,primavera,13,11.731917497206704,895
540,primavera,14,11.008885246696527,893
540,primavera,15,10.520119656152126,894
540,primavera,16,10.21066425955056,890
540,primavera,17,10.152912513513513,888
540,primavera,18,10.43961366392694,876
540,primavera,19,10.849700132723111,874
540,primavera,20,11.304945614237289,885
540,primavera,21,11.833802573333333,900
540,primavera,22,11.95534305629139,906
540,primavera,23,11.85824038501094,914
540,verano,0,11.170482320484581,908
540,verano,1,11.670129864065933,910
540,verano,2,11.96486271839207,908
540,verano,3,12.221099508250825,909
540,verano,4,12.612841265126512,909
540,verano,5,12.933892376237624,909
540,verano,6,13.228585859030837,908
540,verano,7,13.743867482378855,908
540,verano,8,13.906887622516557,906
540,verano,9,13.647484130530973,904
540,verano,10,13.55812209534368,902
540,verano,11,13.17920275986622,897
540,verano,12,12.749257559395973,894
540,verano,13,12.097082036723164,885
540,verano,14,11.747487527027028,888
540,verano,15,11.676819950280583,891
540,verano,16,11.305774923852184,893
540,verano,17,11.069896177060132,898
540,verano,18,10.965946599322798,886
540,verano,19,10.490303329371429,875
540,verano,20,9.791393394043528,873
540,verano,21,9.854816666967304,887
540,verano,22,10.087135614523282,902
540,verano,23,10.473605637995595,908
547,invierno,0,17.542698830734967,898
547,invierno,1,15.65105425389755,898
547,invierno,2,14.561385814732143,896
547,invierno,3,13.989979753363228,892
547,invierno,4,13.505899571589628,887
547,invierno,5,14.182184061085973,884
547,invierno,6,13.59752215575621,886
547,invierno,7,13.567151264236902,878
547,invierno,8,15.251725871345029,855
547,invierno,9,18.239592936320754,848
547,invierno,10,18.12970414893617,846
547,invierno,11,18.595951549463646,839
547,invierno,12,17.258444130177516,845
547,invierno,13,17.346120293083235,853
547,invierno,14,15.660693955659276,857
547,invierno,15,18.752429359720605,859
547,invierno,16,17.55056598183882,881
547,invierno,17,21.014721286353467,894
547,invierno,18,19.705219453125,896
547,invierno,19,19.899329039106146,895
547,invierno,20,21.637184376391982,898
547,invierno,21,21.789872106430153,902
547,invierno,22,19.435737422566373,904
547,invierno,23,17.262191046770603,898
547,otoño,0,14.301669933554818,903
547,otoño,1,13.752093909191583,903
547,otoño,2,13.434140431893688,903
547,otoño,3,13.050581445916114,906
547,otoño,4,12.895181179087874,899
547,otoño,5,13.178677285873194,899
547,otoño,6,13.708095222222223,900
547,otoño,7,14.31743483615819,885
547,otoño,8,15.9033046073903,866
547,otoño,9,17.451867572928823,857
547,otoño,10,18.452256748538012,855
547,otoño,11,16.341718950471698,848
547,otoño,12,17.164804935822637,857
547,otoño,13,17.539620683661646,863
547,otoño,14,16.57689547537228,873
547,otoño,15,15.650700648464165,879
547,otoño,16,16.404244994375702,889
547,otoño,17,15.858577667410714,896
547,otoño,18,17.180154916943522,903
547,otoño,19,20.26458129139073,906
547,otoño,20,17.216088983425415,905
547,otoño,21,16.804002858719645,906
547,otoño,22,16.794445816777042,906
547,otoño,23,14.926471395348837,903
547,primavera,0,10.669693970420933,879
547,primavera,1,10.107632340182649,876
547,primavera,2,10.013698310657597,882
547,primavera,3,9.775862263936292,879
547,primavera,4,9.79415259977195,877
547,primavera,5,10.147165800915332,874
547,primavera,6,10.283301011494252,870
547,primavera,7,11.672126515679443,861
547,primavera,8,13.286055288574794,849
547,primavera,9,13.178674741784036,852
547,primavera,10,12.85035371764706,850
547,primavera,11,12.438892438162544,849
547,primavera,12,11.94545274117647,850
547,primavera,13,11.247818254716982,848
547,primavera,14,11.886427918128655,855
547,primavera,15,10.627450407450524,859
547,primavera,16,10.590759965556831,871
547,primavera,17,10.96015689576174,873
547,primavera,18,12.916892579908675,876
547,primavera,19,13.897545238095239,882
547,primavera,20,13.310297553551298,887
547,primavera,21,13.22133506772009,886
547,primavera,22,12.188871609977324,882
547,primavera,23,11.060329750566893,882
547,verano,0,12.633013435722411,879
547,verano,1,11.260677485714286,875
547,verano,2,10.444090773606371,879
547,verano,3,9.690913420454546,880
547,verano,4,9.711200829545454,880
547,verano,5,9.864957556818181,880
547,verano,6,10.154465389908257,872
547,verano,7,11.494555157526253,857
547,verano,8,12.350140650887575,845
547,verano,9,12.436379880810488,839
547,verano,10,12.305311903073285,846
547,verano,11,11.963119785969084,841
547,verano,12,12.742831316725978,843
547,verano,13,11.693242511904762,840
547,verano,14,12.372156263345197,843
547,verano,15,10.909773782201405,854
547,verano,16,12.887230461361016,867
547,verano,17,10.950791346375144,869
547,verano,18,11.909414605714286,875
547,verano,19,14.081350102040817,882
547,verano,20,15.788635576923078,884
547,verano,21,16.551839118644068,885
547,verano,22,16.08329573212259,881
547,verano,23,14.236810124858117,881
548,invierno,0,24.090399274204277,1263
548,invierno,1,22.995762575059572,1259
548,invierno,2,21.16838662669864,1251
548,invierno,3,19.217250693290733,1252
548,invierno,4,17.792648133547868,1243
548,invierno,5,17.449239237156707,1238
548,invierno,6,16.575262190306947,1238
548,invierno,7,15.868677724165988,1229
548,invierno,8,14.956195914911543,1187
548,invierno,9,15.526066332463012,1149
548,invierno,10,16.574094928813558,1180
548,invierno,11,17.425742297114592,1213
548,invierno,12,18.073046339314843,1226
548,invierno,13,17.855691031733116,1229
548,invierno,14,17.22219729489051,1233
548,invierno,15,17.048088119318184,1232
548,invierno,16,16.18193969223301,1236
548,invierno,17,16.90675316323411,1243
548,invierno,18,18.268586075144928,1242
548,invierno,19,20.53198798718975,1249
548,invierno,20,22.943666610711432,1251
548,invierno,21,24.288545664280033,1257
548,invierno,22,24.327598328050716,1262
548,invierno,23,24.121108988924053,1264
548,otoño,0,17.278564646381103,1249
548,otoño,1,16.5974049136,1250
548,otoño,2,15.651654707766214,1249
548,otoño,3,14.94709435152733,1244
548,otoño,4,14.50150157726181,1249
548,otoño,5,14.588303980660758,1241
548,otoño,6,14.361981144,1250
548,otoño,7,14.116569132569557,1222
548,otoño,8,14.456709000567317,1181
548,otoño,9,15.802984834042554,1175
548,otoño,10,17.09216808884263,1201
548,otoño,11,18.010502558120365,1213
548,otoño,12,18.63466452244898,1225
548,otoño,13,18.1255731511254,1244
548,otoño,14,17.30158609742351,1242
548,otoño,15,16.703878809256018,1246
548,otoño,16,16.225949257781327,1253
548,otoño,17,16.6324238256,1250
548,otoño,18,17.136651052041636,1249
548,otoño,19,17.16087318928,1250
548,otoño,20,17.536993036858973,1248
548,otoño,21,17.8504379016,1250
548,otoño,22,17.74172826261009,1249
548,otoño,23,17.5028161272,1250
548,primavera,0,14.469502471073646,1127
548,primavera,1,13.865382569542254,1136
548,primavera,2,12.866530899042646,1149
548,primavera,3,12.051974331597222,1152
548,primavera,4,11.695707424111013,1153
548,primavera,5,11.110689620749781,1147
548,primavera,6,10.453072144424622,1121
548,primavera,7,10.743979191514597,1096
548,primavera,8,12.734468070598748,1119
548,primavera,9,14.590134448873483,1154
548,primavera,10,15.918500441580758,1164
548,primavera,11,16.729548054310342,1160
548,primavera,12,16.803464570567986,1162
548,primavera,13,15.989664364565588,1174
548,primavera,14,15.12902970919149,1175
548,primavera,15,14.126716215017066,1172
548,primavera,16,13.46828925084471,1172
548,primavera,17,13.024153110732538,1174
548,primavera,18,12.653429140445589,1167
548,primavera,19,11.95041054204947,1132
548,primavera,20,12.72691457875458,1092
548,primavera,21,13.90454788181818,1078
548,primavera,22,14.090194611411658,1098
548,primavera,23,14.226180208527827,1114
548,verano,0,16.801336390784982,1172
548,verano,1,16.196768945808635,1181
548,verano,2,14.709337345500849,1178
548,verano,3,13.348377272986081,1171
548,verano,4,12.517265866780528,1171
548,verano,5,11.822741076923077,1170
548,verano,6,11.273799852813854,1155
548,verano,7,11.742192930495222,1151
548,verano,8,13.304515369361702,1175
548,verano,9,14.977695045152544,1180
548,verano,10,16.38952216765453,1181
548,verano,11,17.36620527326565,1182
548,verano,12,17.486086792436975,1190
548,verano,13,16.56980671889632,1196
548,verano,14,15.692469839009158,1201
548,verano,15,15.306567783693843,1202
548,verano,16,15.065885829187398,1206
548,verano,17,15.151219398178807,1208
548,verano,18,15.713160581472291,1209
548,verano,19,15.588312302675584,1196
548,verano,20,13.987323703071674,1172
548,verano,21,14.682077133984027,1127
548,verano,22,15.932014765938865,1145
548,verano,23,16.573659067722073,1137
549,invierno,0,52.8559104029304,273
549,invierno,1,48.84286750915751,273
549,invierno,2,44.18901886446886,273
549,invierno,3,40.99529725274726,273
549,invierno,4,39.238208608058606,273
549,invierno,5,40.43064714285714,273
549,invierno,6,40.57606307692308,273
549,invierno,7,44.52992900735294,272
549,invierno,8,43.36280459558823,272
549,invierno,9,42.43408342007435,269
549,invierno,10,35.483710415094336,265
549,invierno,11,30.586514007490635,267
549,invierno,12,29.177006022304834,269
549,invierno,13,27.98372814814815,270
549,invierno,14,27.971291283018868,265
549,invierno,15,20.402213197026022,269
549,invierno,16,25.95018896296296,270
549,invierno,17,37.69238662962963,270
549,invierno,18,38.10609044444445,270
549,invierno,19,46.667018999999996,270
549,invierno,20,55.86424709558824,272
549,invierno,21,59.75514029411765,272
549,invierno,22,59.340514432234436,273
549,invierno,23,57.73478032967033,273
549,otoño,0,20.104507789855074,276
549,otoño,1,18.354831086956523,276
549,otoño,2,17.282324618181818,275
549,otoño,3,16.9153148,275
549,otoño,4,17.534791527272727,275
549,otoño,5,20.3922688,275
549,otoño,6,24.50531370909091,275
549,otoño,7,26.077379236363637,275
549,otoño,8,24.176774835164835,273
549,otoño,9,20.904881678832115,274
549,otoño,10,18.797209557195572,271
549,otoño,11,18.074236096654275,269
549,otoño,12,16.017694555555558,270
549,otoño,13,14.847149194139194,273
549,otoño,14,14.327032335766424,274
549,otoño,15,13.594944395604395,273
549,otoño,16,13.976881176470588,272
549,otoño,17,16.087108284671533,274
549,otoño,18,18.126783200000002,275
549,otoño,19,19.996182545454545,275
549,otoño,20,21.987738623188406,276
549,otoño,21,26.58338293478261,276
549,otoño,22,22.581152934782608,276
549,otoño,23,20.970039999999997,276
549,primavera,0,10.573695303867403,181
549,primavera,1,9.461121160220994,181
549,primavera,2,8.917142872928178,181
549,primavera,3,8.869828011049723,181
549,primavera,4,8.902396298342541,181
549,primavera,5,11.117457513812155,181
549,primavera,6,13.676590000000001,181
549,primavera,7,13.884335801104973,181
549,primavera,8,11.81736538888889,180
549,primavera,9,10.162065337078651,178
549,primavera,10,18.08102717514124,177
549,primavera,11,12.67972590909091,176
549,primavera,12,11.098316983240222,179
549,primavera,13,8.804599494382023,178
549,primavera,14,7.9239257303370785,178
549,primavera,15,7.356490225988701,177
549,primavera,16,7.067021117318435,179
549,primavera,17,7.709853798882682,179
549,primavera,18,8.207384301675978,179
549,primavera,19,9.277445745856353,181
549,primavera,20,10.637654333333332,180
549,primavera,21,11.191370888888889,180
549,primavera,22,11.561321166666666,180
549,primavera,23,11.059466055555555,180
549,verano,0,8.692694736842105,266
549,verano,1,8.8050292481203,266
549,verano,2,9.131630338345865,266
549,verano,3,9.283867406015037,266
549,verano,4,9.999002706766918,266
549,verano,5,11.121371203007518,266
549,verano,6,12.891337744360902,266
549,verano,7,13.701111917293233,266
549,verano,8,13.364416428571428,266
549,verano,9,13.643147756653992,263
549,verano,10,13.287930496183206,262
549,verano,11,12.13701041509434,265
549,verano,12,15.402173840304183,263
549,verano,13,11.13934836501901,263
549,verano,14,10.277836301886792,265
549,verano,15,9.337508226415094,265
549,verano,16,8.41408552631579,266
549,verano,17,8.399859812030074,266
549,verano,18,8.447459737827716,267
549,verano,19,8.568600977443609,266
549,verano,20,8.83646329588015,267
549,verano,21,8.937935093632959,267
549,verano,22,8.661957865168539,267
549,verano,23,8.45283063670412,267
550,invierno,0,16.854952081406104,1081
550,invierno,1,15.182330547309833,1078
550,invierno,2,14.17891035283194,1077
550,invierno,3,13.572667030812324,1071
550,invierno,4,13.577923899253731,1072
550,invierno,5,14.500388664799253,1071
550,invierno,6,16.554646912313434,1072
550,invierno,7,18.639018654205607,1070
550,invierno,8,19.410737589118202,1066
550,invierno,9,20.336634761459308,1069
550,invierno,10,19.335297091932457,1066
550,invierno,11,18.527594326107447,1061
550,invierno,12,17.504756807909605,1062
550,invierno,13,17.193681258215964,1065
550,invierno,14,16.232509511278195,1064
550,invierno,15,16.644063380149813,1068
550,invierno,16,17.44901422969188,1071
550,invierno,17,17.987300055865923,1074
550,invierno,18,17.849348874418602,1075
550,invierno,19,18.03388671627907,1075
550,invierno,20,18.6058926716141,1078
550,invierno,21,18.61202870577281,1074
550,invierno,22,18.07492151627907,1075
550,invierno,23,17.71464346976744,1075
550,otoño,0,14.907998122192275,1113
550,otoño,1,14.095501272401433,1116
550,otoño,2,13.638568278026906,1115
550,otoño,3,13.513437392473119,1116
550,otoño,4,13.782004625789,1109
550,otoño,5,14.840597396768404,1114
550,otoño,6,16.4842766606983,1117
550,otoño,7,18.31671177897574,1113
550,otoño,8,19.679078670260555,1113
550,otoño,9,20.42126330935252,1112
550,otoño,10,19.13625900990099,1111
550,otoño,11,18.300307969451932,1113
550,otoño,12,17.63181199819982,1111
550,otoño,13,16.86685860633484,1105
550,otoño,14,16.173266900269542,1113
550,otoño,15,16.615489077757687,1106
550,otoño,16,16.472902133815552,1106
550,otoño,17,15.76446463898917,1108
550,otoño,18,15.29613769513315,1089
550,otoño,19,15.069959118982744,1101
550,otoño,20,15.507265990950227,1105
550,otoño,21,15.800554882882883,1110
550,otoño,22,15.663281453068594,1108
550,otoño,23,15.7457821253406,1101
550,primavera,0,10.72631,1050
550,primavera,1,9.768086397338402,1052
550,primavera,2,9.391001842355175,1053
550,primavera,3,9.264971543560607,1056
550,primavera,4,9.775301482889734,1052
550,primavera,5,10.796929962085308,1055
550,primavera,6,11.463764135625597,1047
550,primavera,7,13.203159472674976,1043
550,primavera,8,14.000886905444126,1047
550,primavera,9,13.62188981921979,1051
550,primavera,10,12.971115476190475,1050
550,primavera,11,12.34987093600764,1047
550,primavera,12,11.962694061010486,1049
550,primavera,13,11.202792855778414,1047
550,primavera,14,10.885539399428026,1049
550,primavera,15,11.249189052631579,1045
550,primavera,16,11.382621339031338,1053
550,primavera,17,11.232844323809523,1050
550,primavera,18,10.488714523809524,1050
550,primavera,19,9.895270151946818,1053
550,primavera,20,10.458404623450905,1049
550,primavera,21,10.71792117535545,1055
550,primavera,22,10.439871505681818,1056
550,primavera,23,11.346436021093002,1043
550,verano,0,11.939514896729776,1162
550,verano,1,11.27031556416882,1161
550,verano,2,11.230727364341085,1161
550,verano,3,11.188654551724138,1160
550,verano,4,11.463574366925064,1161
550,verano,5,12.283817183462531,1161
550,verano,6,12.456238226643597,1156
550,verano,7,14.539853203463203,1155
550,verano,8,15.269147260155574,1157
550,verano,9,14.832969732758622,1160
550,verano,10,14.491860232959446,1159
550,verano,11,14.055349527085124,1163
550,verano,12,13.633094113597247,1162
550,verano,13,12.947507712811694,1163
550,verano,14,12.425192308354866,1161
550,verano,15,12.233480805194805,1155
550,verano,16,12.077830457290768,1159
550,verano,17,11.851901417458945,1157
550,verano,18,12.043966466492602,1149
550,verano,19,10.536638240495137,1131
550,verano,20,10.453221278458845,1142
550,verano,21,11.353084093668691,1153
550,verano,22,11.795456747826087,1150
550,verano,23,12.142824847958298,1151
551,invierno,0,35.61867704280156,257
551,invierno,1,32.3579766536965,257
551,invierno,2,29.326848249027236,257
551,invierno,3,26.929961089494164,257
551,invierno,4,25.377431906614785,257
551,invierno,5,25.147859922178988,257
551,invierno,6,25.67704280155642,257
551,invierno,7,26.69649805447471,257
551,invierno,8,26.63137254901961,255
551,invierno,9,23.00395256916996,253
551,invierno,10,18.250980392156862,255
551,invierno,11,15.393574297188755,249
551,invierno,12,15.256,250
551,invierno,13,15.007936507936508,252
551,invierno,14,15.289156626506024,249
551,invierno,15,15.292,250
551,invierno,16,16.49003984063745,251
551,invierno,17,20.51372549019608,255
551,invierno,18,26.71372549019608,255
551,invierno,19,33.070038910505836,257
551,invierno,20,37.19844357976654,257
551,invierno,21,38.6147859922179,257
551,invierno,22,40.104651162790695,258
551,invierno,23,39.94961240310077,258
551,otoño,0,16.054347826086957,276
551,otoño,1,14.76086956521739,276
551,otoño,2,13.804347826086957,276
551,otoño,3,12.902173913043478,276
551,otoño,4,13.36231884057971,276
551,otoño,5,14.644927536231885,276
551,otoño,6,16.507246376811594,276
551,otoño,7,17.767272727272726,275
551,otoño,8,16.705454545454547,275
551,otoño,9,14.406593406593407,273
551,otoño,10,13.219780219780219,273
551,otoño,11,11.967391304347826,276
551,otoño,12,12.084249084249084,273
551,otoño,13,11.43956043956044,273
551,otoño,14,11.355311355311356,273
551,otoño,15,10.767272727272728,275
551,otoño,16,10.927272727272728,275
551,otoño,17,11.542124542124542,273
551,otoño,18,13.527272727272727,275
551,otoño,19,15.93840579710145,276
551,otoño,20,17.304347826086957,276
551,otoño,21,18.68840579710145,276
551,otoño,22,19.057971014492754,276
551,otoño,23,19.312727272727273,275
551,primavera,0,7.8,270
551,primavera,1,6.966666666666667,270
551,primavera,2,6.677777777777778,270
551,primavera,3,6.843866171003717,269
551,primavera,4,7.67037037037037,270
551,primavera,5,8.698884758364311,269
551,primavera,6,10.613382899628252,269
551,primavera,7,9.96629213483146,267
551,primavera,8,8.621722846441948,267
551,primavera,9,8.56766917293233,266
551,primavera,10,8.30451127819549,266
551,primavera,11,8.5,266
551,primavera,12,8.518796992481203,266
551,primavera,13,7.984790874524715,263
551,primavera,14,7.777358490566038,265
551,primavera,15,6.890566037735849,265
551,primavera,16,6.659176029962547,267
551,primavera,17,6.876404494382022,267
551,primavera,18,7.103703703703704,270
551,primavera,19,7.57037037037037,270
551,primavera,20,8.092592592592593,270
551,primavera,21,8.24074074074074,270
551,primavera,22,8.063432835820896,268
551,primavera,23,9.052238805970148,268
551,verano,0,7.151851851851852,270
551,verano,1,6.696296296296296,270
551,verano,2,6.614814814814815,270
551,verano,3,6.74721189591078,269
551,verano,4,7.055350553505535,271
551,verano,5,7.749077490774908,271
551,verano,6,9.203703703703704,270
551,verano,7,9.64074074074074,270
551,verano,8,9.154981549815497,271
551,verano,9,9.243542435424354,271
551,verano,10,9.037174721189592,269
551,verano,11,8.657992565055762,269
551,verano,12,8.643122676579926,269
551,verano,13,7.914179104477612,268
551,verano,14,8.571428571428571,266
551,verano,15,9.33955223880597,268
551,verano,16,7.052434456928839,267
551,verano,17,6.951492537313433,268
551,verano,18,6.9440298507462686,268
551,verano,19,7.074906367041199,267
551,verano,20,8.003731343283581,268
551,verano,21,7.966542750929368,269
551,verano,22,7.762081784386617,269
551,verano,23,8.182156133828997,269
560,invierno,0,16.938608458390178,733
560,invierno,1,16.512295081967213,732
560,invierno,2,16.47612551159618,733
560,invierno,3,16.432469304229194,733
560,invierno,4,16.564802182810368,733
560,invierno,5,16.771117166212534,734
560,invierno,6,17.224795640326974,734
560,invierno,7,18.2,735
560,invierno,8,20.208163265306123,735
560,invierno,9,20.48224043715847,732
560,invierno,10,20.502068965517243,725
560,invierno,11,16.914718019257222,727
560,invierno,12,15.614325068870523,726
560,invierno,13,14.662998624484182,727
560,invierno,14,14.019337016574585,724
560,invierno,15,13.579166666666667,720
560,invierno,16,15.193415637860083,729
560,invierno,17,19.235054347826086,736
560,invierno,18,22.17391304347826,736
560,invierno,19,23.509562841530055,732
560,invierno,20,23.31650750341064,733
560,invierno,21,21.443383356070942,733
560,invierno,22,19.178717598908595,733
560,invierno,23,18.387448840381992,733
560,otoño,0,14.091280653950953,734
560,otoño,1,13.302452316076295,734
560,otoño,2,13.662125340599456,734
560,otoño,3,13.354706684856753,733
560,otoño,4,13.5,732
560,otoño,5,14.12295081967213,732
560,otoño,6,15.158469945355192,732
560,otoño,7,16.392612859097127,731
560,otoño,8,17.607387140902873,731
560,otoño,9,17.46301369863014,730
560,otoño,10,15.561813186813186,728
560,otoño,11,15.331034482758621,725
560,otoño,12,13.636488340192043,729
560,otoño,13,14.015089163237311,729
560,otoño,14,13.564137931034482,725
560,otoño,15,12.893646408839778,724
560,otoño,16,13.926330150068212,733
560,otoño,17,14.459128065395095,734
560,otoño,18,15.939972714870395,733
560,otoño,19,16.809264305177113,734
560,otoño,20,16.719346049046322,734
560,otoño,21,16.068212824010914,733
560,otoño,22,15.279672578444748,733
560,otoño,23,15.83356070941337,733
560,primavera,0,9.355555555555556,585
560,primavera,1,9.127986348122867,586
560,primavera,2,9.02725724020443,587
560,primavera,3,9.563139931740615,586
560,primavera,4,9.48034188034188,585
560,primavera,5,10.407849829351536,586
560,primavera,6,11.343003412969283,586
560,primavera,7,12.292307692307693,585
560,primavera,8,12.209621993127147,582
560,primavera,9,11.282006920415226,578
560,primavera,10,11.185121107266436,578
560,primavera,11,11.974137931034482,580
560,primavera,12,10.419243986254296,582
560,primavera,13,9.934482758620689,580
560,primavera,14,9.47594501718213,582
560,primavera,15,9.260720411663808,583
560,primavera,16,9.48881239242685,581
560,primavera,17,10.243150684931507,584
560,primavera,18,11.438356164383562,584
560,primavera,19,11.847341337907375,583
560,primavera,20,11.704974271012007,583
560,primavera,21,11.065068493150685,584
560,primavera,22,10.20583190394511,583
560,primavera,23,11.371575342465754,584
560,verano,0,9.901734104046243,692
560,verano,1,9.473988439306359,692
560,verano,2,9.354978354978355,693
560,verano,3,9.585858585858587,693
560,verano,4,9.739193083573488,694
560,verano,5,10.064935064935066,693
560,verano,6,11.078034682080926,692
560,verano,7,11.518895348837209,688
560,verano,8,11.122448979591837,686
560,verano,9,10.473684210526315,684
560,verano,10,10.32023289665211,687
560,verano,11,10.032023289665212,687
560,verano,12,9.442503639010189,687
560,verano,13,10.055800293685756,681
560,verano,14,9.26401179941003,678
560,verano,15,9.260614934114201,683
560,verano,16,9.41944847605225,689
560,verano,17,9.439130434782609,690
560,verano,18,10.111432706222866,691
560,verano,19,10.407514450867051,692
560,verano,20,10.281791907514451,692
560,verano,21,10.301587301587302,693
560,verano,22,10.141210374639769,694
560,verano,23,10.991341991341992,693
609,invierno,0,63.06056964640198,1612
609,invierno,1,52.465265427509294,1614
609,invierno,2,44.40085957868649,1614
609,invierno,3,37.87785985176035,1619
609,invierno,4,34.83265421410891,1616
609,invierno,5,35.26708789245983,1618
609,invierno,6,39.95966271940667,1618
609,invierno,7,46.03844184910328,1617
609,invierno,8,42.54010083436341,1618
609,invierno,9,38.32981495043371,1614
609,invierno,10,34.49753712951432,1606
609,invierno,11,31.72220244987469,1596
609,invierno,12,29.21050112289457,1603
609,invierno,13,27.856835297060666,1599
609,invierno,14,26.710610310819263,1599
609,invierno,15,28.634392482801754,1599
609,invierno,16,36.366962716510905,1605
609,invierno,17,53.34197235696517,1608
609,invierno,18,71.71502938547486,1611
609,invierno,19,83.94349985130113,1614
609,invierno,20,90.50225902288187,1617
609,invierno,21,90.32409370599134,1619
609,invierno,22,82.77350495367511,1619
609,invierno,23,73.67417646947766,1589
609,otoño,0,27.96752693600517,1547
609,otoño,1,24.7840650920882,1542
609,otoño,2,23.006677548157725,1547
609,otoño,3,21.349518546391753,1552
609,otoño,4,21.77890689548387,1550
609,otoño,5,23.831132296774197,1550
609,otoño,6,28.769943855577047,1551
609,otoño,7,29.8453452553329,1547
609,otoño,8,28.824390025844156,1540
609,otoño,9,26.890689140065145,1535
609,otoño,10,25.21366708852459,1525
609,otoño,11,22.910423167213114,1525
609,otoño,12,21.733952911140587,1508
609,otoño,13,20.74642245049834,1505
609,otoño,14,20.04184877470356,1518
609,otoño,15,20.894007990837697,1528
609,otoño,16,22.988288290155438,1544
609,otoño,17,28.21004796,1550
609,otoño,18,34.96675892972276,1551
609,otoño,19,39.664781940491594,1546
609,otoño,20,41.92185019417476,1545
609,otoño,21,41.33341848739496,1547
609,otoño,22,36.72275729032258,1550
609,otoño,23,32.50129099801718,1513
609,primavera,0,15.69957376807947,1510
609,primavera,1,14.27713139920792,1515
609,primavera,2,12.954754983454666,1511
609,primavera,3,12.804281982815597,1513
609,primavera,4,14.329580891677674,1514
609,primavera,5,17.263665653034302,1516
609,primavera,6,19.320731701986755,1510
609,primavera,7,18.196312123015872,1512
609,primavera,8,16.813025653616457,1507
609,primavera,9,15.478855023411372,1495
609,primavera,10,14.779654892761394,1492
609,primavera,11,14.907870653638815,1484
609,primavera,12,15.01233939312205,1483
609,primavera,13,14.20436167003367,1485
609,primavera,14,13.573967396528705,1498
609,primavera,15,13.522842479814692,1511
609,primavera,16,14.483669118421053,1520
609,primavera,17,16.58320245394737,1520
609,primavera,18,19.61113740131579,1520
609,primavera,19,21.203580236998025,1519
609,primavera,20,21.75425511873351,1516
609,primavera,21,20.568488964379945,1516
609,primavera,22,18.62572931398417,1516
609,primavera,23,16.688859966420416,1489
609,verano,0,13.695749835140699,1457
609,verano,1,12.997950226182317,1459
609,verano,2,12.838288720054756,1461
609,verano,3,12.632000370116518,1459
609,verano,4,13.8167208785175,1457
609,verano,5,15.41033572881588,1461
609,verano,6,16.006600535714284,1456
609,verano,7,16.362959099656358,1455
609,verano,8,16.012396374380167,1452
609,verano,9,15.548079446228373,1445
609,verano,10,15.150438554412787,1439
609,verano,11,14.852713455678671,1444
609,verano,12,15.297373141868512,1445
609,verano,13,15.946834381944445,1440
609,verano,14,15.237613139293138,1443
609,verano,15,14.940660163448275,1450
609,verano,16,14.892149754458162,1458
609,verano,17,14.79601670096022,1458
609,verano,18,15.47745475376197,1462
609,verano,19,16.439709268125856,1462
609,verano,20,16.953432496580028,1462
609,verano,21,16.358182607802874,1461
609,verano,22,15.355569931506848,1460
609,verano,23,14.74420979020979,1430
611,invierno,0,43.181312569521694,899
611,invierno,1,34.26274944567628,902
611,invierno,2,28.915649278579355,901
611,invierno,3,25.2960088691796,902
611,invierno,4,23.287458379578247,901
611,invierno,5,24.5,904
611,invierno,6,30.456666666666667,900
611,invierno,7,36.21333333333333,900
611,invierno,8,35.18120805369127,894
611,invierno,9,32.222965440356745,897
611,invierno,10,28.639106145251397,895
611,invierno,11,25.799552071668533,893
611,invierno,12,22.685456595264938,887
611,invierno,13,21.079418344519016,894
611,invierno,14,21.644144144144143,888
611,invierno,15,23.579596412556054,892
611,invierno,16,33.880846325167035,898
611,invierno,17,57.44617092119867,901
611,invierno,18,74.46170921198669,901
611,invierno,19,85.19514884233737,907
611,invierno,20,85.65188470066519,902
611,invierno,21,79.10409745293467,903
611,invierno,22,66.02558398220245,899
611,invierno,23,53.12555555555556,900
611,otoño,0,20.924316085489316,889
611,otoño,1,18.555314949381327,889
611,otoño,2,16.83883670045045,888
611,otoño,3,15.658410796857464,891
611,otoño,4,15.611792792792794,888
611,otoño,5,17.558010169491524,885
611,otoño,6,21.927152027027027,888
611,otoño,7,23.19117059483726,891
611,otoño,8,21.69101688764045,890
611,otoño,9,19.67544633898305,885
611,otoño,10,18.099928766968326,884
611,otoño,11,16.686062192090397,885
611,otoño,12,14.97555645381984,877
611,otoño,13,14.306045425652668,881
611,otoño,14,13.671070385925084,881
611,otoño,15,14.61780770361991,884
611,otoño,16,18.135233966101694,885
611,otoño,17,25.67424942696629,890
611,otoño,18,31.72131464044944,890
611,otoño,19,34.920975503355706,894
611,otoño,20,35.67771744134078,895
611,otoño,21,32.668177415730334,890
611,otoño,22,29.580992137232847,889
611,otoño,23,24.89655130777903,887
611,primavera,0,10.162251511487304,827
611,primavera,1,9.07103742753623,828
611,primavera,2,8.590630303030304,825
611,primavera,3,8.603778857837181,823
611,primavera,4,9.896849891041162,826
611,primavera,5,12.6986884057971,828
611,primavera,6,13.700567272727273,825
611,primavera,7,12.423534063260341,822
611,primavera,8,11.416501822600244,823
611,primavera,9,10.449542021924483,821
611,primavera,10,10.05171411042945,815
611,primavera,11,9.37343310218978,822
611,primavera,12,8.869570725707257,813
611,primavera,13,8.624530712530714,814
611,primavera,14,8.366006075334143,823
611,primavera,15,8.320181044957472,823
611,primavera,16,8.672864254545454,825
611,primavera,17,10.607333333333333,825
611,primavera,18,14.077572463768115,828
611,primavera,19,16.056135265700483,828
611,primavera,20,16.759674306393244,829
611,primavera,21,15.494235792019348,827
611,primavera,22,13.375543478260871,828
611,primavera,23,11.281660606060607,825
611,verano,0,10.219548472063854,877
611,verano,1,9.765326409090909,880
611,verano,2,9.726773348519362,878
611,verano,3,10.004968223234625,878
611,verano,4,11.329665148063782,878
611,verano,5,12.910958857142857,875
611,verano,6,12.453310136830103,877
611,verano,7,11.777385344036698,872
611,verano,8,11.236040276179518,869
611,verano,9,10.748582793103447,870
611,verano,10,10.455212226066898,867
611,verano,11,10.207854850230413,868
611,verano,12,10.202757831603229,867
611,verano,13,10.03809607638889,864
611,verano,14,9.790209490740741,864
611,verano,15,9.045002299771166,874
611,verano,16,9.186102808219179,876
611,verano,17,9.143885391600454,881
611,verano,18,10.419021691259932,881
611,verano,19,11.672738955732124,881
611,verano,20,12.251532954545455,880
611,verano,21,11.83588861205916,879
611,verano,22,11.574413625,880
611,verano,23,10.949915603644648,878
612,invierno,0,46.456238231083844,978
612,invierno,1,38.68017752040816,980
612,invierno,2,32.60247642857143,980
612,invierno,3,28.7741862206333,979
612,invierno,4,25.988973309499492,979
612,invierno,5,25.43681869387755,980
612,invierno,6,27.876259857142855,980
612,invierno,7,30.4796064453524,979
612,invierno,8,29.408594540816328,980
612,invierno,9,27.742413381147543,976
612,invierno,10,26.701121825641025,975
612,invierno,11,25.79653234326824,973
612,invierno,12,24.728572913223143,968
612,invierno,13,23.844385360082303,972
612,invierno,14,24.076065679012345,972
612,invierno,15,26.433524668705402,981
612,invierno,16,33.97029843877551,980
612,invierno,17,49.45201941896024,981
612,invierno,18,64.81075003058105,981
612,invierno,19,66.32478737270876,982
612,invierno,20,65.8240484623218,982
612,invierno,21,61.831527227319064,981
612,invierno,22,56.724388379204896,981
612,invierno,23,51.23846129591836,980
612,otoño,0,23.252013786307053,964
612,otoño,1,21.59000512448133,964
612,otoño,2,19.94113520790021,962
612,otoño,3,19.091157114583332,960
612,otoño,4,18.436586326742976,961
612,otoño,5,19.16008012486993,961
612,otoño,6,21.106870374609784,961
612,otoño,7,21.748382947916664,960
612,otoño,8,21.438942307692308,962
612,otoño,9,20.76294393117831,959
612,otoño,10,20.423877457983195,952
612,otoño,11,19.408785782241015,946
612,otoño,12,17.986245810526313,950
612,otoño,13,16.706297681007346,953
612,otoño,14,16.41802985416667,960
612,otoño,15,16.918031237006236,962
612,otoño,16,19.512373611971107,969
612,otoño,17,25.144040606995887,972
612,otoño,18,30.576575133744857,972
612,otoño,19,31.76957536560247,971
612,otoño,20,31.836067999999997,970
612,otoño,21,30.468609152016544,967
612,otoño,22,27.593760258264464,968
612,otoño,23,26.14217525879917,966
612,primavera,0,11.8512855104281,911
612,primavera,1,10.647587639956091,911
612,primavera,2,9.655197252747252,910
612,primavera,3,9.443041802197802,910
612,primavera,4,9.55525897689769,909
612,primavera,5,10.658390088105726,908
612,primavera,6,11.78739782800441,907
612,primavera,7,11.948064663726571,907
612,primavera,8,12.762253679558011,905
612,primavera,9,13.676444301552108,902
612,primavera,10,13.560935897435897,897
612,primavera,11,12.595492087053572,896
612,primavera,12,11.174659022222222,900
612,primavera,13,10.59591296582139,907
612,primavera,14,10.033170230515918,911
612,primavera,15,10.066629583789704,913
612,primavera,16,10.67062773522976,914
612,primavera,17,12.816495410733845,913
612,primavera,18,16.936597984665937,913
612,primavera,19,17.982604249726176,913
612,primavera,20,17.18137395399781,913
612,primavera,21,15.226466765350876,912
612,primavera,22,13.496047733773377,909
612,primavera,23,12.819507296703296,910
612,verano,0,12.532273946188342,892
612,verano,1,12.414386177130046,892
612,verano,2,12.175822085201794,892
612,verano,3,12.143815347533632,892
612,verano,4,12.518344338565022,892
612,verano,5,13.12170380044843,892
612,verano,6,13.683222141255607,892
612,verano,7,14.276764264870932,891
612,verano,8,15.172434473094171,892
612,verano,9,15.95857106981982,888
612,verano,10,15.339676507394767,879
612,verano,11,14.775572607223475,886
612,verano,12,14.125060329545454,880
612,verano,13,13.632395355932202,885
612,verano,14,12.840554175084174,891
612,verano,15,12.47486596175478,889
612,verano,16,12.613414821029084,894
612,verano,17,13.511433299663299,891
612,verano,18,13.307183124300112,893
612,verano,19,14.03870816349384,893
612,verano,20,14.245500156774916,893
612,verano,21,14.011875778275476,893
612,verano,22,12.73218713483146,890
612,verano,23,12.662804550561797,890
615,invierno,0,82.3429709452363,1333
615,invierno,1,72.83600149736644,1329
615,invierno,2,63.66871128474831,1331
615,invierno,3,55.22244029126214,1339
615,invierno,4,49.37726205243445,1335
615,invierno,5,46.634198439609904,1333
615,invierno,6,47.6938200150263,1331
615,invierno,7,49.94609883546205,1331
615,invierno,8,43.84249531882971,1333
615,invierno,9,38.69681220045215,1327
615,invierno,10,34.41728699470099,1321
615,invierno,11,30.032605818735718,1313
615,invierno,12,27.87460255884586,1317
615,invierno,13,26.8958848675246,1321
615,invierno,14,26.19204076305829,1321
615,invierno,15,28.363815900527506,1327
615,invierno,16,31.934210957045966,1327
615,invierno,17,45.13770565315315,1332
615,invierno,18,59.357421290322584,1333
615,invierno,19,74.17136417417417,1332
615,invierno,20,85.38243026905829,1338
615,invierno,21,94.9795160924683,1341
615,invierno,22,93.14848176250933,1339
615,invierno,23,89.68548550974512,1334
615,otoño,0,34.651309162679425,1254
615,otoño,1,31.32083554313099,1252
615,otoño,2,29.090839176000003,1250
615,otoño,3,28.334765787370106,1251
615,otoño,4,27.060147999999998,1250
615,otoño,5,27.86215735576923,1248
615,otoño,6,30.515687624398073,1246
615,otoño,7,30.020427554304106,1243
615,otoño,8,27.753245133171912,1239
615,otoño,9,26.00381606133979,1239
615,otoño,10,23.27567049919485,1242
615,otoño,11,21.291868577202912,1237
615,otoño,12,19.791431948470212,1242
615,otoño,13,18.585126956168832,1232
615,otoño,14,19.114375380875202,1234
615,otoño,15,20.481320548387096,1240
615,otoño,16,21.751570023942538,1253
615,otoño,17,25.358444236610712,1251
615,otoño,18,30.101700944,1250
615,otoño,19,36.27064946783161,1259
615,otoño,20,39.72709902943516,1257
615,otoño,21,42.17117475396825,1260
615,otoño,22,41.004383444709624,1257
615,otoño,23,38.42529319047619,1260
615,primavera,0,17.02507813842482,1257
615,primavera,1,16.248998880063542,1259
615,primavera,2,16.01652077963405,1257
615,primavera,3,15.721400952380952,1260
615,primavera,4,16.856660166931636,1258
615,primavera,5,18.737650055776893,1255
615,primavera,6,20.10954476531424,1257
615,primavera,7,18.559038376,1250
615,primavera,8,16.978327540192925,1244
615,primavera,9,17.219369669087975,1239
615,primavera,10,15.901753638554219,1245
615,primavera,11,15.288846578099838,1242
615,primavera,12,14.852757150882825,1246
615,primavera,13,14.011163247794705,1247
615,primavera,14,13.51509268855084,1249
615,primavera,15,13.07206527824,1250
615,primavera,16,13.7259860127085,1259
615,primavera,17,14.769821613672496,1258
615,primavera,18,17.410413320095316,1259
615,primavera,19,18.82277348101266,1264
615,primavera,20,20.228389253375695,1259
615,primavera,21,20.106616637589216,1261
615,primavera,22,18.91880728355838,1259
615,primavera,23,17.980316709163347,1255
615,verano,0,11.854213404825737,1119
615,verano,1,11.42252825892857,1120
615,verano,2,11.728900723214286,1120
615,verano,3,12.571342857142858,1120
615,verano,4,13.499247363717606,1119
615,verano,5,14.89431125780553,1121
615,verano,6,15.293385747538048,1117
615,verano,7,14.856244252461952,1117
615,verano,8,13.764923500897666,1114
615,verano,9,13.276105178571429,1120
615,verano,10,13.162555385304659,1116
615,verano,11,13.472059705093834,1119
615,verano,12,12.88488535135135,1110
615,verano,13,12.92861382484361,1119
615,verano,14,12.266892832733813,1112
615,verano,15,12.018570422282119,1113
615,verano,16,11.825573690795354,1119
615,verano,17,11.41053376114082,1122
615,verano,18,12.128626762075134,1118
615,verano,19,12.735586023339318,1114
615,verano,20,12.67855424107143,1120
615,verano,21,12.080682857142856,1120
615,verano,22,12.018989125780553,1121
615,verano,23,11.867837021466904,1118
703,invierno,0,87.01376279812939,1283
703,invierno,1,70.30013520622568,1285
703,invierno,2,54.67738245914396,1285
703,invierno,3,42.619541777084955,1283
703,invierno,4,35.57028819953234,1283
703,invierno,5,32.0682322213562,1283
703,invierno,6,32.8237172741433,1284
703,invierno,7,37.05679132501949,1283
703,invierno,8,34.505063289062505,1280
703,invierno,9,31.60549457321848,1277
703,invierno,10,28.348375188383045,1274
703,invierno,11,25.594269874114868,1271
703,invierno,12,22.873169976284586,1265
703,invierno,13,21.959369613259668,1267
703,invierno,14,21.61675778127459,1271
703,invierno,15,22.620740479937055,1271
703,invierno,16,31.914308368462137,1281
703,invierno,17,57.954698014018696,1284
703,invierno,18,83.90918567315175,1285
703,invierno,19,107.78277709828394,1282
703,invierno,20,126.81290173676011,1284
703,invierno,21,129.08887107560403,1283
703,invierno,22,115.7983594085603,1285
703,invierno,23,103.6393332346064,1283
703,otoño,0,43.04739336,1250
703,otoño,1,35.619345032,1250
703,otoño,2,28.674774643714976,1249
703,otoño,3,24.739705768,1250
703,otoño,4,22.28399248198559,1249
703,otoño,5,22.060651977582065,1249
703,otoño,6,24.09461488764045,1246
703,otoño,7,24.442704062751407,1243
703,otoño,8,23.52076754625905,1243
703,otoño,9,22.285222266129033,1240
703,otoño,10,20.039262362903226,1240
703,otoño,11,17.956487373086222,1241
703,otoño,12,16.327701133603238,1235
703,otoño,13,15.84989078162772,1241
703,otoño,14,13.787077860615883,1234
703,otoño,15,14.730343559322035,1239
703,otoño,16,19.324264862903224,1240
703,otoño,17,30.946708774038463,1248
703,otoño,18,43.95143008785943,1252
703,otoño,19,55.320846714628296,1251
703,otoño,20,63.27314523162939,1252
703,otoño,21,61.795923980815346,1251
703,otoño,22,55.27086485988791,1249
703,otoño,23,51.0301596802558,1251
703,primavera,0,15.172621231945627,1177
703,primavera,1,13.002924991496599,1176
703,primavera,2,11.568922880203909,1177
703,primavera,3,10.704950246389124,1177
703,primavera,4,10.279999532312925,1176
703,primavera,5,11.478955500848897,1178
703,primavera,6,12.009540977891156,1176
703,primavera,7,10.481764514480409,1174
703,primavera,8,8.989541702127658,1175
703,primavera,9,7.964361493174061,1172
703,primavera,10,7.118428350427351,1170
703,primavera,11,6.42999176520994,1167
703,primavera,12,5.989356130696475,1163
703,primavera,13,5.4338729188255614,1158
703,primavera,14,5.525875953608248,1164
703,primavera,15,5.95818059125964,1167
703,primavera,16,7.702945830479453,1168
703,primavera,17,10.458860673486786,1173
703,primavera,18,15.477089531914894,1175
703,primavera,19,19.37964034893617,1175
703,primavera,20,19.563957400169922,1177
703,primavera,21,19.381675913339,1177
703,primavera,22,18.2260249914966,1176
703,primavera,23,16.467608234295415,1178
703,verano,0,10.10195645887446,1155
703,verano,1,9.649551537132988,1158
703,verano,2,9.2443853580673,1159
703,verano,3,9.31044911840968,1157
703,verano,4,9.441999757785466,1156
703,verano,5,10.402339177489178,1155
703,verano,6,10.941317214532873,1156
703,verano,7,10.6698481184669,1148
703,verano,8,10.33640732870772,1153
703,verano,9,9.87815170305677,1145
703,verano,10,9.502129386503068,1141
703,verano,11,8.379438764241893,1141
703,verano,12,8.082097939130435,1150
703,verano,13,7.8722674015748035,1143
703,verano,14,7.631479921397379,1145
703,verano,15,7.799983838028169,1136
703,verano,16,8.142286951965065,1145
703,verano,17,9.093599799651567,1148
703,verano,18,11.070274926406928,1155
703,verano,19,12.411349404145078,1158
703,verano,20,12.369914656357388,1164
703,verano,21,11.602282319587628,1164
703,verano,22,10.710967014667817,1159
703,verano,23,10.781438151041666,1152
709,invierno,0,72.99917686510926,1327
709,invierno,1,59.37685912584777,1327
709,invierno,2,49.0085292388847,1327
709,invierno,3,39.92528342125094,1327
709,invierno,4,34.2399410550113,1327
709,invierno,5,31.704345644310475,1327
709,invierno,6,34.23411235827664,1323
709,invierno,7,39.478671996974285,1322
709,invierno,8,39.530920825757576,1320
709,invierno,9,36.70610775494673,1314
709,invierno,10,37.33211060121766,1314
709,invierno,11,30.066979564885497,1310
709,invierno,12,27.46811159939071,1313
709,invierno,13,24.971810676806086,1315
709,invierno,14,26.800426872146115,1314
709,invierno,15,29.670526,1320
709,invierno,16,34.731994155942466,1321
709,invierno,17,49.511441873111785,1324
709,invierno,18,66.09111942727958,1327
709,invierno,19,82.39799604213695,1329
709,invierno,20,95.73538559066968,1329
709,invierno,21,97.06691412471825,1331
709,invierno,22,92.34622338345865,1330
709,invierno,23,84.24443430075188,1330
709,otoño,0,35.59041982608696,1265
709,otoño,1,31.054017933753943,1268
709,otoño,2,26.21648462085308,1266
709,otoño,3,23.779167539556962,1264
709,otoño,4,21.103803033175353,1266
709,otoño,5,21.302332827804108,1266
709,otoño,6,24.35078509478673,1266
709,otoño,7,25.73644083662194,1267
709,otoño,8,25.007511452249407,1267
709,otoño,9,23.95787152434158,1253
709,otoño,10,23.132964832,1250
709,otoño,11,20.654006727853155,1253
709,otoño,12,19.237816219221603,1259
709,otoño,13,19.40236652070064,1256
709,otoño,14,17.84961410969793,1258
709,otoño,15,17.875499738302935,1261
709,otoño,16,20.111926147151898,1264
709,otoño,17,25.821680577531644,1264
709,otoño,18,32.66378838050314,1272
709,otoño,19,43.29368225552051,1268
709,otoño,20,50.07515681639086,1269
709,otoño,21,47.99380237007874,1270
709,otoño,22,44.040645575709775,1268
709,otoño,23,41.619102401263824,1266
709,primavera,0,22.1899501,1200
709,primavera,1,20.031358800999165,1201
709,primavera,2,18.813302206494587,1201
709,primavera,3,17.864069750208163,1201
709,primavera,4,17.992319991673607,1201
709,primavera,5,19.312380558799,1199
709,primavera,6,20.502002793994997,1199
709,primavera,7,21.297052830820768,1194
709,primavera,8,20.595488379513014,1191
709,primavera,9,19.43273477712363,1189
709,primavera,10,19.748156588235293,1190
709,primavera,11,19.73018013456686,1189
709,primavera,12,17.410720711261643,1181
709,primavera,13,17.702965764705883,1190
709,primavera,14,17.44064030294613,1188
709,primavera,15,18.43622805391744,1187
709,primavera,16,17.956534682274246,1196
709,primavera,17,20.169890778242678,1195
709,primavera,18,23.54030427620632,1202
709,primavera,19,28.018409193011646,1202
709,primavera,20,28.98715665560166,1205
709,primavera,21,29.478566,1205
709,primavera,22,25.939585765391016,1202
709,primavera,23,24.093001834862385,1199
709,verano,0,10.240631550522648,1148
709,verano,1,9.859299468177856,1147
709,verano,2,9.892182698689956,1145
709,verano,3,10.026575056669571,1147
709,verano,4,10.149732571926766,1147
709,verano,5,11.613650880557978,1147
709,verano,6,11.152771111111111,1143
709,verano,7,11.859582519754172,1139
709,verano,8,12.071225531167691,1139
709,verano,9,13.388312019400352,1134
709,verano,10,12.304202178919398,1129
709,verano,11,13.259001139575972,1132
709,verano,12,10.514860738137083,1138
709,verano,13,10.413269524229076,1135
709,verano,14,9.096634381625442,1132
709,verano,15,9.50495755496454,1128
709,verano,16,9.869363767050487,1129
709,verano,17,10.454127828014185,1128
709,verano,18,11.84322661971831,1136
709,verano,19,13.36587614921466,1146
709,verano,20,15.46527100174216,1148
709,verano,21,13.334709912739966,1146
709,verano,22,11.592822589363557,1147
709,verano,23,11.204069023539668,1147
710,invierno,0,45.07419569976544,1279
710,invierno,1,37.656815859375,1280
710,invierno,2,31.779661530054646,1281
710,invierno,3,27.641967384855583,1281
710,invierno,4,24.6860372074883,1282
710,invierno,5,22.9521332421875,1280
710,invierno,6,23.415436606156273,1267
710,invierno,7,25.10611947409733,1274
710,invierno,8,24.291485899843504,1278
710,invierno,9,22.714437870150434,1263
710,invierno,10,22.05299645135566,1254
710,invierno,11,20.841365822683706,1252
710,invierno,12,19.0773310589172,1256
710,invierno,13,17.107473572567784,1254
710,invierno,14,16.505365051628278,1259
710,invierno,15,17.131321146897093,1273
710,invierno,16,22.13446022239873,1259
710,invierno,17,38.13240843260188,1276
710,invierno,18,55.2718693203125,1280
710,invierno,19,66.0337921657545,1279
710,invierno,20,67.8745023828125,1280
710,invierno,21,62.9270509460516,1279
710,invierno,22,58.827067830853565,1277
710,invierno,23,52.293741134185304,1252
710,otoño,0,27.82704195393169,1259
710,otoño,1,24.566681325396825,1260
710,otoño,2,21.758128150793652,1260
710,otoño,3,19.825973055555558,1260
710,otoño,4,18.56051615079365,1260
710,otoño,5,18.255269325396828,1260
710,otoño,6,19.130598649722,1259
710,otoño,7,20.53943749800797,1255
710,otoño,8,19.409821304,1250
710,otoño,9,19.02796612,1250
710,otoño,10,18.222752455858746,1246
710,otoño,11,17.280036498397436,1248
710,otoño,12,15.683311927710843,1245
710,otoño,13,14.443240514469451,1244
710,otoño,14,13.454069710378118,1243
710,otoño,15,13.580262588141027,1248
710,otoño,16,16.006418203688852,1247
710,otoño,17,22.440384534606206,1257
710,otoño,18,32.04306823809524,1260
710,otoño,19,38.91001736925515,1262
710,otoño,20,38.413338984932594,1261
710,otoño,21,35.97564960380349,1262
710,otoño,22,34.630579413164156,1261
710,otoño,23,30.90257020308692,1231
710,primavera,0,12.569576453781513,1190
710,primavera,1,11.142611422558923,1188
710,primavera,2,10.014703097643098,1188
710,primavera,3,9.401640640269587,1187
710,primavera,4,9.119635117845117,1188
710,primavera,5,9.903357649536646,1187
710,primavera,6,10.618495117845118,1188
710,primavera,7,9.919964657650043,1183
710,primavera,8,9.442094255499155,1182
710,primavera,9,8.847697779661017,1180
710,primavera,10,8.456760635055039,1181
710,primavera,11,7.97242980475382,1178
710,primavera,12,8.179523118644068,1180
710,primavera,13,6.685176808149406,1178
710,primavera,14,6.462428852040816,1176
710,primavera,15,6.781743290924512,1179
710,primavera,16,7.334960591216216,1184
710,primavera,17,8.663595147679324,1185
710,primavera,18,13.285454302521009,1190
710,primavera,19,17.324832829554996,1191
710,primavera,20,20.059497397145257,1191
710,primavera,21,18.52785431570109,1191
710,primavera,22,16.560899369747897,1190
710,primavera,23,13.499364431034483,1160
710,verano,0,10.41614264367816,1131
710,verano,1,10.334659379982284,1129
710,verano,2,9.973082519893898,1131
710,verano,3,10.11109349557522,1130
710,verano,4,9.92003759751773,1128
710,verano,5,10.414016320921986,1128
710,verano,6,11.034117611012432,1126
710,verano,7,10.887492335115866,1122
710,verano,8,11.12626492403932,1119
710,verano,9,11.598020774710596,1123
710,verano,10,11.670852826666668,1125
710,verano,11,11.042270677966101,1121
710,verano,12,10.135945169642858,1120
710,verano,13,9.65606908117752,1121
710,verano,14,9.626253147482014,1112
710,verano,15,9.042230170556554,1114
710,verano,16,9.197552843049326,1115
710,verano,17,9.324196803571429,1120
710,verano,18,10.102277822222224,1125
710,verano,19,11.305806740674957,1126
710,verano,20,12.462174951284322,1129
710,verano,21,12.15031024713151,1133
710,verano,22,11.560732475685235,1131
710,verano,23,10.619199433789955,1095
711,invierno,0,42.14244557165861,1242
711,invierno,1,35.86993061191627,1242
711,invierno,2,31.313154396135268,1242
711,invierno,3,27.37711995931652,1229
711,invierno,4,24.417818712550606,1235
711,invierno,5,22.52802133387227,1237
711,invierno,6,22.068656790622473,1237
711,invierno,7,23.193031539708265,1234
711,invierno,8,24.07032030105777,1229
711,invierno,9,22.057276344262295,1220
711,invierno,10,21.233407425742573,1212
711,invierno,11,20.536480576131687,1215
711,invierno,12,20.11432588056013,1214
711,invierno,13,17.56136082236842,1216
711,invierno,14,15.958001546644844,1222
711,invierno,15,16.43350787673469,1225
711,invierno,16,20.08816154285714,1225
711,invierno,17,30.961872280844155,1232
711,invierno,18,48.213301466774716,1234
711,invierno,19,58.960031012145755,1235
711,invierno,20,61.52161175948346,1239
711,invierno,21,58.59181360708535,1242
711,invierno,22,54.0465872016129,1240
711,invierno,23,48.9714466387259,1193
711,otoño,0,25.799923569721116,1255
711,otoño,1,23.24212583134447,1257
711,otoño,2,20.9492245823389,1257
711,otoño,3,19.14106333067729,1255
711,otoño,4,17.897868014354067,1254
711,otoño,5,17.757808799682035,1258
711,otoño,6,19.339906380270488,1257
711,otoño,7,19.44599553514377,1252
711,otoño,8,18.06242840927258,1251
711,otoño,9,17.427544669354837,1240
711,otoño,10,16.728176574898786,1235
711,otoño,11,15.80495070502431,1234
711,otoño,12,14.062921170731707,1230
711,otoño,13,12.653159150485438,1236
711,otoño,14,11.98097031553398,1236
711,otoño,15,11.782951784565917,1244
711,otoño,16,13.326075956591641,1244
711,otoño,17,18.3792254784689,1254
711,otoño,18,25.944598668261563,1254
711,otoño,19,31.35525247011952,1255
711,otoño,20,32.95527182470119,1255
711,otoño,21,32.496979595238095,1260
711,otoño,22,30.781123221957042,1257
711,otoño,23,28.794565410788383,1205
711,primavera,0,11.220679264957266,1170
711,primavera,1,9.935536703672074,1171
711,primavera,2,9.144194675213676,1170
711,primavera,3,8.581298195038494,1169
711,primavera,4,9.2099253970965,1171
711,primavera,5,9.586907197943445,1167
711,primavera,6,11.337381332760103,1163
711,primavera,7,10.696280620155038,1161
711,primavera,8,7.500988264248705,1158
711,primavera,9,6.68662116984402,1154
711,primavera,10,7.8601374716652135,1147
711,primavera,11,5.7344330427201395,1147
711,primavera,12,6.113529023539669,1147
711,primavera,13,6.675849173194082,1149
711,primavera,14,5.23548147469459,1146
711,primavera,15,5.397427480519481,1155
711,primavera,16,5.197384827288428,1158
711,primavera,17,6.431989421915444,1159
711,primavera,18,10.347408013757523,1163
711,primavera,19,15.539771888412018,1165
711,primavera,20,17.00956464776632,1164
711,primavera,21,16.755188159246575,1168
711,primavera,22,14.352191139674378,1167
711,primavera,23,12.41093649822695,1128
711,verano,0,8.616825178105994,1151
711,verano,1,8.494474453125001,1152
711,verano,2,8.496156606060607,1155
711,verano,3,8.4205375802255,1153
711,verano,4,8.751696218560276,1153
711,verano,5,9.97641532173913,1150
711,verano,6,10.150250939130435,1150
711,verano,7,9.178835580786025,1145
711,verano,8,8.94748,1137
711,verano,9,9.13600336283186,1130
711,verano,10,8.940012985865724,1132
711,verano,11,8.204893731211317,1131
711,verano,12,7.173515705467373,1134
711,verano,13,6.621148993821712,1133
711,verano,14,6.382208917553191,1128
711,verano,15,6.368946743362832,1130
711,verano,16,6.619388633975482,1142
711,verano,17,7.606487621951219,1148
711,verano,18,7.948655431560593,1147
711,verano,19,9.401663269565217,1150
711,verano,20,10.051567918473546,1153
711,verano,21,9.641856228373703,1156
711,verano,22,8.762924589455489,1157
711,verano,23,8.723235139263252,1113
713,invierno,0,72.6885059322034,1003
713,invierno,1,56.01326323676324,1001
713,invierno,2,43.08313307078763,1003
713,invierno,3,33.530150518444664,1003
713,invierno,4,28.033638384845464,1003
713,invierno,5,27.321327288135596,1003
713,invierno,6,32.9331499,1000
713,invierno,7,38.10745003,1000
713,invierno,8,35.055944553660986,997
713,invierno,9,31.064981170534814,991
713,invierno,10,28.63113695171026,994
713,invierno,11,26.730103272910373,993
713,invierno,12,25.069930606060606,990
713,invierno,13,24.106012956609487,991
713,invierno,14,24.577369254783484,993
713,invierno,15,27.739962530241932,992
713,invierno,16,42.3686071543895,991
713,invierno,17,80.27118705645161,992
713,invierno,18,119.9712277077077,999
713,invierno,19,127.08832940940941,999
713,invierno,20,120.09418800598206,1003
713,invierno,21,116.98843045862412,1003
713,invierno,22,100.3270935059761,1004
713,invierno,23,88.78972572139304,1005
713,otoño,0,40.745363191035224,937
713,otoño,1,33.982596616862324,937
713,otoño,2,27.929775405982905,936
713,otoño,3,24.097715593582887,935
713,otoño,4,20.90038613660619,937
713,otoño,5,22.166436324786325,936
713,otoño,6,25.41116139957265,936
713,otoño,7,26.749493869239014,933
713,otoño,8,24.925233480128895,931
713,otoño,9,23.444289806243273,929
713,otoño,10,22.146376817691475,927
713,otoño,11,21.313786124865448,929
713,otoño,12,19.785856493506493,924
713,otoño,13,18.522450692640692,924
713,otoño,14,18.244775852334417,921
713,otoño,15,19.125742399565688,921
713,otoño,16,25.281358891280945,929
713,otoño,17,44.35456582251083,924
713,otoño,18,67.49772663811564,934
713,otoño,19,67.06546144680851,940
713,otoño,20,61.97728048988286,939
713,otoño,21,58.65101472222222,936
713,otoño,22,55.121255454545455,935
713,otoño,23,47.39266083511777,934
713,primavera,0,14.50963611050921,923
713,primavera,1,12.361255065075923,922
713,primavera,2,10.845406348862404,923
713,primavera,3,9.719960130010834,923
713,primavera,4,9.550348731019522,922
713,primavera,5,12.031095785482123,923
713,primavera,6,14.138014760869565,920
713,primavera,7,11.791463562091504,918
713,primavera,8,10.35143316993464,918
713,primavera,9,10.029133558951965,916
713,primavera,10,9.736010679079957,913
713,primavera,11,8.958317701657458,905
713,primavera,12,8.824929644444444,900
713,primavera,13,8.00358357615894,906
713,primavera,14,7.986247630700779,899
713,primavera,15,8.525831570796461,904
713,primavera,16,8.771993186813187,910
713,primavera,17,13.004775148188804,911
713,primavera,18,21.504789173913046,920
713,primavera,19,26.37254474945534,918
713,primavera,20,23.29599034820457,919
713,primavera,21,22.22753790672451,922
713,primavera,22,19.220771247288504,922
713,primavera,23,17.020468786565548,923
713,verano,0,10.157863598183882,881
713,verano,1,9.83552073612684,883
713,verano,2,9.572971447963802,884
713,verano,3,9.311504219457014,884
713,verano,4,9.92106528280543,884
713,verano,5,12.267992967157419,883
713,verano,6,10.902895289443814,881
713,verano,7,10.44053939909297,882
713,verano,8,10.619864214123007,878
713,verano,9,10.913983909090911,880
713,verano,10,11.455818873720137,879
713,verano,11,10.441408203661327,874
713,verano,12,9.639023864678899,872
713,verano,13,8.72310735395189,873
713,verano,14,7.314306009174312,872
713,verano,15,7.992131768082664,871
713,verano,16,7.401167006880733,872
713,verano,17,7.450747108571429,875
713,verano,18,9.156040637813211,878
713,verano,19,11.018445419501134,882
713,verano,20,11.838795656108598,884
713,verano,21,11.414651368778282,884
713,verano,22,11.068024711211779,883
713,verano,23,10.473289636363637,880
714,invierno,0,28.067150635208712,551
714,invierno,1,22.941923774954628,551
714,invierno,2,18.985401459854014,548
714,invierno,3,16.404371584699454,549
714,invierno,4,15.519125683060109,549
714,invierno,5,17.52094717668488,549
714,invierno,6,25.076363636363638,550
714,invierno,7,30.360655737704917,549
714,invierno,8,26.919117647058822,544
714,invierno,9,24.749539594843462,543
714,invierno,10,20.128014842300555,539
714,invierno,11,16.593345656192238,541
714,invierno,12,14.259668508287293,543
714,invierno,13,13.592936802973977,538
714,invierno,14,14.309833024118738,539
714,invierno,15,16.527881040892193,538
714,invierno,16,27.97074954296161,547
714,invierno,17,52.91240875912409,548
714,invierno,18,63.66302367941712,549
714,invierno,19,57.19237749546279,551
714,invierno,20,52.376363636363635,550
714,invierno,21,47.25226860254084,551
714,invierno,22,40.13067150635209,551
714,invierno,23,32.80036297640653,551
714,otoño,0,16.458015267175572,524
714,otoño,1,15.06857142857143,525
714,otoño,2,14.099047619047619,525
714,otoño,3,13.719465648854962,524
714,otoño,4,13.98091603053435,524
714,otoño,5,15.628352490421456,522
714,otoño,6,20.42418426103647,521
714,otoño,7,22.1957773512476,521
714,otoño,8,18.43798449612403,516
714,otoño,9,14.852998065764023,517
714,otoño,10,12.590384615384615,520
714,otoño,11,10.582846003898636,513
714,otoño,12,8.58300395256917,506
714,otoño,13,8.155511811023622,508
714,otoño,14,8.054368932038836,515
714,otoño,15,10.183044315992293,519
714,otoño,16,15.40952380952381,525
714,otoño,17,25.927619047619046,525
714,otoño,18,30.047528517110266,526
714,otoño,19,27.954285714285714,525
714,otoño,20,25.624045801526716,524
714,otoño,21,24.341603053435115,524
714,otoño,22,22.17017208413002,523
714,otoño,23,18.844106463878326,526
714,primavera,0,8.842794759825328,458
714,primavera,1,8.070021881838075,457
714,primavera,2,7.717724288840262,457
714,primavera,3,7.713347921225383,457
714,primavera,4,8.88402625820569,457
714,primavera,5,12.649890590809628,457
714,primavera,6,13.552631578947368,456
714,primavera,7,10.8568281938326,454
714,primavera,8,8.62247191011236,445
714,primavera,9,6.826666666666667,450
714,primavera,10,5.870824053452115,449
714,primavera,11,5.188340807174888,446
714,primavera,12,4.878587196467991,453
714,primavera,13,4.800884955752212,452
714,primavera,14,7.29424778761062,452
714,primavera,15,8.20971302428256,453
714,primavera,16,11.201754385964913,456
714,primavera,17,12.228571428571428,455
714,primavera,18,14.072687224669604,454
714,primavera,19,14.336244541484715,458
714,primavera,20,13.724890829694322,458
714,primavera,21,12.412663755458516,458
714,primavera,22,11.494505494505495,455
714,primavera,23,9.728070175438596,456
714,verano,0,11.102325581395348,430
714,verano,1,10.86046511627907,430
714,verano,2,10.422273781902552,431
714,verano,3,10.550925925925926,432
714,verano,4,11.448036951501155,433
714,verano,5,12.607888631090487,431
714,verano,6,13.0,428
714,verano,7,11.77751756440281,427
714,verano,8,9.893867924528301,424
714,verano,9,8.319148936170214,423
714,verano,10,7.673758865248227,423
714,verano,11,6.9411764705882355,425
714,verano,12,6.7862232779097384,421
714,verano,13,6.6276346604215455,427
714,verano,14,6.624413145539906,426
714,verano,15,7.110328638497653,426
714,verano,16,7.741258741258742,429
714,verano,17,8.432558139534883,430
714,verano,18,9.43720930232558,430
714,verano,19,9.97690531177829,433
714,verano,20,9.412037037037036,432
714,verano,21,8.895833333333334,432
714,verano,22,9.328703703703704,432
714,verano,23,10.638051044083527,431
802,invierno,0,52.325476992143656,891
802,invierno,1,40.997752808988764,890
802,invierno,2,31.30518018018018,888
802,invierno,3,23.803611738148984,886
802,invierno,4,19.431483578708946,883
802,invierno,5,19.273907910271546,847
802,invierno,6,21.78935185185185,864
802,invierno,7,26.124434389140273,884
802,invierno,8,23.43066516347238,887
802,invierno,9,19.749718151071026,887
802,invierno,10,17.29617117117117,888
802,invierno,11,14.95593220338983,885
802,invierno,12,13.5561797752809,890
802,invierno,13,13.117381489841986,886
802,invierno,14,13.542986425339366,884
802,invierno,15,15.581264108352144,886
802,invierno,16,24.659142212189618,886
802,invierno,17,42.762352941176474,850
802,invierno,18,58.611111111111114,846
802,invierno,19,68.5997666277713,857
802,invierno,20,76.73173652694611,835
802,invierno,21,77.7010550996483,853
802,invierno,22,70.43137254901961,867
802,invierno,23,62.7880496054115,887
802,otoño,0,29.18064191048035,916
802,otoño,1,24.662694301310044,916
802,otoño,2,20.48557689203926,917
802,otoño,3,18.804405929978117,914
802,otoño,4,17.529260180995475,884
802,otoño,5,18.18258823529412,901
802,otoño,6,20.37402960526316,912
802,otoño,7,21.528487365532385,911
802,otoño,8,19.14810723194748,914
802,otoño,9,17.36777136514983,901
802,otoño,10,14.785495016574586,905
802,otoño,11,12.199711328210757,911
802,otoño,12,10.890083242059147,913
802,otoño,13,10.534406420704846,908
802,otoño,14,10.544422271223814,907
802,otoño,15,11.813921482300884,904
802,otoño,16,14.804952695269526,909
802,otoño,17,22.976885406006677,899
802,otoño,18,30.061329965986396,882
802,otoño,19,34.85739448618784,905
802,otoño,20,38.49233973952435,883
802,otoño,21,39.61762742921857,883
802,otoño,22,37.563414831838564,892
802,otoño,23,34.85138700110254,907
802,primavera,0,14.159134263839812,849
802,primavera,1,12.81657192216981,848
802,primavera,2,12.193508875739644,845
802,primavera,3,11.733380896226414,848
802,primavera,4,12.6297748502994,835
802,primavera,5,13.695796449704142,845
802,primavera,6,14.248466272189349,845
802,primavera,7,12.613086904761905,840
802,primavera,8,11.225009512485137,841
802,primavera,9,9.724207185628742,835
802,primavera,10,8.25725778177458,834
802,primavera,11,7.335169687123947,831
802,primavera,12,7.134479073405536,831
802,primavera,13,7.48654753309266,831
802,primavera,14,7.61978179856115,834
802,primavera,15,7.841684976133652,838
802,primavera,16,8.361710413711585,846
802,primavera,17,9.946086378698224,845
802,primavera,18,13.241426427672957,795
802,primavera,19,14.906782553729455,791
802,primavera,20,14.594787965474723,811
802,primavera,21,14.816516191616767,835
802,primavera,22,14.562086710213777,842
802,primavera,23,14.40434673372781,845
802,verano,0,8.55138049382716,891
802,verano,1,8.73286029147982,892
802,verano,2,9.178696500566252,883
802,verano,3,9.220564713160854,889
802,verano,4,10.406313816091954,870
802,verano,5,11.602342403628118,882
802,verano,6,11.897430351075878,883
802,verano,7,11.969227790432802,878
802,verano,8,11.986446224256293,874
802,verano,9,11.227894032258064,868
802,verano,10,9.840037995391706,868
802,verano,11,8.126869850230415,868
802,verano,12,8.191614101382488,868
802,verano,13,8.525064316877152,871
802,verano,14,8.784752612716764,865
802,verano,15,8.659527104959631,867
802,verano,16,8.7021526309795,878
802,verano,17,8.787664766248575,877
802,verano,18,8.782665920454546,880
802,verano,19,8.741043247663551,856
802,verano,20,8.554619894736843,855
802,verano,21,7.805646546511627,860
802,verano,22,7.755896290868095,887
802,verano,23,7.87159727784027,889
804,invierno,0,78.70119143434344,990
804,invierno,1,57.99242366532258,992
804,invierno,2,39.415798951612906,992
804,invierno,3,28.440805368314834,991
804,invierno,4,22.801149210898085,991
804,invierno,5,20.128147590312814,991
804,invierno,6,22.279082743174925,989
804,invierno,7,27.231232273662553,972
804,invierno,8,31.476001982328043,945
804,invierno,9,31.416601886993604,938
804,invierno,10,27.926977664921466,955
804,invierno,11,23.633633940329215,972
804,invierno,12,20.88553434077079,986
804,invierno,13,19.098216315261045,996
804,invierno,14,18.182379513513517,999
804,invierno,15,19.05231622244489,998
804,invierno,16,22.643976413586415,1001
804,invierno,17,37.02086228542914,1002
804,invierno,18,71.4876533935743,996
804,invierno,19,105.42090138832998,994
804,invierno,20,128.28394819577463,994
804,invierno,21,132.46687930443548,992
804,invierno,22,122.04633028169013,994
804,invierno,23,103.15839621975807,992
804,otoño,0,46.903957292340884,927
804,otoño,1,35.82440632829374,926
804,otoño,2,27.218280334777898,923
804,otoño,3,21.89585975,920
804,otoño,4,19.63697296416938,921
804,otoño,5,18.92326465723613,919
804,otoño,6,20.90726748091603,917
804,otoño,7,23.940527892425905,911
804,otoño,8,24.685702404494382,890
804,otoño,9,22.578255740112994,885
804,otoño,10,20.190394882943146,897
804,otoño,11,17.742917296996662,899
804,otoño,12,16.501748796498905,914
804,otoño,13,15.78631295010846,922
804,otoño,14,15.212658859934853,921
804,otoño,15,15.655248156182214,922
804,otoño,16,16.65889635179153,921
804,otoño,17,21.832665507042254,923
804,otoño,18,34.406938006465516,928
804,otoño,19,52.81329412784399,923
804,otoño,20,67.0600142888165,921
804,otoño,21,71.32937865655471,923
804,otoño,22,68.3700095021645,924
804,otoño,23,58.42529081168831,924
804,primavera,0,21.40392887554585,916
804,primavera,1,18.372509289617486,915
804,primavera,2,16.139039858078604,916
804,primavera,3,14.308868272131148,915
804,primavera,4,13.70660198580786,916
804,primavera,5,15.064773493449781,916
804,primavera,6,17.227039823594268,907
804,primavera,7,16.81259088022599,885
804,primavera,8,15.067294052511416,876
804,primavera,9,13.37456279638009,884
804,primavera,10,12.246954827968924,901
804,primavera,11,11.37550992637969,906
804,primavera,12,11.034237127868852,915
804,primavera,13,11.100323602620087,916
804,primavera,14,10.86437862546448,915
804,primavera,15,10.961553893640351,912
804,primavera,16,11.381871270536692,913
804,primavera,17,12.004983587075575,913
804,primavera,18,13.34581557986871,914
804,primavera,19,15.94066843715847,915
804,primavera,20,18.848253056065573,915
804,primavera,21,22.310018362445415,916
804,primavera,22,23.738265645514222,914
804,primavera,23,22.8887888568306,915
804,verano,0,10.623139302587177,889
804,verano,1,10.728275028248587,885
804,verano,2,10.944934476571428,875
804,verano,3,11.29940934090909,880
804,verano,4,11.922366704416762,883
804,verano,5,12.674362898052692,873
804,verano,6,14.001678235294117,867
804,verano,7,13.827530418604653,860
804,verano,8,13.522252797202796,858
804,verano,9,13.47580167586207,870
804,verano,10,13.25205074971165,867
804,verano,11,12.611893608847495,859
804,verano,12,12.10526974654378,868
804,verano,13,12.419816314580942,871
804,verano,14,13.180053612385322,872
804,verano,15,13.01375489364162,865
804,verano,16,13.001806183908045,870
804,verano,17,12.88280421534937,873
804,verano,18,13.194891241770716,881
804,verano,19,12.257032105681818,880
804,verano,20,11.50577858553387,871
804,verano,21,11.033205581314878,867
804,verano,22,10.782528203894616,873
804,verano,23,10.480736073529412,884
805,invierno,0,34.18942467318436,716
805,invierno,1,27.359821015363128,716
805,invierno,2,21.42793237290503,716
805,invierno,3,16.704332433566435,715
805,invierno,4,13.296681468531467,715
805,invierno,5,11.433435870967742,713
805,invierno,6,10.541221035014006,714
805,invierno,7,11.424627193820225,712
805,invierno,8,12.559959132290185,703
805,invierno,9,13.345507638054364,699
805,invierno,10,13.35791655744681,705
805,invierno,11,12.396437646219686,701
805,invierno,12,10.813754963120568,705
805,invierno,13,9.93669033943662,710
805,invierno,14,9.097835305865921,716
805,invierno,15,8.890388080892608,717
805,invierno,16,9.178970508379889,716
805,invierno,17,12.555169966480445,716
805,invierno,18,23.108757065368565,719
805,invierno,19,35.75939247566064,719
805,invierno,20,46.175840584958216,718
805,invierno,21,52.409539151599446,719
805,invierno,22,50.24890133147632,718
805,invierno,23,42.28352414623956,718
805,otoño,0,22.241858114385476,716
805,otoño,1,18.891308064106145,716
805,otoño,2,15.591221417039106,716
805,otoño,3,13.526864676396647,716
805,otoño,4,12.414972294125873,715
805,otoño,5,11.702267995804197,715
805,otoño,6,11.457762395378152,714
805,otoño,7,12.131143213314449,706
805,otoño,8,12.966113278917378,702
805,otoño,9,13.021873297417503,697
805,otoño,10,12.331294599432624,705
805,otoño,11,11.525637705898875,712
805,otoño,12,10.680953058181817,715
805,otoño,13,9.50546388185654,711
805,otoño,14,9.005931929312764,713
805,otoño,15,8.036170921896067,712
805,otoño,16,8.142003130972222,720
805,otoño,17,10.152231245479834,719
805,otoño,18,14.462222247009736,719
805,otoño,19,19.715831648055556,720
805,otoño,20,25.954743680528512,719
805,otoño,21,28.64427739651325,717
805,otoño,22,29.666737577824268,717
805,otoño,23,26.32521695885635,717
805,primavera,0,12.48570138121547,724
805,primavera,1,10.93460520441989,724
805,primavera,2,9.862338980636238,723
805,primavera,3,8.886356703601107,722
805,primavera,4,8.313402782548476,722
805,primavera,5,8.243894431724138,725
805,primavera,6,8.862960414701803,721
805,primavera,7,8.879522448807853,713
805,primavera,8,8.459280052112677,710
805,primavera,9,7.800618731741573,712
805,primavera,10,6.913455142657343,715
805,primavera,11,6.1398932591036415,714
805,primavera,12,5.629179525801953,717
805,primavera,13,5.5768256171983355,721
805,primavera,14,5.543894729281767,724
805,primavera,15,5.541766893203883,721
805,primavera,16,5.438285490304709,722
805,primavera,17,5.683521399171271,724
805,primavera,18,6.11737876519337,724
805,primavera,19,7.292834279391424,723
805,primavera,20,8.975806421853388,723
805,primavera,21,11.02205768922652,724
805,primavera,22,12.626070740331492,724
805,primavera,23,12.805226267955803,724
805,verano,0,8.3111632170767,691
805,verano,1,8.682174095100864,694
805,verano,2,9.01790648265896,692
805,verano,3,9.366877943560057,691
805,verano,4,9.457981253968253,693
805,verano,5,10.183976060693642,692
805,verano,6,11.513220577424024,691
805,verano,7,11.43002273245614,684
805,verano,8,10.885017728212704,677
805,verano,9,10.253539300884956,678
805,verano,10,9.314212078286559,677
805,verano,11,8.185637421052633,684
805,verano,12,7.829666706395349,688
805,verano,13,7.992814004360465,688
805,verano,14,8.048761549418604,688
805,verano,15,7.901022430434783,690
805,verano,16,7.945726646376812,690
805,verano,17,8.413217458635703,689
805,verano,18,8.263868351744186,688
805,verano,19,7.695346763005781,692
805,verano,20,7.411622216450216,693
805,verano,21,7.7271760230547555,694
805,verano,22,7.915805257925072,694
805,verano,23,8.148896936599424,694
806,invierno,0,75.60337437254493,1037
806,invierno,1,56.63131922888143,1034
806,invierno,2,40.299608605559165,1031
806,invierno,3,27.584272144698836,1032
806,invierno,4,19.971917195529763,1045
806,invierno,5,16.492600363691565,1043
806,invierno,6,16.730738488124786,1053
806,invierno,7,20.088221199424236,1048
806,invierno,8,22.01616359777816,1021
806,invierno,9,20.173282170307456,1006
806,invierno,10,15.684338057197634,1014
806,invierno,11,12.762404945792891,1027
806,invierno,12,11.563615053576035,1039
806,invierno,13,10.939212256210709,1046
806,invierno,14,10.516200706601321,1060
806,invierno,15,11.278772500786799,1053
806,invierno,16,14.45022022263556,1063
806,invierno,17,27.67896506208052,1047
806,invierno,18,57.158859636302275,1054
806,invierno,19,86.23913250820246,1056
806,invierno,20,103.72697537325352,1052
806,invierno,21,109.64630271272793,1042
806,invierno,22,107.90262476405833,1037
806,invierno,23,94.23738550804073,1036
806,otoño,0,41.19808424385633,1058
806,otoño,1,31.16982354433962,1060
806,otoño,2,24.36404133144476,1059
806,otoño,3,19.332840020813624,1057
806,otoño,4,16.605739155386082,1049
806,otoño,5,14.832192887189294,1046
806,otoño,6,15.493773835551332,1052
806,otoño,7,18.03524497131931,1046
806,otoño,8,18.262146860287082,1045
806,otoño,9,16.64072408126195,1046
806,otoño,10,15.580976001917545,1043
806,otoño,11,14.877698013371537,1047
806,otoño,12,14.299829895238096,1050
806,otoño,13,13.326244442326024,1049
806,otoño,14,12.481620267942585,1045
806,otoño,15,12.746852671102662,1052
806,otoño,16,13.018686039696107,1053
806,otoño,17,17.355306425855513,1052
806,otoño,18,27.357276781853283,1036
806,otoño,19,40.08470999903194,1033
806,otoño,20,50.296079758454106,1035
806,otoño,21,54.428477331428574,1050
806,otoño,22,55.13418026868496,1057
806,otoño,23,49.462256406730766,1040
806,primavera,0,15.342784312605506,981
806,primavera,1,13.400404382451221,984
806,primavera,2,11.41513890909091,990
806,primavera,3,10.117808161615253,990
806,primavera,4,9.350070878236124,991
806,primavera,5,9.550450026412337,997
806,primavera,6,10.814200439708623,1009
806,primavera,7,10.861965516460904,972
806,primavera,8,9.826839408324044,969
806,primavera,9,8.791780242392923,975
806,primavera,10,8.608428726361387,966
806,primavera,11,8.301753175384615,975
806,primavera,12,8.166017344803643,988
806,primavera,13,8.129156767068274,996
806,primavera,14,8.348187995987965,997
806,primavera,15,8.335573259999999,1000
806,primavera,16,8.075275866267464,1002
806,primavera,17,8.317381398594378,996
806,primavera,18,9.709089251159046,1006
806,primavera,19,11.861883954287388,999
806,primavera,20,14.610170084251754,997
806,primavera,21,16.258416283213926,991
806,primavera,22,16.650858906544535,988
806,primavera,23,15.962592555441146,977
806,verano,0,9.232693507889547,1014
806,verano,1,9.158071722007723,1036
806,verano,2,8.467152716779825,1031
806,verano,3,8.714559951550386,1032
806,verano,4,8.965244981660232,1036
806,verano,5,9.970770689621727,1031
806,verano,6,10.52178707364341,1032
806,verano,7,11.523581696252466,1014
806,verano,8,12.887719836935167,1018
806,verano,9,14.045888206457924,1022
806,verano,10,13.822258620423892,1038
806,verano,11,13.474441539942253,1039
806,verano,12,11.682950063788027,1019
806,verano,13,10.790861416015625,1024
806,verano,14,10.683134338150289,1038
806,verano,15,10.276570047151276,1018
806,verano,16,10.114873255587948,1029
806,verano,17,9.568099407045011,1022
806,verano,18,9.839572636627906,1032
806,verano,19,9.280092575315841,1029
806,verano,20,8.9805335499002,1002
806,verano,21,8.823759185598377,986
806,verano,22,8.877370366267465,1002
806,verano,23,8.455824450901805,998
807,invierno,0,42.06305309734513,904
807,invierno,1,34.332596685082876,905
807,invierno,2,26.101545253863133,906
807,invierno,3,20.251655629139073,906
807,invierno,4,15.822295805739515,906
807,invierno,5,13.727373068432671,906
807,invierno,6,13.574585635359115,905
807,invierno,7,15.136568848758465,886
807,invierno,8,17.506928406466514,866
807,invierno,9,18.865051903114185,867
807,invierno,10,17.279361459521095,877
807,invierno,11,14.879910213243546,891
807,invierno,12,12.361419068736142,902
807,invierno,13,11.678097345132743,904
807,invierno,14,11.582599118942731,908
807,invierno,15,11.359823399558499,906
807,invierno,16,11.768131868131869,910
807,invierno,17,14.44945054945055,910
807,invierno,18,22.75027502750275,909
807,invierno,19,35.20374449339207,908
807,invierno,20,45.93922651933702,905
807,invierno,21,53.13812154696133,905
807,invierno,22,54.623204419889504,905
807,invierno,23,49.241988950276244,905
807,otoño,0,26.073218507135017,911
807,otoño,1,22.393418101973687,912
807,otoño,2,18.90333014709111,911
807,otoño,3,16.125609412541255,909
807,otoño,4,14.87119300550055,909
807,otoño,5,14.367715288546256,908
807,otoño,6,15.275143165198237,908
807,otoño,7,17.115769955654102,902
807,otoño,8,17.975211787015944,878
807,otoño,9,17.451598583990982,887
807,otoño,10,15.848712503363227,892
807,otoño,11,13.666745355951058,899
807,otoño,12,12.2007889160221,905
807,otoño,13,11.998442102762432,905
807,otoño,14,11.899450170893054,907
807,otoño,15,11.385708239250276,907
807,otoño,16,11.266730564356434,909
807,otoño,17,11.740122236842106,912
807,otoño,18,15.054974518681318,910
807,otoño,19,19.144103671789242,911
807,otoño,20,24.552265290251917,913
807,otoño,21,29.34057565312843,911
807,otoño,22,31.150620189901208,911
807,otoño,23,29.670071084708468,909
807,primavera,0,11.842805320435309,827
807,primavera,1,11.116222760290556,826
807,primavera,2,10.665454545454546,825
807,primavera,3,9.68,825
807,primavera,4,9.190533980582524,824
807,primavera,5,9.671100362756953,827
807,primavera,6,10.736263736263735,819
807,primavera,7,11.306045340050378,794
807,primavera,8,10.604035308953343,793
807,primavera,9,9.691729323308271,798
807,primavera,10,9.045398773006134,815
807,primavera,11,7.538274605103281,823
807,primavera,12,7.533898305084746,826
807,primavera,13,7.812879708383961,823
807,primavera,14,8.001215066828676,823
807,primavera,15,7.908759124087592,822
807,primavera,16,6.871359223300971,824
807,primavera,17,6.5634824667472795,827
807,primavera,18,6.584447144592953,823
807,primavera,19,7.004854368932039,824
807,primavera,20,8.504242424242424,825
807,primavera,21,9.69770253929867,827
807,primavera,22,11.212121212121213,825
807,primavera,23,11.932038834951456,824
807,verano,0,8.52908630407911,809
807,verano,1,8.808546323019803,808
807,verano,2,8.672497639060568,809
807,verano,3,9.200940276674938,806
807,verano,4,9.883052129032258,806
807,verano,5,11.063934597273853,807
807,verano,6,12.594733677018633,805
807,verano,7,13.272637193426043,791
807,verano,8,14.224017358974358,780
807,verano,9,13.136847396907216,776
807,verano,10,12.517614653846154,780
807,verano,11,10.955584310998736,791
807,verano,12,10.4987121625,800
807,verano,13,10.437697990012483,801
807,verano,14,10.373882052238805,804
807,verano,15,10.172582757763974,805
807,verano,16,9.981649429280397,806
807,verano,17,9.237482982673267,808
807,verano,18,9.345125789149199,811
807,verano,19,8.757928934648582,811
807,verano,20,8.433268714462299,809
807,verano,21,8.301759208899876,809
807,verano,22,8.243100803461063,809
807,verano,23,8.383947512376238,808
810,invierno,0,52.10370699923254,1303
810,invierno,1,47.334258144171784,1304
810,invierno,2,42.643234719877206,1303
810,invierno,3,39.314938425499236,1302
810,invierno,4,35.81117182515337,1304
810,invierno,5,33.062271370597244,1306
810,invierno,6,33.17312639356815,1306
810,invierno,7,34.02322668202765,1302
810,invierno,8,34.58387202316602,1295
810,invierno,9,33.557675521202775,1297
810,invierno,10,31.501141714285712,1295
810,invierno,11,29.87510279195669,1293
810,invierno,12,27.268947792615872,1273
810,invierno,13,25.777721469898356,1279
810,invierno,14,25.396970747081713,1285
810,invierno,15,26.82347715503876,1290
810,invierno,16,30.27459735907336,1295
810,invierno,17,42.86727865130169,1306
810,invierno,18,55.43341230680949,1307
810,invierno,19,63.258532105666156,1306
810,invierno,20,65.54858498087223,1307
810,invierno,21,64.19422136850153,1308
810,invierno,22,62.73283055853099,1307
810,invierno,23,59.08814961715161,1306
810,otoño,0,31.558723144208038,1269
810,otoño,1,28.441446250000002,1272
810,otoño,2,25.420083299373044,1276
810,otoño,3,23.044046420722136,1274
810,otoño,4,21.11585454901961,1275
810,otoño,5,20.31484463223787,1278
810,otoño,6,20.857715935105553,1279
810,otoño,7,20.66604138147567,1274
810,otoño,8,20.84669038613081,1269
810,otoño,9,21.110806425196852,1270
810,otoño,10,20.176500937007877,1270
810,otoño,11,18.69248853736089,1258
810,otoño,12,17.970188326677317,1252
810,otoño,13,16.680393608452952,1254
810,otoño,14,17.068790095238096,1260
810,otoño,15,17.09069688853755,1265
810,otoño,16,18.917276903396523,1266
810,otoño,17,25.66073432835821,1273
810,otoño,18,32.10953775254503,1277
810,otoño,19,36.86657258998435,1278
810,otoño,20,38.9585932421875,1280
810,otoño,21,38.707568434748424,1272
810,otoño,22,37.12093404556167,1273
810,otoño,23,35.220183811023624,1270
810,primavera,0,15.72177917164179,1340
810,primavera,1,13.828822880597016,1340
810,primavera,2,12.327898201492538,1340
810,primavera,3,10.907416436146377,1339
810,primavera,4,10.191785759162304,1337
810,primavera,5,10.488359693113772,1336
810,primavera,6,11.587210403587443,1338
810,primavera,7,11.53753268164794,1335
810,primavera,8,11.254098397003744,1335
810,primavera,9,10.360761804511279,1330
810,primavera,10,9.543218121257485,1336
810,primavera,11,9.080085933484504,1323
810,primavera,12,8.875099760820046,1317
810,primavera,13,8.406027686125853,1319
810,primavera,14,8.13488474339909,1318
810,primavera,15,8.203223738253012,1328
810,primavera,16,8.49200167338346,1330
810,primavera,17,10.27571674084084,1332
810,primavera,18,14.312121099253732,1340
810,primavera,19,17.59116580536913,1341
810,primavera,20,18.98762626676602,1342
810,primavera,21,18.597386713859912,1342
810,primavera,22,18.225173164179104,1340
810,primavera,23,18.18935006716418,1340
810,verano,0,12.62025773566879,1256
810,verano,1,10.802511117318437,1253
810,verano,2,11.207968715881885,1253
810,verano,3,11.366757151878497,1251
810,verano,4,11.238570493995196,1249
810,verano,5,11.365106290064103,1248
810,verano,6,12.880596818254604,1249
810,verano,7,12.804738725961538,1248
810,verano,8,13.589019328537171,1251
810,verano,9,13.170358128000002,1250
810,verano,10,12.605241914722445,1243
810,verano,11,12.385968654810023,1237
810,verano,12,11.866616728979592,1225
810,verano,13,10.831091614204546,1232
810,verano,14,10.7752459273021,1238
810,verano,15,10.500186570967742,1240
810,verano,16,11.890405580436541,1237
810,verano,17,13.605432829170025,1241
810,verano,18,14.687948496,1250
810,verano,19,15.875345692554042,1249
810,verano,20,16.337904647718172,1249
810,verano,21,15.446980944000002,1250
810,verano,22,14.574926448000001,1250
810,verano,23,14.225417412140576,1252
818,invierno,0,67.68985507246377,690
818,invierno,1,53.049698795180724,664
818,invierno,2,44.266961651917406,678
818,invierno,3,36.33092485549133,692
818,invierno,4,28.826589595375722,692
818,invierno,5,26.04341534008683,691
818,invierno,6,25.84081041968162,691
818,invierno,7,32.83599419448476,689
818,invierno,8,40.813235294117646,680
818,invierno,9,49.391304347826086,667
818,invierno,10,41.59298780487805,656
818,invierno,11,35.17156105100464,647
818,invierno,12,27.97836166924266,647
818,invierno,13,24.0265625,640
818,invierno,14,22.239938080495357,646
818,invierno,15,24.95751138088012,659
818,invierno,16,26.28185907046477,667
818,invierno,17,40.929307805596466,679
818,invierno,18,57.95474452554745,685
818,invierno,19,75.48837209302326,688
818,invierno,20,81.26017441860465,688
818,invierno,21,82.94331395348837,688
818,invierno,22,82.02177068214804,689
818,invierno,23,76.616497829233,691
818,otoño,0,37.07779349363508,707
818,otoño,1,31.83933933933934,666
818,otoño,2,28.340455840455842,702
818,otoño,3,23.255649717514125,708
818,otoño,4,19.76944837340877,707
818,otoño,5,18.833097595473834,707
818,otoño,6,19.200282087447107,709
818,otoño,7,23.257790368271955,706
818,otoño,8,29.20886981402003,699
818,otoño,9,27.9294964028777,695
818,otoño,10,24.49042709867452,679
818,otoño,11,19.602985074626865,670
818,otoño,12,18.243647234678626,669
818,otoño,13,15.086567164179105,670
818,otoño,14,13.858197932053177,677
818,otoño,15,16.536873156342182,678
818,otoño,16,15.899563318777293,687
818,otoño,17,20.49142857142857,700
818,otoño,18,30.471830985915492,710
818,otoño,19,39.18476727785614,709
818,otoño,20,42.043600562587905,711
818,otoño,21,44.94241573033708,712
818,otoño,22,43.86619718309859,710
818,otoño,23,41.44929577464789,710
818,primavera,0,20.020186335403725,644
818,primavera,1,20.47377049180328,610
818,primavera,2,17.403815580286167,629
818,primavera,3,16.636932707355243,639
818,primavera,4,14.70358814352574,641
818,primavera,5,16.8798751950078,641
818,primavera,6,18.417840375586856,639
818,primavera,7,19.57097791798107,634
818,primavera,8,19.025931928687196,617
818,primavera,9,15.565853658536586,615
818,primavera,10,12.676470588235293,612
818,primavera,11,10.933441558441558,616
818,primavera,12,10.336025848142166,619
818,primavera,13,12.305825242718447,618
818,primavera,14,10.443017656500803,623
818,primavera,15,9.856687898089172,628
818,primavera,16,9.403149606299213,635
818,primavera,17,10.35625,640
818,primavera,18,14.655172413793103,638
818,primavera,19,18.342146189735615,643
818,primavera,20,21.523364485981308,642
818,primavera,21,25.73488372093023,645
818,primavera,22,24.549689440993788,644
818,primavera,23,22.380281690140844,639
818,verano,0,10.406995230524643,629
818,verano,1,9.756802721088436,588
818,verano,2,10.3552,625
818,verano,3,11.038155802861684,629
818,verano,4,10.377777777777778,630
818,verano,5,11.095087163232964,631
818,verano,6,14.651273885350319,628
818,verano,7,14.745161290322581,620
818,verano,8,14.945544554455445,606
818,verano,9,17.155668358714045,591
818,verano,10,16.753001715265867,583
818,verano,11,14.282312925170068,588
818,verano,12,11.548223350253807,591
818,verano,13,10.543624161073826,596
818,verano,14,11.278606965174129,603
818,verano,15,9.85502471169687,607
818,verano,16,11.388978930307943,617
818,verano,17,10.375601926163723,623
818,verano,18,11.136436597110755,623
818,verano,19,13.085850556438793,629
818,verano,20,10.915739268680445,629
818,verano,21,11.703821656050955,628
818,verano,22,10.795562599049129,631
818,verano,23,10.510301109350237,631
826,invierno,0,89.98344370860927,302
826,invierno,1,78.18543046357615,302
826,invierno,2,59.086092715231786,302
826,invierno,3,45.36754966887417,302
826,invierno,4,35.52317880794702,302
826,invierno,5,32.93377483443709,302
826,invierno,6,35.13907284768212,302
826,invierno,7,43.16887417218543,302
826,invierno,8,44.906666666666666,300
826,invierno,9,33.8280701754386,285
826,invierno,10,30.87272727272727,275
826,invierno,11,29.807407407407407,270
826,invierno,12,25.666666666666668,270
826,invierno,13,26.25092250922509,271
826,invierno,14,20.97463768115942,276
826,invierno,15,20.264285714285716,280
826,invierno,16,24.70383275261324,287
826,invierno,17,35.70068027210884,294
826,invierno,18,48.05351170568562,299
826,invierno,19,63.70666666666666,300
826,invierno,20,73.69333333333333,300
826,invierno,21,83.77333333333333,300
826,invierno,22,92.79666666666667,300
826,invierno,23,90.39333333333333,300
826,otoño,0,44.08240534521158,449
826,otoño,1,36.12917594654788,449
826,otoño,2,28.732739420935413,449
826,otoño,3,23.448888888888888,450
826,otoño,4,20.614699331848552,449
826,otoño,5,19.404017857142858,448
826,otoño,6,20.68903803131991,447
826,otoño,7,22.17117117117117,444
826,otoño,8,22.172727272727272,440
826,otoño,9,19.395238095238096,420
826,otoño,10,19.431707317073172,410
826,otoño,11,17.23152709359606,406
826,otoño,12,14.880778588807786,411
826,otoño,13,12.884892086330936,417
826,otoño,14,12.109004739336493,422
826,otoño,15,11.943529411764706,425
826,otoño,16,14.86214953271028,428
826,otoño,17,20.22374429223744,438
826,otoño,18,29.398663697104677,449
826,otoño,19,37.68,450
826,otoño,20,43.14888888888889,450
826,otoño,21,48.61640798226164,451
826,otoño,22,49.97539149888143,447
826,otoño,23,48.665924276169264,449
826,primavera,0,21.597633136094675,338
826,primavera,1,18.8141592920354,339
826,primavera,2,16.563421828908556,339
826,primavera,3,15.23598820058997,339
826,primavera,4,15.079646017699115,339
826,primavera,5,17.55457227138643,339
826,primavera,6,17.519287833827892,337
826,primavera,7,16.090634441087612,331
826,primavera,8,12.372611464968152,314
826,primavera,9,10.692307692307692,312
826,primavera,10,9.795379537953796,303
826,primavera,11,11.383116883116884,308
826,primavera,12,10.919871794871796,312
826,primavera,13,10.50632911392405,316
826,primavera,14,10.176470588235293,323
826,primavera,15,10.225308641975309,324
826,primavera,16,10.80060422960725,331
826,primavera,17,10.125,336
826,primavera,18,15.3946587537092,337
826,primavera,19,16.644970414201183,338
826,primavera,20,18.87240356083086,337
826,primavera,21,23.337278106508876,338
826,primavera,22,21.044510385756677,337
826,primavera,23,22.24925816023739,337
826,verano,0,9.61576354679803,406
826,verano,1,9.613300492610838,406
826,verano,2,9.61576354679803,406
826,verano,3,10.506172839506172,405
826,verano,4,11.437810945273633,402
826,verano,5,11.293532338308458,402
826,verano,6,11.52605459057072,403
826,verano,7,12.956632653061224,392
826,verano,8,13.648936170212766,376
826,verano,9,12.773841961852861,367
826,verano,10,13.043835616438356,365
826,verano,11,12.597796143250688,363
826,verano,12,12.80163043478261,368
826,verano,13,12.31891891891892,370
826,verano,14,13.285714285714286,385
826,verano,15,15.338345864661655,399
826,verano,16,12.23076923076923,403
826,verano,17,10.569682151589243,409
826,verano,18,11.462102689486553,409
826,verano,19,11.765853658536585,410
826,verano,20,11.393203883495145,412
826,verano,21,11.387254901960784,408
826,verano,22,10.141809290953546,409
826,verano,23,9.482926829268292,410
827,invierno,0,31.90124802752294,1090
827,invierno,1,24.665604734432236,1092
827,invierno,2,20.003344944751383,1086
827,invierno,3,17.113196703499078,1086
827,invierno,4,15.536025078485688,1083
827,invierno,5,14.933645359778598,1084
827,invierno,6,16.503908506912445,1085
827,invierno,7,18.7865189164371,1089
827,invierno,8,20.900655397412198,1082
827,invierno,9,19.59524610545791,1081
827,invierno,10,17.03469293628809,1083
827,invierno,11,14.682015988960442,1087
827,invierno,12,14.016624788602941,1088
827,invierno,13,13.71893840846366,1087
827,invierno,14,14.035487267709291,1087
827,invierno,15,14.987981466789668,1084
827,invierno,16,19.281848078682525,1093
827,invierno,17,27.65961187214612,1095
827,invierno,18,42.88027805479452,1095
827,invierno,19,55.2801904822566,1099
827,invierno,20,56.917613269581054,1098
827,invierno,21,54.37345517775752,1097
827,invierno,22,47.99881143117594,1097
827,invierno,23,38.97341582648402,1095
827,otoño,0,20.859148409728718,1069
827,otoño,1,17.36504961682243,1070
827,otoño,2,15.25540985955056,1068
827,otoño,3,13.571564452759588,1069
827,otoño,4,12.821068774555659,1069
827,otoño,5,12.934600271281571,1069
827,otoño,6,14.095557207122773,1067
827,otoño,7,15.48155490619137,1066
827,otoño,8,15.746650443396225,1060
827,otoño,9,14.148545009487666,1054
827,otoño,10,11.594308962892484,1051
827,otoño,11,11.237050038058992,1051
827,otoño,12,10.517662514285714,1050
827,otoño,13,10.044764255725191,1048
827,otoño,14,9.970135583173995,1046
827,otoño,15,10.523834106463877,1052
827,otoño,16,12.027375018832393,1062
827,otoño,17,15.859945267104031,1067
827,otoño,18,23.476382959850604,1071
827,otoño,19,30.41257171802054,1071
827,otoño,20,32.057481268656716,1072
827,otoño,21,31.826179692164178,1072
827,otoño,22,28.765375792910447,1072
827,otoño,23,24.72739262616822,1070
827,primavera,0,13.50895883744856,972
827,primavera,1,11.239126851851852,972
827,primavera,2,9.88974421362229,969
827,primavera,3,9.194796539112486,969
827,primavera,4,8.885574008996898,967
827,primavera,5,9.471440707349895,966
827,primavera,6,10.273849461139898,965
827,primavera,7,9.960354583333332,960
827,primavera,8,8.585821701680672,952
827,primavera,9,8.057693010526316,950
827,primavera,10,7.394220828092243,954
827,primavera,11,6.795571810526315,950
827,primavera,12,6.5168461313868615,959
827,primavera,13,6.513110645833334,960
827,primavera,14,6.544000816959669,967
827,primavera,15,6.840814381443298,970
827,primavera,16,7.048781462409886,971
827,primavera,17,7.679879494845361,970
827,primavera,18,9.594889444444446,972
827,primavera,19,12.402457101747173,973
827,primavera,20,15.329172067901235,972
827,primavera,21,17.32997673175745,973
827,primavera,22,16.912712711340205,970
827,primavera,23,15.537592574665293,971
827,verano,0,10.184731554621848,952
827,verano,1,9.654815802728226,953
827,verano,2,9.606560020942409,955
827,verano,3,10.162432620545072,954
827,verano,4,10.75319464625132,947
827,verano,5,11.254013535031847,942
827,verano,6,12.344207704569607,941
827,verano,7,11.783790952890794,934
827,verano,8,12.074421077586207,928
827,verano,9,12.296311213748657,931
827,verano,10,11.68337959095802,929
827,verano,11,10.789300236305047,931
827,verano,12,9.349486198704103,926
827,verano,13,9.284498073196986,929
827,verano,14,9.728055955176094,937
827,verano,15,10.045543654661017,944
827,verano,16,10.466408408376962,955
827,verano,17,10.467969158780232,951
827,verano,18,9.97185631689402,953
827,verano,19,10.56975087184874,952
827,verano,20,10.817608656873032,953
827,verano,21,9.480888037578287,958
827,verano,22,9.45619192429022,951
827,verano,23,9.436860136554621,952
830,invierno,0,20.08207425891182,1066
830,invierno,1,15.586210903104421,1063
830,invierno,2,13.206776626054358,1067
830,invierno,3,11.564647990610329,1065
830,invierno,4,10.193444943502824,1062
830,invierno,5,10.499959425612053,1062
830,invierno,6,12.048525253759399,1064
830,invierno,7,16.0149975047081,1062
830,invierno,8,17.154220517890774,1062
830,invierno,9,16.00143725285171,1052
830,invierno,10,14.320845295238094,1050
830,invierno,11,13.741733967649857,1051
830,invierno,12,13.387444068441065,1052
830,invierno,13,13.255134303201507,1062
830,invierno,14,14.006713393025448,1061
830,invierno,15,16.22242808052434,1068
830,invierno,16,21.597888744142455,1067
830,invierno,17,34.23001195692884,1068
830,invierno,18,47.210656488764045,1068
830,invierno,19,49.474470831775704,1070
830,invierno,20,45.9621223292797,1069
830,invierno,21,40.32640880974696,1067
830,invierno,22,32.22891419868791,1067
830,invierno,23,26.259601349578258,1067
830,otoño,0,16.512915105363987,1044
830,otoño,1,14.034988505747126,1044
830,otoño,2,11.875073301343571,1042
830,otoño,3,10.805918826923078,1040
830,otoño,4,10.686197197696737,1042
830,otoño,5,10.897293368421053,1045
830,otoño,6,12.518099348034514,1043
830,otoño,7,14.671889227053141,1035
830,otoño,8,14.519634985535196,1037
830,otoño,9,13.461016966731899,1022
830,otoño,10,12.455985134765625,1024
830,otoño,11,12.128254529296875,1024
830,otoño,12,11.690416337209301,1032
830,otoño,13,11.725806473429952,1035
830,otoño,14,11.553210065321807,1041
830,otoño,15,12.496850576368876,1041
830,otoño,16,15.350296446360153,1044
830,otoño,17,23.222029327586206,1044
830,otoño,18,29.517965528846155,1040
830,otoño,19,32.096310201923075,1040
830,otoño,20,31.213734192307694,1040
830,otoño,21,28.63799889951196,1045
830,otoño,22,24.114418053691274,1043
830,otoño,23,20.835697837320577,1045
830,primavera,0,11.941976710900473,1055
830,primavera,1,9.898876062618596,1054
830,primavera,2,9.08787581593928,1054
830,primavera,3,8.95708193181818,1056
830,primavera,4,8.52086394112061,1053
830,primavera,5,9.378358657142856,1050
830,primavera,6,11.411159077069458,1051
830,primavera,7,10.734757323809523,1050
830,primavera,8,9.914186446360153,1044
830,primavera,9,9.396305696445726,1041
830,primavera,10,8.97789841861138,1037
830,primavera,11,9.031708895348837,1032
830,primavera,12,8.159747206165704,1038
830,primavera,13,7.948018711832061,1048
830,primavera,14,7.9270423479087455,1052
830,primavera,15,8.636355866666667,1050
830,primavera,16,8.95012057088487,1051
830,primavera,17,10.585701458333332,1056
830,primavera,18,14.038595754985755,1053
830,primavera,19,17.595583969754255,1058
830,primavera,20,18.97528227272727,1056
830,primavera,21,18.091511986754966,1057
830,primavera,22,16.552863115530304,1056
830,primavera,23,14.854657469194313,1055
830,verano,0,10.197558784046693,1028
830,verano,1,9.978269572815535,1030
830,verano,2,9.86165295145631,1030
830,verano,3,10.315352898832684,1028
830,verano,4,10.157418939688716,1028
830,verano,5,11.264715622568094,1028
830,verano,6,12.688462434274586,1027
830,verano,7,12.782489573229874,1031
830,verano,8,12.325499331366766,1017
830,verano,9,12.507894468503938,1016
830,verano,10,11.86011354268891,1019
830,verano,11,11.091673099415205,1026
830,verano,12,10.313501827016522,1029
830,verano,13,9.37055227626459,1028
830,verano,14,9.570680741463415,1025
830,verano,15,9.268240777453839,1029
830,verano,16,9.452286857419981,1031
830,verano,17,9.636085077669902,1030
830,verano,18,10.17637829622459,1033
830,verano,19,10.300549573229873,1031
830,verano,20,10.905924980582524,1030
830,verano,21,11.594101038834951,1030
830,verano,22,10.902318813229572,1028
830,verano,23,11.637587451361867,1028
831,invierno,0,18.94958731536926,1002
831,invierno,1,16.259048033932135,1002
831,invierno,2,14.115653217131475,1004
831,invierno,3,12.161572382851446,1003
831,invierno,4,10.853978227091634,1004
831,invierno,5,10.274187211155379,1004
831,invierno,6,10.59351378243513,1002
831,invierno,7,12.456441441441441,999
831,invierno,8,16.992748405215647,997
831,invierno,9,21.277068946301924,987
831,invierno,10,20.633705010204082,980
831,invierno,11,19.177774831115663,977
831,invierno,12,17.99364641566265,996
831,invierno,13,17.076253590772314,997
831,invierno,14,17.78684950753769,995
831,invierno,15,19.857386906906907,999
831,invierno,16,25.792569078156312,998
831,invierno,17,32.634142835820896,1005
831,invierno,18,31.572384890656064,1006
831,invierno,19,30.78203942288557,1005
831,invierno,20,30.95402107892108,1001
831,invierno,21,29.128598437810947,1005
831,invierno,22,25.769392091633463,1004
831,invierno,23,22.21660341,1000
831,otoño,0,18.892840182370822,987
831,otoño,1,16.37731738336714,986
831,otoño,2,15.26349026395939,985
831,otoño,3,14.323517342799189,986
831,otoño,4,14.396287749490835,982
831,otoño,5,13.228382902240327,982
831,otoño,6,15.02221948979592,980
831,otoño,7,17.972059897435898,975
831,otoño,8,21.609560825593395,969
831,otoño,9,22.47306902185224,961
831,otoño,10,21.92891725856698,963
831,otoño,11,19.51143450413223,968
831,otoño,12,17.571320565262074,973
831,otoño,13,16.1493519813278,964
831,otoño,14,15.415647558974358,975
831,otoño,15,16.59206914285714,980
831,otoño,16,20.108701916835702,986
831,otoño,17,24.550943306288033,986
831,otoño,18,25.117912507614214,985
831,otoño,19,25.070716010152285,985
831,otoño,20,25.366678062880325,986
831,otoño,21,24.153992064777327,988
831,otoño,22,22.208781631205675,987
831,otoño,23,21.32763870314083,987
831,primavera,0,12.976308071928072,1001
831,primavera,1,11.631131308691309,1001
831,primavera,2,10.755434734734735,999
831,primavera,3,10.197161229999999,1000
831,primavera,4,10.15017996,1000
831,primavera,5,10.488107029999998,1000
831,primavera,6,12.475535441558442,1001
831,primavera,7,15.18519260279441,1002
831,primavera,8,15.789411921132457,989
831,primavera,9,15.51955394308943,984
831,primavera,10,13.523125723857868,985
831,primavera,11,11.971726414070352,995
831,primavera,12,10.835064685110664,994
831,primavera,13,10.218229799196786,996
831,primavera,14,10.368271487437186,995
831,primavera,15,10.99918279,1000
831,primavera,16,11.833993912175648,1002
831,primavera,17,13.759381588411589,1001
831,primavera,18,15.96983548,1000
831,primavera,19,16.39171728542914,1002
831,primavera,20,16.905593193193194,999
831,primavera,21,18.220799148296592,998
831,primavera,22,16.346405184815186,1001
831,primavera,23,14.745028081918083,1001
831,verano,0,12.363663068893528,958
831,verano,1,12.198173776150627,956
831,verano,2,11.89390398535565,956
831,verano,3,11.455815832460734,955
831,verano,4,11.876917282266527,953
831,verano,5,12.723628755274262,948
831,verano,6,15.158291293375393,951
831,verano,7,16.489079388185655,948
831,verano,8,16.737537708779445,934
831,verano,9,16.489066051227322,937
831,verano,10,16.50861651434644,941
831,verano,11,14.157700966029724,942
831,verano,12,11.37983382507903,949
831,verano,13,10.49177825263158,950
831,verano,14,10.311860503672612,953
831,verano,15,10.548967870563674,958
831,verano,16,10.749723105981111,953
831,verano,17,10.984483113897596,957
831,verano,18,10.808364723093,957
831,verano,19,11.032155776850887,959
831,verano,20,11.611791657977058,959
831,verano,21,11.694028333333334,960
831,verano,22,14.41060800209205,956
831,verano,23,12.31650745302714,958
832,invierno,0,46.50984682713348,914
832,invierno,1,40.089813800657176,913
832,invierno,2,34.26258205689278,914
832,invierno,3,28.41511500547645,913
832,invierno,4,24.552140504939626,911
832,invierno,5,28.336263736263735,910
832,invierno,6,42.46322722283205,911
832,invierno,7,65.76127612761276,909
832,invierno,8,91.51318681318682,910
832,invierno,9,79.66961325966851,905
832,invierno,10,52.905181918412346,907
832,invierno,11,33.166666666666664,900
832,invierno,12,23.674496644295303,894
832,invierno,13,20.0958751393534,897
832,invierno,14,20.950055493895672,901
832,invierno,15,22.796030871003307,907
832,invierno,16,28.825466520307355,911
832,invierno,17,37.25054704595186,914
832,invierno,18,42.73932092004381,913
832,invierno,19,45.77875136911282,913
832,invierno,20,50.01750547045952,914
832,invierno,21,54.493449781659386,916
832,invierno,22,53.64442013129103,914
832,invierno,23,51.979234972677595,915
832,otoño,0,28.18405020742358,916
832,otoño,1,23.922175945355193,915
832,otoño,2,19.802495634573305,914
832,otoño,3,16.815147540983606,915
832,otoño,4,16.5750928852459,915
832,otoño,5,21.37413566739606,914
832,otoño,6,34.61574399343545,914
832,otoño,7,53.31994541484716,916
832,otoño,8,53.90902077595628,915
832,otoño,9,43.36617853231107,913
832,otoño,10,25.756097023153252,907
832,otoño,11,16.571935758582505,903
832,otoño,12,12.676934589800442,902
832,otoño,13,11.888913907284769,906
832,otoño,14,12.222258488499453,913
832,otoño,15,14.404006593406594,910
832,otoño,16,18.2969956284153,915
832,otoño,17,21.65589519650655,916
832,otoño,18,26.348426390403493,917
832,otoño,19,29.35505016357688,917
832,otoño,20,32.44389312977099,917
832,otoño,21,34.43966484716157,916
832,otoño,22,35.03109289617486,915
832,otoño,23,32.87960698689957,916
832,primavera,0,14.17793567251462,855
832,primavera,1,12.001927400468384,854
832,primavera,2,10.61630787309048,851
832,primavera,3,10.271004716981132,848
832,primavera,4,11.602508845700825,849
832,primavera,5,17.892776850763806,851
832,primavera,6,25.38742286219081,849
832,primavera,7,27.17620330199765,851
832,primavera,8,21.315585894117646,850
832,primavera,9,13.760606619552416,849
832,primavera,10,10.606240601415093,848
832,primavera,11,9.72840767580453,839
832,primavera,12,9.681947693222353,841
832,primavera,13,10.125146565064478,853
832,primavera,14,10.33117903533569,849
832,primavera,15,11.179082449941106,849
832,primavera,16,12.568521078454333,854
832,primavera,17,15.89591930994152,855
832,primavera,18,18.734974178403757,852
832,primavera,19,19.004620725995316,854
832,primavera,20,18.957675644028104,854
832,primavera,21,18.468621908127208,849
832,primavera,22,18.671970711785296,857
832,primavera,23,16.439894366197183,852
832,verano,0,11.04973625140292,891
832,verano,1,10.376171717171717,891
832,verano,2,9.66227590807175,892
832,verano,3,9.405695520716685,893
832,verano,4,9.419040515695068,892
832,verano,5,10.025647762863533,894
832,verano,6,11.354512477477478,888
832,verano,7,12.255108857623318,892
832,verano,8,9.630739560315671,887
832,verano,9,9.518195712669684,884
832,verano,10,9.175994331065759,882
832,verano,11,9.051043382687928,878
832,verano,12,9.01532504576659,874
832,verano,13,8.67676278093076,881
832,verano,14,8.65668849887133,886
832,verano,15,8.876835530474041,886
832,verano,16,8.845737067415731,890
832,verano,17,8.494469193729003,893
832,verano,18,9.2597620650954,891
832,verano,19,11.117474938409854,893
832,verano,20,12.450349798206279,892
832,verano,21,12.823296076233184,892
832,verano,22,12.261846868008949,894
832,verano,23,11.620123293393057,893
833,invierno,0,55.533,23
833,invierno,1,55.53268695652174,23
833,invierno,2,55.69318260869565,23
833,invierno,3,55.03789565217391,23
833,invierno,4,54.67094782608696,23
833,invierno,5,54.670513043478266,23
833,invierno,6,54.67028260869565,23
833,invierno,7,54.67083043478261,23
833,invierno,8,54.670943478260874,23
833,invierno,9,54.67127391304348,23
833,invierno,10,54.67160869565218,23
833,invierno,11,54.67312173913044,23
833,invierno,12,54.67256521739131,23
833,invierno,13,54.66996521739131,23
833,invierno,14,54.66570869565218,23
833,invierno,15,54.66309565217391,23
833,invierno,16,54.66929130434783,23
833,invierno,17,54.672347826086956,23
833,invierno,18,54.67300869565217,23
833,invierno,19,54.672460869565214,23
833,invierno,20,54.67181304347827,23
833,invierno,21,54.67127391304348,23
833,invierno,22,54.67136956521739,23
833,invierno,23,57.40184166666666,24
833,primavera,0,81.39051111111111,9
833,primavera,1,81.39523333333334,9
833,primavera,2,81.36183333333332,9
833,primavera,3,79.5538111111111,9
833,primavera,4,78.56881111111112,9
833,primavera,5,78.56825555555555,9
833,primavera,6,78.56547777777777,9
833,primavera,7,78.56881111111112,9
833,primavera,8,78.57407777777777,9
833,primavera,9,78.55744444444446,9
833,primavera,10,78.55244444444445,9
833,primavera,11,78.55603333333335,9
833,primavera,12,78.56355555555555,9
833,primavera,13,78.56352222222222,9
833,primavera,14,77.78233333333333,9
833,primavera,15,78.56243333333333,9
833,primavera,16,78.56326666666666,9
833,primavera,17,78.56267777777778,9
833,primavera,18,78.55126666666666,9
833,primavera,19,78.55239999999999,9
833,primavera,20,78.5698888888889,9
833,primavera,21,78.57547777777778,9
833,primavera,22,78.57742222222222,9
833,primavera,23,79.01745,8
837,invierno,0,54.182180572135415,1536
837,invierno,1,45.94931932740886,1536
837,invierno,2,36.286657421642765,1534
837,invierno,3,26.97215645410691,1534
837,invierno,4,20.381674348107047,1532
837,invierno,5,17.188725634637965,1533
837,invierno,6,16.263831460756194,1534
837,invierno,7,18.213685825947714,1530
837,invierno,8,22.328525652676237,1532
837,invierno,9,23.508896238591916,1534
837,invierno,10,23.935445042335292,1533
837,invierno,11,24.199800763642298,1532
837,invierno,12,22.491033726501307,1532
837,invierno,13,20.982787869641694,1535
837,invierno,14,19.503447874837025,1534
837,invierno,15,18.819137924528302,1537
837,invierno,16,18.04024168548177,1536
837,invierno,17,19.38398235793599,1531
837,invierno,18,23.77920176470588,1530
837,invierno,19,34.90603416964752,1532
837,invierno,20,48.37841241720991,1534
837,invierno,21,61.136343826030085,1529
837,invierno,22,63.93855909013717,1531
837,invierno,23,61.37373706966145,1536
837,otoño,0,31.44226594546649,1522
837,otoño,1,27.619966983442836,1522
837,otoño,2,24.534649377338603,1518
837,otoño,3,20.37767405457538,1519
837,otoño,4,17.945029833267455,1518
837,otoño,5,17.103948904213297,1519
837,otoño,6,17.43931943572841,1517
837,otoño,7,19.01128216240948,1519
837,otoño,8,20.647485469967,1515
837,otoño,9,21.309756675461742,1516
837,otoño,10,21.71545124092409,1515
837,otoño,11,22.178751696369638,1515
837,otoño,12,21.063617888522426,1516
837,otoño,13,20.7533421013834,1518
837,otoño,14,20.11494459422193,1523
837,otoño,15,19.55787085761155,1524
837,otoño,16,19.53053056985583,1526
837,otoño,17,19.747315136154857,1524
837,otoño,18,19.80430382375328,1524
837,otoño,19,21.105276084514436,1524
837,otoño,20,25.973467237582128,1522
837,otoño,21,31.631882881949934,1518
837,otoño,22,34.078339548807946,1510
837,otoño,23,32.89743157731481,1512
837,primavera,0,14.640559107095047,1494
837,primavera,1,13.869435545083611,1495
837,primavera,2,13.126826853609625,1496
837,primavera,3,12.028233821524065,1496
837,primavera,4,11.582549469919787,1496
837,primavera,5,11.61792677175368,1494
837,primavera,6,11.886167643879597,1495
837,primavera,7,12.221924588337801,1492
837,primavera,8,14.0004232375502,1494
837,primavera,9,16.807567604682276,1495
837,primavera,10,18.327206982573728,1492
837,primavera,11,17.283674361137123,1495
837,primavera,12,17.081501090167222,1495
837,primavera,13,18.000049470234114,1495
837,primavera,14,18.399754246153847,1495
837,primavera,15,18.776294805220882,1494
837,primavera,16,19.877602862876255,1495
837,primavera,17,19.215587922973878,1493
837,primavera,18,17.248235300735296,1496
837,primavera,19,15.566240373663101,1496
837,primavera,20,14.485532420841684,1497
837,primavera,21,13.420239064171124,1496
837,primavera,22,13.29697486109238,1483
837,primavera,23,13.916833488881446,1493
837,verano,0,11.404160748552632,1520
837,verano,1,11.515720748552631,1520
837,verano,2,11.361053433947367,1520
837,verano,3,11.237638999210006,1519
837,verano,4,11.318972810994074,1519
837,verano,5,11.952670552503292,1518
837,verano,6,12.037232895194208,1519
837,verano,7,11.90059037875,1520
837,verano,8,14.736344638512179,1519
837,verano,9,18.40027233392505,1521
837,verano,10,19.652619762434213,1520
837,verano,11,18.32595274155161,1521
837,verano,12,17.659008910761155,1524
837,verano,13,19.7763854747541,1525
837,verano,14,21.65076974917925,1523
837,verano,15,22.114158384766906,1523
837,verano,16,23.4533350551543,1523
837,verano,17,23.000049657912015,1523
837,verano,18,21.038479737639342,1525
837,verano,19,18.648910656167978,1524
837,verano,20,16.82874055161078,1521
837,verano,21,13.45194781889401,1519
837,verano,22,12.164382485266666,1500
837,verano,23,11.511106836544851,1505
838,invierno,0,28.6788168214527,1184
838,invierno,1,20.787599846043772,1188
838,invierno,2,14.93152129206751,1185
838,invierno,3,11.511000400511945,1172
838,invierno,4,9.93627692287695,1154
838,invierno,5,10.021115221563575,1164
838,invierno,6,11.6697515882152,1171
838,invierno,7,14.265125807880912,1142
838,invierno,8,15.082346336267607,1136
838,invierno,9,14.521340822898031,1118
838,invierno,10,12.85697651577061,1116
838,invierno,11,10.576525023015165,1121
838,invierno,12,8.799122368677905,1127
838,invierno,13,8.597597770263159,1140
838,invierno,14,8.622405154035087,1140
838,invierno,15,8.931444557634599,1133
838,invierno,16,10.465767184118674,1146
838,invierno,17,15.236019646310433,1179
838,invierno,18,24.57878311584327,1174
838,invierno,19,34.37700295849701,1171
838,invierno,20,43.48436581035684,1177
838,invierno,21,45.00225304970514,1187
838,invierno,22,42.52472786494057,1178
838,invierno,23,37.13440212409442,1165
838,otoño,0,19.201358090825686,1090
838,otoño,1,15.24614257168784,1102
838,otoño,2,12.611390373755656,1105
838,otoño,3,11.300247349189188,1110
838,otoño,4,11.160341699819169,1106
838,otoño,5,11.89287709709619,1102
838,otoño,6,13.750574124432335,1101
838,otoño,7,14.765260256255793,1079
838,otoño,8,13.68335400284091,1056
838,otoño,9,12.682959269780744,1049
838,otoño,10,10.975074913907285,1057
838,otoño,11,9.863683709345795,1070
838,otoño,12,9.20192798521257,1082
838,otoño,13,8.714402697129628,1080
838,otoño,14,8.686665528855249,1057
838,otoño,15,8.777049577545196,1051
838,otoño,16,9.124030687500001,1072
838,otoño,17,10.765247852157943,1089
838,otoño,18,13.199106842153284,1096
838,otoño,19,19.10049962719704,1081
838,otoño,20,23.434590719669117,1088
838,otoño,21,25.28702598989899,1089
838,otoño,22,24.272895435176792,1103
838,otoño,23,22.7196147,1090
838,primavera,0,11.086389174320772,1141
838,primavera,1,9.893528594024605,1138
838,primavera,2,8.938678655293089,1143
838,primavera,3,8.578877993112467,1147
838,primavera,4,8.720634676882662,1142
838,primavera,5,10.16896342368421,1140
838,primavera,6,10.320032282136445,1114
838,primavera,7,9.53893739439853,1089
838,primavera,8,8.85038674566855,1062
838,primavera,9,8.181412576774193,1085
838,primavera,10,7.43151450326087,1104
838,primavera,11,7.201496475959781,1094
838,primavera,12,7.045130073760144,1109
838,primavera,13,6.758343289233577,1096
838,primavera,14,6.654658237641682,1094
838,primavera,15,7.561904132934682,1087
838,primavera,16,7.309104941434978,1115
838,primavera,17,7.132901999558304,1132
838,primavera,18,7.492156185814361,1142
838,primavera,19,8.493260025333333,1125
838,primavera,20,9.531964539545454,1100
838,primavera,21,10.795994569479353,1114
838,primavera,22,12.07316356885537,1127
838,primavera,23,12.529795048294433,1114
838,verano,0,7.917462443183817,1137
838,verano,1,7.976346549912434,1142
838,verano,2,8.264145162239583,1152
838,verano,3,8.91588830271216,1143
838,verano,4,9.42513941876629,1151
838,verano,5,10.742169345248476,1147
838,verano,6,11.256701914511874,1137
838,verano,7,10.807368783678989,1109
838,verano,8,10.761487563384065,1117
838,verano,9,10.287439354723707,1122
838,verano,10,9.837995229533215,1114
838,verano,11,9.168803814716636,1094
838,verano,12,8.976308630278526,1113
838,verano,13,8.786371777978339,1108
838,verano,14,8.500555935659193,1115
838,verano,15,8.66721516764706,1122
838,verano,16,8.419119028972784,1139
838,verano,17,8.646071477272727,1144
838,verano,18,8.406900898083624,1148
838,verano,19,8.216631570422535,1136
838,verano,20,7.615297564208633,1112
838,verano,21,7.199829671441523,1103
838,verano,22,7.468086238605899,1119
838,verano,23,7.939067678217821,1111
841,invierno,0,35.56603773584906,901
841,invierno,1,27.414905450500555,899
841,invierno,2,21.37750556792873,898
841,invierno,3,17.956762749445677,902
841,invierno,4,15.839246119733925,902
841,invierno,5,16.202672605790646,898
841,invierno,6,18.828698553948833,899
841,invierno,7,26.645413870246085,894
841,invierno,8,28.62819089900111,901
841,invierno,9,25.849056603773583,901
841,invierno,10,22.17752808988764,890
841,invierno,11,17.979910714285715,896
841,invierno,12,16.108888888888888,900
841,invierno,13,14.976614699331849,898
841,invierno,14,15.29003359462486,893
841,invierno,15,17.992196209587515,897
841,invierno,16,27.78159645232816,902
841,invierno,17,55.86740331491713,905
841,invierno,18,80.53607103218646,901
841,invierno,19,81.17256637168141,904
841,invierno,20,75.67036625971143,901
841,invierno,21,68.04097452934663,903
841,invierno,22,57.292682926829265,902
841,invierno,23,44.80044345898004,902
841,otoño,0,25.501501136363636,880
841,otoño,1,21.21151369195923,883
841,otoño,2,17.52508154020385,883
841,otoño,3,15.752662511363637,880
841,otoño,4,14.159487500000001,880
841,otoño,5,14.904938717366628,881
841,otoño,6,19.378462169491527,885
841,otoño,7,23.244758465011287,886
841,otoño,8,22.046739179954443,878
841,otoño,9,19.368967800687283,873
841,otoño,10,16.174205574912893,861
841,otoño,11,12.590200957943926,856
841,otoño,12,10.792707317073171,861
841,otoño,13,10.327457900807383,867
841,otoño,14,11.205907216494845,873
841,otoño,15,12.35051648,875
841,otoño,16,15.069952588774342,873
841,otoño,17,28.86992839366516,884
841,otoño,18,43.30624575311438,883
841,otoño,19,49.699088348416296,884
841,otoño,20,48.48357432432432,888
841,otoño,21,44.21931193693694,888
841,otoño,22,36.752724904171366,887
841,otoño,23,30.399598205417607,886
841,primavera,0,17.097686440677965,826
841,primavera,1,14.433908101571948,827
841,primavera,2,12.09460411622276,826
841,primavera,3,10.833665454545454,825
841,primavera,4,10.263058181818181,825
841,primavera,5,12.601376058041112,827
841,primavera,6,15.233298543689319,824
841,primavera,7,14.04791676866585,817
841,primavera,8,10.922342331288345,815
841,primavera,9,8.888270833333333,816
841,primavera,10,6.9874919852034525,811
841,primavera,11,6.326117791411043,815
841,primavera,12,6.12030862962963,810
841,primavera,13,6.469943279901356,811
841,primavera,14,6.8647385377943,807
841,primavera,15,7.385358024691358,810
841,primavera,16,8.694034229828851,818
841,primavera,17,11.346701105710816,823
841,primavera,18,18.591392727272726,825
841,primavera,19,27.66779515151515,825
841,primavera,20,31.84849515738499,826
841,primavera,21,29.51757971014493,828
841,primavera,22,24.97251086956522,828
841,primavera,23,20.801542372881357,826
841,verano,0,12.397367542277339,887
841,verano,1,11.150583779527558,889
841,verano,2,10.611646123595506,890
841,verano,3,9.796413310810811,888
841,verano,4,10.232442233445568,891
841,verano,5,12.949771812080536,894
841,verano,6,14.091792235955054,890
841,verano,7,12.750729660633484,884
841,verano,8,11.453968234624146,878
841,verano,9,10.809194275862069,870
841,verano,10,10.839172397260272,876
841,verano,11,10.19505914675768,879
841,verano,12,10.027890248868777,884
841,verano,13,10.605212488636363,880
841,verano,14,9.956913576309796,878
841,verano,15,9.062038691695108,879
841,verano,16,9.518656610169492,885
841,verano,17,10.485922978482446,883
841,verano,18,10.593663634311511,886
841,verano,19,11.0793355667789,891
841,verano,20,13.358133858267715,889
841,verano,21,14.450401705948371,891
841,verano,22,14.382498912556054,892
841,verano,23,13.162647780294451,883
854,invierno,0,33.68794201970443,1015
854,invierno,1,26.79050790147783,1015
854,invierno,2,20.917925428571426,1015
854,invierno,3,15.862307238658778,1014
854,invierno,4,12.90175198420533,1013
854,invierno,5,11.691071806515302,1013
854,invierno,6,12.820531889218596,1011
854,invierno,7,15.178388670634922,1008
854,invierno,8,16.00937781746032,1008
854,invierno,9,15.710369532803181,1006
854,invierno,10,13.881785363908275,1003
854,invierno,11,12.09991751984127,1008
854,invierno,12,10.68714924826904,1011
854,invierno,13,10.662254150943395,1007
854,invierno,14,11.031279960278054,1007
854,invierno,15,12.286955430267064,1011
854,invierno,16,18.92285443125618,1011
854,invierno,17,34.5649041025641,1014
854,invierno,18,45.81269341559724,1013
854,invierno,19,55.753667428571426,1015
854,invierno,20,61.11619914370079,1016
854,invierno,21,60.030069389162556,1015
854,invierno,22,54.883661822660095,1015
854,invierno,23,46.338292883858266,1016
854,otoño,0,22.157868211055277,995
854,otoño,1,17.503564994984956,997
854,otoño,2,13.9740591959799,995
854,otoño,3,11.990539376884422,995
854,otoño,4,10.398174899396379,994
854,otoño,5,10.413293306532662,995
854,otoño,6,11.57105823943662,994
854,otoño,7,12.424452393939394,990
854,otoño,8,12.951852367101305,997
854,otoño,9,11.910160633165829,995
854,otoño,10,10.38372519114688,994
854,otoño,11,9.035720130784709,994
854,otoño,12,8.355357464646463,990
854,otoño,13,8.514215812310796,991
854,otoño,14,8.34576493951613,992
854,otoño,15,8.743694187689202,991
854,otoño,16,11.470074275653923,994
854,otoño,17,19.151485761523045,998
854,otoño,18,26.05026922155689,1002
854,otoño,19,33.75718866133867,1001
854,otoño,20,39.480434869999996,1000
854,otoño,21,40.43756592778335,997
854,otoño,22,35.4463805215647,997
854,otoño,23,28.721227121364095,997
854,primavera,0,15.890636774872839,983
854,primavera,1,12.043762449135299,983
854,primavera,2,9.814828542014242,983
854,primavera,3,8.849846232553407,983
854,primavera,4,8.266717553924567,981
854,primavera,5,8.522315596024466,981
854,primavera,6,8.979892637104994,981
854,primavera,7,8.800332086153846,975
854,primavera,8,8.602310865087539,971
854,primavera,9,6.853388905779154,969
854,primavera,10,6.1804291640866875,969
854,primavera,11,5.820830180761317,972
854,primavera,12,5.551294276815384,975
854,primavera,13,5.354636021413934,976
854,primavera,14,5.237663439384615,975
854,primavera,15,5.745530964102564,975
854,primavera,16,6.120833118599182,978
854,primavera,17,7.756938498467825,979
854,primavera,18,11.639287318960244,981
854,primavera,19,15.916417107627291,982
854,primavera,20,18.829315423037716,981
854,primavera,21,21.266048890020365,982
854,primavera,22,21.04112231326531,980
854,primavera,23,18.545347837678207,982
854,verano,0,7.7786881333333335,975
854,verano,1,7.869722679671457,974
854,verano,2,7.844752464065708,974
854,verano,3,8.33996909650924,974
854,verano,4,8.474655642343269,973
854,verano,5,9.399069876416066,971
854,verano,6,10.061891311983471,968
854,verano,7,10.355315600414079,966
854,verano,8,10.70044997920998,962
854,verano,9,10.790476441207076,961
854,verano,10,9.65814618599791,957
854,verano,11,9.27858354037267,966
854,verano,12,9.181907353846153,975
854,verano,13,7.870195872689939,974
854,verano,14,7.211869383983573,974
854,verano,15,6.941932169907881,977
854,verano,16,6.985991720977597,982
854,verano,17,7.032683115423902,979
854,verano,18,7.1982113905930465,978
854,verano,19,7.6419854200819675,976
854,verano,20,7.581254989754099,976
854,verano,21,7.748488449691992,974
854,verano,22,7.95724798974359,975
854,verano,23,7.98157476386037,974
859,invierno,0,32.94393055033557,745
859,invierno,1,24.508900846774196,744
859,invierno,2,19.473840402144774,746
859,invierno,3,14.882515369127516,745
859,invierno,4,12.662084785522788,746
859,invierno,5,10.489015421686748,747
859,invierno,6,10.427792795698924,744
859,invierno,7,12.108938568151148,741
859,invierno,8,16.412957547169814,742
859,invierno,9,21.203594641407307,739
859,invierno,10,22.29815901084011,738
859,invierno,11,19.984633009446693,741
859,invierno,12,18.052932187919463,745
859,invierno,13,16.922872874493926,741
859,invierno,14,16.25830349056604,742
859,invierno,15,16.19741655450875,743
859,invierno,16,17.89441383580081,743
859,invierno,17,21.720362449528935,743
859,invierno,18,27.851678225806452,744
859,invierno,19,39.610142876344085,744
859,invierno,20,49.22193935742972,747
859,invierno,21,50.333487834224606,748
859,invierno,22,50.11843288409704,742
859,invierno,23,42.81354253691275,745
859,otoño,0,24.79951993948563,661
859,otoño,1,20.001510362537765,662
859,otoño,2,16.460414315789475,665
859,otoño,3,14.813694045112783,665
859,otoño,4,13.430822087087087,666
859,otoño,5,12.82166208395802,667
859,otoño,6,12.989719864048338,662
859,otoño,7,15.95255534351145,655
859,otoño,8,20.750569482496193,657
859,otoño,9,23.303818414634147,656
859,otoño,10,21.50698357142857,658
859,otoño,11,19.39656757424242,660
859,otoño,12,17.3422873129771,655
859,otoño,13,14.930591293759512,657
859,otoño,14,13.32139415007657,653
859,otoño,15,12.601640121765602,657
859,otoño,16,13.70285632218845,658
859,otoño,17,16.02910310708899,663
859,otoño,18,20.04703063253012,664
859,otoño,19,27.278378255639097,665
859,otoño,20,33.11983585476551,661
859,otoño,21,34.46846437216339,661
859,otoño,22,35.23056100456621,657
859,otoño,23,29.70163222727273,660
859,primavera,0,19.670658483063328,679
859,primavera,1,16.116077632352944,680
859,primavera,2,13.897186099706744,682
859,primavera,3,12.15875661764706,680
859,primavera,4,10.90898805882353,680
859,primavera,5,10.778967352071007,676
859,primavera,6,11.857554580029369,681
859,primavera,7,15.95282624260355,676
859,primavera,8,19.41785176820208,673
859,primavera,9,17.92701200294551,679
859,primavera,10,16.228647827380954,672
859,primavera,11,14.524171540740742,675
859,primavera,12,11.751183714710253,673
859,primavera,13,12.057290312965723,671
859,primavera,14,9.877974383358099,673
859,primavera,15,9.515160992592593,675
859,primavera,16,10.146099153046062,673
859,primavera,17,10.484981849112426,676
859,primavera,18,11.844756970588234,680
859,primavera,19,14.36053744117647,680
859,primavera,20,18.624340456553757,679
859,primavera,21,21.918681878698223,676
859,primavera,22,24.73181545185185,675
859,primavera,23,22.874199631268436,678
859,verano,0,9.196405,634
859,verano,1,10.298606745283019,636
859,verano,2,10.29120103773585,636
859,verano,3,10.420348320251177,637
859,verano,4,10.24101076682316,639
859,verano,5,10.874307037617555,638
859,verano,6,12.013090992125985,635
859,verano,7,14.314189682539682,630
859,verano,8,14.358330474683545,632
859,verano,9,13.857179744816586,627
859,verano,10,12.92276768115942,621
859,verano,11,11.866399291465378,621
859,verano,12,9.701811623794212,622
859,verano,13,8.019553088,625
859,verano,14,6.795369330143541,627
859,verano,15,6.356394983922829,622
859,verano,16,6.23347813990461,629
859,verano,17,6.554714538216561,628
859,verano,18,6.843197984126983,630
859,verano,19,6.634848233438485,634
859,verano,20,6.832702183544304,632
859,verano,21,7.483563003164558,632
859,verano,22,7.8087020047770705,628
859,verano,23,8.452423702531645,632
860,invierno,0,36.47742456467662,804
860,invierno,1,28.255603458177276,801
860,invierno,2,22.549540061173534,801
860,invierno,3,18.454350211514395,799
860,invierno,4,16.492546231155778,796
860,invierno,5,16.710930765370136,797
860,invierno,6,21.75554104010025,798
860,invierno,7,23.597420665829144,796
860,invierno,8,25.91253698600252,793
860,invierno,9,25.59229546599496,794
860,invierno,10,25.64377021383648,795
860,invierno,11,27.220857779171894,797
860,invierno,12,24.651494459798993,796
860,invierno,13,23.804381348314607,801
860,invierno,14,23.99608825,800
860,invierno,15,23.938242353673722,803
860,invierno,16,32.58968288198758,805
860,invierno,17,43.800371718170574,809
860,invierno,18,54.537870755886,807
860,invierno,19,65.1172626361386,808
860,invierno,20,63.80222918618989,811
860,invierno,21,56.346507803970226,806
860,invierno,22,51.427514289245984,809
860,invierno,23,44.67131486296296,810
860,otoño,0,28.576395385694248,713
860,otoño,1,24.329376451612905,713
860,otoño,2,19.702645664335662,715
860,otoño,3,17.34589606993007,715
860,otoño,4,16.495709179415854,719
860,otoño,5,17.739731180555555,720
860,otoño,6,21.032894613259668,724
860,otoño,7,24.04872806896552,725
860,otoño,8,25.253608950276245,724
860,otoño,9,26.295648930555554,720
860,otoño,10,27.085103193277313,714
860,otoño,11,24.43517005633803,710
860,otoño,12,23.17121887482419,711
860,otoño,13,19.985417296918765,714
860,otoño,14,19.105094635854343,714
860,otoño,15,19.061380602240895,714
860,otoño,16,21.753030672268906,714
860,otoño,17,32.821490028011205,714
860,otoño,18,37.67172810126582,711
860,otoño,19,42.843743151260504,714
860,otoño,20,44.01146693820225,712
860,otoño,21,39.2903995505618,712
860,otoño,22,37.102238746478875,710
860,otoño,23,35.21761163865546,714
860,primavera,0,19.020450334788936,687
860,primavera,1,15.734431876832845,682
860,primavera,2,13.666500932944606,686
860,primavera,3,12.20917951608187,684
860,primavera,4,12.396004171303074,683
860,primavera,5,15.119820848973607,682
860,primavera,6,16.234132703216375,684
860,primavera,7,16.25343720704846,681
860,primavera,8,15.890860322580645,682
860,primavera,9,15.745907642752563,683
860,primavera,10,16.074683411078716,686
860,primavera,11,14.884304172767203,683
860,primavera,12,12.471802642335767,685
860,primavera,13,12.407658004398826,682
860,primavera,14,13.46066574593796,677
860,primavera,15,10.982059455474452,685
860,primavera,16,15.750758513088236,680
860,primavera,17,13.234620217205881,680
860,primavera,18,17.174811791483112,681
860,primavera,19,24.127478458149778,681
860,primavera,20,23.331142202919708,685
860,primavera,21,22.76955020497804,683
860,primavera,22,24.294288416422287,682
860,primavera,23,21.66676309037901,686
860,verano,0,13.440666877971474,631
860,verano,1,12.867744857594937,632
860,verano,2,12.69936286163522,636
860,verano,3,12.758574411302984,637
860,verano,4,13.415029682965299,634
860,verano,5,14.40167093206951,633
860,verano,6,17.892295047619047,630
860,verano,7,18.9334573608903,629
860,verano,8,18.833438032,625
860,verano,9,17.029940464,625
860,verano,10,16.30407845906902,623
860,verano,11,12.607754847020933,621
860,verano,12,9.970371339256866,619
860,verano,13,9.53207648,625
860,verano,14,11.351477291666667,624
860,verano,15,9.381658389154707,627
860,verano,16,10.19914990415016,626
860,verano,17,8.849390423892405,632
860,verano,18,8.892789871224165,629
860,verano,19,11.08718821086262,626
860,verano,20,11.437482950558213,627
860,verano,21,10.744553756369427,628
860,verano,22,9.570237240829346,627
860,verano,23,10.825527305863709,631
870,invierno,0,130.1536312849162,716
870,invierno,1,107.01534170153417,717
870,invierno,2,85.56128133704735,718
870,invierno,3,68.56406685236769,718
870,invierno,4,53.582984658298464,717
870,invierno,5,48.20670391061452,716
870,invierno,6,50.34588563458856,717
870,invierno,7,61.726890756302524,714
870,invierno,8,78.64164305949008,706
870,invierno,9,73.46911764705882,680
870,invierno,10,59.585585585585584,666
870,invierno,11,48.374242424242425,660
870,invierno,12,42.00606980273141,659
870,invierno,13,41.66413373860183,658
870,invierno,14,40.13282442748092,655
870,invierno,15,40.88340807174888,669
870,invierno,16,46.20674486803519,682
870,invierno,17,67.61350574712644,696
870,invierno,18,102.15232722143864,709
870,invierno,19,125.57865168539325,712
870,invierno,20,144.86834733893556,714
870,invierno,21,149.05174825174825,715
870,invierno,22,149.86610878661088,717
870,invierno,23,142.30222841225626,718
870,otoño,0,79.47583081570997,662
870,otoño,1,66.22624434389141,663
870,otoño,2,55.42042042042042,666
870,otoño,3,46.480421686746986,664
870,otoño,4,36.10606060606061,660
870,otoño,5,31.301204819277107,664
870,otoño,6,33.59276018099548,663
870,otoño,7,40.659574468085104,658
870,otoño,8,50.27216174183515,643
870,otoño,9,44.93900481540931,623
870,otoño,10,35.0873786407767,618
870,otoño,11,30.285714285714285,609
870,otoño,12,26.446254071661237,614
870,otoño,13,26.500818330605565,611
870,otoño,14,23.552845528455286,615
870,otoño,15,23.595611285266457,638
870,otoño,16,24.76780185758514,646
870,otoño,17,34.30521472392638,652
870,otoño,18,54.91716867469879,664
870,otoño,19,74.87198795180723,664
870,otoño,20,89.30030030030031,666
870,otoño,21,92.16666666666667,666
870,otoño,22,93.45112781954887,665
870,otoño,23,87.34638554216868,664
870,primavera,0,34.198425196850394,635
870,primavera,1,31.7374213836478,636
870,primavera,2,28.58528951486698,639
870,primavera,3,24.263823064770932,633
870,primavera,4,26.562893081761008,636
870,primavera,5,29.114104595879557,631
870,primavera,6,33.753184713375795,628
870,primavera,7,40.214285714285715,616
870,primavera,8,31.912605042016807,595
870,primavera,9,31.19691780821918,584
870,primavera,10,23.548885077186963,583
870,primavera,11,22.02951388888889,576
870,primavera,12,17.71896551724138,580
870,primavera,13,18.135416666666668,576
870,primavera,14,20.258389261744966,596
870,primavera,15,16.472131147540985,610
870,primavera,16,18.951612903225808,620
870,primavera,17,23.80701754385965,627
870,primavera,18,25.510268562401265,633
870,primavera,19,37.94479495268139,634
870,primavera,20,41.31369426751592,628
870,primavera,21,44.28481012658228,632
870,primavera,22,40.84335443037975,632
870,primavera,23,35.73684210526316,627
870,verano,0,15.243630573248408,628
870,verano,1,14.231629392971247,626
870,verano,2,13.93939393939394,627
870,verano,3,12.704761904761904,630
870,verano,4,12.475357710651828,629
870,verano,5,12.777070063694268,628
870,verano,6,14.070063694267516,628
870,verano,7,16.502446982055464,613
870,verano,8,17.734006734006734,594
870,verano,9,18.463971880492092,569
870,verano,10,20.852836879432623,564
870,verano,11,18.911190053285967,563
870,verano,12,17.319223985890652,567
870,verano,13,16.835087719298247,570
870,verano,14,14.800687285223368,582
870,verano,15,16.333333333333332,606
870,verano,16,14.77504105090312,609
870,verano,17,14.615883306320908,617
870,verano,18,15.952998379254456,617
870,verano,19,16.624798711755233,621
870,verano,20,16.376602564102566,624
870,verano,21,16.697452229299362,628
870,verano,22,16.971383147853736,629
870,verano,23,16.03486529318542,631
873,invierno,0,68.21339819505094,1374
873,invierno,1,51.97864432314411,1374
873,invierno,2,40.49871199563001,1373
873,invierno,3,31.8236619592134,1373
873,invierno,4,27.203122922740526,1372
873,invierno,5,26.85887804522247,1371
873,invierno,6,33.864143785557985,1371
873,invierno,7,42.36793603649635,1370
873,invierno,8,39.19979072992701,1370
873,invierno,9,33.909195556368964,1366
873,invierno,10,29.905626032448374,1356
873,invierno,11,26.821594392592594,1350
873,invierno,12,24.26526957995579,1357
873,invierno,13,22.937755183553595,1362
873,invierno,14,23.686757858187136,1368
873,invierno,15,27.969083828696927,1366
873,invierno,16,45.19248623082542,1369
873,invierno,17,97.99365945414846,1374
873,invierno,18,137.01384458181818,1375
873,invierno,19,145.3752317090909,1375
873,invierno,20,139.41564486545457,1375
873,invierno,21,128.8235176,1375
873,invierno,22,109.40995581513829,1374
873,invierno,23,87.27591204959883,1371
873,otoño,0,40.57377266666666,1350
873,otoño,1,32.090159615384614,1352
873,otoño,2,26.660192610946748,1352
873,otoño,3,23.033553195266272,1352
873,otoño,4,21.137240437037036,1350
873,otoño,5,22.165016572908957,1351
873,otoño,6,25.798199651851853,1350
873,otoño,7,27.792742605477425,1351
873,otoño,8,24.573728982169392,1346
873,otoño,9,22.256754364723466,1338
873,otoño,10,19.998324335820897,1340
873,otoño,11,17.589609052238806,1340
873,otoño,12,15.724547842696628,1335
873,otoño,13,14.397006181953765,1341
873,otoño,14,14.797576654219565,1339
873,otoño,15,16.48666240534521,1347
873,otoño,16,24.94579099406528,1348
873,otoño,17,50.618481323964495,1352
873,otoño,18,74.16654011834319,1352
873,otoño,19,80.81467474501109,1353
873,otoño,20,78.00861856088561,1355
873,otoño,21,73.67704684132842,1355
873,otoño,22,63.83704101845018,1355
873,otoño,23,52.47330136802974,1345
873,primavera,0,17.153366924277908,1281
873,primavera,1,13.500224867394696,1282
873,primavera,2,11.077782544886809,1281
873,primavera,3,10.051519366692728,1279
873,primavera,4,10.026607036747459,1279
873,primavera,5,13.376086090695857,1279
873,primavera,6,15.186686864738077,1279
873,primavera,7,12.684155371965543,1277
873,primavera,8,11.123205177304964,1269
873,primavera,9,9.853667172195893,1266
873,primavera,10,8.534209751987282,1258
873,primavera,11,8.05474437936508,1260
873,primavera,12,7.381343729216152,1263
873,primavera,13,7.083377424722662,1262
873,primavera,14,7.122932050513024,1267
873,primavera,15,7.447227101335429,1273
873,primavera,16,8.805245414710484,1278
873,primavera,17,13.965616690140847,1278
873,primavera,18,25.324449890539483,1279
873,primavera,19,29.13424932917317,1282
873,primavera,20,29.7421799921936,1281
873,primavera,21,29.184003385335412,1282
873,primavera,22,25.570883364558938,1281
873,primavera,23,21.047260992963253,1279
873,verano,0,9.73753137459807,1244
873,verano,1,8.725955591311344,1243
873,verano,2,9.116094115755628,1244
873,verano,3,8.229697106109326,1244
873,verano,4,9.985633958165728,1243
873,verano,5,10.618578695652175,1242
873,verano,6,10.654834867256637,1243
873,verano,7,10.0923359548751,1241
873,verano,8,9.786940738037307,1233
873,verano,9,9.925346860655738,1220
873,verano,10,8.463892536704732,1226
873,verano,11,7.929804527687296,1228
873,verano,12,7.366085714285714,1225
873,verano,13,6.7410724084621645,1229
873,verano,14,6.829246875404531,1236
873,verano,15,6.770891767554478,1239
873,verano,16,8.179945487469684,1237
873,verano,17,9.69609753833737,1239
873,verano,18,10.27511147224457,1243
873,verano,19,12.238816674698795,1245
873,verano,20,13.292902240963857,1245
873,verano,21,12.84362698310539,1243
873,verano,22,11.606228713826367,1244
873,verano,23,10.435599177419355,1240
874,invierno,0,28.807333776160146,1099
874,invierno,1,25.93185457918552,1105
874,invierno,2,22.62679866727108,1103
874,invierno,3,21.192471287398003,1103
874,invierno,4,19.91182999092559,1102
874,invierno,5,18.56269382459313,1106
874,invierno,6,19.210654036199095,1105
874,invierno,7,21.567395448776065,1103
874,invierno,8,22.228757377495462,1102
874,invierno,9,21.068731945454545,1100
874,invierno,10,20.5715503125,1088
874,invierno,11,19.846811578947367,1083
874,invierno,12,16.86001584870849,1084
874,invierno,13,16.4699599086758,1095
874,invierno,14,16.029533503649635,1096
874,invierno,15,16.459141057429353,1097
874,invierno,16,21.86154186533212,1099
874,invierno,17,32.09432124094203,1104
874,invierno,18,38.3541651814882,1102
874,invierno,19,40.84226988203267,1102
874,invierno,20,41.08498484076433,1099
874,invierno,21,38.39001456284153,1098
874,invierno,22,35.769401472727274,1100
874,invierno,23,31.50188097272727,1100
874,otoño,0,24.908797442680775,1134
874,otoño,1,21.79698242932862,1132
874,otoño,2,21.113632340989398,1132
874,otoño,3,19.296332806707856,1133
874,otoño,4,17.250886183745582,1132
874,otoño,5,16.37950089301503,1131
874,otoño,6,16.54153741821397,1131
874,otoño,7,17.574395513274336,1130
874,otoño,8,16.927108490683228,1127
874,otoño,9,16.402732878923764,1115
874,otoño,10,16.56422688568857,1111
874,otoño,11,15.264367445848373,1108
874,otoño,12,13.534276735798016,1109
874,otoño,13,12.874394763181412,1119
874,otoño,14,13.844952279608192,1123
874,otoño,15,15.009649714666669,1125
874,otoño,16,19.950440909090908,1133
874,otoño,17,25.207359479258603,1133
874,otoño,18,31.11882428949691,1133
874,otoño,19,33.62104845132743,1130
874,otoño,20,34.994019410211266,1136
874,otoño,21,33.06694347405453,1137
874,otoño,22,31.802084542253517,1136
874,otoño,23,29.373465500878734,1138
874,primavera,0,18.237172247619046,1050
874,primavera,1,18.56844636103152,1047
874,primavera,2,16.54884195215311,1045
874,primavera,3,14.971099634615385,1040
874,primavera,4,15.444470670498085,1044
874,primavera,5,14.32374744966443,1043
874,primavera,6,13.69347618635927,1041
874,primavera,7,12.856863418582376,1044
874,primavera,8,11.3973190785645,1031
874,primavera,9,11.171338602150538,1023
874,primavera,10,10.463965260098522,1015
874,primavera,11,10.23236766041461,1013
874,primavera,12,10.776668751229105,1017
874,primavera,13,11.47445836935167,1018
874,primavera,14,11.415218151425762,1017
874,primavera,15,18.072003472356936,1031
874,primavera,16,20.203237787439612,1035
874,primavera,17,23.17948891658677,1043
874,primavera,18,26.617985519230768,1040
874,primavera,19,30.64379333557047,1043
874,primavera,20,30.01102175908222,1046
874,primavera,21,27.26061043062201,1045
874,primavera,22,24.274893950143817,1043
874,primavera,23,20.10828794089609,1049
874,verano,0,13.724333677536231,1104
874,verano,1,12.617736351179673,1102
874,verano,2,12.076422481046931,1108
874,verano,3,13.23045570390554,1101
874,verano,4,13.690297842584169,1099
874,verano,5,13.423204685505926,1097
874,verano,6,13.261974621004565,1095
874,verano,7,13.548835919487649,1093
874,verano,8,14.241760745170193,1087
874,verano,9,14.29195246511628,1075
874,verano,10,13.332556651119402,1072
874,verano,11,13.163845711090401,1073
874,verano,12,13.823033972222222,1080
874,verano,13,12.818358253924286,1083
874,verano,14,13.127177160037004,1081
874,verano,15,15.225696651501364,1099
874,verano,16,16.944053629764063,1102
874,verano,17,17.6623103877367,1109
874,verano,18,19.92183264573991,1115
874,verano,19,22.779723490178572,1120
874,verano,20,21.447082502242154,1115
874,verano,21,18.362270125448028,1116
874,verano,22,16.42596734019696,1117
874,verano,23,14.586290595667869,1108
875,invierno,0,66.23032061358656,1369
875,invierno,1,52.462095720555965,1367
875,invierno,2,40.556228931967816,1367
875,invierno,3,31.827144933479534,1368
875,invierno,4,27.629122977322602,1367
875,invierno,5,28.19931402194587,1367
875,invierno,6,37.57110149341142,1366
875,invierno,7,47.37520831748354,1367
875,invierno,8,43.238298549450555,1365
875,invierno,9,33.99220055187638,1359
875,invierno,10,29.380069852398524,1355
875,invierno,11,24.511480702143384,1353
875,invierno,12,21.638697002220578,1351
875,invierno,13,20.669454992581603,1348
875,invierno,14,21.50112714495953,1359
875,invierno,15,25.43401534065934,1365
875,invierno,16,40.71786360175695,1366
875,invierno,17,80.17077523076922,1365
875,invierno,18,105.45206190789473,1368
875,invierno,19,114.58575445747802,1364
875,invierno,20,112.81467716166789,1367
875,invierno,21,109.18072065789474,1368
875,invierno,22,97.87123573411249,1369
875,invierno,23,80.00075708643816,1342
875,otoño,0,39.97034659365559,1324
875,otoño,1,33.18515198340875,1326
875,otoño,2,25.83059518490566,1325
875,otoño,3,21.99809230015083,1326
875,otoño,4,20.134965850678732,1326
875,otoño,5,22.156860739064857,1326
875,otoño,6,27.380327398190044,1326
875,otoño,7,29.87519697586727,1326
875,otoño,8,26.70243406368461,1319
875,otoño,9,22.104090297029703,1313
875,otoño,10,18.758301354246363,1307
875,otoño,11,16.625053468917883,1303
875,otoño,12,14.889852047364402,1309
875,otoño,13,14.232282053639846,1305
875,otoño,14,14.731571732522797,1316
875,otoño,15,16.675448596358116,1318
875,otoño,16,25.337771980273143,1318
875,otoño,17,48.97617839879154,1324
875,otoño,18,64.91716046003016,1326
875,otoño,19,73.92171008301887,1325
875,otoño,20,73.17902373775433,1327
875,otoño,21,67.55141969079939,1326
875,otoño,22,58.63640018099547,1326
875,otoño,23,48.581663178654296,1293
875,primavera,0,17.570050060795012,1283
875,primavera,1,15.555806983632113,1283
875,primavera,2,14.234858402182384,1283
875,primavera,3,13.001055592823713,1282
875,primavera,4,13.32956628994544,1283
875,primavera,5,16.864361464174454,1284
875,primavera,6,19.038080334890967,1284
875,primavera,7,16.252250428682775,1283
875,primavera,8,14.052387515673981,1276
875,primavera,9,12.775450498023714,1265
875,primavera,10,11.994648856235107,1259
875,primavera,11,11.946440007942812,1259
875,primavera,12,11.303503175911251,1262
875,primavera,13,10.919490100708105,1271
875,primavera,14,10.430949816182245,1273
875,primavera,15,11.26732526604069,1278
875,primavera,16,12.921547181889148,1281
875,primavera,17,19.220992028081124,1282
875,primavera,18,27.955148798751953,1282
875,primavera,19,30.739818285268903,1283
875,primavera,20,29.40649832424006,1283
875,primavera,21,27.008502087227416,1284
875,primavera,22,24.15032001404056,1282
875,primavera,23,20.84687128594249,1252
875,verano,0,8.026312694108151,1239
875,verano,1,8.259227788539144,1239
875,verano,2,8.916210984665053,1239
875,verano,3,8.932749249394673,1239
875,verano,4,9.37474749434572,1238
875,verano,5,9.975121007258064,1240
875,verano,6,10.383980644641419,1241
875,verano,7,10.51901528605963,1241
875,verano,8,10.140553773645918,1237
875,verano,9,10.525396502024291,1235
875,verano,10,9.550753138184792,1223
875,verano,11,8.931889998368678,1226
875,verano,12,8.294132040518639,1234
875,verano,13,7.784273948009749,1231
875,verano,14,7.768247104622872,1233
875,verano,15,8.340569151172192,1237
875,verano,16,9.114402839805825,1236
875,verano,17,9.966170695792881,1236
875,verano,18,11.508437770597737,1238
875,verano,19,12.998488054882971,1239
875,verano,20,12.081950088709677,1240
875,verano,21,10.707695120967742,1240
875,verano,22,9.811141053988718,1241
875,verano,23,9.076093611570249,1210
878,invierno,0,73.6068515497553,613
878,invierno,1,60.65798045602606,614
878,invierno,2,49.22977346278317,618
878,invierno,3,40.67109634551495,602
878,invierno,4,35.0820770519263,597
878,invierno,5,32.51003344481605,598
878,invierno,6,37.08388157894737,608
878,invierno,7,48.31810766721044,613
878,invierno,8,48.07236842105263,608
878,invierno,9,30.92190152801358,589
878,invierno,10,26.526408450704224,568
878,invierno,11,25.857644991212652,569
878,invierno,12,24.045060658578855,577
878,invierno,13,24.87689713322091,593
878,invierno,14,25.631147540983605,610
878,invierno,15,30.548281505728315,611
878,invierno,16,44.49029126213592,618
878,invierno,17,74.5516129032258,620
878,invierno,18,86.57536466774717,617
878,invierno,19,93.90129449838187,618
878,invierno,20,101.93527508090615,618
878,invierno,21,104.88387096774194,620
878,invierno,22,100.02261712439419,619
878,invierno,23,89.94813614262561,617
878,otoño,0,53.10082644628099,605
878,otoño,1,44.285240464344945,603
878,otoño,2,35.413907284768214,604
878,otoño,3,30.06644518272425,602
878,otoño,4,25.43906510851419,599
878,otoño,5,26.406666666666666,600
878,otoño,6,33.21297836938436,601
878,otoño,7,39.75707154742096,601
878,otoño,8,30.64786324786325,585
878,otoño,9,24.5929203539823,565
878,otoño,10,21.755434782608695,552
878,otoño,11,21.22142857142857,560
878,otoño,12,17.236521739130435,575
878,otoño,13,16.977815699658702,586
878,otoño,14,17.69269102990033,602
878,otoño,15,20.62251655629139,604
878,otoño,16,28.067213114754097,610
878,otoño,17,43.1810766721044,613
878,otoño,18,51.729641693811075,614
878,otoño,19,53.90834697217676,611
878,otoño,20,59.919934640522875,612
878,otoño,21,65.89525368248772,611
878,otoño,22,66.08006535947712,612
878,otoño,23,62.71078431372549,612
878,primavera,0,17.426829268292682,492
878,primavera,1,14.848979591836734,490
878,primavera,2,13.537037037037036,486
878,primavera,3,12.408713692946058,482
878,primavera,4,13.010224948875255,489
878,primavera,5,15.159274193548388,496
878,primavera,6,20.580448065173115,491
878,primavera,7,16.503042596348884,493
878,primavera,8,16.002083333333335,480
878,primavera,9,13.952586206896552,464
878,primavera,10,12.223880597014926,469
878,primavera,11,11.280777537796975,463
878,primavera,12,10.934873949579831,476
878,primavera,13,11.45417515274949,491
878,primavera,14,13.552631578947368,494
878,primavera,15,13.693386773547093,499
878,primavera,16,15.537698412698413,504
878,primavera,17,18.86111111111111,504
878,primavera,18,24.202783300198806,503
878,primavera,19,25.264,500
878,primavera,20,26.840319361277444,501
878,primavera,21,24.448897795591183,499
878,primavera,22,24.676,500
878,primavera,23,23.58350100603622,497
878,verano,0,10.164102564102564,585
878,verano,1,9.41725352112676,568
878,verano,2,9.801038062283737,578
878,verano,3,9.922398589065256,567
878,verano,4,10.543859649122806,570
878,verano,5,11.478411053540587,579
878,verano,6,14.095890410958905,584
878,verano,7,16.29706390328152,579
878,verano,8,16.647058823529413,561
878,verano,9,16.579710144927535,552
878,verano,10,16.577696526508227,547
878,verano,11,13.669117647058824,544
878,verano,12,11.693805309734513,565
878,verano,13,12.119170984455959,579
878,verano,14,11.996587030716723,586
878,verano,15,11.88758389261745,596
878,verano,16,11.76638655462185,595
878,verano,17,12.299159663865547,595
878,verano,18,11.387858347386173,593
878,verano,19,11.531879194630873,596
878,verano,20,10.910472972972974,592
878,verano,21,11.015202702702704,592
878,verano,22,11.236886632825719,591
878,verano,23,12.793220338983051,590
879,invierno,0,48.89300411522634,486
879,invierno,1,38.168377823408626,487
879,invierno,2,30.104938271604937,486
879,invierno,3,23.30658436213992,486
879,invierno,4,19.790983606557376,488
879,invierno,5,18.792181069958847,486
879,invierno,6,21.258726899383984,487
879,invierno,7,26.679671457905545,487
879,invierno,8,29.614754098360656,488
879,invierno,9,27.584016393442624,488
879,invierno,10,23.40041067761807,487
879,invierno,11,20.077551020408162,490
879,invierno,12,18.508196721311474,488
879,invierno,13,17.223577235772357,492
879,invierno,14,17.941056910569106,492
879,invierno,15,21.381632653061224,490
879,invierno,16,30.366803278688526,488
879,invierno,17,45.30184804928131,487
879,invierno,18,65.84253578732107,489
879,invierno,19,76.4560327198364,489
879,invierno,20,78.04508196721312,488
879,invierno,21,69.48559670781893,486
879,invierno,22,71.10103092783505,485
879,invierno,23,62.04722792607803,487
879,otoño,0,29.237597911227155,383
879,otoño,1,24.74607329842932,382
879,otoño,2,21.198952879581153,382
879,otoño,3,18.55235602094241,382
879,otoño,4,17.259162303664922,382
879,otoño,5,17.395287958115183,382
879,otoño,6,18.91383812010444,383
879,otoño,7,22.326370757180158,383
879,otoño,8,23.02349869451697,383
879,otoño,9,20.87434554973822,382
879,otoño,10,19.131926121372032,379
879,otoño,11,15.324607329842932,382
879,otoño,12,13.577023498694517,383
879,otoño,13,12.364583333333334,384
879,otoño,14,11.937662337662339,385
879,otoño,15,12.883720930232558,387
879,otoño,16,15.77720207253886,386
879,otoño,17,22.70618556701031,388
879,otoño,18,35.84278350515464,388
879,otoño,19,41.69430051813472,386
879,otoño,20,43.940568475452196,387
879,otoño,21,41.803108808290155,386
879,otoño,22,40.72279792746114,386
879,otoño,23,36.307291666666664,384
879,primavera,0,17.894484412470025,417
879,primavera,1,15.009592326139089,417
879,primavera,2,13.031175059952039,417
879,primavera,3,12.16267942583732,418
879,primavera,4,11.908872901678658,417
879,primavera,5,13.14698795180723,415
879,primavera,6,15.21549636803874,413
879,primavera,7,15.96135265700483,414
879,primavera,8,14.333333333333334,414
879,primavera,9,12.927536231884059,414
879,primavera,10,10.859903381642512,414
879,primavera,11,9.21256038647343,414
879,primavera,12,8.475961538461538,416
879,primavera,13,8.16546762589928,417
879,primavera,14,8.392344497607656,418
879,primavera,15,8.77326968973747,419
879,primavera,16,10.14047619047619,420
879,primavera,17,13.447619047619048,420
879,primavera,18,19.19331742243437,419
879,primavera,19,25.126491646778042,419
879,primavera,20,28.083932853717027,417
879,primavera,21,25.593301435406698,418
879,primavera,22,25.516826923076923,416
879,primavera,23,22.019277108433734,415
879,verano,0,9.961643835616439,365
879,verano,1,9.790633608815426,363
879,verano,2,10.162087912087912,364
879,verano,3,10.286501377410469,363
879,verano,4,11.36986301369863,365
879,verano,5,12.443526170798899,363
879,verano,6,14.32425068119891,367
879,verano,7,14.534246575342467,365
879,verano,8,14.60655737704918,366
879,verano,9,14.975069252077562,361
879,verano,10,12.9196675900277,361
879,verano,11,10.624309392265193,362
879,verano,12,9.055096418732782,363
879,verano,13,7.997245179063361,363
879,verano,14,7.554644808743169,366
879,verano,15,7.668493150684932,365
879,verano,16,8.013623978201634,367
879,verano,17,8.081521739130435,368
879,verano,18,8.53929539295393,369
879,verano,19,8.796747967479675,369
879,verano,20,8.659459459459459,370
879,verano,21,9.498630136986302,365
879,verano,22,9.606060606060606,363
879,verano,23,9.94535519125683,366
880,invierno,0,33.00992063492063,504
880,invierno,1,29.930966469428007,507
880,invierno,2,25.843873517786562,506
880,invierno,3,21.17193675889328,506
880,invierno,4,16.763313609467456,507
880,invierno,5,15.387673956262425,503
880,invierno,6,15.564870259481038,501
880,invierno,7,18.65995975855131,497
880,invierno,8,19.997991967871485,498
880,invierno,9,17.698602794411176,501
880,invierno,10,14.054108216432866,499
880,invierno,11,11.412474849094567,497
880,invierno,12,9.550200803212851,498
880,invierno,13,8.79718875502008,498
880,invierno,14,8.825049701789265,503
880,invierno,15,9.922465208747514,503
880,invierno,16,13.0938123752495,501
880,invierno,17,17.5597609561753,502
880,invierno,18,22.245019920318725,502
880,invierno,19,27.32064128256513,499
880,invierno,20,31.52409638554217,498
880,invierno,21,30.76861167002012,497
880,invierno,22,34.99193548387097,496
880,invierno,23,34.2544731610338,503
880,otoño,0,27.03440366972477,436
880,otoño,1,24.82191780821918,438
880,otoño,2,22.34851936218679,439
880,otoño,3,19.756880733944953,436
880,otoño,4,16.89016018306636,437
880,otoño,5,17.432183908045978,435
880,otoño,6,18.28669724770642,436
880,otoño,7,20.82608695652174,437
880,otoño,8,21.038901601830663,437
880,otoño,9,16.31447963800905,442
880,otoño,10,12.863013698630137,438
880,otoño,11,12.813636363636364,440
880,otoño,12,11.749430523917995,439
880,otoño,13,9.644646924829157,439
880,otoño,14,10.076749435665914,443
880,otoño,15,10.76590909090909,440
880,otoño,16,15.07816091954023,435
880,otoño,17,16.35159817351598,438
880,otoño,18,20.854214123006834,439
880,otoño,19,28.113895216400913,439
880,otoño,20,30.28082191780822,438
880,otoño,21,26.575688073394495,436
880,otoño,22,28.341743119266056,436
880,otoño,23,28.64236902050114,439
880,primavera,0,11.965333333333334,375
880,primavera,1,10.26892950391645,383
880,primavera,2,8.897368421052631,380
880,primavera,3,7.915343915343915,378
880,primavera,4,7.942558746736292,383
880,primavera,5,9.629242819843341,383
880,primavera,6,11.621693121693122,378
880,primavera,7,11.405835543766578,377
880,primavera,8,9.237597911227153,383
880,primavera,9,7.6923076923076925,377
880,primavera,10,6.24802110817942,379
880,primavera,11,5.157333333333334,375
880,primavera,12,4.868421052631579,380
880,primavera,13,4.900783289817232,383
880,primavera,14,5.123684210526315,380
880,primavera,15,5.505376344086022,372
880,primavera,16,6.253968253968254,378
880,primavera,17,8.50523560209424,382
880,primavera,18,12.146981627296588,381
880,primavera,19,14.59308510638298,376
880,primavera,20,15.978779840848807,377
880,primavera,21,14.687830687830688,378
880,primavera,22,15.026954177897574,371
880,primavera,23,13.146666666666667,375
880,verano,0,7.2586750788643535,317
880,verano,1,7.009174311926605,327
880,verano,2,8.812121212121212,330
880,verano,3,7.170278637770898,323
880,verano,4,8.39375,320
880,verano,5,9.634375,320
880,verano,6,10.562893081761006,318
880,verano,7,11.782608695652174,322
880,verano,8,11.357827476038338,313
880,verano,9,10.501618122977346,309
880,verano,10,8.923076923076923,312
880,verano,11,6.916932907348243,313
880,verano,12,5.6770186335403725,322
880,verano,13,5.246875,320
880,verano,14,5.331230283911672,317
880,verano,15,5.275316455696203,316
880,verano,16,5.440625,320
880,verano,17,5.764890282131661,319
880,verano,18,6.04953560371517,323
880,verano,19,6.050793650793651,315
880,verano,20,6.459119496855346,318
880,verano,21,7.169811320754717,318
880,verano,22,10.495297805642632,319
880,verano,23,7.170278637770898,323
881,invierno,0,14.868029739776953,538
881,invierno,1,13.17100371747212,538
881,invierno,2,11.62453531598513,538
881,invierno,3,10.180297397769516,538
881,invierno,4,9.283054003724395,537
881,invierno,5,8.778398510242086,537
881,invierno,6,9.348880597014926,536
881,invierno,7,9.882242990654206,535
881,invierno,8,12.137218045112782,532
881,invierno,9,14.267289719626168,535
881,invierno,10,15.059369202226344,539
881,invierno,11,15.54460966542751,538
881,invierno,12,14.931354359925788,539
881,invierno,13,13.776951672862454,538
881,invierno,14,12.45724907063197,538
881,invierno,15,12.707635009310987,537
881,invierno,16,12.531598513011152,538
881,invierno,17,13.533457249070633,538
881,invierno,18,16.708719851576994,539
881,invierno,19,18.630111524163567,538
881,invierno,20,18.067039106145252,537
881,invierno,21,18.737918215613384,538
881,invierno,22,18.343866171003718,538
881,invierno,23,16.934944237918216,538
881,otoño,0,13.292220113851993,527
881,otoño,1,11.852272727272727,528
881,otoño,2,11.250474383301707,527
881,otoño,3,10.836501901140684,526
881,otoño,4,10.175238095238095,525
881,otoño,5,9.948571428571428,525
881,otoño,6,10.57904761904762,525
881,otoño,7,11.816793893129772,524
881,otoño,8,13.230326295585412,521
881,otoño,9,15.080614203454894,521
881,otoño,10,16.260536398467433,522
881,otoño,11,15.300191204588911,523
881,otoño,12,13.67047619047619,525
881,otoño,13,12.045714285714286,525
881,otoño,14,11.726396917148362,519
881,otoño,15,11.509578544061302,522
881,otoño,16,11.154580152671755,524
881,otoño,17,11.677480916030534,524
881,otoño,18,13.291666666666666,528
881,otoño,19,14.84,525
881,otoño,20,15.47148288973384,526
881,otoño,21,15.815589353612168,526
881,otoño,22,15.13421550094518,529
881,otoño,23,14.515151515151516,528
881,primavera,0,10.345652173913043,460
881,primavera,1,10.73913043478261,460
881,primavera,2,10.628260869565217,460
881,primavera,3,10.104347826086956,460
881,primavera,4,9.978260869565217,460
881,primavera,5,10.593886462882097,458
881,primavera,6,11.486842105263158,456
881,primavera,7,13.728665207877462,457
881,primavera,8,14.7882096069869,458
881,primavera,9,14.801742919389978,459
881,primavera,10,15.820960698689957,458
881,primavera,11,16.091903719912473,457
881,primavera,12,14.401315789473685,456
881,primavera,13,13.644736842105264,456
881,primavera,14,14.451965065502183,458
881,primavera,15,14.812227074235809,458
881,primavera,16,13.152505446623094,459
881,primavera,17,12.2,460
881,primavera,18,13.41304347826087,460
881,primavera,19,11.395652173913044,460
881,primavera,20,12.173913043478262,460
881,primavera,21,12.852173913043478,460
881,primavera,22,12.65359477124183,459
881,primavera,23,11.965141612200435,459
881,verano,0,10.166994106090373,509
881,verano,1,11.205882352941176,510
881,verano,2,10.81764705882353,510
881,verano,3,10.2426614481409,511
881,verano,4,10.355599214145384,509
881,verano,5,11.850980392156863,510
881,verano,6,15.116141732283465,508
881,verano,7,16.966601178781925,509
881,verano,8,19.356435643564357,505
881,verano,9,18.752475247524753,505
881,verano,10,19.606299212598426,508
881,verano,11,17.57956777996071,509
881,verano,12,15.238658777120316,507
881,verano,13,14.311023622047244,508
881,verano,14,16.51084812623274,507
881,verano,15,14.85207100591716,507
881,verano,16,14.49802371541502,506
881,verano,17,13.282608695652174,506
881,verano,18,12.80943025540275,509
881,verano,19,11.954724409448819,508
881,verano,20,11.37573385518591,511
881,verano,21,11.023529411764706,510
881,verano,22,12.033333333333333,510
881,verano,23,10.885826771653543,508
884,invierno,0,46.61538461538461,494
884,invierno,1,36.22357723577236,492
884,invierno,2,30.989858012170384,493
884,invierno,3,26.053061224489795,490
884,invierno,4,24.646216768916155,489
884,invierno,5,22.022680412371134,485
884,invierno,6,24.910416666666666,480
884,invierno,7,32.135699373695196,479
884,invierno,8,27.04059829059829,468
884,invierno,9,25.116071428571427,448
884,invierno,10,23.986666666666668,450
884,invierno,11,23.002159827213823,463
884,invierno,12,19.325481798715202,467
884,invierno,13,19.19747899159664,476
884,invierno,14,18.58835758835759,481
884,invierno,15,23.457202505219207,479
884,invierno,16,35.899383983572896,487
884,invierno,17,70.84823284823285,481
884,invierno,18,93.05081300813008,492
884,invierno,19,97.35234215885947,491
884,invierno,20,82.7439024390244,492
884,invierno,21,74.31111111111112,495
884,invierno,22,63.129817444219064,493
884,invierno,23,55.359918200409,489
884,otoño,0,30.4234404536862,529
884,otoño,1,26.19887429643527,533
884,otoño,2,21.793233082706767,532
884,otoño,3,20.843984962406015,532
884,otoño,4,18.98109640831758,529
884,otoño,5,17.703984819734345,527
884,otoño,6,19.438095238095237,525
884,otoño,7,22.599613152804643,517
884,otoño,8,20.95049504950495,505
884,otoño,9,21.576305220883533,498
884,otoño,10,19.521472392638035,489
884,otoño,11,16.5597609561753,502
884,otoño,12,15.756809338521402,514
884,otoño,13,17.562376237623763,505
884,otoño,14,14.571428571428571,518
884,otoño,15,17.718992248062015,516
884,otoño,16,24.519848771266542,529
884,otoño,17,42.666041275797376,533
884,otoño,18,55.90754716981132,530
884,otoño,19,56.07116104868914,534
884,otoño,20,53.8803738317757,535
884,otoño,21,45.943609022556394,532
884,otoño,22,38.555765595463136,529
884,otoño,23,34.14738805970149,536
884,primavera,0,10.886977886977887,407
884,primavera,1,9.398533007334963,409
884,primavera,2,8.620689655172415,406
884,primavera,3,8.640897755610972,401
884,primavera,4,8.55911330049261,406
884,primavera,5,9.621621621621621,407
884,primavera,6,12.735368956743002,393
884,primavera,7,12.08157894736842,380
884,primavera,8,10.649595687331537,371
884,primavera,9,11.971751412429379,354
884,primavera,10,11.858695652173912,368
884,primavera,11,8.697860962566844,374
884,primavera,12,10.467914438502675,374
884,primavera,13,10.929539295392955,369
884,primavera,14,10.887728459530026,383
884,primavera,15,7.486005089058525,393
884,primavera,16,9.390862944162437,394
884,primavera,17,13.380246913580248,405
884,primavera,18,22.506172839506174,405
884,primavera,19,20.074812967581046,401
884,primavera,20,18.641975308641975,405
884,primavera,21,16.378109452736318,402
884,primavera,22,14.345771144278608,402
884,primavera,23,12.02716049382716,405
884,verano,0,11.431818181818182,440
884,verano,1,10.292343387470998,431
884,verano,2,10.299303944315545,431
884,verano,3,10.523041474654377,434
884,verano,4,10.917431192660551,436
884,verano,5,9.178823529411765,425
884,verano,6,13.114285714285714,420
884,verano,7,14.329297820823244,413
884,verano,8,20.045569620253165,395
884,verano,9,17.047738693467338,398
884,verano,10,13.71256038647343,414
884,verano,11,11.773584905660377,424
884,verano,12,13.1575,400
884,verano,13,14.156716417910447,402
884,verano,14,13.806295399515738,413
884,verano,15,11.22300469483568,426
884,verano,16,10.2830626450116,431
884,verano,17,12.5962441314554,426
884,verano,18,15.153132250580047,431
884,verano,19,16.013921113689094,431
884,verano,20,14.225806451612904,434
884,verano,21,14.639269406392694,438
884,verano,22,13.410550458715596,436
884,verano,23,13.046082949308756,434
901,invierno,0,86.12162758972732,1577
901,invierno,1,70.10339760786802,1576
901,invierno,2,53.596667637397346,1583
901,invierno,3,41.36527170191083,1570
901,invierno,4,34.754413340533674,1574
901,invierno,5,30.145554229549777,1577
901,invierno,6,31.67903909724888,1563
901,invierno,7,38.68896971035805,1564
901,invierno,8,42.72833759903969,1562
901,invierno,9,42.393278251189706,1555
901,invierno,10,39.273143148028446,1547
901,invierno,11,35.12037428848642,1546
901,invierno,12,31.24762039507772,1544
901,invierno,13,29.405149833655702,1551
901,invierno,14,28.2933222557398,1568
901,invierno,15,31.202027604367373,1557
901,invierno,16,44.172970975016014,1561
901,invierno,17,72.18965985861183,1556
901,invierno,18,97.8587421140464,1552
901,invierno,19,112.6305285604113,1556
901,invierno,20,119.24938463897763,1565
901,invierno,21,120.9650579077021,1571
901,invierno,22,115.95924465012723,1572
901,invierno,23,102.27510214312976,1572
901,otoño,0,48.6950874375,1600
901,otoño,1,39.8277503362391,1606
901,otoño,2,32.35560584529008,1603
901,otoño,3,25.51798193628982,1601
901,otoño,4,21.003497158948687,1598
901,otoño,5,19.596163545443193,1602
901,otoño,6,22.52798503128911,1598
901,otoño,7,26.39818180050188,1594
901,otoño,8,26.983856884103865,1579
901,otoño,9,25.592402679897894,1567
901,otoño,10,24.39985968112245,1568
901,otoño,11,20.399978389413267,1568
901,otoño,12,18.298967181737478,1577
901,otoño,13,16.710722296950443,1574
901,otoño,14,16.72925078138062,1579
901,otoño,15,18.12277834262398,1593
901,otoño,16,24.869950527969827,1591
901,otoño,17,40.06004361969887,1594
901,otoño,18,55.90141925764192,1603
901,otoño,19,63.155261395638625,1605
901,otoño,20,66.75709629052369,1604
901,otoño,21,67.64843906978193,1605
901,otoño,22,64.65069079924953,1599
901,otoño,23,59.17447935705368,1602
901,primavera,0,31.083704683288413,1484
901,primavera,1,25.64437220419202,1479
901,primavera,2,21.221707066756576,1483
901,primavera,3,17.82635103030303,1485
901,primavera,4,16.13213793939394,1485
901,primavera,5,16.195769217273956,1482
901,primavera,6,19.25486521240728,1483
901,primavera,7,18.51318172320217,1474
901,primavera,8,15.61604128746594,1468
901,primavera,9,13.961613055365687,1463
901,primavera,10,11.072254856557377,1464
901,primavera,11,10.043997385037748,1457
901,primavera,12,9.96593211748634,1464
901,primavera,13,9.94965327260459,1482
901,primavera,14,10.21378351150203,1478
901,primavera,15,10.67100548714479,1478
901,primavera,16,11.805396567567566,1480
901,primavera,17,15.921784666666667,1485
901,primavera,18,23.781226563342315,1484
901,primavera,19,28.73201313804714,1485
901,primavera,20,33.885169004037685,1486
901,primavera,21,37.20517946200404,1487
901,primavera,22,38.33541399595688,1484
901,primavera,23,34.92767382849426,1481
901,verano,0,6.3573766277269534,1421
901,verano,1,6.01813488028169,1420
901,verano,2,5.749409144067797,1416
901,verano,3,5.511964402533427,1421
901,verano,4,5.420976188243626,1412
901,verano,5,5.691060589852008,1419
901,verano,6,6.724100593498233,1415
901,verano,7,7.516192661462029,1409
901,verano,8,7.788058183512545,1395
901,verano,9,6.5584645401869155,1391
901,verano,10,6.43495798495702,1396
901,verano,11,5.900297554441261,1396
901,verano,12,5.967769548248749,1399
901,verano,13,6.103844855014327,1396
901,verano,14,6.156635515021459,1398
901,verano,15,6.2830251549075395,1406
901,verano,16,6.36358497140825,1406
901,verano,17,6.671045002132196,1407
901,verano,18,7.726673796033993,1412
901,verano,19,8.46812185683912,1411
901,verano,20,8.368784812189936,1411
901,verano,21,7.940547027522936,1417
901,verano,22,8.259381943661971,1420
901,verano,23,6.849187347398031,1422
902,invierno,0,83.53468382589612,1367
902,invierno,1,63.96396653986832,1367
902,invierno,2,48.49580764619883,1368
902,invierno,3,37.399253226042426,1367
902,invierno,4,31.300587628111277,1366
902,invierno,5,31.469431572787123,1367
902,invierno,6,39.051942109890106,1365
902,invierno,7,50.169887391941394,1365
902,invierno,8,53.85087027146002,1363
902,invierno,9,48.9402620486367,1357
902,invierno,10,44.6547011816839,1354
902,invierno,11,41.08532309629629,1350
902,invierno,12,37.388060661764705,1360
902,invierno,13,36.62776373352855,1366
902,invierno,14,37.82437199853049,1361
902,invierno,15,43.554821791483114,1362
902,invierno,16,68.47497629467543,1371
902,invierno,17,124.00236418672502,1371
902,invierno,18,155.00212033527697,1372
902,invierno,19,165.38830021897812,1370
902,invierno,20,160.72911613138686,1370
902,invierno,21,148.43454052478134,1372
902,invierno,22,130.36091758217677,1369
902,invierno,23,103.38499953913679,1367
902,otoño,0,46.2276540015186,1317
902,otoño,1,35.225593181473045,1317
902,otoño,2,28.049571215805468,1316
902,otoño,3,22.630521230068336,1317
902,otoño,4,19.802923411854103,1316
902,otoño,5,22.98945198936978,1317
902,otoño,6,29.920194688449847,1316
902,otoño,7,33.90171692775665,1315
902,otoño,8,31.95494030557678,1309
902,otoño,9,29.262495203065132,1305
902,otoño,10,24.134938652809854,1299
902,otoño,11,22.06946944104135,1306
902,otoño,12,19.78139043577982,1308
902,otoño,13,18.734615792682927,1312
902,otoño,14,18.754172042682928,1312
902,otoño,15,22.393968192862566,1317
902,otoño,16,36.04946324734446,1318
902,otoño,17,67.98688117602428,1318
902,otoño,18,86.60982514025777,1319
902,otoño,19,93.27651134746404,1321
902,otoño,20,93.5753646969697,1320
902,otoño,21,84.90875946007604,1315
902,otoño,22,74.45367509878419,1316
902,otoño,23,60.06900095671982,1317
902,primavera,0,30.432429650516283,1259
902,primavera,1,24.43956754972156,1257
902,primavera,2,19.314526062052508,1257
902,primavera,3,16.001948606687897,1256
902,primavera,4,15.959927173566879,1256
902,primavera,5,22.266267436305732,1256
902,primavera,6,25.299248113509194,1251
902,primavera,7,22.99895669871795,1248
902,primavera,8,18.980414270833332,1248
902,primavera,9,15.754194983870967,1240
902,primavera,10,14.41954170531401,1242
902,primavera,11,12.143569806244995,1249
902,primavera,12,11.061154761146497,1256
902,primavera,13,10.417189918660286,1254
902,primavera,14,10.547446768496421,1257
902,primavera,15,12.137205617529881,1255
902,primavera,16,14.752906416203338,1259
902,primavera,17,22.234874807631158,1258
902,primavera,18,35.39732407142857,1260
902,primavera,19,45.64375726767276,1259
902,primavera,20,51.62950843650794,1260
902,primavera,21,51.85370081746032,1260
902,primavera,22,46.62355141382049,1259
902,primavera,23,38.20603512311359,1259
902,verano,0,6.251738861646235,1142
902,verano,1,5.678434141856392,1142
902,verano,2,5.254943672217354,1141
902,verano,3,5.289781053555751,1139
902,verano,4,5.854892642669007,1139
902,verano,5,7.316279437115216,1137
902,verano,6,7.840620430201931,1139
902,verano,7,8.046229050966607,1138
902,verano,8,7.2388764716312055,1128
902,verano,9,7.104658997338065,1127
902,verano,10,6.249921362422084,1123
902,verano,11,6.241929510676157,1124
902,verano,12,5.050252687886826,1131
902,verano,13,4.827902469026548,1130
902,verano,14,4.918982227112676,1136
902,verano,15,5.318830897097626,1137
902,verano,16,5.795111380826738,1137
902,verano,17,6.319500166812993,1139
902,verano,18,7.135824544658494,1142
902,verano,19,8.513487975460123,1141
902,verano,20,9.33799342982456,1140
902,verano,21,8.896467929824562,1140
902,verano,22,7.990050569675723,1141
902,verano,23,6.960380122699386,1141
904,invierno,0,90.47462463722398,634
904,invierno,1,74.63392321202532,632
904,invierno,2,59.39079631410256,624
904,invierno,3,46.28036932389937,636
904,invierno,4,37.48723868878357,633
904,invierno,5,34.235000874403816,629
904,invierno,6,38.843305350318474,628
904,invierno,7,48.988884365079365,630
904,invierno,8,54.81300585365854,615
904,invierno,9,54.31375736507936,630
904,invierno,10,50.237148826366564,622
904,invierno,11,45.540952086677365,623
904,invierno,12,41.20622466141732,635
904,invierno,13,36.95260599369085,634
904,invierno,14,37.78712691693291,626
904,invierno,15,42.796532267716536,635
904,invierno,16,59.54812984076433,628
904,invierno,17,90.45177637795275,635
904,invierno,18,115.11795998430141,637
904,invierno,19,138.62967564263323,638
904,invierno,20,150.8711632488114,631
904,invierno,21,148.71698197492162,638
904,invierno,22,136.03305118483414,633
904,invierno,23,115.86214712698413,630
904,otoño,0,44.9823268719611,617
904,otoño,1,35.809427576736674,619
904,otoño,2,28.11621549432739,617
904,otoño,3,23.19362420422078,616
904,otoño,4,19.97553697039474,608
904,otoño,5,20.428000375203915,613
904,otoño,6,26.2490337203252,615
904,otoño,7,33.367394357723576,615
904,otoño,8,35.40650413680782,614
904,otoño,9,32.61142929967427,614
904,otoño,10,29.733949950738918,609
904,otoño,11,25.30380427980456,614
904,otoño,12,21.56669186468647,606
904,otoño,13,19.75780548859935,614
904,otoño,14,19.595402222222223,621
904,otoño,15,22.25957508032258,620
904,otoño,16,31.54584834951456,618
904,otoño,17,48.01670543269231,624
904,otoño,18,60.531165711999996,625
904,otoño,19,69.942081568,625
904,otoño,20,74.697877648,625
904,otoño,21,71.379377012987,616
904,otoño,22,63.96065185365853,615
904,otoño,23,59.34602471819646,621
904,primavera,0,29.537660590717298,711
904,primavera,1,24.12583092696629,712
904,primavera,2,20.638708820224718,712
904,primavera,3,17.758154259520452,709
904,primavera,4,15.937456324786325,702
904,primavera,5,18.766973037974683,711
904,primavera,6,22.28841473239437,710
904,primavera,7,21.459127892503535,707
904,primavera,8,18.69957513437058,707
904,primavera,9,16.643169629629632,702
904,primavera,10,14.785899899425287,696
904,primavera,11,13.76674625889047,703
904,primavera,12,11.379676985915493,710
904,primavera,13,10.609271343705798,707
904,primavera,14,10.487743087818698,706
904,primavera,15,11.340440964539006,705
904,primavera,16,13.711313670886076,711
904,primavera,17,18.25349436005626,711
904,primavera,18,23.9843449930265,717
904,primavera,19,28.95960160167131,718
904,primavera,20,32.27841438547486,716
904,primavera,21,34.68062551192146,713
904,primavera,22,35.946381398305085,708
904,primavera,23,34.64943887323944,710
904,verano,0,7.3885491977611935,536
904,verano,1,6.608950609981515,541
904,verano,2,6.394483432835821,536
904,verano,3,6.034849627560521,537
904,verano,4,6.364604409005628,533
904,verano,5,6.960586604823748,539
904,verano,6,8.352734339622641,530
904,verano,7,8.70723418079096,531
904,verano,8,8.577268217636023,533
904,verano,9,8.16810652416357,538
904,verano,10,7.74619242481203,532
904,verano,11,6.996610703910615,537
904,verano,12,6.497944744878957,537
904,verano,13,6.701460147058824,544
904,verano,14,7.060041033210331,542
904,verano,15,7.4315300369003685,542
904,verano,16,8.290409703703704,540
904,verano,17,8.900869371534196,541
904,verano,18,8.746843003731344,536
904,verano,19,8.948044765478423,533
904,verano,20,9.537612560296846,539
904,verano,21,8.931348093457945,535
904,verano,22,8.716555649717513,531
904,verano,23,7.89224738317757,535
905,invierno,0,46.86615886833515,919
905,invierno,1,40.18715995647443,919
905,invierno,2,32.147986942328615,919
905,invierno,3,25.822633297062023,919
905,invierno,4,22.529923830250272,919
905,invierno,5,20.365321701199562,917
905,invierno,6,22.553846153846155,910
905,invierno,7,29.272131147540982,915
905,invierno,8,35.055859802847756,913
905,invierno,9,35.335903083700444,908
905,invierno,10,34.15418502202643,908
905,invierno,11,29.9878587196468,906
905,invierno,12,26.17782656421515,911
905,invierno,13,22.62087912087912,910
905,invierno,14,21.396929824561404,912
905,invierno,15,20.854166666666668,912
905,invierno,16,22.083242059145675,913
905,invierno,17,27.18231441048035,916
905,invierno,18,35.627729257641924,916
905,invierno,19,46.088235294117645,918
905,invierno,20,56.54080522306855,919
905,invierno,21,63.52448313384113,919
905,invierno,22,63.34531590413943,918
905,invierno,23,54.915570175438596,912
905,otoño,0,29.557553956834532,834
905,otoño,1,23.797362110311752,834
905,otoño,2,19.760191846522783,834
905,otoño,3,16.979591836734695,833
905,otoño,4,14.87515006002401,833
905,otoño,5,14.545893719806763,828
905,otoño,6,16.442961165048544,824
905,otoño,7,20.276904474002418,827
905,otoño,8,22.456865127582017,823
905,otoño,9,22.477466504263095,821
905,otoño,10,20.589460784313726,816
905,otoño,11,18.001225490196077,816
905,otoño,12,14.986601705237515,821
905,otoño,13,13.15403422982885,818
905,otoño,14,12.731559854897219,827
905,otoño,15,12.4546553808948,827
905,otoño,16,14.210589651022865,831
905,otoño,17,18.499399759903962,833
905,otoño,18,22.866906474820144,834
905,otoño,19,27.513189448441246,834
905,otoño,20,34.467065868263475,835
905,otoño,21,38.39928057553957,834
905,otoño,22,35.74491017964072,835
905,otoño,23,34.534772182254194,834
905,primavera,0,11.561360874848116,823
905,primavera,1,10.5,824
905,primavera,2,9.925970873786408,824
905,primavera,3,9.267314702308626,823
905,primavera,4,9.001216545012165,822
905,primavera,5,10.282238442822385,822
905,primavera,6,13.479318734793187,822
905,primavera,7,15.06219512195122,820
905,primavera,8,13.603194103194102,814
905,primavera,9,11.208845208845208,814
905,primavera,10,9.345208845208845,814
905,primavera,11,8.072481572481573,814
905,primavera,12,6.895705521472393,815
905,primavera,13,6.18359853121175,817
905,primavera,14,5.953771289537713,822
905,primavera,15,6.300242130750605,826
905,primavera,16,6.915254237288136,826
905,primavera,17,8.174123337363966,827
905,primavera,18,10.069090909090908,825
905,primavera,19,11.365617433414043,826
905,primavera,20,11.618181818181819,825
905,primavera,21,11.317575757575758,825
905,primavera,22,11.95631067961165,824
905,primavera,23,11.664634146341463,820
905,verano,0,3.852185089974293,778
905,verano,1,3.5154241645244215,778
905,verano,2,3.3830334190231364,778
905,verano,3,3.4601542416452444,778
905,verano,4,3.5966494845360826,776
905,verano,5,4.038610038610039,777
905,verano,6,5.137532133676093,778
905,verano,7,6.186855670103093,776
905,verano,8,6.153548387096774,775
905,verano,9,5.5215123859191655,767
905,verano,10,4.994791666666667,768
905,verano,11,4.153846153846154,767
905,verano,12,3.9281984334203655,766
905,verano,13,3.8972691807542263,769
905,verano,14,3.888456549935149,771
905,verano,15,4.137305699481865,772
905,verano,16,4.515503875968992,774
905,verano,17,4.763260025873222,773
905,verano,18,4.855297157622739,774
905,verano,19,4.945666235446313,773
905,verano,20,5.1454545454545455,770
905,verano,21,4.645994832041343,774
905,verano,22,4.318298969072165,776
905,verano,23,4.154241645244216,778
906,invierno,0,57.551094890510946,274
906,invierno,1,42.62909090909091,275
906,invierno,2,33.02909090909091,275
906,invierno,3,24.222627737226276,274
906,invierno,4,20.37090909090909,275
906,invierno,5,20.27007299270073,274
906,invierno,6,32.447272727272725,275
906,invierno,7,47.7043795620438,274
906,invierno,8,41.37867647058823,272
906,invierno,9,22.21978021978022,273
906,invierno,10,16.50735294117647,272
906,invierno,11,14.537313432835822,268
906,invierno,12,12.812734082397004,267
906,invierno,13,13.746323529411764,272
906,invierno,14,14.047619047619047,273
906,invierno,15,17.341911764705884,272
906,invierno,16,32.61029411764706,272
906,invierno,17,82.42490842490842,273
906,invierno,18,105.51282051282051,273
906,invierno,19,114.12820512820512,273
906,invierno,20,114.10622710622711,273
906,invierno,21,102.41240875912409,274
906,invierno,22,89.82116788321167,274
906,invierno,23,73.46520146520146,273
906,otoño,0,33.95652173913044,276
906,otoño,1,21.278985507246375,276
906,otoño,2,15.605072463768115,276
906,otoño,3,17.19272727272727,275
906,otoño,4,12.061818181818182,275
906,otoño,5,15.613138686131387,274
906,otoño,6,24.843636363636364,275
906,otoño,7,29.748175182481752,274
906,otoño,8,18.10989010989011,273
906,otoño,9,11.501831501831502,273
906,otoño,10,9.695970695970695,273
906,otoño,11,8.985130111524164,269
906,otoño,12,8.237037037037037,270
906,otoño,13,8.461254612546126,271
906,otoño,14,9.542124542124542,273
906,otoño,15,11.503649635036496,274
906,otoño,16,20.06934306569343,274
906,otoño,17,39.42909090909091,275
906,otoño,18,65.86181818181818,275
906,otoño,19,68.69090909090909,275
906,otoño,20,65.95636363636363,275
906,otoño,21,59.152727272727276,275
906,otoño,22,51.07971014492754,276
906,otoño,23,40.42391304347826,276
906,primavera,0,22.0,195
906,primavera,1,15.97948717948718,195
906,primavera,2,12.974358974358974,195
906,primavera,3,11.329896907216495,194
906,primavera,4,11.518134715025907,193
906,primavera,5,18.620512820512822,195
906,primavera,6,22.18974358974359,195
906,primavera,7,13.510309278350515,194
906,primavera,8,9.38974358974359,195
906,primavera,9,7.969072164948454,194
906,primavera,10,7.398963730569948,193
906,primavera,11,7.157068062827225,191
906,primavera,12,6.78125,192
906,primavera,13,6.969072164948454,194
906,primavera,14,6.958974358974359,195
906,primavera,15,7.871794871794871,195
906,primavera,16,9.67357512953368,193
906,primavera,17,16.396907216494846,194
906,primavera,18,33.235897435897435,195
906,primavera,19,39.246153846153845,195
906,primavera,20,45.37435897435898,195
906,primavera,21,43.85641025641026,195
906,primavera,22,35.02061855670103,194
906,primavera,23,30.814432989690722,194
906,verano,0,5.536723163841808,177
906,verano,1,4.709497206703911,179
906,verano,2,4.3559322033898304,177
906,verano,3,4.090395480225989,177
906,verano,4,4.299435028248587,177
906,verano,5,5.613636363636363,176
906,verano,6,6.340909090909091,176
906,verano,7,6.045454545454546,176
906,verano,8,5.714285714285714,175
906,verano,9,5.804597701149425,174
906,verano,10,5.442528735632184,174
906,verano,11,5.48876404494382,178
906,verano,12,5.401129943502825,177
906,verano,13,4.696629213483146,178
906,verano,14,4.446327683615819,177
906,verano,15,4.659090909090909,176
906,verano,16,5.1807909604519775,177
906,verano,17,6.406779661016949,177
906,verano,18,7.983050847457627,177
906,verano,19,9.361581920903955,177
906,verano,20,9.412429378531073,177
906,verano,21,8.214689265536723,177
906,verano,22,6.849162011173185,179
906,verano,23,6.5027932960893855,179
A01,invierno,0,107.97892141169154,1608
A01,invierno,1,86.62002559079602,1608
A01,invierno,2,70.21510748599876,1607
A01,invierno,3,57.79098712865134,1609
A01,invierno,4,48.149396679127726,1605
A01,invierno,5,42.532264057428215,1602
A01,invierno,6,49.71924269781931,1605
A01,invierno,7,64.19087144548287,1605
A01,invierno,8,69.34326678125001,1600
A01,invierno,9,60.47997148589342,1595
A01,invierno,10,50.44931671060891,1593
A01,invierno,11,40.9419469660804,1592
A01,invierno,12,34.20210988072819,1593
A01,invierno,13,31.676671196741857,1596
A01,invierno,14,29.940054067796613,1593
A01,invierno,15,35.074464056426336,1595
A01,invierno,16,54.65082637608966,1606
A01,invierno,17,97.51915780062306,1605
A01,invierno,18,128.65389019937695,1605
A01,invierno,19,143.70644198124998,1600
A01,invierno,20,150.58578380448319,1606
A01,invierno,21,149.6757285321674,1601
A01,invierno,22,141.58006418170504,1607
A01,invierno,23,127.4945061107654,1607
A01,otoño,0,60.737356503541534,1553
A01,otoño,1,49.40423294669236,1557
A01,otoño,2,37.45597237692308,1560
A01,otoño,3,29.174409577065983,1561
A01,otoño,4,23.777659376205786,1555
A01,otoño,5,25.48690628926045,1555
A01,otoño,6,31.022318386967743,1550
A01,otoño,7,37.88194206718346,1548
A01,otoño,8,36.99774799095607,1548
A01,otoño,9,31.958353681140636,1543
A01,otoño,10,25.964619621761656,1544
A01,otoño,11,21.076184254215303,1542
A01,otoño,12,19.092401943371943,1554
A01,otoño,13,16.939990711053653,1547
A01,otoño,14,16.770012131782945,1548
A01,otoño,15,18.734058969579287,1545
A01,otoño,16,28.765458734193547,1550
A01,otoño,17,55.27264409038089,1549
A01,otoño,18,76.7057484116129,1550
A01,otoño,19,84.80848804123711,1552
A01,otoño,20,87.47188848582475,1552
A01,otoño,21,86.77135091377092,1554
A01,otoño,22,80.47116128056628,1554
A01,otoño,23,71.21722000643915,1553
A01,primavera,0,46.82161041217501,1577
A01,primavera,1,41.37629614556962,1580
A01,primavera,2,34.959134051833125,1582
A01,primavera,3,29.105998636363637,1584
A01,primavera,4,27.101645476942515,1583
A01,primavera,5,28.929863939202026,1579
A01,primavera,6,32.04341267427123,1578
A01,primavera,7,28.010904809402792,1574
A01,primavera,8,24.548137098214283,1568
A01,primavera,9,19.865940280612246,1568
A01,primavera,10,18.577934607530313,1567
A01,primavera,11,13.483969189534141,1567
A01,primavera,12,12.216058121827412,1576
A01,primavera,13,12.794010063532403,1574
A01,primavera,14,11.435864715189872,1580
A01,primavera,15,11.77170128580522,1571
A01,primavera,16,13.189767588931296,1572
A01,primavera,17,18.419775551903555,1576
A01,primavera,18,31.47451738938053,1582
A01,primavera,19,40.57260621827411,1576
A01,primavera,20,47.51765739019732,1571
A01,primavera,21,49.66784287619048,1575
A01,primavera,22,50.890470887761566,1577
A01,primavera,23,50.486226601141404,1577
A01,verano,0,8.022696105834465,1474
A01,verano,1,7.5622641474966175,1478
A01,verano,2,7.246654158751697,1474
A01,verano,3,6.994889810426541,1477
A01,verano,4,7.101237457511896,1471
A01,verano,5,7.8774740204081635,1470
A01,verano,6,8.885070573770491,1464
A01,verano,7,8.3991454601227,1467
A01,verano,8,7.592408277511962,1463
A01,verano,9,7.352458345679012,1458
A01,verano,10,7.204399540466393,1458
A01,verano,11,7.047753050964187,1452
A01,verano,12,7.075985876712329,1460
A01,verano,13,6.797044695414099,1461
A01,verano,14,6.478353166894665,1462
A01,verano,15,7.295785226648352,1456
A01,verano,16,6.866801001364256,1466
A01,verano,17,7.195735132562883,1471
A01,verano,18,7.441155937414966,1470
A01,verano,19,8.923169747956404,1468
A01,verano,20,9.338685128726288,1476
A01,verano,21,9.316961501014198,1479
A01,verano,22,9.191781061946903,1469
A01,verano,23,8.681053656580731,1474
A04,invierno,0,16.21523593548387,62
A04,invierno,1,11.802048803278689,61
A04,invierno,2,9.447003245737704,61
A04,invierno,3,10.083510344262294,61
A04,invierno,4,7.720732278688525,61
A04,invierno,5,9.369946850819671,61
A04,invierno,6,19.776928546774194,62
A04,invierno,7,31.03426559677419,62
A04,invierno,8,48.2419175,60
A04,invierno,9,27.994867898305085,59
A04,invierno,10,18.32947131147541,61
A04,invierno,11,17.7273468852459,61
A04,invierno,12,15.955370327868852,61
A04,invierno,13,19.154978852459017,61
A04,invierno,14,23.02210116666667,60
A04,invierno,15,35.7992224590164,61
A04,invierno,16,63.984733442622954,61
A04,invierno,17,86.21191409836067,61
A04,invierno,18,104.0345144262295,61
A04,invierno,19,83.81343355932204,59
A04,invierno,20,57.83818017241379,58
A04,invierno,21,50.803218775862064,58
A04,invierno,22,35.613862534482756,58
A04,invierno,23,25.356501241935483,62
A07,invierno,0,47.98761788478074,1163
A07,invierno,1,34.24234822987124,1165
A07,invierno,2,23.992936552627047,1161
A07,invierno,3,17.758884873430784,1163
A07,invierno,4,14.418725124291845,1165
A07,invierno,5,14.718775193293208,1163
A07,invierno,6,22.062478982803096,1163
A07,invierno,7,32.48869191065292,1164
A07,invierno,8,39.39852030077386,1163
A07,invierno,9,34.08296075927524,1159
A07,invierno,10,26.519600234171726,1153
A07,invierno,11,22.85560337108014,1148
A07,invierno,12,21.67896220103986,1154
A07,invierno,13,22.324838167675022,1157
A07,invierno,14,25.70708825108225,1155
A07,invierno,15,32.127250249569705,1162
A07,invierno,16,47.89651780172414,1160
A07,invierno,17,67.91437402239448,1161
A07,invierno,18,81.87033679586564,1161
A07,invierno,19,95.81317965694683,1166
A07,invierno,20,102.0606526176219,1169
A07,invierno,21,93.20575310197087,1167
A07,invierno,22,81.23213423043852,1163
A07,invierno,23,62.67921329613734,1165
A07,otoño,0,32.78092161733801,1142
A07,otoño,1,23.741563842105265,1140
A07,otoño,2,18.138785138596493,1140
A07,otoño,3,13.58671582222222,1143
A07,otoño,4,11.98066376923077,1144
A07,otoño,5,14.005233249125874,1144
A07,otoño,6,19.722265102811953,1138
A07,otoño,7,27.42388789797713,1137
A07,otoño,8,26.343335950704226,1136
A07,otoño,9,20.771823456790123,1134
A07,otoño,10,16.656959835097002,1134
A07,otoño,11,14.389945819787986,1132
A07,otoño,12,13.880551298136647,1127
A07,otoño,13,14.227536900972591,1131
A07,otoño,14,15.937299153439152,1134
A07,otoño,15,19.09770661091549,1136
A07,otoño,16,27.33818271604938,1134
A07,otoño,17,40.49810549912434,1142
A07,otoño,18,48.869028161120845,1142
A07,otoño,19,58.43370035608049,1143
A07,otoño,20,59.13649011373578,1143
A07,otoño,21,60.98543022154116,1142
A07,otoño,22,54.419132210848645,1143
A07,otoño,23,42.75948726525199,1131
A07,primavera,0,21.70174435897436,1092
A07,primavera,1,16.855779505494507,1092
A07,primavera,2,12.855056697247706,1090
A07,primavera,3,10.74554087878788,1089
A07,primavera,4,9.743108466483012,1089
A07,primavera,5,13.223980964187326,1089
A07,primavera,6,16.90966411981567,1085
A07,primavera,7,16.8014491160221,1086
A07,primavera,8,14.619512370848708,1084
A07,primavera,9,12.491518988868275,1078
A07,primavera,10,12.31832460538533,1077
A07,primavera,11,12.374781901211556,1073
A07,primavera,12,12.188335532900835,1079
A07,primavera,13,12.636888003696859,1082
A07,primavera,14,13.72574898336414,1082
A07,primavera,15,15.926761055045871,1090
A07,primavera,16,20.600025063985374,1094
A07,primavera,17,29.06550378649635,1096
A07,primavera,18,38.76292725776965,1094
A07,primavera,19,44.42854802559415,1094
A07,primavera,20,42.22561351277372,1096
A07,primavera,21,38.754626986301375,1095
A07,primavera,22,33.10723760730593,1095
A07,primavera,23,25.457081399817017,1093
A07,verano,0,6.900697115384616,1040
A07,verano,1,5.797607230769231,1040
A07,verano,2,5.4898246865959495,1037
A07,verano,3,6.4791127868852465,1037
A07,verano,4,6.4906264642857145,1036
A07,verano,5,6.835799198841698,1036
A07,verano,6,7.564686791907514,1038
A07,verano,7,7.249806364513018,1037
A07,verano,8,6.775803087378641,1030
A07,verano,9,6.855529961051607,1027
A07,verano,10,6.76050164556962,1027
A07,verano,11,6.67208017578125,1024
A07,verano,12,6.3565795694716245,1022
A07,verano,13,6.23298318359375,1024
A07,verano,14,6.02068424390244,1025
A07,verano,15,6.3377481044487425,1034
A07,verano,16,6.724962470930232,1032
A07,verano,17,7.587768643410852,1032
A07,verano,18,9.158439758220503,1034
A07,verano,19,12.181835043310876,1039
A07,verano,20,12.692834340712224,1039
A07,verano,21,11.386729376797698,1043
A07,verano,22,9.4366744295302,1043
A07,verano,23,8.22228625,1040
A08,invierno,0,51.07452725250278,899
A08,invierno,1,38.856026785714285,896
A08,invierno,2,28.817371937639198,898
A08,invierno,3,23.122767857142858,896
A08,invierno,4,18.196648044692736,895
A08,invierno,5,18.374301675977655,895
A08,invierno,6,23.895089285714285,896
A08,invierno,7,34.57700892857143,896
A08,invierno,8,42.919463087248324,894
A08,invierno,9,36.093258426966294,890
A08,invierno,10,29.64566929133858,889
A08,invierno,11,26.47608200455581,878
A08,invierno,12,24.562285714285714,875
A08,invierno,13,25.810872027180068,883
A08,invierno,14,29.093785310734464,885
A08,invierno,15,33.444193912063135,887
A08,invierno,16,49.047457627118646,885
A08,invierno,17,69.68693693693693,888
A08,invierno,18,74.55455568053993,889
A08,invierno,19,82.44170403587444,892
A08,invierno,20,88.01783723522854,897
A08,invierno,21,81.56124721603564,898
A08,invierno,22,75.44209354120267,898
A08,invierno,23,61.4661487236404,901
A08,otoño,0,27.888760252583236,871
A08,otoño,1,21.717436138728324,865
A08,otoño,2,17.3328224797219,863
A08,otoño,3,14.210134439252336,856
A08,otoño,4,13.221257686915889,856
A08,otoño,5,14.719473155452436,862
A08,otoño,6,20.742447703962704,858
A08,otoño,7,27.37471148018648,858
A08,otoño,8,26.774656343457945,856
A08,otoño,9,19.908562314049586,847
A08,otoño,10,16.066233278301887,848
A08,otoño,11,15.147239534050179,837
A08,otoño,12,14.562211848341232,844
A08,otoño,13,14.465612508792498,853
A08,otoño,14,15.427238908450704,852
A08,otoño,15,17.41761778169014,852
A08,otoño,16,24.797651423570596,857
A08,otoño,17,36.67690983701979,859
A08,otoño,18,42.87225243398393,871
A08,otoño,19,47.486093184421534,873
A08,otoño,20,48.8025,868
A08,otoño,21,47.56529926605504,872
A08,otoño,22,44.542828390804594,870
A08,otoño,23,38.176613179723496,868
A08,primavera,0,17.56930693069307,808
A08,primavera,1,13.294190358467244,809
A08,primavera,2,10.21614906832298,805
A08,primavera,3,8.856965174129353,804
A08,primavera,4,9.355361596009976,802
A08,primavera,5,12.311720698254364,802
A08,primavera,6,17.226533166458072,799
A08,primavera,7,16.329588014981272,801
A08,primavera,8,13.821608040201005,796
A08,primavera,9,13.91969887076537,797
A08,primavera,10,12.838587641866331,793
A08,primavera,11,12.351828499369484,793
A08,primavera,12,11.870886075949366,790
A08,primavera,13,11.947236180904522,796
A08,primavera,14,12.508094645080947,803
A08,primavera,15,13.715880893300248,806
A08,primavera,16,17.280940594059405,808
A08,primavera,17,24.295426452410382,809
A08,primavera,18,36.4537607891492,811
A08,primavera,19,45.57037037037037,810
A08,primavera,20,41.70283600493218,811
A08,primavera,21,34.54388133498146,809
A08,primavera,22,28.1055900621118,805
A08,primavera,23,22.877171215880892,806
A08,verano,0,7.084065244667503,797
A08,verano,1,6.812814070351759,796
A08,verano,2,6.082706766917293,798
A08,verano,3,6.352130325814536,798
A08,verano,4,7.8427672955974845,795
A08,verano,5,8.31578947368421,798
A08,verano,6,6.981179422835633,797
A08,verano,7,6.074401008827238,793
A08,verano,8,5.675094816687737,791
A08,verano,9,6.0227272727272725,792
A08,verano,10,5.827144686299616,781
A08,verano,11,5.775665399239544,789
A08,verano,12,5.236942675159236,785
A08,verano,13,4.994917407878018,787
A08,verano,14,5.005102040816326,784
A08,verano,15,4.820610687022901,786
A08,verano,16,5.125634517766497,788
A08,verano,17,5.975857687420585,787
A08,verano,18,7.373737373737374,792
A08,verano,19,10.590680100755668,794
A08,verano,20,12.108312342569269,794
A08,verano,21,9.99874213836478,795
A08,verano,22,9.0125786163522,795
A08,verano,23,8.006281407035177,796
A09,invierno,0,54.36490683229814,644
A09,invierno,1,38.37325038880249,643
A09,invierno,2,28.428571428571427,644
A09,invierno,3,20.357142857142858,644
A09,invierno,4,17.482919254658384,644
A09,invierno,5,20.54587869362364,643
A09,invierno,6,33.51242236024845,644
A09,invierno,7,51.16614906832298,644
A09,invierno,8,43.70295489891135,643
A09,invierno,9,29.141509433962263,636
A09,invierno,10,24.07680250783699,638
A09,invierno,11,23.483516483516482,637
A09,invierno,12,23.82547169811321,636
A09,invierno,13,25.08150470219436,638
A09,invierno,14,28.841940532081377,639
A09,invierno,15,36.0578125,640
A09,invierno,16,65.16275430359937,639
A09,invierno,17,111.58814352574103,641
A09,invierno,18,136.9393468118196,643
A09,invierno,19,149.09034267912773,642
A09,invierno,20,143.52877138413686,643
A09,invierno,21,123.24416796267496,643
A09,invierno,22,98.23639191290825,643
A09,invierno,23,73.72826086956522,644
A09,otoño,0,29.819130434782608,575
A09,otoño,1,21.89913043478261,575
A09,otoño,2,16.53298611111111,576
A09,otoño,3,12.493031358885018,574
A09,otoño,4,11.448873483535529,577
A09,otoño,5,13.464223385689355,573
A09,otoño,6,23.05574912891986,574
A09,otoño,7,29.838879159369526,571
A09,otoño,8,22.52724077328647,569
A09,otoño,9,16.964850615114237,569
A09,otoño,10,16.007054673721342,567
A09,otoño,11,15.368421052631579,570
A09,otoño,12,15.386925795053003,566
A09,otoño,13,15.725524475524475,572
A09,otoño,14,17.365384615384617,572
A09,otoño,15,22.19371727748691,573
A09,otoño,16,38.85069444444444,576
A09,otoño,17,73.02256944444444,576
A09,otoño,18,90.60899653979239,578
A09,otoño,19,95.375,576
A09,otoño,20,84.92560553633218,578
A09,otoño,21,68.44097222222223,576
A09,otoño,22,53.38927335640138,578
A09,otoño,23,41.95147313691508,577
A09,primavera,0,24.384201077199283,557
A09,primavera,1,19.159784560143628,557
A09,primavera,2,15.02692998204668,557
A09,primavera,3,11.500897666068223,557
A09,primavera,4,13.664272890484739,557
A09,primavera,5,19.84201077199282,557
A09,primavera,6,23.33213644524237,557
A09,primavera,7,18.084532374100718,556
A09,primavera,8,15.668468468468468,555
A09,primavera,9,15.610810810810811,555
A09,primavera,10,15.431159420289855,552
A09,primavera,11,14.978181818181818,550
A09,primavera,12,14.276173285198556,554
A09,primavera,13,13.820143884892087,556
A09,primavera,14,15.575539568345324,556
A09,primavera,15,18.25045045045045,555
A09,primavera,16,24.028880866425993,554
A09,primavera,17,37.59279279279279,555
A09,primavera,18,58.40501792114696,558
A09,primavera,19,64.00179533213644,557
A09,primavera,20,60.76798561151079,556
A09,primavera,21,54.45421903052065,557
A09,primavera,22,42.67985611510792,556
A09,primavera,23,33.77158273381295,556
A09,verano,0,6.685288640595903,537
A09,verano,1,5.5,536
A09,verano,2,4.636871508379889,537
A09,verano,3,5.687732342007435,538
A09,verano,4,6.057728119180633,537
A09,verano,5,6.102230483271375,538
A09,verano,6,7.0092936802973975,538
A09,verano,7,9.171641791044776,536
A09,verano,8,9.131970260223047,538
A09,verano,9,9.521495327102803,535
A09,verano,10,7.946096654275093,538
A09,verano,11,8.409345794392523,535
A09,verano,12,7.00374531835206,534
A09,verano,13,6.650943396226415,530
A09,verano,14,7.169811320754717,530
A09,verano,15,6.517890772128061,531
A09,verano,16,7.209039548022599,531
A09,verano,17,8.5,534
A09,verano,18,10.487804878048781,533
A09,verano,19,14.400375939849624,532
A09,verano,20,15.679702048417132,537
A09,verano,21,12.798882681564246,537
A09,verano,22,10.360074626865671,536
A09,verano,23,8.259328358208956,536
AA2,invierno,0,76.09420289855072,276
AA2,invierno,1,62.92391304347826,276
AA2,invierno,2,45.028985507246375,276
AA2,invierno,3,35.119565217391305,276
AA2,invierno,4,28.86231884057971,276
AA2,invierno,5,28.869565217391305,276
AA2,invierno,6,37.833333333333336,276
AA2,invierno,7,47.64855072463768,276
AA2,invierno,8,51.13768115942029,276
AA2,invierno,9,42.81884057971015,276
AA2,invierno,10,36.01459854014598,274
AA2,invierno,11,30.068840579710145,276
AA2,invierno,12,25.28937728937729,273
AA2,invierno,13,25.863970588235293,272
AA2,invierno,14,25.562962962962963,270
AA2,invierno,15,31.43223443223443,273
AA2,invierno,16,58.76923076923077,273
AA2,invierno,17,110.94545454545455,275
AA2,invierno,18,138.82417582417582,273
AA2,invierno,19,145.54379562043795,274
AA2,invierno,20,145.57818181818183,275
AA2,invierno,21,142.28363636363636,275
AA2,invierno,22,119.80072463768116,276
AA2,invierno,23,94.85507246376811,276
AA2,otoño,0,51.849624060150376,266
AA2,otoño,1,39.49248120300752,266
AA2,otoño,2,29.6203007518797,266
AA2,otoño,3,21.409774436090224,266
AA2,otoño,4,19.154135338345863,266
AA2,otoño,5,22.962406015037594,266
AA2,otoño,6,29.473684210526315,266
AA2,otoño,7,32.72830188679245,265
AA2,otoño,8,31.00754716981132,265
AA2,otoño,9,25.879245283018868,265
AA2,otoño,10,21.278625954198475,262
AA2,otoño,11,17.973180076628353,261
AA2,otoño,12,14.717557251908397,262
AA2,otoño,13,12.312977099236642,262
AA2,otoño,14,12.755725190839694,262
AA2,otoño,15,15.281368821292777,263
AA2,otoño,16,30.57358490566038,265
AA2,otoño,17,64.95454545454545,264
AA2,otoño,18,92.19622641509434,265
AA2,otoño,19,91.6377358490566,265
AA2,otoño,20,94.40449438202248,267
AA2,otoño,21,78.28089887640449,267
AA2,otoño,22,77.5692883895131,267
AA2,otoño,23,62.70411985018727,267
AA2,primavera,0,31.385416666666668,192
AA2,primavera,1,23.328125,192
AA2,primavera,2,14.942708333333334,192
AA2,primavera,3,11.161458333333334,192
AA2,primavera,4,12.157894736842104,190
AA2,primavera,5,18.542105263157893,190
AA2,primavera,6,20.194736842105264,190
AA2,primavera,7,17.841269841269842,189
AA2,primavera,8,15.26842105263158,190
AA2,primavera,9,10.347368421052632,190
AA2,primavera,10,7.876344086021505,186
AA2,primavera,11,6.855614973262032,187
AA2,primavera,12,6.5212765957446805,188
AA2,primavera,13,6.7712765957446805,188
AA2,primavera,14,6.329787234042553,188
AA2,primavera,15,7.126315789473685,190
AA2,primavera,16,9.573684210526316,190
AA2,primavera,17,17.82198952879581,191
AA2,primavera,18,31.645833333333332,192
AA2,primavera,19,39.21465968586387,191
AA2,primavera,20,45.010416666666664,192
AA2,primavera,21,46.90625,192
AA2,primavera,22,45.246073298429316,191
AA2,primavera,23,40.324607329842934,191
AA2,verano,0,5.016666666666667,180
AA2,verano,1,4.377777777777778,180
AA2,verano,2,4.25,180
AA2,verano,3,4.066666666666666,180
AA2,verano,4,4.811111111111111,180
AA2,verano,5,6.605555555555555,180
AA2,verano,6,5.655555555555556,180
AA2,verano,7,5.111111111111111,180
AA2,verano,8,4.516666666666667,180
AA2,verano,9,4.292134831460674,178
AA2,verano,10,3.741573033707865,178
AA2,verano,11,3.2865168539325844,178
AA2,verano,12,3.353932584269663,178
AA2,verano,13,3.2333333333333334,180
AA2,verano,14,3.1284916201117317,179
AA2,verano,15,3.135593220338983,177
AA2,verano,16,3.634831460674157,178
AA2,verano,17,4.631284916201118,179
AA2,verano,18,6.324022346368715,179
AA2,verano,19,8.29050279329609,179
AA2,verano,20,8.35195530726257,179
AA2,verano,21,7.944134078212291,179
AA2,verano,22,6.9222222222222225,180
AA2,verano,23,5.677777777777778,180
B03,invierno,0,102.53190708171206,1285
B03,invierno,1,82.37141832554516,1284
B03,invierno,2,66.3757461340608,1283
B03,invierno,3,55.508524805295956,1284
B03,invierno,4,48.5927773364486,1284
B03,invierno,5,58.99988927570093,1284
B03,invierno,6,88.30546130943102,1283
B03,invierno,7,113.76086263445052,1283
B03,invierno,8,104.92469483971854,1279
B03,invierno,9,75.81184642129993,1277
B03,invierno,10,58.28318295862608,1281
B03,invierno,11,48.09480770132917,1279
B03,invierno,12,43.73689342745098,1275
B03,invierno,13,45.23972870689655,1276
B03,invierno,14,48.32506179527559,1270
B03,invierno,15,59.57086684952978,1276
B03,invierno,16,94.35730211930927,1274
B03,invierno,17,134.814660390625,1280
B03,invierno,18,160.2832270735524,1278
B03,invierno,19,167.37676871294852,1282
B03,invierno,20,165.4701593457944,1284
B03,invierno,21,155.89083200155764,1284
B03,invierno,22,143.0906012305296,1284
B03,invierno,23,122.09587826459145,1285
B03,otoño,0,63.37891847233048,1283
B03,otoño,1,49.46279833982853,1283
B03,otoño,2,38.22671250974279,1283
B03,otoño,3,31.149275490654208,1284
B03,otoño,4,30.153656897895555,1283
B03,otoño,5,45.007947287607166,1283
B03,otoño,6,67.83781328916602,1283
B03,otoño,7,70.91829988290398,1281
B03,otoño,8,51.36407672670321,1277
B03,otoño,9,33.94869720784314,1275
B03,otoño,10,25.789255970149252,1273
B03,otoño,11,21.76995194006309,1268
B03,otoño,12,19.769267206923683,1271
B03,otoño,13,19.458785346456693,1270
B03,otoño,14,21.656999487785658,1269
B03,otoño,15,27.063816269716085,1268
B03,otoño,16,46.31639113654302,1267
B03,otoño,17,76.41670375981161,1274
B03,otoño,18,101.29898607505864,1279
B03,otoño,19,105.868317109375,1280
B03,otoño,20,101.30166861934478,1282
B03,otoño,21,97.87516496492596,1283
B03,otoño,22,89.28557086381323,1285
B03,otoño,23,77.13885547155105,1283
B03,primavera,0,32.43399217244294,1183
B03,primavera,1,25.373271301775148,1183
B03,primavera,2,20.546501847457627,1180
B03,primavera,3,18.12153462774958,1182
B03,primavera,4,21.688906426756986,1181
B03,primavera,5,35.739758103302286,1181
B03,primavera,6,38.16912585448392,1182
B03,primavera,7,26.253516463104326,1179
B03,primavera,8,19.47061881255301,1179
B03,primavera,9,14.762604271099745,1173
B03,primavera,10,13.211798365957446,1175
B03,primavera,11,12.689034351535836,1172
B03,primavera,12,11.427215996592844,1174
B03,primavera,13,10.237583028229256,1169
B03,primavera,14,10.632749554413024,1167
B03,primavera,15,13.662598772532188,1165
B03,primavera,16,18.95572137339056,1165
B03,primavera,17,28.87115817717206,1174
B03,primavera,18,43.16353114213198,1182
B03,primavera,19,51.26780406435224,1181
B03,primavera,20,53.193978892645816,1183
B03,primavera,21,49.366853009298396,1183
B03,primavera,22,42.67122631133672,1182
B03,primavera,23,37.029217275803724,1182
B03,verano,0,8.326979999999999,1165
B03,verano,1,7.454109656946827,1166
B03,verano,2,6.201080240137221,1166
B03,verano,3,5.816241280068728,1164
B03,verano,4,6.227774625967326,1163
B03,verano,5,8.834602369098713,1165
B03,verano,6,9.071342172413793,1160
B03,verano,7,7.195158933791917,1163
B03,verano,8,5.997159224137931,1160
B03,verano,9,5.913130763226365,1153
B03,verano,10,5.013678275563258,1154
B03,verano,11,4.399528385146805,1158
B03,verano,12,4.1583465918895595,1159
B03,verano,13,3.9852729299913574,1157
B03,verano,14,4.0510963307493535,1161
B03,verano,15,4.284078052173913,1150
B03,verano,16,5.155499385281385,1155
B03,verano,17,6.039290880829015,1158
B03,verano,18,8.113794729613733,1165
B03,verano,19,11.915308750000001,1168
B03,verano,20,14.32337476068376,1170
B03,verano,21,12.625665235243797,1169
B03,verano,22,11.025576997433703,1169
B03,verano,23,10.634017579127459,1169
B04,invierno,0,91.95756830379747,1185
B04,invierno,1,71.74205592405063,1185
B04,invierno,2,57.11900631445477,1183
B04,invierno,3,47.59759610126582,1185
B04,invierno,4,45.9722442278481,1185
B04,invierno,5,59.647644745762705,1180
B04,invierno,6,90.20657792196778,1179
B04,invierno,7,114.30966119148937,1175
B04,invierno,8,101.97028283772302,1177
B04,invierno,9,76.87043044217687,1176
B04,invierno,10,63.66647955706985,1174
B04,invierno,11,56.30492894378194,1174
B04,invierno,12,52.442008118049614,1169
B04,invierno,13,51.36840764655905,1177
B04,invierno,14,54.8512705982906,1170
B04,invierno,15,64.74029617346939,1176
B04,invierno,16,98.16843864406779,1180
B04,invierno,17,135.83203477891155,1176
B04,invierno,18,153.9516937341236,1181
B04,invierno,19,161.07582882502115,1183
B04,invierno,20,163.31714642978002,1182
B04,invierno,21,152.49175524534687,1182
B04,invierno,22,136.20032668918918,1184
B04,invierno,23,112.1213679426644,1186
B04,otoño,0,52.122055340622374,1189
B04,otoño,1,41.043288233809925,1189
B04,otoño,2,30.824677320977255,1187
B04,otoño,3,26.078515383319292,1187
B04,otoño,4,27.140372786195286,1188
B04,otoño,5,45.50639282224094,1187
B04,otoño,6,65.39444372681281,1186
B04,otoño,7,67.56626475506756,1184
B04,otoño,8,52.69019300509338,1178
B04,otoño,9,38.3118202874049,1183
B04,otoño,10,31.143749287531804,1179
B04,otoño,11,26.36622549702634,1177
B04,otoño,12,24.338076740050802,1181
B04,otoño,13,23.522155894826124,1179
B04,otoño,14,25.56046892006803,1176
B04,otoño,15,30.960525736170215,1175
B04,otoño,16,47.11571919354839,1178
B04,otoño,17,76.69355222504231,1182
B04,otoño,18,98.35970302286198,1181
B04,otoño,19,104.578308493266,1188
B04,otoño,20,99.65885557142857,1190
B04,otoño,21,93.20272410924369,1190
B04,otoño,22,82.0755371236333,1189
B04,otoño,23,67.75318072390571,1188
B04,primavera,0,30.161643594936706,1185
B04,primavera,1,23.23044535021097,1185
B04,primavera,2,17.866093338968724,1183
B04,primavera,3,15.700473291139241,1185
B04,primavera,4,22.3867134092827,1185
B04,primavera,5,41.93137281487743,1183
B04,primavera,6,41.68530035472973,1184
B04,primavera,7,29.912046838983052,1180
B04,primavera,8,24.159618666100254,1177
B04,primavera,9,20.909447344680853,1175
B04,primavera,10,18.53023631802721,1176
B04,primavera,11,16.36917048676345,1171
B04,primavera,12,15.098072310315432,1173
B04,primavera,13,15.355753480851064,1175
B04,primavera,14,15.824187455166525,1171
B04,primavera,15,17.3607480529462,1171
B04,primavera,16,22.418293517417162,1177
B04,primavera,17,33.067908752122236,1178
B04,primavera,18,47.30256386960203,1181
B04,primavera,19,59.08914902027027,1184
B04,primavera,20,59.76910281487743,1183
B04,primavera,21,52.87141439393939,1188
B04,primavera,22,44.70106924050633,1185
B04,primavera,23,36.615968835443034,1185
B04,verano,0,7.384091026518391,1169
B04,verano,1,5.729915342465754,1168
B04,verano,2,4.882178827054794,1168
B04,verano,3,4.692036855184233,1167
B04,verano,4,7.47558969072165,1164
B04,verano,5,12.244841696813094,1161
B04,verano,6,11.06104591222031,1162
B04,verano,7,9.99480383290267,1161
B04,verano,8,9.362589578313253,1162
B04,verano,9,8.546037598967297,1162
B04,verano,10,7.945471324675324,1155
B04,verano,11,7.186340883116883,1155
B04,verano,12,6.596764822817632,1157
B04,verano,13,6.512167545375972,1157
B04,verano,14,6.901036623488774,1158
B04,verano,15,6.793771630340018,1147
B04,verano,16,7.566876802426343,1154
B04,verano,17,8.908415683391004,1156
B04,verano,18,11.54445807062877,1161
B04,verano,19,15.909076388650044,1163
B04,verano,20,17.770713857388316,1164
B04,verano,21,15.109746709511569,1167
B04,verano,22,11.957995770547946,1168
B04,verano,23,9.444459648370497,1166
B05,invierno,0,37.84140435835351,826
B05,invierno,1,26.443636363636365,825
B05,invierno,2,19.148730350665055,827
B05,invierno,3,14.863361547762999,827
B05,invierno,4,13.717049576783555,827
B05,invierno,5,17.804347826086957,828
B05,invierno,6,26.516949152542374,826
B05,invierno,7,39.495747266099634,823
B05,invierno,8,45.18712029161604,823
B05,invierno,9,34.67481662591687,818
B05,invierno,10,26.941463414634146,820
B05,invierno,11,23.179926560587514,817
B05,invierno,12,23.07985257985258,814
B05,invierno,13,22.324754901960784,816
B05,invierno,14,24.546341463414635,820
B05,invierno,15,39.319951338199516,822
B05,invierno,16,59.11786148238153,823
B05,invierno,17,72.51648351648352,819
B05,invierno,18,79.17982989064399,823
B05,invierno,19,79.96246973365618,826
B05,invierno,20,76.92,825
B05,invierno,21,69.87167070217917,826
B05,invierno,22,59.43651753325272,827
B05,invierno,23,47.213851761846904,823
B05,otoño,0,22.567295597484275,795
B05,otoño,1,16.395964691046657,793
B05,otoño,2,12.022784810126582,790
B05,otoño,3,9.770491803278688,793
B05,otoño,4,9.628930817610064,795
B05,otoño,5,14.554993678887485,791
B05,otoño,6,22.34980988593156,789
B05,otoño,7,27.958174904942965,789
B05,otoño,8,25.238216560509553,785
B05,otoño,9,19.17005076142132,788
B05,otoño,10,15.416879795396419,782
B05,otoño,11,13.445582586427657,781
B05,otoño,12,13.026751592356687,785
B05,otoño,13,11.908513341804321,787
B05,otoño,14,13.37913486005089,786
B05,otoño,15,20.236340533672173,787
B05,otoño,16,28.841168996188056,787
B05,otoño,17,40.32572877059569,789
B05,otoño,18,49.14448669201521,789
B05,otoño,19,52.515113350125944,794
B05,otoño,20,52.58060453400504,794
B05,otoño,21,49.0654911838791,794
B05,otoño,22,39.26792452830189,795
B05,otoño,23,30.812105926860024,793
B05,primavera,0,14.39119170984456,772
B05,primavera,1,11.296774193548387,775
B05,primavera,2,8.805447470817121,771
B05,primavera,3,7.487710219922381,773
B05,primavera,4,9.128072445019406,773
B05,primavera,5,15.025906735751295,772
B05,primavera,6,18.94954721862872,773
B05,primavera,7,15.080624187256177,769
B05,primavera,8,10.634114583333334,768
B05,primavera,9,8.546284224250327,767
B05,primavera,10,7.81913499344692,763
B05,primavera,11,7.072463768115942,759
B05,primavera,12,6.689790575916231,764
B05,primavera,13,6.927178153446034,769
B05,primavera,14,7.591623036649215,764
B05,primavera,15,8.859375,768
B05,primavera,16,11.892067620286086,769
B05,primavera,17,17.22366710013004,769
B05,primavera,18,25.406779661016948,767
B05,primavera,19,33.69987063389392,773
B05,primavera,20,35.065891472868216,774
B05,primavera,21,31.425064599483203,774
B05,primavera,22,25.66364812419146,773
B05,primavera,23,19.454663212435232,772
B05,verano,0,5.596662030598053,719
B05,verano,1,4.566481994459834,722
B05,verano,2,3.9239280774550482,723
B05,verano,3,3.639502762430939,724
B05,verano,4,4.349514563106796,721
B05,verano,5,6.0305980528511824,719
B05,verano,6,6.406380027739251,721
B05,verano,7,5.594182825484765,722
B05,verano,8,4.6882758620689655,725
B05,verano,9,4.22268326417704,723
B05,verano,10,3.8601108033241,722
B05,verano,11,3.61997226074896,721
B05,verano,12,3.565459610027855,718
B05,verano,13,3.661111111111111,720
B05,verano,14,3.9540389972144845,718
B05,verano,15,4.080779944289693,718
B05,verano,16,4.6481223922114046,719
B05,verano,17,5.55463347164592,723
B05,verano,18,7.327323162274618,721
B05,verano,19,9.671703296703297,728
B05,verano,20,10.31456043956044,728
B05,verano,21,9.776859504132231,726
B05,verano,22,8.217150760719225,723
B05,verano,23,7.200553250345782,723
B06,invierno,0,117.10021321961621,469
B06,invierno,1,99.72978723404255,470
B06,invierno,2,84.863539445629,469
B06,invierno,3,73.02777777777777,468
B06,invierno,4,65.26709401709402,468
B06,invierno,5,77.71734475374733,467
B06,invierno,6,110.6258064516129,465
B06,invierno,7,142.10470085470087,468
B06,invierno,8,147.46351931330472,466
B06,invierno,9,107.04496788008565,467
B06,invierno,10,66.49356223175965,466
B06,invierno,11,43.13852813852814,462
B06,invierno,12,33.86937901498929,467
B06,invierno,13,32.791044776119406,469
B06,invierno,14,35.68589743589744,468
B06,invierno,15,44.7038626609442,466
B06,invierno,16,65.33690987124463,466
B06,invierno,17,86.98715203426124,467
B06,invierno,18,103.5468085106383,470
B06,invierno,19,121.12951167728238,471
B06,invierno,20,134.0764331210191,471
B06,invierno,21,138.6191489361702,470
B06,invierno,22,139.43617021276594,470
B06,invierno,23,131.7867803837953,469
B06,otoño,0,63.913366336633665,404
B06,otoño,1,54.86486486486486,407
B06,otoño,2,45.83870967741935,403
B06,otoño,3,38.027027027027025,407
B06,otoño,4,35.386138613861384,404
B06,otoño,5,47.5935960591133,406
B06,otoño,6,70.42326732673267,404
B06,otoño,7,84.53448275862068,406
B06,otoño,8,70.74937965260546,403
B06,otoño,9,41.069651741293534,402
B06,otoño,10,22.58,400
B06,otoño,11,15.775818639798489,397
B06,otoño,12,13.792307692307693,390
B06,otoño,13,14.151133501259446,397
B06,otoño,14,12.926952141057935,397
B06,otoño,15,16.869017632241814,397
B06,otoño,16,28.328358208955223,402
B06,otoño,17,47.07462686567164,402
B06,otoño,18,61.51960784313726,408
B06,otoño,19,73.64691358024692,405
B06,otoño,20,77.38083538083538,407
B06,otoño,21,79.70588235294117,408
B06,otoño,22,81.11330049261083,406
B06,otoño,23,72.51358024691358,405
B06,primavera,0,28.695774647887323,355
B06,primavera,1,24.595441595441596,351
B06,primavera,2,21.427350427350426,351
B06,primavera,3,19.552706552706553,351
B06,primavera,4,23.51675977653631,358
B06,primavera,5,44.16,350
B06,primavera,6,59.98324022346369,358
B06,primavera,7,45.9943661971831,355
B06,primavera,8,24.974647887323943,355
B06,primavera,9,15.560344827586206,348
B06,primavera,10,13.08831908831909,351
B06,primavera,11,11.818965517241379,348
B06,primavera,12,12.557184750733137,341
B06,primavera,13,11.592485549132949,346
B06,primavera,14,12.079881656804734,338
B06,primavera,15,9.271386430678467,339
B06,primavera,16,10.154727793696274,349
B06,primavera,17,13.953488372093023,344
B06,primavera,18,24.00864553314121,347
B06,primavera,19,31.5,348
B06,primavera,20,36.94017094017094,351
B06,primavera,21,38.163841807909606,354
B06,primavera,22,37.03893557422969,357
B06,primavera,23,32.601694915254235,354
B06,verano,0,5.6011080332409975,361
B06,verano,1,5.066115702479339,363
B06,verano,2,4.450980392156863,357
B06,verano,3,3.9488636363636362,352
B06,verano,4,5.90633608815427,363
B06,verano,5,9.746397694524497,347
B06,verano,6,13.03825136612022,366
B06,verano,7,10.315068493150685,365
B06,verano,8,7.925,360
B06,verano,9,6.517045454545454,352
B06,verano,10,6.72316384180791,354
B06,verano,11,4.997142857142857,350
B06,verano,12,5.296511627906977,344
B06,verano,13,4.601769911504425,339
B06,verano,14,4.128358208955224,335
B06,verano,15,3.6572237960339944,353
B06,verano,16,3.391304347826087,345
B06,verano,17,3.409221902017291,347
B06,verano,18,3.810198300283286,353
B06,verano,19,5.545205479452055,365
B06,verano,20,7.472375690607735,362
B06,verano,21,7.35792349726776,366
B06,verano,22,7.136111111111111,360
B06,verano,23,6.645429362880886,361
C05,invierno,0,4.806615169880624,1089
C05,invierno,1,4.241988053016453,1094
C05,invierno,2,3.5917142582417583,1092
C05,invierno,3,3.4274144098810613,1093
C05,invierno,4,3.5435435096241976,1091
C05,invierno,5,3.5034496892138938,1094
C05,invierno,6,3.5659434032846717,1096
C05,invierno,7,4.276018390064398,1087
C05,invierno,8,5.00930495378928,1082
C05,invierno,9,5.4557571269694165,1079
C05,invierno,10,5.315499035580524,1068
C05,invierno,11,5.482329226415094,1060
C05,invierno,12,5.3661221735074625,1072
C05,invierno,13,5.086847678737233,1077
C05,invierno,14,5.33574158186864,1081
C05,invierno,15,6.155454092592592,1080
C05,invierno,16,7.818167576036867,1085
C05,invierno,17,8.542114825367648,1088
C05,invierno,18,8.483922188644689,1092
C05,invierno,19,8.400905064456722,1086
C05,invierno,20,7.976131888175986,1091
C05,invierno,21,7.140434483074108,1093
C05,invierno,22,6.165931955922865,1089
C05,invierno,23,5.3550095604395604,1092
C05,otoño,0,4.281093353552859,1154
C05,otoño,1,3.784810970537262,1154
C05,otoño,2,3.3517052818733735,1153
C05,otoño,3,3.1889271788194447,1152
C05,otoño,4,3.4923706719022687,1146
C05,otoño,5,3.6207808318890815,1154
C05,otoño,6,3.9866517085862965,1153
C05,otoño,7,4.475563318853171,1151
C05,otoño,8,5.077961593695272,1142
C05,otoño,9,5.16986577601411,1134
C05,otoño,10,4.803197370272647,1137
C05,otoño,11,4.467503213028168,1136
C05,otoño,12,4.547965467372134,1134
C05,otoño,13,4.384838244073749,1139
C05,otoño,14,4.3552422251308895,1146
C05,otoño,15,4.6837958326068,1147
C05,otoño,16,5.844293979057592,1146
C05,otoño,17,6.8285839164490865,1149
C05,otoño,18,7.124249366319445,1152
C05,otoño,19,7.289753356401383,1156
C05,otoño,20,7.090432569204152,1156
C05,otoño,21,6.372112732003469,1153
C05,otoño,22,5.414798164502164,1155
C05,otoño,23,4.589665129533679,1158
C05,primavera,0,4.507842347740668,1018
C05,primavera,1,4.024052037218413,1021
C05,primavera,2,3.533239617647059,1020
C05,primavera,3,3.2323650392156864,1020
C05,primavera,4,3.3914787956564663,1013
C05,primavera,5,3.325305157790927,1014
C05,primavera,6,3.3561400098716683,1013
C05,primavera,7,3.4685045094152627,1009
C05,primavera,8,3.7194141800000002,1000
C05,primavera,9,3.82214535,1000
C05,primavera,10,3.885093828514457,1003
C05,primavera,11,3.7941473710317464,1008
C05,primavera,12,3.962179391217565,1002
C05,primavera,13,4.083612093718844,1003
C05,primavera,14,4.264220169491525,1003
C05,primavera,15,4.323071928429424,1006
C05,primavera,16,4.881610941526263,1009
C05,primavera,17,5.210120843253968,1008
C05,primavera,18,5.803811235177866,1012
C05,primavera,19,6.204634950690336,1014
C05,primavera,20,6.399772713864307,1017
C05,primavera,21,5.949321894013739,1019
C05,primavera,22,5.123117043222004,1018
C05,primavera,23,4.609798690944882,1016
C05,verano,0,4.128818809980806,1042
C05,verano,1,3.7208898853868195,1047
C05,verano,2,3.3008523026315792,1064
C05,verano,3,3.1002358584905663,1060
C05,verano,4,3.2177956736242885,1054
C05,verano,5,3.130421284230406,1059
C05,verano,6,3.076425384615385,1053
C05,verano,7,3.15692383665717,1053
C05,verano,8,3.521031741626794,1045
C05,verano,9,3.687570466222645,1051
C05,verano,10,3.829966920152091,1052
C05,verano,11,4.017403723809523,1050
C05,verano,12,4.289127345385348,1051
C05,verano,13,4.2303182425979,1047
C05,verano,14,4.157276146527117,1051
C05,verano,15,4.277153142857143,1050
C05,verano,16,4.509563247863248,1053
C05,verano,17,4.486308968779565,1057
C05,verano,18,4.6064236045411535,1057
C05,verano,19,4.838591454202077,1059
C05,verano,20,5.2154117485822304,1058
C05,verano,21,5.184225629139073,1057
C05,verano,22,4.596370945179585,1058
C05,verano,23,4.257624126074499,1047
D11,invierno,0,38.770732007999996,1250
D11,invierno,1,36.10116052083333,1248
D11,invierno,2,34.48516320769848,1247
D11,invierno,3,33.657651378205124,1248
D11,invierno,4,34.03449385108087,1249
D11,invierno,5,37.04674042732372,1248
D11,invierno,6,40.294470400641025,1248
D11,invierno,7,41.80001190705128,1248
D11,invierno,8,42.30289191659984,1247
D11,invierno,9,42.396117270991134,1241
D11,invierno,10,41.375799809332264,1243
D11,invierno,11,39.632351668009676,1241
D11,invierno,12,36.816571697747385,1243
D11,invierno,13,34.245658092948716,1248
D11,invierno,14,32.388509004815404,1246
D11,invierno,15,30.97393719591018,1247
D11,invierno,16,32.85026638664,1250
D11,invierno,17,38.3605551198083,1252
D11,invierno,18,41.88625404780876,1255
D11,invierno,19,43.35177300079745,1254
D11,invierno,20,43.978086047808766,1255
D11,invierno,21,44.290237203187246,1255
D11,invierno,22,43.72414796650718,1254
D11,invierno,23,41.79596160135891,1251
D11,otoño,0,27.169310120068612,1166
D11,otoño,1,26.33404746781116,1165
D11,otoño,2,25.56271342783505,1164
D11,otoño,3,25.714131872852235,1164
D11,otoño,4,27.685638487972508,1164
D11,otoño,5,31.25028672398968,1163
D11,otoño,6,34.806532212692964,1166
D11,otoño,7,36.98257237521515,1162
D11,otoño,8,37.36370172711571,1158
D11,otoño,9,37.70532048192771,1162
D11,otoño,10,35.55972906735751,1158
D11,otoño,11,33.2725516838488,1164
D11,otoño,12,30.599295904639177,1164
D11,otoño,13,28.301946608658007,1155
D11,otoño,14,25.00409353189655,1160
D11,otoño,15,24.12456881443299,1164
D11,otoño,16,24.295409039349874,1169
D11,otoño,17,26.908339820666097,1171
D11,otoño,18,28.715092997438084,1171
D11,otoño,19,29.003418461538462,1170
D11,otoño,20,29.874466097352688,1171
D11,otoño,21,29.792236729452053,1168
D11,otoño,22,29.17715359589041,1168
D11,otoño,23,28.636485702054795,1168
D11,primavera,0,17.052495746127367,1162
D11,primavera,1,16.702586198275863,1160
D11,primavera,2,16.83735977566868,1159
D11,primavera,3,17.64814748492679,1161
D11,primavera,4,19.904083425366697,1159
D11,primavera,5,22.891572752372735,1159
D11,primavera,6,24.99755223661485,1158
D11,primavera,7,26.10107649137931,1160
D11,primavera,8,25.636198816925734,1158
D11,primavera,9,24.876876802426345,1154
D11,primavera,10,23.85586348353553,1154
D11,primavera,11,21.95508462673611,1152
D11,primavera,12,19.900334161149825,1148
D11,primavera,13,18.149350409783548,1155
D11,primavera,14,16.92973704506066,1154
D11,primavera,15,16.14317529336207,1160
D11,primavera,16,15.481600807560138,1164
D11,primavera,17,15.251505918244405,1162
D11,primavera,18,16.42590204725086,1164
D11,primavera,19,17.00788178271711,1163
D11,primavera,20,17.29507040412726,1163
D11,primavera,21,17.543961592082617,1162
D11,primavera,22,17.467727891566266,1162
D11,primavera,23,17.561081869078382,1161
D11,verano,0,15.521548038698329,1137
D11,verano,1,15.827312440528633,1135
D11,verano,2,16.22587521624007,1133
D11,verano,3,16.861381364038973,1129
D11,verano,4,18.891570318866254,1129
D11,verano,5,22.006115260831123,1131
D11,verano,6,24.15332996463307,1131
D11,verano,7,25.570744549469964,1132
D11,verano,8,25.654049390997354,1133
D11,verano,9,25.157634055944058,1144
D11,verano,10,23.866214374453193,1143
D11,verano,11,21.931402331881532,1148
D11,verano,12,19.502107131647776,1147
D11,verano,13,18.51347850782609,1150
D11,verano,14,17.718015839860747,1149
D11,verano,15,17.55326104347826,1150
D11,verano,16,17.44026957428323,1151
D11,verano,17,17.521418756076386,1152
D11,verano,18,17.819927582608695,1150
D11,verano,19,17.506600182767624,1149
D11,verano,20,16.735362313043478,1150
D11,verano,21,16.16899580786026,1145
D11,verano,22,15.857163649122809,1140
D11,verano,23,15.710827552816902,1136
D12,invierno,0,40.889316066369894,2471
D12,invierno,1,34.57238172260413,2473
D12,invierno,2,29.815736245954692,2472
D12,invierno,3,26.958316471064347,2471
D12,invierno,4,25.835153721682847,2472
D12,invierno,5,28.27114528530959,2471
D12,invierno,6,34.83279352226721,2470
D12,invierno,7,40.8504048582996,2470
D12,invierno,8,40.09590429845904,2466
D12,invierno,9,37.30544272948822,2462
D12,invierno,10,36.37851037851038,2457
D12,invierno,11,35.9276101141925,2452
D12,invierno,12,35.657305657305656,2457
D12,invierno,13,34.2982062780269,2453
D12,invierno,14,32.97881010594947,2454
D12,invierno,15,32.42263843648208,2456
D12,invierno,16,36.03541076487252,2471
D12,invierno,17,46.20226079935406,2477
D12,invierno,18,56.063434343434345,2475
D12,invierno,19,60.92383838383839,2475
D12,invierno,20,62.13430420711974,2472
D12,invierno,21,59.71084581141238,2471
D12,invierno,22,54.68388011340624,2469
D12,invierno,23,48.16443904414743,2469
D12,otoño,0,30.318900915903413,2402
D12,otoño,1,26.664238134887594,2402
D12,otoño,2,24.52079866888519,2404
D12,otoño,3,23.477454242928452,2404
D12,otoño,4,24.628589263420725,2403
D12,otoño,5,30.13503953391594,2403
D12,otoño,6,37.558052434456926,2403
D12,otoño,7,39.35964181591004,2401
D12,otoño,8,37.1321503131524,2395
D12,otoño,9,35.62489522212908,2386
D12,otoño,10,35.21536523929471,2382
D12,otoño,11,33.96364018495166,2379
D12,otoño,12,31.308823529411764,2380
D12,otoño,13,28.0893760539629,2372
D12,otoño,14,26.067226890756302,2380
D12,otoño,15,24.344820384294067,2394
D12,otoño,16,26.345833333333335,2400
D12,otoño,17,31.882867861609004,2399
D12,otoño,18,37.98459616985845,2402
D12,otoño,19,42.631382316313825,2409
D12,otoño,20,44.8936877076412,2408
D12,otoño,21,43.84468438538206,2408
D12,otoño,22,40.259143807148796,2406
D12,otoño,23,35.67693588676103,2402
D12,primavera,0,19.204918032786885,2318
D12,primavera,1,17.36124298662063,2317
D12,primavera,2,16.396246764452115,2318
D12,primavera,3,16.787128712871286,2323
D12,primavera,4,19.322150537634407,2325
D12,primavera,5,23.983669961323592,2327
D12,primavera,6,26.454388984509468,2324
D12,primavera,7,25.268203360620422,2321
D12,primavera,8,24.496986655187257,2323
D12,primavera,9,24.489637305699482,2316
D12,primavera,10,24.406426400347375,2303
D12,primavera,11,22.824706394084384,2299
D12,primavera,12,19.87913043478261,2300
D12,primavera,13,17.60608695652174,2300
D12,primavera,14,16.38474870017331,2308
D12,primavera,15,15.27521551724138,2320
D12,primavera,16,14.963241616509029,2326
D12,primavera,17,15.972079037800688,2328
D12,primavera,18,18.456989247311828,2325
D12,primavera,19,21.60051657339647,2323
D12,primavera,20,24.10112359550562,2314
D12,primavera,21,25.11070349589987,2317
D12,primavera,22,23.86453839516825,2318
D12,primavera,23,21.911777394305435,2318
D12,verano,0,18.062421449518222,2387
D12,verano,1,17.230833682446587,2387
D12,verano,2,17.027242246437552,2386
D12,verano,3,17.777358490566037,2385
D12,verano,4,21.15373322147651,2384
D12,verano,5,25.85489290214196,2381
D12,verano,6,27.56533613445378,2380
D12,verano,7,26.992851135407907,2378
D12,verano,8,26.81720930232558,2365
D12,verano,9,26.54700168918919,2368
D12,verano,10,25.32308018667798,2357
D12,verano,11,22.439432443879713,2361
D12,verano,12,19.431530008453084,2366
D12,verano,13,17.941909590198563,2367
D12,verano,14,17.44409282700422,2370
D12,verano,15,17.461424957841484,2372
D12,verano,16,17.088062211013032,2379
D12,verano,17,16.60621326616289,2382
D12,verano,18,16.796132828919713,2379
D12,verano,19,17.74056208053691,2384
D12,verano,20,19.476729559748428,2385
D12,verano,21,20.485750209555743,2386
D12,verano,22,20.382451721242653,2382
D12,verano,23,19.48238993710692,2385
D13,invierno,0,19.150142520358308,2456
D13,invierno,1,16.84467534637327,2454
D13,invierno,2,15.26300599022005,2454
D13,invierno,3,14.055861165444172,2454
D13,invierno,4,13.56839784114053,2455
D13,invierno,5,14.595524327628363,2454
D13,invierno,6,17.74197932300163,2452
D13,invierno,7,21.41251868625051,2451
D13,invierno,8,23.33973312908497,2448
D13,invierno,9,24.83843676942047,2433
D13,invierno,10,26.37479338842975,2420
D13,invierno,11,28.717536963530875,2413
D13,invierno,12,31.155012837726524,2428
D13,invierno,13,34.18086925392197,2435
D13,invierno,14,36.25685632419157,2443
D13,invierno,15,37.45198201879853,2447
D13,invierno,16,37.83090168635438,2455
D13,invierno,17,37.99633848657445,2458
D13,invierno,18,37.699729545638945,2465
D13,invierno,19,36.09334820544052,2463
D13,invierno,20,33.34666935824533,2462
D13,invierno,21,29.7782296055307,2459
D13,invierno,22,25.85787904800651,2458
D13,invierno,23,22.440325865580448,2455
D13,otoño,0,19.689017541052632,2375
D13,otoño,1,18.062526315789473,2375
D13,otoño,2,17.051346801346803,2376
D13,otoño,3,16.505473684210525,2375
D13,otoño,4,16.508642495784148,2372
D13,otoño,5,18.447912273302403,2371
D13,otoño,6,22.48396624472574,2370
D13,otoño,7,25.125633445945947,2368
D13,otoño,8,26.358583707151926,2363
D13,otoño,9,27.96704931972789,2352
D13,otoño,10,30.07537988922028,2347
D13,otoño,11,31.818324777967547,2342
D13,otoño,12,32.66321667392232,2343
D13,otoño,13,32.598253089049855,2347
D13,otoño,14,31.86295040271301,2359
D13,otoño,15,30.0702154626109,2367
D13,otoño,16,29.227087717894733,2375
D13,otoño,17,28.833333333193277,2380
D13,otoño,18,29.496607889215273,2383
D13,otoño,19,29.481808001679262,2382
D13,otoño,20,28.363477410826693,2383
D13,otoño,21,26.586098278034438,2381
D13,otoño,22,24.234033613445376,2380
D13,otoño,23,21.885039313395115,2374
D13,primavera,0,13.699443969204449,2338
D13,primavera,1,12.918376068376068,2340
D13,primavera,2,12.543376068376068,2340
D13,primavera,3,12.572801024765157,2342
D13,primavera,4,13.63455788124733,2341
D13,primavera,5,16.39474807856533,2342
D13,primavera,6,18.66702263989748,2341
D13,primavera,7,19.884942084942086,2331
D13,primavera,8,21.042285143715144,2331
D13,primavera,9,22.67854786913474,2323
D13,primavera,10,23.5912125,2312
D13,primavera,11,23.561963409680207,2314
D13,primavera,12,23.70018701337937,2317
D13,primavera,13,22.028120941684666,2315
D13,primavera,14,20.09384944516129,2325
D13,primavera,15,18.22473487532244,2326
D13,primavera,16,16.724243073393318,2334
D13,primavera,17,16.354122092426188,2337
D13,primavera,18,16.714590443686006,2344
D13,primavera,19,17.317534870623398,2342
D13,primavera,20,17.448334756618276,2342
D13,primavera,21,16.78800170794193,2342
D13,primavera,22,15.790419161676647,2338
D13,primavera,23,14.938382541720154,2337
D13,verano,0,13.986324786324786,2340
D13,verano,1,13.639375801624626,2339
D13,verano,2,13.677502138579984,2338
D13,verano,3,13.924540401881146,2339
D13,verano,4,15.626230209670517,2337
D13,verano,5,18.348198970840482,2332
D13,verano,6,20.72281678082192,2336
D13,verano,7,22.695064377682403,2330
D13,verano,8,24.27268817204301,2325
D13,verano,9,26.019430051813472,2316
D13,verano,10,26.627444633304574,2318
D13,verano,11,25.973198970840482,2332
D13,verano,12,24.130967710120068,2332
D13,verano,13,21.486416554549372,2319
D13,verano,14,19.66001867184131,2319
D13,verano,15,18.535274301675976,2327
D13,verano,16,17.689419799957136,2333
D13,verano,17,16.95968775320787,2338
D13,verano,18,16.998071979434446,2334
D13,verano,19,17.261130136986303,2336
D13,verano,20,16.65674518201285,2335
D13,verano,21,15.952054794520548,2336
D13,verano,22,15.151242502142246,2334
D13,verano,23,14.826272999572101,2337
D14,invierno,0,52.05524979625102,2454
D14,invierno,1,47.69095646147575,2453
D14,invierno,2,43.271632775510206,2450
D14,invierno,3,39.607881150550796,2451
D14,invierno,4,37.11313886623165,2452
D14,invierno,5,37.322763580750404,2452
D14,invierno,6,41.98089979608483,2452
D14,invierno,7,48.83447121891561,2453
D14,invierno,8,50.11446411092985,2452
D14,invierno,9,47.04749750409165,2444
D14,invierno,10,43.46917901605599,2429
D14,invierno,11,39.278460967609675,2439
D14,invierno,12,34.70668078372854,2446
D14,invierno,13,31.883585960671855,2441
D14,invierno,14,30.53779504707327,2443
D14,invierno,15,29.70348440179665,2449
D14,invierno,16,31.33972004076641,2453
D14,invierno,17,34.75098306074044,2458
D14,invierno,18,39.6979547460382,2461
D14,invierno,19,44.563193988627134,2462
D14,invierno,20,49.12772818218788,2459
D14,invierno,21,52.840822529483525,2459
D14,invierno,22,54.65295859120522,2456
D14,invierno,23,54.33873046843177,2455
D14,otoño,0,33.528486394557824,2352
D14,otoño,1,32.28668651637601,2351
D14,otoño,2,30.68748225531915,2350
D14,otoño,3,29.536839863713798,2348
D14,otoño,4,29.80217206132879,2348
D14,otoño,5,33.24017326521924,2349
D14,otoño,6,39.79417185501066,2345
D14,otoño,7,43.94997866894198,2344
D14,otoño,8,42.73062112633833,2335
D14,otoño,9,39.500860585197934,2324
D14,otoño,10,35.900114904351575,2321
D14,otoño,11,32.01101566094421,2330
D14,otoño,12,28.31557018532934,2338
D14,otoño,13,25.694908577549274,2334
D14,otoño,14,23.878677530848332,2334
D14,otoño,15,23.291763477701544,2332
D14,otoño,16,24.345664520255863,2345
D14,otoño,17,26.922400820229495,2353
D14,otoño,18,29.1297477182398,2352
D14,otoño,19,30.074376932880202,2354
D14,otoño,20,31.297073791348602,2358
D14,otoño,21,32.85326547921968,2358
D14,otoño,22,34.44968152866242,2355
D14,otoño,23,34.78410539736507,2353
D14,primavera,0,18.95468906936665,2321
D14,primavera,1,19.121172919361793,2319
D14,primavera,2,19.24260376273158,2321
D14,primavera,3,19.64532125916343,2319
D14,primavera,4,21.542025862068964,2320
D14,primavera,5,25.96148531951641,2316
D14,primavera,6,29.066105354058724,2316
D14,primavera,7,28.004815618221258,2305
D14,primavera,8,26.438501040763228,2306
D14,primavera,9,24.649927518695655,2300
D14,primavera,10,23.13147583804963,2297
D14,primavera,11,20.613201089799475,2294
D14,primavera,12,18.274272012168623,2301
D14,primavera,13,16.564642953165656,2306
D14,primavera,14,15.679874324090122,2308
D14,primavera,15,15.321189104161247,2307
D14,primavera,16,15.311439473684212,2318
D14,primavera,17,15.462519762828807,2319
D14,primavera,18,15.958914568965517,2320
D14,primavera,19,15.699145851421187,2322
D14,primavera,20,15.985560344827586,2320
D14,primavera,21,16.69521138912856,2318
D14,primavera,22,17.838793103448275,2320
D14,primavera,23,18.46959896507115,2319
D14,verano,0,15.217022246408357,2297
D14,verano,1,15.77689455574913,2296
D14,verano,2,16.512267726480836,2296
D14,verano,3,17.312762877666522,2297
D14,verano,4,20.17729174630113,2298
D14,verano,5,25.732331954723552,2297
D14,verano,6,29.03879677419355,2294
D14,verano,7,27.359606812227074,2290
D14,verano,8,25.958406173380034,2284
D14,verano,9,24.46956790393013,2290
D14,verano,10,22.776630415573052,2286
D14,verano,11,20.256830961588825,2291
D14,verano,12,18.01406049629952,2297
D14,verano,13,17.5048581452246,2293
D14,verano,14,17.428583877995642,2295
D14,verano,15,17.06758815411406,2297
D14,verano,16,16.857818939130436,2300
D14,verano,17,16.583258333333333,2304
D14,verano,18,16.727985608695654,2300
D14,verano,19,15.953598955158903,2297
D14,verano,20,15.017697486933798,2296
D14,verano,21,14.837833911149827,2296
D14,verano,22,15.253556851045298,2296
D14,verano,23,15.187744928167174,2297
D15,invierno,0,62.26243676222597,2372
D15,invierno,1,58.26024694221848,2371
D15,invierno,2,54.519611978068326,2371
D15,invierno,3,51.5522986081822,2371
D15,invierno,4,50.19223205520438,2373
D15,invierno,5,51.08220722128378,2368
D15,invierno,6,54.87663709336713,2367
D15,invierno,7,56.21715251373046,2367
D15,invierno,8,48.61987315010571,2365
D15,invierno,9,39.29265620441051,2358
D15,invierno,10,34.31281833616299,2356
D15,invierno,11,29.322456067176873,2352
D15,invierno,12,26.34698522482935,2344
D15,invierno,13,24.745877753944566,2345
D15,invierno,14,24.169151064735946,2348
D15,invierno,15,25.552734098172547,2353
D15,invierno,16,30.673932326963904,2355
D15,invierno,17,39.24291754756871,2365
D15,invierno,18,47.999788762146174,2367
D15,invierno,19,56.53226486714466,2371
D15,invierno,20,62.48818565400844,2370
D15,invierno,21,65.02273365709459,2368
D15,invierno,22,65.99641047297297,2368
D15,invierno,23,64.89400337837837,2368
D15,otoño,0,36.87782979899497,2388
D15,otoño,1,35.483474819933,2388
D15,otoño,2,34.977279062761504,2390
D15,otoño,3,34.95694914190038,2389
D15,otoño,4,36.920500483897946,2391
D15,otoño,5,42.02307263069845,2391
D15,otoño,6,47.49972093763081,2389
D15,otoño,7,45.49270658291457,2388
D15,otoño,8,38.4127850020982,2383
D15,otoño,9,33.06148867032503,2369
D15,otoño,10,29.397305649597968,2363
D15,otoño,11,25.744729728353143,2356
D15,otoño,12,23.151825998307952,2364
D15,otoño,13,21.21552965206229,2376
D15,otoño,14,20.308834778511354,2378
D15,otoño,15,20.838231358490567,2385
D15,otoño,16,23.16620743741639,2392
D15,otoño,17,27.145737559548685,2393
D15,otoño,18,31.132379565580617,2394
D15,otoño,19,34.58451783026756,2392
D15,otoño,20,37.28433623903051,2393
D15,otoño,21,38.57867083924844,2395
D15,otoño,22,39.337200384615386,2392
D15,otoño,23,38.83950487447699,2390
D15,primavera,0,16.877886323268207,2252
D15,primavera,1,16.693247445579743,2251
D15,primavera,2,17.176156583629894,2248
D15,primavera,3,18.461726746773476,2247
D15,primavera,4,21.88056049822064,2248
D15,primavera,5,26.11888888888889,2250
D15,primavera,6,26.299556541019957,2255
D15,primavera,7,23.06237946906987,2247
D15,primavera,8,20.83370386838595,2249
D15,primavera,9,19.130867513368983,2244
D15,primavera,10,17.877284881854656,2243
D15,primavera,11,16.29989552171966,2233
D15,primavera,12,14.91375579937304,2233
D15,primavera,13,13.970288561802768,2241
D15,primavera,14,13.447307748014278,2241
D15,primavera,15,13.154655987544484,2248
D15,primavera,16,13.45654419358123,2259
D15,primavera,17,14.672892718832891,2262
D15,primavera,18,16.150176366843034,2268
D15,primavera,19,17.30919133893062,2263
D15,primavera,20,17.82846392208942,2259
D15,primavera,21,17.7884019477645,2259
D15,primavera,22,17.665913120567378,2256
D15,primavera,23,17.00066548358474,2254
D15,verano,0,14.24138655462185,2380
D15,verano,1,14.015756302521009,2380
D15,verano,2,14.661561057490559,2383
D15,verano,3,16.10805707091901,2383
D15,verano,4,19.499160369437448,2382
D15,verano,5,23.64909701805964,2381
D15,verano,6,24.329626521191773,2383
D15,verano,7,22.481066330814443,2382
D15,verano,8,21.472047078604454,2379
D15,verano,9,20.738240661331087,2374
D15,verano,10,18.89448669201521,2367
D15,verano,11,16.544134221658204,2364
D15,verano,12,15.542899408284024,2366
D15,verano,13,15.424460431654676,2363
D15,verano,14,15.54775478462838,2368
D15,verano,15,15.51952521281079,2373
D15,verano,16,15.484638047138047,2376
D15,verano,17,15.877731092436974,2380
D15,verano,18,16.65994962216625,2382
D15,verano,19,17.145079899074855,2378
D15,verano,20,16.93247791333614,2377
D15,verano,21,16.110086105263157,2375
D15,verano,22,15.419578947368421,2375
D15,verano,23,14.849579831932774,2380
D16,invierno,0,60.18543956043956,728
D16,invierno,1,55.597661623108664,727
D16,invierno,2,51.39903846153846,728
D16,invierno,3,47.785419532324624,727
D16,invierno,4,44.79614325068871,726
D16,invierno,5,44.02620689655173,725
D16,invierno,6,47.49792817679558,724
D16,invierno,7,55.37845303867403,724
D16,invierno,8,56.72965517241379,725
D16,invierno,9,49.06198347107438,726
D16,invierno,10,41.403047091412745,722
D16,invierno,11,34.5326842837274,719
D16,invierno,12,29.565277777777776,720
D16,invierno,13,27.521587743732592,718
D16,invierno,14,26.02354570637119,722
D16,invierno,15,26.430248618784532,724
D16,invierno,16,28.76210235131397,723
D16,invierno,17,34.56224066390042,723
D16,invierno,18,39.34159779614325,726
D16,invierno,19,43.997241379310346,725
D16,invierno,20,51.53305785123967,726
D16,invierno,21,57.556396148555706,727
D16,invierno,22,61.20123626373626,728
D16,invierno,23,61.73076923076923,728
D16,otoño,0,34.71417012482663,721
D16,otoño,1,34.12002313888889,720
D16,otoño,2,32.62396121883656,722
D16,otoño,3,31.749653259362,721
D16,otoño,4,31.974341192787794,721
D16,otoño,5,36.20456652294854,719
D16,otoño,6,43.475,720
D16,otoño,7,48.33182869444445,720
D16,otoño,8,44.47562674094708,718
D16,otoño,9,37.943356643356644,715
D16,otoño,10,33.25558659217877,716
D16,otoño,11,28.912004615384614,715
D16,otoño,12,25.586243002793296,716
D16,otoño,13,23.15686273109244,714
D16,otoño,14,21.827004219409282,711
D16,otoño,15,21.43314763231198,718
D16,otoño,16,22.091352859135284,717
D16,otoño,17,24.71866295264624,718
D16,otoño,18,26.56603987465181,718
D16,otoño,19,28.359990681502083,719
D16,otoño,20,30.352199069444445,720
D16,otoño,21,32.99804056708161,723
D16,otoño,22,34.254501426592796,722
D16,otoño,23,35.141505083102494,722
D16,primavera,0,19.071646341463413,656
D16,primavera,1,19.138719512195124,656
D16,primavera,2,19.42606707317073,656
D16,primavera,3,19.674772036474163,658
D16,primavera,4,21.29787234042553,658
D16,primavera,5,26.56838905775076,658
D16,primavera,6,30.9558599695586,657
D16,primavera,7,29.70565749235474,654
D16,primavera,8,26.52373660030628,653
D16,primavera,9,24.505359877488516,653
D16,primavera,10,22.489953632148378,647
D16,primavera,11,19.90580847723705,637
D16,primavera,12,17.864420062695924,638
D16,primavera,13,16.57433489827856,639
D16,primavera,14,15.70859375,640
D16,primavera,15,14.983024691358025,648
D16,primavera,16,14.785824345146379,649
D16,primavera,17,15.344427244582043,646
D16,primavera,18,16.57341576506955,647
D16,primavera,19,16.934715821812595,651
D16,primavera,20,17.533690658499236,653
D16,primavera,21,17.26186830015314,653
D16,primavera,22,18.14877300613497,652
D16,primavera,23,18.642201834862384,654
D16,verano,0,15.247740963855422,664
D16,verano,1,15.327300150829563,663
D16,verano,2,15.378582202111614,663
D16,verano,3,16.09441087613293,662
D16,verano,4,18.60030165912519,663
D16,verano,5,24.45550527903469,663
D16,verano,6,28.11689291101056,663
D16,verano,7,25.448640483383684,662
D16,verano,8,23.587878787878786,660
D16,verano,9,22.794385432473444,659
D16,verano,10,21.581060606060607,660
D16,verano,11,19.240853658536587,656
D16,verano,12,18.27029096477795,653
D16,verano,13,17.829787234042552,658
D16,verano,14,17.970992366412215,655
D16,verano,15,17.382753403933435,661
D16,verano,16,17.365151515151513,660
D16,verano,17,17.546898638426626,661
D16,verano,18,17.38846737481032,659
D16,verano,19,17.29500756429652,661
D16,verano,20,16.512801204819276,664
D16,verano,21,15.749246987951807,664
D16,verano,22,15.51737160120846,662
D16,verano,23,15.405873493975903,664
D17,invierno,0,58.80711008298001,1651
D17,invierno,1,51.06566508376741,1651
D17,invierno,2,44.36285876438522,1651
D17,invierno,3,39.38565511939394,1650
D17,invierno,4,36.32064015794903,1648
D17,invierno,5,37.3148251779733,1648
D17,invierno,6,42.27992008505468,1646
D17,invierno,7,49.587883173543695,1648
D17,invierno,8,46.250149526123934,1646
D17,invierno,9,40.98634832928311,1646
D17,invierno,10,39.73446846772229,1642
D17,invierno,11,38.029167715332925,1637
D17,invierno,12,34.643988952410005,1639
D17,invierno,13,31.336074773308958,1641
D17,invierno,14,28.728697630694278,1642
D17,invierno,15,27.93987922052535,1637
D17,invierno,16,30.562740164333537,1643
D17,invierno,17,37.63390493026076,1649
D17,invierno,18,50.218035124317765,1649
D17,invierno,19,63.08424124924196,1649
D17,invierno,20,70.8590032261977,1649
D17,invierno,21,72.03404796004843,1652
D17,invierno,22,70.40261635593221,1652
D17,invierno,23,66.35493345850999,1651
D17,otoño,0,37.85756142857143,1491
D17,otoño,1,34.83126339597315,1490
D17,otoño,2,31.782039641773004,1489
D17,otoño,3,30.040351195433175,1489
D17,otoño,4,29.782322734006733,1485
D17,otoño,5,32.92041575554063,1489
D17,otoño,6,40.29999211021505,1488
D17,otoño,7,41.82052942048517,1484
D17,otoño,8,36.86260030955585,1486
D17,otoño,9,35.06913367139959,1479
D17,otoño,10,33.72475728870859,1479
D17,otoño,11,31.067690366644158,1481
D17,otoño,12,27.12466063685637,1476
D17,otoño,13,23.875116445799456,1476
D17,otoño,14,22.02552915531335,1468
D17,otoño,15,21.41385474358974,1482
D17,otoño,16,22.55943553391538,1489
D17,otoño,17,25.26112922818792,1490
D17,otoño,18,30.96884711208054,1490
D17,otoño,19,36.99753619879114,1489
D17,otoño,20,41.10123049194631,1490
D17,otoño,21,43.14003399932931,1491
D17,otoño,22,43.208949952956985,1488
D17,otoño,23,41.419898747488276,1493
D17,primavera,0,22.318685662251653,1510
D17,primavera,1,21.188981497680583,1509
D17,primavera,2,20.655400616302188,1509
D17,primavera,3,20.36313411258278,1510
D17,primavera,4,21.46841013245033,1510
D17,primavera,5,25.625375145888594,1508
D17,primavera,6,27.02535820410868,1509
D17,primavera,7,24.858404266755144,1507
D17,primavera,8,23.88242651193634,1508
D17,primavera,9,23.591572019933555,1505
D17,primavera,10,22.22400521220159,1508
D17,primavera,11,19.38430894896873,1503
D17,primavera,12,16.8705169063249,1502
D17,primavera,13,15.39136744680851,1504
D17,primavera,14,14.491339798405317,1505
D17,primavera,15,14.235428726869621,1511
D17,primavera,16,14.249072655629138,1510
D17,primavera,17,14.218495236615995,1513
D17,primavera,18,15.158746276933245,1513
D17,primavera,19,16.968907370860926,1510
D17,primavera,20,19.27882660702452,1509
D17,primavera,21,21.02877206096753,1509
D17,primavera,22,22.551612798408488,1508
D17,primavera,23,22.62928015241882,1509
D17,verano,0,18.210871801324505,1510
D17,verano,1,18.552235292164674,1506
D17,verano,2,19.030876401062418,1506
D17,verano,3,19.642163086092715,1510
D17,verano,4,21.669322463479414,1506
D17,verano,5,25.45235677290837,1506
D17,verano,6,25.935399734748007,1508
D17,verano,7,24.061779654255318,1504
D17,verano,8,23.87877768666667,1500
D17,verano,9,23.585499755333334,1500
D17,verano,10,21.591004216556293,1510
D17,verano,11,18.96791885638298,1504
D17,verano,12,16.840924210970744,1504
D17,verano,13,16.256123424849697,1497
D17,verano,14,16.1758084548495,1495
D17,verano,15,15.98027784,1500
D17,verano,16,15.894150110596028,1510
D17,verano,17,15.20183611811546,1507
D17,verano,18,14.719878205980068,1505
D17,verano,19,14.854014238190286,1503
D17,verano,20,15.440476299003322,1505
D17,verano,21,16.298045062955598,1509
D17,verano,22,17.197115179045092,1508
D17,verano,23,18.148749026490066,1510
D18,invierno,0,68.376531213341,1739
D18,invierno,1,64.38507381579552,1741
D18,invierno,2,59.83314088695402,1740
D18,invierno,3,56.137433513513514,1739
D18,invierno,4,53.384721097701146,1740
D18,invierno,5,52.90945738505747,1740
D18,invierno,6,55.27369485163887,1739
D18,invierno,7,58.44106167144502,1737
D18,invierno,8,53.11810114335061,1737
D18,invierno,9,44.88894170506912,1736
D18,invierno,10,38.76133703532137,1727
D18,invierno,11,33.603683089855075,1725
D18,invierno,12,30.131438804267592,1734
D18,invierno,13,27.71313864475202,1734
D18,invierno,14,26.26313333139401,1736
D18,invierno,15,25.78691379625576,1736
D18,invierno,16,28.639958989240505,1738
D18,invierno,17,37.74932752131336,1736
D18,invierno,18,49.64930847525891,1738
D18,invierno,19,59.88592377803336,1739
D18,invierno,20,67.49437066091954,1740
D18,invierno,21,71.72564514367816,1740
D18,invierno,22,73.08479130384836,1741
D18,invierno,23,72.76718488925476,1731
D18,otoño,0,35.04917764920828,1642
D18,otoño,1,33.75795150426829,1640
D18,otoño,2,32.69065020121951,1640
D18,otoño,3,32.09883070731707,1640
D18,otoño,4,33.01872695493301,1642
D18,otoño,5,36.51197674786845,1642
D18,otoño,6,41.99817109280926,1641
D18,otoño,7,42.743855368677636,1641
D18,otoño,8,37.968546108374085,1636
D18,otoño,9,33.25442196319018,1630
D18,otoño,10,29.699116216882317,1623
D18,otoño,11,26.552121569839308,1618
D18,otoño,12,23.65977347117284,1620
D18,otoño,13,21.62939528457742,1621
D18,otoño,14,19.771409360786723,1627
D18,otoño,15,19.23607682374541,1634
D18,otoño,16,19.95262019092017,1641
D18,otoño,17,23.91484174574209,1644
D18,otoño,18,28.541336755934267,1643
D18,otoño,19,32.265551872340424,1645
D18,otoño,20,35.35316646200608,1645
D18,otoño,21,37.208712498480246,1645
D18,otoño,22,37.88794210334346,1645
D18,otoño,23,38.198254072259644,1633
D18,primavera,0,17.79810818404908,1630
D18,primavera,1,17.380539534313726,1632
D18,primavera,2,17.5194423759951,1633
D18,primavera,3,18.236221414574402,1633
D18,primavera,4,20.095171873851807,1633
D18,primavera,5,23.946143776009794,1634
D18,primavera,6,25.6538650122399,1634
D18,primavera,7,23.332923034398032,1628
D18,primavera,8,20.879958871165645,1630
D18,primavera,9,19.499948531038722,1627
D18,primavera,10,18.347581845679013,1620
D18,primavera,11,17.035640830769232,1625
D18,primavera,12,15.320430041332513,1621
D18,primavera,13,13.94691362530864,1620
D18,primavera,14,13.073862831689272,1622
D18,primavera,15,12.665948623384615,1625
D18,primavera,16,12.393447632578075,1633
D18,primavera,17,12.928760918554808,1633
D18,primavera,18,14.882373925290876,1633
D18,primavera,19,16.28628912538226,1635
D18,primavera,20,17.548164678899084,1635
D18,primavera,21,17.94600930391917,1633
D18,primavera,22,18.117462973635806,1631
D18,primavera,23,18.523245294117647,1615
D18,verano,0,13.764209925046847,1601
D18,verano,1,13.393339476309226,1604
D18,verano,2,13.553030230386053,1606
D18,verano,3,13.944427104607723,1606
D18,verano,4,15.633457758405976,1606
D18,verano,5,19.41225310280374,1605
D18,verano,6,21.503270841121495,1605
D18,verano,7,20.60351793275218,1606
D18,verano,8,19.5919575436409,1604
D18,verano,9,18.892098663335418,1601
D18,verano,10,17.87408913179263,1601
D18,verano,11,16.32247981590482,1597
D18,verano,12,15.244566394984325,1595
D18,verano,13,14.534831290571967,1591
D18,verano,14,14.526166549180328,1586
D18,verano,15,14.601910111460956,1588
D18,verano,16,14.745098035043805,1598
D18,verano,17,14.7991360131168,1601
D18,verano,18,15.22735793254216,1601
D18,verano,19,15.755045711610487,1602
D18,verano,20,15.699677666874608,1603
D18,verano,21,15.246672938240799,1603
D18,verano,22,14.743861860174782,1602
D18,verano,23,14.52296664159292,1582
D27,invierno,0,35.02405742142026,1718
D27,invierno,1,30.439802974388826,1718
D27,invierno,2,27.05463378126818,1719
D27,invierno,3,24.845646346713206,1719
D27,invierno,4,23.98028333158508,1716
D27,invierno,5,25.545573381654048,1717
D27,invierno,6,29.524266715375653,1717
D27,invierno,7,33.93172003496503,1716
D27,invierno,8,32.17462938228438,1716
D27,invierno,9,30.769787294632437,1714
D27,invierno,10,30.881239902567096,1714
D27,invierno,11,30.5094851566258,1713
D27,invierno,12,29.954482280643276,1710
D27,invierno,13,28.360397506297375,1715
D27,invierno,14,26.68262456169965,1718
D27,invierno,15,25.896706672494172,1716
D27,invierno,16,27.86792964729808,1721
D27,invierno,17,34.74041756097561,1722
D27,invierno,18,41.329576720930234,1720
D27,invierno,19,45.59880239976757,1721
D27,invierno,20,47.770117200116346,1719
D27,invierno,21,47.25094282722513,1719
D27,invierno,22,44.108839511627906,1720
D27,invierno,23,39.55699293364377,1718
D27,otoño,0,25.05293686383241,1623
D27,otoño,1,22.40532623152709,1624
D27,otoño,2,20.935202322858903,1623
D27,otoño,3,20.298294204685575,1622
D27,otoño,4,21.070951479654745,1622
D27,otoño,5,25.09903227918468,1619
D27,otoño,6,30.9779805259901,1616
D27,otoño,7,31.377736369268895,1614
D27,otoño,8,29.057775625774475,1614
D27,otoño,9,28.910268185758515,1615
D27,otoño,10,29.49019912881145,1607
D27,otoño,11,28.65842648818408,1608
D27,otoño,12,26.271156587833644,1611
D27,otoño,13,23.447242145071293,1613
D27,otoño,14,21.461641811414392,1612
D27,otoño,15,20.551942040690502,1622
D27,otoño,16,21.25884993861265,1629
D27,otoño,17,24.900705850214855,1629
D27,otoño,18,28.659291063306696,1627
D27,otoño,19,31.75040995694957,1626
D27,otoño,20,33.2173934029484,1628
D27,otoño,21,32.69043208358943,1627
D27,otoño,22,30.786490276752765,1626
D27,otoño,23,27.83194946494465,1626
D27,primavera,0,17.796982903834067,1591
D27,primavera,1,16.450502702702703,1591
D27,primavera,2,15.646920339409178,1591
D27,primavera,3,15.218625700817096,1591
D27,primavera,4,16.59055229755179,1593
D27,primavera,5,20.37034105527638,1592
D27,primavera,6,22.293892620993088,1591
D27,primavera,7,21.47885127833753,1588
D27,primavera,8,21.019234522012578,1590
D27,primavera,9,21.828190258186396,1588
D27,primavera,10,21.29776898989899,1584
D27,primavera,11,19.546752656546488,1581
D27,primavera,12,17.46296294191919,1584
D27,primavera,13,15.89650596580114,1579
D27,primavera,14,15.00764251315623,1581
D27,primavera,15,14.453219888797987,1589
D27,primavera,16,13.906557733060968,1591
D27,primavera,17,14.050774478643216,1592
D27,primavera,18,16.010573618090454,1592
D27,primavera,19,18.555241569365975,1593
D27,primavera,20,20.261030414052698,1594
D27,primavera,21,21.16656150753769,1592
D27,primavera,22,20.236599474434673,1592
D27,primavera,23,18.957024353015075,1592
D27,verano,0,17.165628798256538,1606
D27,verano,1,16.630026961007463,1608
D27,verano,2,16.267298564325667,1609
D27,verano,3,16.18426502484472,1610
D27,verano,4,17.464130409937887,1610
D27,verano,5,20.611922560596646,1609
D27,verano,6,21.794072067039103,1611
D27,verano,7,21.47275736482287,1609
D27,verano,8,22.318036363636363,1606
D27,verano,9,23.257481296758105,1604
D27,verano,10,22.512312842892765,1604
D27,verano,11,19.450627725856698,1605
D27,verano,12,18.32023282800998,1603
D27,verano,13,17.226724744389028,1604
D27,verano,14,16.49033660660848,1604
D27,verano,15,16.13576021157436,1607
D27,verano,16,15.368603662709756,1609
D27,verano,17,14.954296101428572,1610
D27,verano,18,15.405124198757765,1610
D27,verano,19,16.38059001863354,1610
D27,verano,20,17.638802548166563,1609
D27,verano,21,17.999637826086957,1610
D27,verano,22,17.99771972636816,1608
D27,verano,23,17.469041599253266,1607
D28,invierno,0,44.56384316153374,1630
D28,invierno,1,41.55105454656863,1632
D28,invierno,2,38.99553555214724,1630
D28,invierno,3,37.338444873190184,1630
D28,invierno,4,36.15440099711302,1628
D28,invierno,5,36.32752748771499,1628
D28,invierno,6,37.812850363076926,1625
D28,invierno,7,42.950409109723076,1625
D28,invierno,8,43.057828509852214,1624
D28,invierno,9,40.32657431633907,1628
D28,invierno,10,35.593060375615764,1624
D28,invierno,11,31.09701696205412,1626
D28,invierno,12,26.841171605123456,1620
D28,invierno,13,23.636435920653515,1622
D28,invierno,14,22.25100884647713,1618
D28,invierno,15,21.383867079654745,1622
D28,invierno,16,22.150562759864783,1627
D28,invierno,17,26.173887994468345,1627
D28,invierno,18,36.19587892226994,1630
D28,invierno,19,44.421572723926374,1630
D28,invierno,20,50.207524218271,1631
D28,invierno,21,52.04906117321867,1628
D28,invierno,22,50.290608023666465,1631
D28,invierno,23,47.23340245248313,1631
D28,otoño,0,24.4419653056922,1423
D28,otoño,1,23.762663453511237,1424
D28,otoño,2,23.002405887323942,1420
D28,otoño,3,22.86278705344585,1422
D28,otoño,4,23.992974403800144,1421
D28,otoño,5,25.40210817378777,1423
D28,otoño,6,28.36763806039326,1424
D28,otoño,7,31.27224561026723,1422
D28,otoño,8,30.195988716361075,1418
D28,otoño,9,28.09588296973962,1421
D28,otoño,10,25.127797307279156,1415
D28,otoño,11,22.061328121448863,1408
D28,otoño,12,19.395800849043233,1411
D28,otoño,13,17.671891243475176,1410
D28,otoño,14,16.595029615871887,1405
D28,otoño,15,16.555523576487253,1412
D28,otoño,16,15.847762094204947,1415
D28,otoño,17,17.211800138908576,1411
D28,otoño,18,21.442741270824524,1419
D28,otoño,19,24.245557452180027,1422
D28,otoño,20,26.389798308503163,1423
D28,otoño,21,27.101697113623594,1424
D28,otoño,22,27.593314516129034,1426
D28,otoño,23,25.7853872745098,1428
D28,primavera,0,12.907040620080592,1489
D28,primavera,1,12.834462173038228,1491
D28,primavera,2,12.76434152917505,1491
D28,primavera,3,13.259995370619945,1484
D28,primavera,4,14.33883995954147,1483
D28,primavera,5,16.244384454177897,1484
D28,primavera,6,18.261896195286194,1485
D28,primavera,7,17.64366802968961,1482
D28,primavera,8,16.045239434841324,1481
D28,primavera,9,15.17296844024308,1481
D28,primavera,10,14.060528927905406,1480
D28,primavera,11,12.606896398705723,1468
D28,primavera,12,11.85771651120163,1473
D28,primavera,13,11.069802864809782,1472
D28,primavera,14,10.614249913750852,1469
D28,primavera,15,10.191751450847457,1475
D28,primavera,16,10.019369256756756,1480
D28,primavera,17,9.939833416531714,1482
D28,primavera,18,10.451538681469001,1484
D28,primavera,19,11.619970755428184,1483
D28,primavera,20,12.433816599190283,1482
D28,primavera,21,12.753142471380473,1485
D28,primavera,22,12.65430109838275,1484
D28,primavera,23,12.472222026936027,1485
D28,verano,0,11.032853209876544,1458
D28,verano,1,11.189102111034956,1459
D28,verano,2,11.684031139327384,1457
D28,verano,3,12.23072880740233,1459
D28,verano,4,13.148912445054945,1456
D28,verano,5,14.823969807692308,1456
D28,verano,6,16.079907131091282,1457
D28,verano,7,15.530349814814814,1458
D28,verano,8,14.975464521679283,1453
D28,verano,9,15.083436551961459,1453
D28,verano,10,14.529244341833218,1451
D28,verano,11,13.804310045392022,1454
D28,verano,12,14.461848766943293,1446
D28,verano,13,13.32322956401384,1445
D28,verano,14,13.254625202076125,1445
D28,verano,15,12.956512284232364,1446
D28,verano,16,12.54667585231194,1449
D28,verano,17,12.408677235213206,1454
D28,verano,18,12.16815988973122,1451
D28,verano,19,12.264875214979195,1442
D28,verano,20,13.089337743271223,1449
D28,verano,21,12.369718134893324,1453
D28,verano,22,11.735298183687458,1459
D28,verano,23,10.739098205479452,1460
D29,invierno,0,49.547507788161994,642
D29,invierno,1,44.86604361370716,642
D29,invierno,2,41.71461897356143,643
D29,invierno,3,39.48289269051322,643
D29,invierno,4,39.45412130637636,643
D29,invierno,5,41.41213063763608,643
D29,invierno,6,43.95723172628305,643
D29,invierno,7,47.98211508553655,643
D29,invierno,8,42.89797507788162,642
D29,invierno,9,36.011700468018724,641
D29,invierno,10,32.05259026687598,637
D29,invierno,11,28.766141732283465,635
D29,invierno,12,25.27602523659306,634
D29,invierno,13,22.9826224328594,633
D29,invierno,14,22.4,635
D29,invierno,15,22.984301412872842,637
D29,invierno,16,25.79921875,640
D29,invierno,17,34.30078125,640
D29,invierno,18,42.5890625,640
D29,invierno,19,49.18330733229329,641
D29,invierno,20,53.17807153965786,643
D29,invierno,21,53.61490683229814,644
D29,invierno,22,53.84549689440994,644
D29,invierno,23,51.8592534992224,643
D29,otoño,0,34.1937134502924,684
D29,otoño,1,33.545918367346935,686
D29,otoño,2,33.29300291545189,686
D29,otoño,3,33.69533527696793,686
D29,otoño,4,35.32725947521866,686
D29,otoño,5,39.1698250728863,686
D29,otoño,6,43.17935578330893,683
D29,otoño,7,42.78143274853801,684
D29,otoño,8,37.21669106881406,683
D29,otoño,9,32.96114369501466,682
D29,otoño,10,29.47787610619469,678
D29,otoño,11,26.517937219730943,669
D29,otoño,12,23.43993993993994,666
D29,otoño,13,21.08045112781955,665
D29,otoño,14,19.764179104477613,670
D29,otoño,15,19.688235294117646,680
D29,otoño,16,20.941997063142438,681
D29,otoño,17,23.26466275659824,682
D29,otoño,18,26.455344070278183,683
D29,otoño,19,29.662773722627737,685
D29,otoño,20,32.21751824817518,685
D29,otoño,21,34.4203216374269,684
D29,otoño,22,35.65547445255474,685
D29,otoño,23,35.88427947598253,687
D29,primavera,0,18.203852327447834,623
D29,primavera,1,18.27287319422151,623
D29,primavera,2,18.291666666666668,624
D29,primavera,3,19.5848,625
D29,primavera,4,21.372,625
D29,primavera,5,24.680511182108628,626
D29,primavera,6,25.819488817891372,626
D29,primavera,7,23.3928,625
D29,primavera,8,20.446485623003195,626
D29,primavera,9,19.13738019169329,626
D29,primavera,10,17.67628205128205,624
D29,primavera,11,15.704692556634305,618
D29,primavera,12,14.443181818181818,616
D29,primavera,13,13.663430420711974,618
D29,primavera,14,14.314814814814815,621
D29,primavera,15,13.530497592295346,623
D29,primavera,16,13.380191693290735,626
D29,primavera,17,13.381180223285487,627
D29,primavera,18,14.083865814696486,626
D29,primavera,19,16.02955271565495,626
D29,primavera,20,17.0384,625
D29,primavera,21,17.808,625
D29,primavera,22,18.297124600638977,626
D29,primavera,23,18.0592,625
D29,verano,0,15.524853801169591,684
D29,verano,1,16.048905109489052,685
D29,verano,2,16.792397660818715,684
D29,verano,3,19.040263543191802,683
D29,verano,4,21.480994152046783,684
D29,verano,5,24.973684210526315,684
D29,verano,6,27.371156661786237,683
D29,verano,7,25.85777126099707,682
D29,verano,8,22.95876288659794,679
D29,verano,9,21.716176470588234,680
D29,verano,10,20.498522895125554,677
D29,verano,11,18.522091310751104,679
D29,verano,12,17.972754050073636,679
D29,verano,13,18.37684365781711,678
D29,verano,14,18.24041297935103,678
D29,verano,15,18.268833087149186,677
D29,verano,16,17.303964757709252,681
D29,verano,17,17.10483870967742,682
D29,verano,18,16.691800878477306,683
D29,verano,19,16.80058651026393,682
D29,verano,20,16.433479532163744,684
D29,verano,21,15.945668135095447,681
D29,verano,22,15.555800293685756,681
D29,verano,23,15.341142020497804,683
D30,invierno,0,44.91577341658341,1001
D30,invierno,1,44.01813233532934,1002
D30,invierno,2,42.16366745273632,1005
D30,invierno,3,40.66756947316104,1006
D30,invierno,4,39.77074100297914,1007
D30,invierno,5,39.74289183266932,1004
D30,invierno,6,40.984569960079845,1002
D30,invierno,7,43.20004863409771,1003
D30,invierno,8,44.83109172310757,1004
D30,invierno,9,42.47581561752988,1004
D30,invierno,10,39.495975565565566,999
D30,invierno,11,36.68906733466934,998
D30,invierno,12,33.830899899899904,999
D30,invierno,13,30.898207807807808,999
D30,invierno,14,28.348875100401607,996
D30,invierno,15,27.10659639720559,1002
D30,invierno,16,27.58510949,1000
D30,invierno,17,31.549709970089733,1003
D30,invierno,18,35.619760796019904,1005
D30,invierno,19,38.93566069651741,1005
D30,invierno,20,41.798514940239045,1004
D30,invierno,21,44.2587118762475,1002
D30,invierno,22,44.7629295,1000
D30,invierno,23,46.040679679679684,999
D30,otoño,0,26.39688594420601,932
D30,otoño,1,27.034157250268528,931
D30,otoño,2,27.134826749730312,927
D30,otoño,3,27.32284849137931,928
D30,otoño,4,28.131528034371645,931
D30,otoño,5,29.92782988172043,930
D30,otoño,6,33.02797684607104,929
D30,otoño,7,34.80673326157158,929
D30,otoño,8,33.034980962162166,925
D30,otoño,9,30.156574581976113,921
D30,otoño,10,27.64988482532751,916
D30,otoño,11,25.454776856516975,913
D30,otoño,12,22.571876080786023,916
D30,otoño,13,20.289221582969432,916
D30,otoño,14,18.02034567976061,919
D30,otoño,15,17.893770032327588,928
D30,otoño,16,16.867957686486488,925
D30,otoño,17,18.778481875669883,933
D30,otoño,18,20.95565647374062,933
D30,otoño,19,23.398209806034483,928
D30,otoño,20,24.330193426724136,928
D30,otoño,21,24.983852947481243,933
D30,otoño,22,25.840006012931035,928
D30,otoño,23,29.12011091891892,925
D30,primavera,0,15.171332586786114,893
D30,primavera,1,15.32286995515695,892
D30,primavera,2,16.31053811659193,892
D30,primavera,3,16.763187429854096,891
D30,primavera,4,18.469730941704036,892
D30,primavera,5,20.943946188340806,892
D30,primavera,6,22.537513997760357,893
D30,primavera,7,21.60201793721973,892
D30,primavera,8,19.642294713160855,889
D30,primavera,9,18.249717514124296,885
D30,primavera,10,17.145598194130926,886
D30,primavera,11,15.88413948256468,889
D30,primavera,12,14.325084364454444,889
D30,primavera,13,12.627118644067796,885
D30,primavera,14,11.438695163104612,889
D30,primavera,15,10.526785714285714,896
D30,primavera,16,10.055741360089186,897
D30,primavera,17,10.07649667405765,902
D30,primavera,18,11.438264738598443,899
D30,primavera,19,13.132516703786191,898
D30,primavera,20,14.006688963210703,897
D30,primavera,21,13.819196428571429,896
D30,primavera,22,14.102793296089386,895
D30,primavera,23,17.957062146892657,885
D30,verano,0,12.632723112128147,874
D30,verano,1,13.447608200455582,878
D30,verano,2,14.563139931740615,879
D30,verano,3,15.763097949886104,878
D30,verano,4,17.616875712656785,877
D30,verano,5,20.609142857142857,875
D30,verano,6,22.302857142857142,875
D30,verano,7,20.255148741418765,874
D30,verano,8,17.954075774971297,871
D30,verano,9,16.632,875
D30,verano,10,16.08237986270023,874
D30,verano,11,14.645714285714286,875
D30,verano,12,13.206659012629162,871
D30,verano,13,12.116091954022988,870
D30,verano,14,12.171067738231917,871
D30,verano,15,12.202517162471397,874
D30,verano,16,12.076571428571429,875
D30,verano,17,12.166287015945331,878
D30,verano,18,12.67881548974943,878
D30,verano,19,13.766780432309442,879
D30,verano,20,13.571753986332574,878
D30,verano,21,12.774744027303754,879
D30,verano,22,12.367045454545455,880
D30,verano,23,14.855491329479769,865
D35,invierno,0,51.57423580786026,458
D35,invierno,1,48.44541484716157,458
D35,invierno,2,45.85589519650655,458
D35,invierno,3,42.85589519650655,458
D35,invierno,4,41.47598253275109,458
D35,invierno,5,40.77292576419214,458
D35,invierno,6,42.334792122538296,457
D35,invierno,7,43.695842450765866,457
D35,invierno,8,42.39737991266376,458
D35,invierno,9,41.35886214442013,457
D35,invierno,10,38.881838074398246,457
D35,invierno,11,35.708333333333336,456
D35,invierno,12,32.07912087912088,455
D35,invierno,13,29.452954048140043,457
D35,invierno,14,27.791208791208792,455
D35,invierno,15,26.67105263157895,456
D35,invierno,16,27.844638949671772,457
D35,invierno,17,31.314410480349345,458
D35,invierno,18,36.88453159041394,459
D35,invierno,19,42.45533769063181,459
D35,invierno,20,47.96288209606987,458
D35,invierno,21,51.76855895196506,458
D35,invierno,22,53.96288209606987,458
D35,invierno,23,53.45851528384279,458
D35,otoño,0,33.0425,400
D35,otoño,1,31.528822055137844,399
D35,otoño,2,30.203007518796994,399
D35,otoño,3,29.99,400
D35,otoño,4,30.1175,400
D35,otoño,5,31.9275,400
D35,otoño,6,35.1475,400
D35,otoño,7,35.12531328320802,399
D35,otoño,8,32.446115288220554,399
D35,otoño,9,30.393483709273184,399
D35,otoño,10,30.09045226130653,398
D35,otoño,11,27.324050632911394,395
D35,otoño,12,24.44110275689223,399
D35,otoño,13,21.816582914572866,398
D35,otoño,14,19.8325,400
D35,otoño,15,18.78894472361809,398
D35,otoño,16,18.7825,400
D35,otoño,17,19.9874686716792,399
D35,otoño,18,22.30423940149626,401
D35,otoño,19,25.002493765586035,401
D35,otoño,20,27.022443890274314,401
D35,otoño,21,29.620947630922693,401
D35,otoño,22,31.743142144638405,401
D35,otoño,23,32.72568578553616,401
D35,primavera,0,16.66223404255319,376
D35,primavera,1,16.39095744680851,376
D35,primavera,2,16.585106382978722,376
D35,primavera,3,17.472,375
D35,primavera,4,19.4468085106383,376
D35,primavera,5,22.19034852546917,373
D35,primavera,6,22.506666666666668,375
D35,primavera,7,21.349333333333334,375
D35,primavera,8,20.346666666666668,375
D35,primavera,9,19.299465240641712,374
D35,primavera,10,18.41711229946524,374
D35,primavera,11,16.40374331550802,374
D35,primavera,12,14.322666666666667,375
D35,primavera,13,13.024064171122994,374
D35,primavera,14,11.877333333333333,375
D35,primavera,15,11.302139037433156,374
D35,primavera,16,10.770666666666667,375
D35,primavera,17,10.842666666666666,375
D35,primavera,18,11.111702127659575,376
D35,primavera,19,12.077333333333334,375
D35,primavera,20,12.558510638297872,376
D35,primavera,21,13.428191489361701,376
D35,primavera,22,14.616,375
D35,primavera,23,15.354666666666667,375
D35,verano,0,12.940845070422535,355
D35,verano,1,13.140845070422536,355
D35,verano,2,13.35492957746479,355
D35,verano,3,14.8,355
D35,verano,4,16.690140845070424,355
D35,verano,5,20.40960451977401,354
D35,verano,6,20.671388101983002,353
D35,verano,7,18.706214689265536,354
D35,verano,8,17.352272727272727,352
D35,verano,9,17.08215297450425,353
D35,verano,10,16.375706214689266,354
D35,verano,11,14.731638418079097,354
D35,verano,12,14.096045197740112,354
D35,verano,13,13.209039548022599,354
D35,verano,14,13.518309859154929,355
D35,verano,15,13.352112676056338,355
D35,verano,16,13.073239436619719,355
D35,verano,17,13.039660056657224,353
D35,verano,18,12.83943661971831,355
D35,verano,19,12.44225352112676,355
D35,verano,20,12.107042253521128,355
D35,verano,21,11.709859154929578,355
D35,verano,22,11.715492957746479,355
D35,verano,23,12.002808988764045,356
E03,invierno,0,85.79694190296156,1587
E03,invierno,1,68.66348890138104,1593
E03,invierno,2,54.78666269521411,1588
E03,invierno,3,42.05276424261471,1591
E03,invierno,4,34.223239968592964,1592
E03,invierno,5,30.94554414940364,1593
E03,invierno,6,35.201912241054615,1593
E03,invierno,7,41.88106043450882,1588
E03,invierno,8,44.138473449147185,1583
E03,invierno,9,42.186545465484485,1579
E03,invierno,10,37.173996734177216,1580
E03,invierno,11,33.58426078095238,1575
E03,invierno,12,31.16327820089002,1573
E03,invierno,13,29.7486348989899,1584
E03,invierno,14,30.215704618296527,1585
E03,invierno,15,33.668615829113925,1580
E03,invierno,16,49.0756394440935,1583
E03,invierno,17,78.88006715901949,1591
E03,invierno,18,103.90494557232704,1590
E03,invierno,19,119.43737072636193,1597
E03,invierno,20,124.66397302252815,1598
E03,invierno,21,120.25270620451694,1594
E03,invierno,22,115.7565254185022,1589
E03,invierno,23,106.60678245757386,1591
E03,otoño,0,48.32049667113665,1566
E03,otoño,1,37.87828402482496,1571
E03,otoño,2,29.194253354365838,1569
E03,otoño,3,22.839574968710092,1566
E03,otoño,4,18.83495321994885,1564
E03,otoño,5,18.731786106641124,1566
E03,otoño,6,22.08785339731286,1563
E03,otoño,7,25.53593903976908,1559
E03,otoño,8,24.978888344272846,1554
E03,otoño,9,23.019722388174806,1556
E03,otoño,10,19.472671701164295,1546
E03,otoño,11,17.25396449850843,1542
E03,otoño,12,15.424996327525907,1544
E03,otoño,13,15.453264039278816,1553
E03,otoño,14,14.420219862314157,1547
E03,otoño,15,16.782898138620244,1551
E03,otoño,16,23.369567586872588,1554
E03,otoño,17,39.66157155128205,1560
E03,otoño,18,57.4563922565579,1563
E03,otoño,19,68.53169076485624,1565
E03,otoño,20,72.4644704955357,1568
E03,otoño,21,71.08389832289002,1564
E03,otoño,22,67.3159289054313,1565
E03,otoño,23,60.46894404664537,1565
E03,primavera,0,39.46874656875,1600
E03,primavera,1,32.36407669993762,1603
E03,primavera,2,25.915458914535247,1603
E03,primavera,3,20.643955378835315,1597
E03,primavera,4,18.959777594221105,1592
E03,primavera,5,20.284937460815048,1595
E03,primavera,6,21.98528723231058,1597
E03,primavera,7,21.051171663539712,1599
E03,primavera,8,19.16790963567839,1592
E03,primavera,9,16.654523221306277,1577
E03,primavera,10,13.995970037902715,1583
E03,primavera,11,12.461443488958992,1585
E03,primavera,12,11.368998501567397,1595
E03,primavera,13,10.7485001511335,1588
E03,primavera,14,10.710548333333334,1596
E03,primavera,15,11.156019391086001,1593
E03,primavera,16,13.346161208515968,1597
E03,primavera,17,18.724175324594256,1602
E03,primavera,18,29.967083091817614,1601
E03,primavera,19,42.57186514605345,1609
E03,primavera,20,50.99633998755444,1607
E03,primavera,21,54.2504884177611,1599
E03,primavera,22,50.249182836568565,1597
E03,primavera,23,44.44113265,1600
E03,verano,0,8.35177474845361,1455
E03,verano,1,7.342151540428473,1447
E03,verano,2,6.965683189917127,1448
E03,verano,3,6.421766901174844,1447
E03,verano,4,6.654085279503106,1449
E03,verano,5,6.8154700602910605,1443
E03,verano,6,6.677871198821899,1443
E03,verano,7,7.175671369294606,1446
E03,verano,8,7.172766991701245,1446
E03,verano,9,6.765425596650385,1433
E03,verano,10,6.462676208362369,1435
E03,verano,11,6.591615553221289,1428
E03,verano,12,6.517657091162144,1437
E03,verano,13,6.090799548611112,1440
E03,verano,14,5.868522069930069,1430
E03,verano,15,5.966580883008356,1436
E03,verano,16,6.580774601524602,1443
E03,verano,17,7.093402964509394,1437
E03,verano,18,7.165708630705395,1446
E03,verano,19,8.174046966136835,1447
E03,verano,20,8.8266109197787,1446
E03,verano,21,9.570599473356403,1445
E03,verano,22,10.061909035148174,1451
E03,verano,23,9.341990449826989,1445
E04,invierno,0,49.06082725060827,822
E04,invierno,1,39.77980535279806,822
E04,invierno,2,31.4884287454324,821
E04,invierno,3,24.865689865689866,819
E04,invierno,4,21.319512195121952,820
E04,invierno,5,20.50793650793651,819
E04,invierno,6,26.318681318681318,819
E04,invierno,7,35.35740514075887,817
E04,invierno,8,38.30440097799511,818
E04,invierno,9,34.859413202933986,818
E04,invierno,10,30.886168910648713,817
E04,invierno,11,26.901840490797547,815
E04,invierno,12,23.474969474969473,819
E04,invierno,13,22.61519607843137,816
E04,invierno,14,23.58968058968059,814
E04,invierno,15,28.75672371638142,818
E04,invierno,16,50.18581907090464,818
E04,invierno,17,81.87163814180929,818
E04,invierno,18,93.29841656516443,821
E04,invierno,19,91.67800729040097,823
E04,invierno,20,86.03645200486027,823
E04,invierno,21,77.16747572815534,824
E04,invierno,22,68.05839416058394,822
E04,invierno,23,59.0964590964591,819
E04,otoño,0,29.829476248477466,821
E04,otoño,1,24.357664233576642,822
E04,otoño,2,18.09744214372716,821
E04,otoño,3,14.587591240875913,822
E04,otoño,4,12.707168894289186,823
E04,otoño,5,13.047445255474452,822
E04,otoño,6,16.925790754257907,822
E04,otoño,7,20.437118437118436,819
E04,otoño,8,21.19951040391677,817
E04,otoño,9,19.623152709359605,812
E04,otoño,10,17.15230961298377,801
E04,otoño,11,14.833967046894804,789
E04,otoño,12,13.178616352201258,795
E04,otoño,13,12.348314606741573,801
E04,otoño,14,12.847583643122677,807
E04,otoño,15,16.027127003699135,811
E04,otoño,16,26.576167076167078,814
E04,otoño,17,47.27484662576687,815
E04,otoño,18,59.88508557457213,818
E04,otoño,19,58.065934065934066,819
E04,otoño,20,52.66869671132765,821
E04,otoño,21,48.26373626373626,819
E04,otoño,22,41.53105968331303,821
E04,otoño,23,35.166869671132766,821
E04,primavera,0,21.66176470588235,748
E04,primavera,1,17.69281914893617,752
E04,primavera,2,14.438502673796792,748
E04,primavera,3,12.016064257028113,747
E04,primavera,4,11.2171581769437,746
E04,primavera,5,14.197846567967698,743
E04,primavera,6,15.619623655913978,744
E04,primavera,7,15.80108254397835,739
E04,primavera,8,13.37027027027027,740
E04,primavera,9,11.441095890410958,730
E04,primavera,10,9.97107438016529,726
E04,primavera,11,8.894590846047157,721
E04,primavera,12,8.0,729
E04,primavera,13,7.7689133425034385,727
E04,primavera,14,7.98087431693989,732
E04,primavera,15,9.491825613079019,734
E04,primavera,16,12.338274932614555,742
E04,primavera,17,20.291834002677376,747
E04,primavera,18,33.642287234042556,752
E04,primavera,19,38.67150395778364,758
E04,primavera,20,40.010568031704096,757
E04,primavera,21,34.920529801324506,755
E04,primavera,22,29.34441489361702,752
E04,primavera,23,24.92942743009321,751
E04,verano,0,5.576100628930818,795
E04,verano,1,4.949874686716792,798
E04,verano,2,4.833541927409262,799
E04,verano,3,4.513784461152882,798
E04,verano,4,4.7075,800
E04,verano,5,4.8734335839598995,798
E04,verano,6,5.526315789473684,798
E04,verano,7,5.921717171717172,792
E04,verano,8,5.182741116751269,788
E04,verano,9,4.63963963963964,777
E04,verano,10,4.271076523994812,771
E04,verano,11,4.049159120310478,773
E04,verano,12,3.978233034571063,781
E04,verano,13,3.596670934699104,781
E04,verano,14,3.3900255754475705,782
E04,verano,15,3.9053708439897696,782
E04,verano,16,4.288776796973519,793
E04,verano,17,5.0525,800
E04,verano,18,5.70625,800
E04,verano,19,7.17875,800
E04,verano,20,8.0,802
E04,verano,21,7.54,800
E04,verano,22,7.278401997503121,801
E04,verano,23,6.241551939924906,799
E06,invierno,0,10.629464920634922,63
E06,invierno,1,9.027996190476191,63
E06,invierno,2,8.33211492063492,63
E06,invierno,3,8.133535079365078,63
E06,invierno,4,8.043486666666666,63
E06,invierno,5,8.572662857142857,63
E06,invierno,6,10.546885396825397,63
E06,invierno,7,14.227853492063492,63
E06,invierno,8,15.59183507936508,63
E06,invierno,9,14.86565619047619,63
E06,invierno,10,14.010194444444444,63
E06,invierno,11,13.686774516129033,62
E06,invierno,12,14.400026774193547,62
E06,invierno,13,13.353133225806452,62
E06,invierno,14,15.405061612903227,62
E06,invierno,15,23.317762903225805,62
E06,invierno,16,30.84342241935484,62
E06,invierno,17,28.325610322580648,62
E06,invierno,18,27.767581587301585,63
E06,invierno,19,19.457331746031745,63
E06,invierno,20,18.37102825396825,63
E06,invierno,21,15.10451634920635,63
E06,invierno,22,12.421528412698413,63
E06,invierno,23,11.536729365079365,63
E08,invierno,0,28.235382308845576,667
E08,invierno,1,22.673163418290855,667
E08,invierno,2,18.830584707646178,667
E08,invierno,3,15.961019490254873,667
E08,invierno,4,13.287856071964018,667
E08,invierno,5,11.27736131934033,667
E08,invierno,6,11.512743628185907,667
E08,invierno,7,12.50824587706147,667
E08,invierno,8,13.31081081081081,666
E08,invierno,9,13.131221719457013,663
E08,invierno,10,11.904689863842663,661
E08,invierno,11,10.772727272727273,660
E08,invierno,12,10.17737003058104,654
E08,invierno,13,9.899096385542169,664
E08,invierno,14,10.793984962406014,665
E08,invierno,15,12.450301204819278,664
E08,invierno,16,17.367469879518072,664
E08,invierno,17,25.272863568215893,667
E08,invierno,18,31.217391304347824,667
E08,invierno,19,34.989489489489486,666
E08,invierno,20,40.4039039039039,666
E08,invierno,21,40.908408408408405,666
E08,invierno,22,38.84534534534534,666
E08,invierno,23,35.13533834586466,665
E08,otoño,0,15.946648426812585,731
E08,otoño,1,13.381668946648427,731
E08,otoño,2,11.207650273224044,732
E08,otoño,3,9.206284153005464,732
E08,otoño,4,7.689890710382514,732
E08,otoño,5,7.330601092896175,732
E08,otoño,6,7.628415300546448,732
E08,otoño,7,8.101092896174864,732
E08,otoño,8,8.232142857142858,728
E08,otoño,9,8.00412087912088,728
E08,otoño,10,7.4930939226519335,724
E08,otoño,11,6.4792817679558015,724
E08,otoño,12,6.1740331491712706,724
E08,otoño,13,5.975206611570248,726
E08,otoño,14,5.957182320441989,724
E08,otoño,15,6.722758620689655,725
E08,otoño,16,8.85989010989011,728
E08,otoño,17,13.381668946648427,731
E08,otoño,18,17.96423658872077,727
E08,otoño,19,21.2013698630137,730
E08,otoño,20,23.75034293552812,729
E08,otoño,21,22.618655692729767,729
E08,otoño,22,21.552054794520547,730
E08,otoño,23,19.220547945205478,730
E08,primavera,0,11.935681470137826,653
E08,primavera,1,10.374617737003058,654
E08,primavera,2,8.337920489296636,654
E08,primavera,3,7.717125382262997,654
E08,primavera,4,6.848623853211009,654
E08,primavera,5,6.581929555895865,653
E08,primavera,6,6.903522205206738,653
E08,primavera,7,7.3660030627871365,653
E08,primavera,8,6.929447852760736,652
E08,primavera,9,5.929121725731895,649
E08,primavera,10,5.082426127527216,643
E08,primavera,11,4.421705426356589,645
E08,primavera,12,4.135303265940902,643
E08,primavera,13,4.003110419906688,643
E08,primavera,14,4.125193199381762,647
E08,primavera,15,4.512345679012346,648
E08,primavera,16,4.884969325153374,652
E08,primavera,17,6.791730474732006,653
E08,primavera,18,9.710566615620214,653
E08,primavera,19,12.859541984732825,655
E08,primavera,20,14.148091603053436,655
E08,primavera,21,15.27217125382263,654
E08,primavera,22,15.070444104134763,653
E08,primavera,23,13.81441717791411,652
E08,verano,0,3.7438650306748467,652
E08,verano,1,3.4439324116743473,651
E08,verano,2,3.3533026113671274,651
E08,verano,3,3.21505376344086,651
E08,verano,4,3.1597542242703534,651
E08,verano,5,3.1592649310872893,653
E08,verano,6,3.8483920367534457,653
E08,verano,7,4.421779141104294,652
E08,verano,8,4.382488479262673,651
E08,verano,9,4.304347826086956,644
E08,verano,10,4.502318392581143,647
E08,verano,11,4.195652173913044,644
E08,verano,12,3.859594383775351,641
E08,verano,13,3.717391304347826,644
E08,verano,14,3.7306501547987616,646
E08,verano,15,3.8435582822085887,652
E08,verano,16,3.930662557781202,649
E08,verano,17,4.234662576687117,652
E08,verano,18,4.515243902439025,656
E08,verano,19,5.0625,656
E08,verano,20,5.154311649016641,661
E08,verano,21,4.858877086494689,659
E08,verano,22,4.898021308980213,657
E08,verano,23,4.065749235474006,654
F01,invierno,0,13.164212383820999,1162
F01,invierno,1,12.599628584905659,1166
F01,invierno,2,12.257099625212946,1174
F01,invierno,3,11.826228136752137,1170
F01,invierno,4,11.90115616109683,1167
F01,invierno,5,12.26974294772922,1167
F01,invierno,6,13.138223043852106,1163
F01,invierno,7,15.651081764705882,1156
F01,invierno,8,14.662081725625539,1159
F01,invierno,9,12.991794248704664,1158
F01,invierno,10,12.378948672413792,1160
F01,invierno,11,11.640455594102342,1153
F01,invierno,12,11.303569546247818,1146
F01,invierno,13,11.240568929503915,1149
F01,invierno,14,11.31666114483955,1153
F01,invierno,15,12.12544884751773,1128
F01,invierno,16,12.433501024978467,1161
F01,invierno,17,12.427991886304909,1161
F01,invierno,18,11.959298586296617,1153
F01,invierno,19,12.504676707000863,1157
F01,invierno,20,13.145240137575238,1163
F01,invierno,21,13.553209581196581,1170
F01,invierno,22,13.057326629502574,1166
F01,invierno,23,13.470143820713664,1149
F01,otoño,0,13.163927965217392,1150
F01,otoño,1,12.452308726169845,1154
F01,otoño,2,12.33732348392702,1151
F01,otoño,3,12.574689896283491,1157
F01,otoño,4,12.927029143598615,1156
F01,otoño,5,14.566369206896553,1160
F01,otoño,6,17.813530233564013,1156
F01,otoño,7,19.201305917832165,1144
F01,otoño,8,14.641745777202072,1158
F01,otoño,9,12.145336388888888,1152
F01,otoño,10,11.144902462882095,1145
F01,otoño,11,10.8426128209607,1145
F01,otoño,12,10.185989719789843,1142
F01,otoño,13,10.354136666666667,1152
F01,otoño,14,9.742618438045376,1146
F01,otoño,15,10.926851078691424,1131
F01,otoño,16,11.245937227112677,1136
F01,otoño,17,11.742374291958042,1144
F01,otoño,18,11.25290774672489,1145
F01,otoño,19,11.556323406496928,1139
F01,otoño,20,11.9155748513986,1144
F01,otoño,21,12.030526224934613,1147
F01,otoño,22,12.185608359375001,1152
F01,otoño,23,13.086648115687993,1141
F01,primavera,0,11.400564133083412,1067
F01,primavera,1,10.829323483598875,1067
F01,primavera,2,10.691108504664179,1072
F01,primavera,3,10.931173941121495,1070
F01,primavera,4,11.475491963483146,1068
F01,primavera,5,12.415605999999999,1075
F01,primavera,6,12.9267807110904,1073
F01,primavera,7,13.569261443594645,1046
F01,primavera,8,12.117204889413989,1058
F01,primavera,9,10.838634512264152,1060
F01,primavera,10,10.268536896324223,1061
F01,primavera,11,9.738631310506568,1066
F01,primavera,12,10.390693370649107,1063
F01,primavera,13,11.079065198874297,1066
F01,primavera,14,10.79434624953271,1070
F01,primavera,15,11.61804389068441,1052
F01,primavera,16,11.212732173913043,1058
F01,primavera,17,11.443637271281572,1069
F01,primavera,18,11.461899322946175,1059
F01,primavera,19,10.718275773283162,1063
F01,primavera,20,10.419953611059043,1067
F01,primavera,21,10.748053006542056,1070
F01,primavera,22,10.911410635514018,1070
F01,primavera,23,11.758774299235183,1046
F01,verano,0,12.281600902591599,1119
F01,verano,1,11.745214444444443,1125
F01,verano,2,12.330128277087034,1126
F01,verano,3,12.744820328596804,1126
F01,verano,4,14.070290044365573,1127
F01,verano,5,16.178076907308377,1122
F01,verano,6,18.306451339840283,1127
F01,verano,7,16.61026597484277,1113
F01,verano,8,12.953506813285458,1114
F01,verano,9,10.660495098920864,1112
F01,verano,10,10.38673454954955,1110
F01,verano,11,10.792242012578615,1113
F01,verano,12,10.144984761476147,1111
F01,verano,13,9.879118900999092,1101
F01,verano,14,9.349541580381471,1101
F01,verano,15,10.299127446610957,1077
F01,verano,16,9.974220091240877,1096
F01,verano,17,10.287099160583942,1096
F01,verano,18,10.003748074817517,1096
F01,verano,19,9.774091726027399,1095
F01,verano,20,10.07463901088929,1102
F01,verano,21,10.40277501357466,1105
F01,verano,22,10.38996303877367,1109
F01,verano,23,11.510503505903724,1101
