estacion,mes,obs,n,cob
222,2007-12-01,7.499995,2,0.002688172043010753
222,2008-01-01,1.1645771313351498,734,0.9865591397849462
222,2008-02-01,6.902621625655977,686,0.985632183908046
222,2008-03-01,10.748709172320218,737,0.9905913978494624
222,2008-04-01,13.662637541666665,720,1.0
222,2008-05-01,15.346059302173913,736,0.989247311827957
222,2008-06-01,1.4997110363636366,693,0.9625
222,2008-07-01,9.159949432432432,740,0.9946236559139785
222,2008-08-01,7.744221756793478,736,0.989247311827957
222,2008-09-01,7.683706837078652,712,0.9888888888888889
222,2008-10-01,5.703268807901908,734,0.9865591397849462
222,2008-11-01,8.214642475313807,717,0.9958333333333333
222,2008-12-01,12.977466606397774,719,0.9663978494623656
222,2011-12-01,10.62747393939394,99,0.13306451612903225
222,2012-01-01,10.837883150537634,744,1.0
222,2012-02-01,23.21918821490468,577,0.8290229885057471
222,2012-03-01,20.20528371641791,670,0.9005376344086021
222,2012-04-01,14.362451214057508,626,0.8694444444444445
222,2012-05-01,12.243107493372605,679,0.9126344086021505
222,2012-06-01,10.11100978940028,717,0.9958333333333333
222,2012-07-01,9.451568454301075,744,1.0
222,2012-08-01,6.557459531063257,743,0.9986559139784946
222,2012-09-01,5.552535998581363,719,0.9986111111111111
222,2012-10-01,3.8505030820833337,744,1.0
222,2012-11-01,7.370215308150887,676,0.9388888888888889
222,2012-12-01,10.477849986052998,717,0.9637096774193549
222,2013-01-01,9.211561058655223,699,0.9395161290322581
222,2013-02-01,12.400873889197532,648,0.9642857142857143
222,2013-03-01,9.377017633817204,744,1.0
222,2013-04-01,11.330791863779528,254,0.3527777777777778
222,2013-06-01,9.013794126505191,289,0.4013888888888889
222,2013-07-01,5.083823658497192,712,0.956989247311828
222,2013-08-01,4.031023396323318,699,0.9395161290322581
222,2013-09-01,5.695047756643357,715,0.9930555555555556
222,2013-10-01,6.282305195231608,734,0.9865591397849462
222,2013-11-01,6.984396981650212,709,0.9847222222222223
222,2013-12-01,6.797533125611412,736,0.989247311827957
222,2014-01-01,6.294318690046802,641,0.8615591397849462
222,2014-02-01,6.483118598994976,597,0.8883928571428571
222,2014-03-01,7.23147150672043,744,1.0
222,2014-04-01,5.118202968527777,720,1.0
222,2014-05-01,6.3332485507267835,743,0.9986559139784946
222,2014-06-01,6.048661718444445,720,1.0
222,2014-07-01,5.9329356791666665,744,1.0
222,2014-08-01,9.442863185483871,744,1.0
222,2014-09-01,17.405742361111113,720,1.0
222,2014-10-01,11.801048748317632,743,0.9986559139784946
222,2014-11-01,13.783358680555555,720,1.0
222,2014-12-01,11.244276654411763,544,0.7311827956989247
222,2015-01-01,6.816897030379748,395,0.5309139784946236
222,2015-02-01,5.709302922723214,672,1.0
222,2015-03-01,20.46799584575697,502,0.6747311827956989
222,2015-04-01,19.701366433555556,720,1.0
222,2015-05-01,4.3572112010284165,739,0.9932795698924731
222,2015-06-01,11.865802626328234,719,0.9986111111111111
222,2015-07-01,11.872360639353099,742,0.9973118279569892
222,2015-08-01,4.239430889485396,719,0.9663978494623656
222,2015-09-01,4.498688174694444,720,1.0
222,2015-10-01,8.096473514460227,704,0.946236559139785
222,2015-11-01,5.9839934912436545,394,0.5472222222222223
222,2015-12-01,4.488408565845273,349,0.46908602150537637
222,2016-01-01,6.143511393659947,744,1.0
222,2016-02-01,14.755087839827587,696,1.0
222,2016-03-01,18.959422649717364,743,0.9986559139784946
222,2016-04-01,18.549434834980556,720,1.0
222,2016-05-01,19.033207512113055,743,0.9986559139784946
222,2016-06-01,24.098012916666665,720,1.0
222,2016-07-01,17.214584008152173,736,0.989247311827957
222,2016-08-01,13.954716483329744,743,0.9986559139784946
222,2016-09-01,5.825768620119445,720,1.0
222,2016-10-01,6.728847363858299,741,0.9959677419354839
222,2016-11-01,11.145874154142259,717,0.9958333333333333
222,2016-12-01,12.152984319681023,743,0.9986559139784946
222,2017-01-01,11.71029037549798,743,0.9986559139784946
222,2017-02-01,8.034475002499999,40,0.05952380952380952
222,2017-03-01,9.709339600138614,505,0.678763440860215
222,2017-04-01,11.760786273205673,705,0.9791666666666666
222,2017-05-01,12.907317073170733,738,0.9919354838709677
222,2017-06-01,15.95425566343042,618,0.8583333333333333
222,2017-07-01,10.409970326409494,674,0.9059139784946236
222,2017-08-01,9.5834100135318,739,0.9932795698924731
222,2017-09-01,7.777830985915493,710,0.9861111111111112
222,2017-10-01,9.252088948787062,742,0.9973118279569892
222,2017-11-01,9.786842105263158,703,0.9763888888888889
222,2017-12-01,10.28138440860215,744,1.0
222,2018-01-01,10.933854907539118,703,0.9448924731182796
222,2018-02-01,9.595990853658536,656,0.9761904761904762
222,2018-03-01,15.606298788694481,743,0.9986559139784946
222,2018-04-01,15.464101123595507,712,0.9888888888888889
222,2018-05-01,11.201197846567968,743,0.9986559139784946
222,2018-06-01,14.025356643356643,715,0.9930555555555556
222,2018-07-01,10.119838056680162,741,0.9959677419354839
222,2018-08-01,4.1413477088948785,742,0.9973118279569892
222,2018-09-01,6.744668674698795,664,0.9222222222222223
222,2018-10-01,13.084389140271494,221,0.2970430107526882
222,2018-11-01,9.077199312714777,582,0.8083333333333333
222,2018-12-01,13.170542005420055,738,0.9919354838709677
222,2019-01-01,11.367738896366083,743,0.9986559139784946
222,2019-02-01,10.131523378582202,663,0.9866071428571429
222,2019-03-01,12.087688172043011,744,1.0
222,2019-04-01,16.951891515994436,719,0.9986111111111111
222,2019-05-01,16.299068825910933,741,0.9959677419354839
222,2019-06-01,8.627726638772664,717,0.9958333333333333
222,2019-07-01,10.324646464646465,396,0.532258064516129
236,2013-03-01,9.812462545454546,220,0.2956989247311828
236,2013-04-01,11.913306872180451,665,0.9236111111111112
236,2013-05-01,13.5605934106412,733,0.9852150537634409
236,2013-06-01,13.30282467040673,713,0.9902777777777778
236,2013-07-01,13.006671852899576,707,0.9502688172043011
236,2013-08-01,13.005787503852082,649,0.8723118279569892
236,2013-09-01,11.21860405940594,707,0.9819444444444444
236,2013-10-01,10.262512356164384,730,0.9811827956989247
236,2013-11-01,8.598472463768116,690,0.9583333333333334
236,2013-12-01,7.780534985915493,710,0.9543010752688172
236,2014-01-01,5.757264051841747,733,0.9852150537634409
236,2014-02-01,7.855137417417418,666,0.9910714285714286
236,2014-03-01,7.298276960431655,556,0.7473118279569892
236,2014-04-01,11.110798520801232,649,0.9013888888888889
236,2014-05-01,11.24950274847561,656,0.8817204301075269
236,2014-06-01,12.355333230337079,712,0.9888888888888889
236,2014-07-01,13.665699832167832,715,0.9610215053763441
236,2014-08-01,12.933475144429162,727,0.9771505376344086
236,2014-09-01,12.112934810619468,565,0.7847222222222222
236,2014-10-01,11.976072134986227,726,0.9758064516129032
236,2014-11-01,9.138654939759036,664,0.9222222222222223
236,2014-12-01,8.009241597717546,701,0.9422043010752689
236,2015-01-01,7.380660217983651,734,0.9865591397849462
236,2015-02-01,5.165011511312217,663,0.9866071428571429
236,2015-03-01,6.084859645833333,720,0.967741935483871
236,2015-04-01,9.53222645021645,693,0.9625
236,2015-05-01,10.660191489071037,732,0.9838709677419355
236,2015-06-01,12.953290470756063,701,0.9736111111111111
236,2015-07-01,12.169883970189701,738,0.9919354838709677
236,2015-08-01,11.256532325581395,731,0.9825268817204301
236,2015-09-01,10.539347811797754,712,0.9888888888888889
236,2015-10-01,9.343082400273225,732,0.9838709677419355
236,2015-11-01,9.210377167381974,699,0.9708333333333333
236,2015-12-01,9.46642983651226,734,0.9865591397849462
236,2016-01-01,6.6901704621848745,714,0.9596774193548387
236,2016-02-01,6.19264228005865,682,0.9798850574712644
236,2016-03-01,7.321695401360544,735,0.9879032258064516
236,2016-04-01,8.939744801699716,706,0.9805555555555555
236,2016-05-01,11.532958931600549,731,0.9825268817204301
236,2016-06-01,13.072600978991597,714,0.9916666666666667
236,2016-07-01,12.985767953242835,663,0.8911290322580645
236,2016-08-01,11.095207286501378,726,0.9758064516129032
236,2016-09-01,13.66259635942029,690,0.9583333333333334
236,2016-10-01,9.802602892223739,733,0.9852150537634409
236,2016-11-01,8.879196905766527,711,0.9875
236,2016-12-01,7.205113661971831,710,0.9543010752688172
236,2017-01-01,4.876755337094499,709,0.9529569892473119
236,2017-02-01,5.386129711711712,666,0.9910714285714286
236,2017-03-01,6.516575354223432,734,0.9865591397849462
236,2017-04-01,8.823374007062148,708,0.9833333333333333
236,2017-05-01,10.615241477272727,704,0.946236559139785
236,2017-06-01,12.035481171548119,717,0.9958333333333333
236,2017-07-01,12.842432432432432,740,0.9946236559139785
236,2017-08-01,11.62538043478261,736,0.989247311827957
236,2017-09-01,11.594314868804664,686,0.9527777777777777
236,2017-10-01,10.446070941336972,733,0.9852150537634409
236,2017-11-01,8.185738396624473,711,0.9875
236,2017-12-01,7.417622282608695,736,0.989247311827957
236,2018-01-01,6.3183505154639175,679,0.9126344086021505
236,2018-02-01,4.816474164133738,658,0.9791666666666666
236,2018-03-01,7.765655737704918,732,0.9838709677419355
236,2018-04-01,9.388447293447292,702,0.975
236,2018-05-01,11.338537604456825,718,0.9650537634408602
236,2018-06-01,10.869047619047619,714,0.9916666666666667
236,2018-07-01,12.07912925170068,735,0.9879032258064516
236,2018-08-01,11.87435309973046,742,0.9973118279569892
236,2018-09-01,9.745957746478874,710,0.9861111111111112
236,2018-10-01,9.593563685636857,738,0.9919354838709677
236,2018-11-01,7.271636363636364,715,0.9930555555555556
236,2018-12-01,6.537391891891892,740,0.9946236559139785
236,2019-01-01,5.090486486486487,740,0.9946236559139785
236,2019-02-01,3.875421487603306,605,0.9002976190476191
236,2019-03-01,6.491628222523745,737,0.9905913978494624
236,2019-04-01,8.609523141654979,713,0.9902777777777778
236,2019-05-01,10.129932157394844,737,0.9905913978494624
236,2019-06-01,11.98782122905028,716,0.9944444444444445
236,2019-07-01,11.681875843454792,741,0.9959677419354839
236,2019-08-01,11.720788043478262,736,0.989247311827957
236,2019-09-01,9.860099431818183,704,0.9777777777777777
236,2019-10-01,7.9396853625171,731,0.9825268817204301
236,2019-11-01,7.049260312944524,703,0.9763888888888889
236,2019-12-01,6.3999717114568595,707,0.9502688172043011
236,2020-01-01,5.0069294605809125,723,0.9717741935483871
236,2020-02-01,5.697619738751814,689,0.9899425287356322
236,2020-03-01,5.921123139377538,739,0.9932795698924731
236,2020-04-01,6.251258741258741,715,0.9930555555555556
236,2020-05-01,7.627308743169398,732,0.9838709677419355
236,2020-06-01,7.344982876712329,584,0.8111111111111111
236,2020-07-01,8.004107883817428,723,0.9717741935483871
236,2020-08-01,7.933926630434782,736,0.989247311827957
236,2020-09-01,8.173081232492997,714,0.9916666666666667
236,2020-10-01,7.642945205479452,730,0.9811827956989247
236,2020-11-01,7.16054469273743,716,0.9944444444444445
236,2020-12-01,5.517520775623269,722,0.9704301075268817
236,2021-01-01,4.9266713681241185,709,0.9529569892473119
236,2021-02-01,6.732706502636203,569,0.8467261904761905
236,2021-03-01,7.1966255144032925,729,0.9798387096774194
236,2021-04-01,8.25488111888112,715,0.9930555555555556
236,2021-05-01,10.717484567901234,648,0.8709677419354839
236,2021-06-01,11.310772471910113,712,0.9888888888888889
236,2021-07-01,13.739377593360995,723,0.9717741935483871
236,2021-08-01,11.681680216802167,738,0.9919354838709677
236,2021-09-01,10.994097902097902,715,0.9930555555555556
236,2021-10-01,11.980434192672998,737,0.9905913978494624
236,2021-11-01,10.747734265734266,715,0.9930555555555556
236,2021-12-01,8.400502035278155,737,0.9905913978494624
236,2022-01-01,7.080271002710027,738,0.9919354838709677
236,2022-02-01,7.932208774583963,661,0.9836309523809523
236,2022-03-01,8.733939393939394,726,0.9758064516129032
236,2022-04-01,12.078391608391607,715,0.9930555555555556
236,2022-05-01,13.248964577656675,734,0.9865591397849462
236,2022-06-01,15.39659634317862,711,0.9875
236,2022-07-01,13.757823691460056,726,0.9758064516129032
236,2022-08-01,14.302010869565219,736,0.989247311827957
236,2022-09-01,13.127342657342655,715,0.9930555555555556
236,2022-10-01,10.895858310626704,734,0.9865591397849462
236,2022-11-01,9.806176470588236,714,0.9916666666666667
236,2022-12-01,8.879751037344398,723,0.9717741935483871
236,2023-01-01,7.24665306122449,735,0.9879032258064516
236,2023-02-01,5.635529953917051,651,0.96875
236,2023-03-01,6.035866302864939,733,0.9852150537634409
236,2023-04-01,8.654481792717087,714,0.9916666666666667
236,2023-05-01,10.157259158751696,737,0.9905913978494624
236,2023-06-01,12.805259467040672,713,0.9902777777777778
236,2023-07-01,12.52426251691475,739,0.9932795698924731
236,2023-08-01,12.118938775510204,735,0.9879032258064516
236,2023-09-01,11.180795947901592,691,0.9597222222222223
236,2023-10-01,9.557851351351353,740,0.9946236559139785
236,2023-11-01,8.356176470588236,714,0.9916666666666667
236,2023-12-01,7.858121621621622,740,0.9946236559139785
236,2024-01-01,5.8414111261872455,737,0.9905913978494624
236,2024-02-01,6.0297777777777775,675,0.9698275862068966
236,2024-03-01,6.919407008086253,742,0.9973118279569892
236,2024-04-01,8.549065155807366,706,0.9805555555555555
236,2024-05-01,9.22060393258427,712,0.956989247311828
236,2024-06-01,12.061436541143653,717,0.9958333333333333
236,2024-07-01,11.88087791495199,729,0.9798387096774194
236,2024-08-01,13.322934782608696,736,0.989247311827957
236,2024-09-01,11.235547752808989,712,0.9888888888888889
236,2024-10-01,9.919,740,0.9946236559139785
236,2024-11-01,8.055935754189944,716,0.9944444444444445
236,2024-12-01,14.396032608695652,736,0.989247311827957
236,2025-01-01,6.995472779369628,698,0.9381720430107527
236,2025-02-01,8.716493108728944,653,0.9717261904761905
236,2025-03-01,14.09862957937585,737,0.9905913978494624
236,2025-04-01,18.469396914446005,713,0.9902777777777778
236,2025-05-01,11.230513513513513,740,0.9946236559139785
236,2025-06-01,11.101020979020978,715,0.9930555555555556
236,2025-07-01,12.676904441453567,743,0.9986559139784946
236,2025-08-01,10.543383152173913,736,0.989247311827957
236,2025-09-01,10.035098591549296,710,0.9861111111111112
236,2025-10-01,9.307837837837837,740,0.9946236559139785
236,2025-11-01,8.340281690140845,710,0.9861111111111112
236,2025-12-01,12.109876543209877,729,0.9798387096774194
236,2026-01-01,8.6675,8,0.010752688172043012
251,2019-07-01,11.7885,20,0.026881720430107527
251,2019-08-01,5.047468175388968,707,0.9502688172043011
251,2019-09-01,10.182134831460674,89,0.12361111111111112
251,2019-10-01,10.638260869565217,322,0.4327956989247312
251,2019-11-01,14.183275316455696,632,0.8777777777777778
251,2020-01-01,4.9790625,32,0.043010752688172046
251,2020-02-01,12.418773234200744,538,0.7729885057471264
251,2020-03-01,4.4002816901408455,71,0.09543010752688172
251,2020-04-01,11.762772277227722,505,0.7013888888888888
251,2020-05-01,8.755676190476189,525,0.7056451612903226
251,2020-06-01,9.025581395348837,86,0.11944444444444445
251,2020-08-01,23.997085020242913,247,0.33198924731182794
251,2020-09-01,15.181656976744186,344,0.4777777777777778
251,2020-10-01,15.22630769230769,585,0.7862903225806451
251,2020-11-01,9.41625850340136,294,0.4083333333333333
251,2020-12-01,6.504502923976608,171,0.22983870967741934
251,2021-01-01,4.61016501650165,303,0.40725806451612906
251,2021-02-01,11.539358974358976,78,0.11607142857142858
251,2021-03-01,10.189699812382738,533,0.7163978494623656
251,2021-04-01,10.723198324022347,716,0.9944444444444445
251,2021-05-01,15.282916006339144,631,0.8481182795698925
251,2021-06-01,12.224840055632823,719,0.9986111111111111
251,2021-07-01,14.594938650306748,652,0.8763440860215054
251,2021-08-01,7.090418994413407,716,0.9623655913978495
251,2021-09-01,2.380739191073919,717,0.9958333333333333
251,2021-10-01,15.722932432432431,740,0.9946236559139785
251,2021-11-01,9.671120448179272,714,0.9916666666666667
251,2021-12-01,8.75305706521739,736,0.989247311827957
251,2022-01-01,4.098645251396648,716,0.9623655913978495
251,2022-02-01,12.793844911147012,619,0.9211309523809523
251,2022-03-01,14.476660714285714,560,0.7526881720430108
251,2022-04-01,27.416744186046515,129,0.17916666666666667
251,2022-05-01,18.24374491180461,737,0.9905913978494624
251,2022-06-01,18.41935684647303,482,0.6694444444444444
251,2022-07-01,13.337439613526568,621,0.8346774193548387
251,2022-08-01,8.621612903225806,744,1.0
251,2022-09-01,6.819360465116279,516,0.7166666666666667
251,2022-10-01,5.4336134453781515,714,0.9596774193548387
251,2022-11-01,6.214157973174366,671,0.9319444444444445
251,2022-12-01,12.106783536585366,656,0.8817204301075269
251,2023-01-01,17.722631578947368,627,0.842741935483871
251,2023-02-01,16.88604417670683,498,0.7410714285714286
251,2023-03-01,18.645153473344102,619,0.831989247311828
251,2023-04-01,22.264847222222222,720,1.0
251,2023-05-01,9.599762340036563,547,0.7352150537634409
251,2023-06-01,8.154457308248913,691,0.9597222222222223
251,2023-07-01,3.70622009569378,627,0.842741935483871
251,2023-08-01,8.602685560053981,741,0.9959677419354839
251,2023-09-01,8.574257641921397,458,0.6361111111111111
251,2023-10-01,16.908137254901963,102,0.13709677419354838
251,2023-11-01,9.356791666666668,720,1.0
251,2023-12-01,18.974543010752686,744,1.0
251,2024-01-01,11.249516129032257,744,1.0
251,2024-02-01,10.904754098360655,244,0.3505747126436782
251,2024-03-01,15.143228882833787,734,0.9865591397849462
251,2024-04-01,14.125774058577406,717,0.9958333333333333
251,2024-05-01,8.667088948787061,742,0.9973118279569892
251,2024-06-01,8.680682451253482,718,0.9972222222222222
251,2024-07-01,7.944603658536585,656,0.8817204301075269
251,2024-08-01,11.401320754716982,742,0.9973118279569892
251,2024-09-01,7.742041958041958,715,0.9930555555555556
251,2024-10-01,5.633127208480565,566,0.760752688172043
251,2024-11-01,6.704796511627906,688,0.9555555555555556
251,2024-12-01,6.890349932705249,743,0.9986559139784946
251,2025-01-01,6.514716981132076,742,0.9973118279569892
251,2025-02-01,22.882586466165414,665,0.9895833333333334
251,2025-03-01,18.680367534456355,653,0.8776881720430108
251,2025-04-01,17.250125786163522,636,0.8833333333333333
251,2025-05-01,13.126336633663366,707,0.9502688172043011
251,2025-06-01,14.028902777777777,720,1.0
251,2025-07-01,13.99262711864407,708,0.9516129032258065
251,2025-08-01,14.018567026194143,649,0.8723118279569892
251,2025-09-01,9.444194029850745,670,0.9305555555555556
251,2025-10-01,7.972017167381974,233,0.3131720430107527
251,2025-11-01,7.713913043478261,391,0.5430555555555555
251,2025-12-01,10.60225941422594,717,0.9637096774193549
251,2026-01-01,7.6095640326975476,734,0.9865591397849462
251,2026-02-01,11.373348281016442,669,0.9955357142857143
251,2026-03-01,10.851473684210527,190,0.2553763440860215
309,2001-12-01,14.0425,1,0.0013440860215053765
309,2002-01-01,0.5978192541208791,728,0.978494623655914
309,2002-02-01,1.2637417246835443,632,0.9404761904761905
309,2002-03-01,2.0522435101078167,742,0.9973118279569892
309,2002-04-01,2.4117654777158775,718,0.9972222222222222
309,2002-05-01,4.955780029005525,724,0.9731182795698925
309,2002-06-01,1.9483775041782732,718,0.9972222222222222
309,2002-07-01,2.3063868324099723,361,0.4852150537634409
309,2002-08-01,0.7314774508928571,560,0.7526881720430108
309,2002-09-01,1.40075783497191,712,0.9888888888888889
309,2002-10-01,2.104288258086253,742,0.9973118279569892
309,2002-11-01,2.4340743723404255,188,0.2611111111111111
309,2002-12-01,1.0366809722371968,742,0.9973118279569892
309,2003-01-01,1.7866949029649597,742,0.9973118279569892
309,2003-02-01,3.2854907222222223,666,0.9910714285714286
309,2003-03-01,1.1840474433962265,742,0.9973118279569892
309,2003-04-01,0.8306902966573817,718,0.9972222222222222
309,2003-05-01,0.5982171637466307,742,0.9973118279569892
309,2003-06-01,1.9046168036211701,718,0.9972222222222222
309,2003-07-01,1.8360370761455524,742,0.9973118279569892
309,2003-08-01,3.3039629919137465,742,0.9973118279569892
309,2003-09-01,17.906281325648415,694,0.9638888888888889
309,2003-10-01,23.148605606469005,742,0.9973118279569892
309,2003-11-01,4.712703891364903,718,0.9972222222222222
309,2003-12-01,0.7772258935309972,742,0.9973118279569892
309,2004-01-01,1.512618197705803,741,0.9959677419354839
309,2004-02-01,1.6934655079250722,694,0.9971264367816092
309,2004-03-01,3.559239068733154,742,0.9973118279569892
309,2004-04-01,5.477536927083333,720,1.0
309,2004-05-01,5.4187668719626165,535,0.7190860215053764
309,2004-06-01,5.952997681085044,682,0.9472222222222222
309,2004-07-01,4.964654220350405,742,0.9973118279569892
309,2004-08-01,3.2018093915094337,742,0.9973118279569892
309,2004-09-01,4.603424147222222,720,1.0
309,2004-10-01,3.819604598382749,742,0.9973118279569892
309,2004-11-01,5.001033470752089,718,0.9972222222222222
309,2004-12-01,3.7295810511756566,723,0.9717741935483871
309,2005-01-01,2.12766,1,0.0013440860215053765
309,2005-02-01,1.7861215537313433,670,0.9970238095238095
309,2005-03-01,2.690039070754717,742,0.9973118279569892
309,2005-04-01,4.597504514623956,718,0.9972222222222222
309,2005-05-01,5.206157185560054,741,0.9959677419354839
309,2005-06-01,5.237391441422594,717,0.9958333333333333
309,2005-07-01,5.315488625336927,742,0.9973118279569892
309,2005-08-01,5.49259081010929,732,0.9838709677419355
309,2005-09-01,3.5428682573611114,720,1.0
309,2005-10-01,3.2069224043681746,641,0.8615591397849462
309,2005-11-01,5.043935786816269,713,0.9902777777777778
309,2005-12-01,7.523874014784946,744,1.0
309,2006-01-01,3.077700354054054,740,0.9946236559139785
309,2006-02-01,4.156919273273274,666,0.9910714285714286
309,2006-03-01,8.951318344640434,737,0.9905913978494624
309,2006-04-01,4.821871741596638,714,0.9916666666666667
309,2006-05-01,8.198555563093622,737,0.9905913978494624
309,2006-06-01,5.449019925,720,1.0
309,2006-07-01,3.9795827689189185,740,0.9946236559139785
309,2006-08-01,0.7024145891891892,740,0.9946236559139785
309,2006-09-01,2.3232121171548115,717,0.9958333333333333
309,2006-10-01,3.9171648024357237,739,0.9932795698924731
309,2006-11-01,12.379640068991097,674,0.9361111111111111
309,2006-12-01,0.606300217838765,583,0.7836021505376344
309,2007-01-01,0.6769747769110764,641,0.8615591397849462
309,2007-02-01,0.45016848757485034,668,0.9940476190476191
309,2007-03-01,0.3595726569037657,717,0.9637096774193549
309,2007-05-01,2.170232988547486,716,0.9623655913978495
309,2007-06-01,9.15581249428173,717,0.9958333333333333
309,2007-07-01,8.988011187584345,741,0.9959677419354839
309,2007-08-01,6.7616367179487185,741,0.9959677419354839
309,2007-09-01,7.783368259052925,718,0.9972222222222222
309,2007-10-01,3.872365905405405,740,0.9946236559139785
309,2007-11-01,6.7546970125698325,716,0.9944444444444445
309,2007-12-01,4.854735229202038,589,0.7916666666666666
309,2008-01-01,3.856198721088435,735,0.9879032258064516
309,2008-02-01,4.258063463203464,693,0.9956896551724138
309,2008-03-01,4.209034799191375,742,0.9973118279569892
309,2008-04-01,4.737952187760778,719,0.9986111111111111
309,2008-05-01,3.6045143635077794,707,0.9502688172043011
309,2008-06-01,2.632480963838665,719,0.9986111111111111
309,2008-07-01,2.0561968928667564,743,0.9986559139784946
309,2008-08-01,2.1868341600269177,743,0.9986559139784946
309,2008-09-01,1.3465881818245125,718,0.9972222222222222
309,2008-10-01,2.4030903775303645,741,0.9959677419354839
309,2008-11-01,3.3652526298465832,717,0.9958333333333333
309,2008-12-01,2.265432155390836,742,0.9973118279569892
309,2009-01-01,1.7805818301759133,739,0.9932795698924731
309,2009-02-01,1.872021278358209,670,0.9970238095238095
309,2009-03-01,2.077047415768194,742,0.9973118279569892
309,2009-04-01,3.709844150417827,718,0.9972222222222222
309,2009-05-01,3.9884134289520428,563,0.7567204301075269
309,2009-06-01,3.1628396122019633,713,0.9902777777777778
309,2009-07-01,3.5572052219215156,739,0.9932795698924731
309,2009-08-01,4.537913274590164,732,0.9838709677419355
309,2009-09-01,4.509452398030943,711,0.9875
309,2009-10-01,3.8830484877384195,734,0.9865591397849462
309,2009-11-01,3.350239889901823,713,0.9902777777777778
309,2009-12-01,2.9140067942779293,734,0.9865591397849462
309,2012-11-01,2.6,1,0.001388888888888889
309,2018-08-01,4.505346534653466,101,0.135752688172043
309,2018-09-01,5.066708333333334,720,1.0
309,2018-10-01,5.168436657681941,742,0.9973118279569892
309,2018-11-01,4.693702064896755,678,0.9416666666666667
309,2018-12-01,4.045422343324251,734,0.9865591397849462
309,2019-01-01,2.305094890510949,685,0.9206989247311828
309,2019-02-01,3.8044642857142854,672,1.0
309,2019-03-01,2.0227688172043012,744,1.0
309,2019-04-01,2.1941350210970465,711,0.9875
309,2019-05-01,2.099222222222222,270,0.3629032258064516
309,2019-06-01,1.871888888888889,720,1.0
309,2019-07-01,4.787258064516129,744,1.0
309,2019-08-01,4.3866129032258065,744,1.0
309,2019-09-01,1.3259274755927477,717,0.9958333333333333
309,2019-10-01,1.127439024390244,82,0.11021505376344086
309,2019-11-01,1.8066210045662099,438,0.6083333333333333
309,2019-12-01,4.0353260869565215,736,0.989247311827957
309,2020-01-01,6.779161028416779,739,0.9932795698924731
309,2020-02-01,3.7513218390804597,696,1.0
309,2020-03-01,3.5994181326116372,739,0.9932795698924731
309,2020-04-01,3.7448261474269824,719,0.9986111111111111
309,2020-05-01,5.246056910569106,738,0.9919354838709677
309,2020-06-01,6.386895104895105,715,0.9930555555555556
309,2020-07-01,6.419211956521739,736,0.989247311827957
309,2020-08-01,4.604067567567568,740,0.9946236559139785
309,2020-09-01,4.397723463687151,716,0.9944444444444445
309,2020-10-01,4.747851373182552,619,0.831989247311828
309,2020-11-01,5.165007092198581,705,0.9791666666666666
309,2020-12-01,6.422202702702703,740,0.9946236559139785
309,2021-01-01,4.38022972972973,740,0.9946236559139785
309,2021-02-01,4.707552552552553,666,0.9910714285714286
309,2021-03-01,4.952987721691678,733,0.9852150537634409
309,2021-04-01,5.386913407821229,716,0.9944444444444445
309,2021-05-01,5.488536251709986,731,0.9825268817204301
309,2021-06-01,5.236002928257687,683,0.9486111111111111
309,2021-07-01,5.578527696793003,686,0.9220430107526881
309,2021-08-01,4.491937669376694,738,0.9919354838709677
309,2021-09-01,1.2652033660589062,713,0.9902777777777778
309,2021-10-01,1.6837254901960785,714,0.9596774193548387
309,2021-11-01,2.8500173310225305,577,0.8013888888888889
309,2021-12-01,1.6887531806615774,393,0.5282258064516129
309,2022-01-01,2.7586346863468636,271,0.364247311827957
309,2022-02-01,6.05729203539823,565,0.8407738095238095
309,2022-03-01,8.10742024965326,721,0.9690860215053764
309,2022-04-01,7.913310055865923,716,0.9944444444444445
309,2022-05-01,7.653131782945737,645,0.8669354838709677
309,2022-06-01,8.07075691411936,687,0.9541666666666667
309,2022-07-01,8.963840970350404,742,0.9973118279569892
309,2022-08-01,8.968113975576662,737,0.9905913978494624
309,2022-09-01,11.224075104311543,719,0.9986111111111111
309,2022-10-01,7.260443548387097,744,1.0
309,2022-11-01,8.730875,720,1.0
309,2022-12-01,8.913413978494624,744,1.0
309,2023-01-01,8.185255376344086,744,1.0
309,2023-02-01,1.3628955223880597,670,0.9970238095238095
309,2023-03-01,6.840831099195711,373,0.5013440860215054
309,2023-04-01,1.6624236252545825,491,0.6819444444444445
309,2023-05-01,2.334047619047619,42,0.056451612903225805
309,2024-01-01,2.328086253369272,371,0.4986559139784946
309,2024-02-01,2.803328488372093,688,0.9885057471264368
309,2024-03-01,2.9111366711772666,739,0.9932795698924731
309,2024-04-01,3.343812849162011,716,0.9944444444444445
309,2024-05-01,4.464506089309878,739,0.9932795698924731
309,2024-06-01,4.403156424581005,716,0.9944444444444445
309,2024-07-01,3.4162239999999997,625,0.8400537634408602
309,2024-08-01,3.4146102150537634,744,1.0
309,2024-09-01,2.852117812061711,713,0.9902777777777778
309,2024-10-01,2.478790087463557,686,0.9220430107526881
309,2024-11-01,2.657569230769231,650,0.9027777777777778
309,2024-12-01,2.1413090418353575,741,0.9959677419354839
309,2025-01-01,3.003800675675676,592,0.7956989247311828
309,2025-02-01,3.6026818181818183,660,0.9821428571428571
309,2025-03-01,3.4741893830703017,697,0.9368279569892473
309,2025-04-01,4.5711436541143655,717,0.9958333333333333
309,2025-05-01,4.104378881987578,644,0.8655913978494624
309,2025-06-01,3.700519287833828,674,0.9361111111111111
309,2025-07-01,3.1554189944134077,537,0.7217741935483871
309,2025-08-01,3.282133131618759,661,0.8884408602150538
309,2025-09-01,3.1299668874172184,604,0.8388888888888889
309,2025-10-01,2.6759805510534846,617,0.8293010752688172
309,2025-11-01,3.5445646067415733,712,0.9888888888888889
309,2025-12-01,2.6287982832618026,699,0.9395161290322581
309,2026-01-01,1.3877114427860695,603,0.8104838709677419
309,2026-02-01,2.1173906249999996,640,0.9523809523809523
309,2026-03-01,2.6291346153846153,728,0.978494623655914
309,2026-04-01,3.9411317567567568,592,0.8222222222222222
309,2026-05-01,3.67799674267101,614,0.8252688172043011
309,2026-06-01,4.10622641509434,689,0.9569444444444445
309,2026-07-01,12.54609634551495,602,0.8091397849462365
309,2026-08-01,8.731098591549296,710,0.9543010752688172
309,2026-09-01,4.873618421052631,304,0.4222222222222222
310,2001-12-01,0.0,1,0.0013440860215053765
310,2002-01-01,0.7001025735492579,741,0.9959677419354839
310,2002-02-01,3.039851297761194,670,0.9970238095238095
310,2002-03-01,3.0002421806495265,739,0.9932795698924731
310,2002-04-01,2.62232306302521,714,0.9916666666666667
310,2002-05-01,4.64434152739726,730,0.9811827956989247
310,2002-06-01,5.828315910167131,718,0.9972222222222222
310,2002-07-01,5.112042239892183,742,0.9973118279569892
310,2002-08-01,3.5850463315363883,742,0.9973118279569892
310,2002-09-01,3.0559898523676883,718,0.9972222222222222
310,2002-10-01,0.8940613819163293,741,0.9959677419354839
310,2003-01-01,1.162353744318182,176,0.23655913978494625
310,2003-02-01,2.2296886636363635,660,0.9821428571428571
310,2003-03-01,3.701394397574124,742,0.9973118279569892
310,2003-04-01,4.842499509065552,717,0.9958333333333333
310,2003-05-01,4.77999015768194,742,0.9973118279569892
310,2003-06-01,3.898310529247911,718,0.9972222222222222
310,2003-07-01,6.675383712938006,742,0.9973118279569892
310,2003-08-01,3.816937470350404,742,0.9973118279569892
310,2003-09-01,2.6768779415292356,667,0.9263888888888889
310,2003-10-01,2.0056474326145555,742,0.9973118279569892
310,2003-11-01,2.513777479108635,718,0.9972222222222222
310,2003-12-01,2.090226959876543,648,0.8709677419354839
310,2004-01-01,2.4807877582733813,695,0.9341397849462365
310,2004-02-01,3.384094775216138,694,0.9971264367816092
310,2004-03-01,2.9805192845070425,710,0.9543010752688172
310,2004-10-01,3.6504335844512195,656,0.8817204301075269
310,2004-11-01,2.4413904107391913,717,0.9958333333333333
310,2004-12-01,3.1775536207366986,733,0.9852150537634409
310,2005-01-01,3.51064,1,0.0013440860215053765
310,2005-02-01,3.3151229506726456,669,0.9955357142857143
310,2005-03-01,1.0451186287061993,742,0.9973118279569892
310,2005-04-01,4.316514359331476,718,0.9972222222222222
310,2005-05-01,5.962102665768194,742,0.9973118279569892
310,2005-06-01,6.4900216041666665,720,1.0
310,2005-07-01,4.747234577335376,653,0.8776881720430108
310,2005-08-01,4.521068598227474,677,0.9099462365591398
310,2005-09-01,2.760965102886598,485,0.6736111111111112
310,2005-10-01,2.4390880672848665,674,0.9059139784946236
310,2005-11-01,3.844406248246844,713,0.9902777777777778
310,2005-12-01,6.495333097605894,543,0.7298387096774194
310,2006-01-01,2.5509366222677596,732,0.9838709677419355
310,2006-02-01,4.042311457399103,669,0.9955357142857143
310,2006-03-01,6.935505838492597,743,0.9986559139784946
310,2006-04-01,3.172049937238494,717,0.9958333333333333
310,2006-05-01,11.017051438263229,737,0.9905913978494624
310,2006-06-01,3.3268293611111113,720,1.0
310,2006-07-01,5.5805015013513515,740,0.9946236559139785
310,2006-08-01,4.415106040650406,738,0.9919354838709677
310,2006-09-01,4.454932280726257,716,0.9944444444444445
310,2006-10-01,3.694898047361299,739,0.9932795698924731
310,2006-11-01,9.078868844923505,719,0.9986111111111111
310,2006-12-01,3.4523427589743587,585,0.7862903225806451
310,2007-01-01,1.1671888119079838,739,0.9932795698924731
310,2007-04-01,3.8902541708333334,456,0.6333333333333333
310,2007-05-01,6.030116734525446,727,0.9771505376344086
310,2007-06-01,10.169189173789174,702,0.975
310,2007-07-01,7.238488478260869,736,0.989247311827957
310,2007-08-01,6.045649603494624,744,1.0
310,2007-09-01,2.9768317020891364,718,0.9972222222222222
310,2007-10-01,3.439979024291498,741,0.9959677419354839
310,2007-11-01,14.238701543539326,712,0.9888888888888889
310,2007-12-01,2.1276018291150445,565,0.7594086021505376
310,2008-01-01,1.8464414194254446,731,0.9825268817204301
310,2008-02-01,2.2682661663059163,693,0.9956896551724138
310,2008-03-01,4.210389426684636,742,0.9973118279569892
310,2008-04-01,6.938823844011143,718,0.9972222222222222
310,2008-05-01,8.087221334231806,742,0.9973118279569892
310,2008-06-01,5.094895934401114,718,0.9972222222222222
310,2008-07-01,3.3000598650067294,743,0.9986559139784946
310,2008-08-01,2.778836990700809,742,0.9973118279569892
310,2008-09-01,3.6118328194134075,716,0.9944444444444445
310,2008-10-01,4.326108696356275,741,0.9959677419354839
310,2008-11-01,5.522808078103208,717,0.9958333333333333
310,2008-12-01,5.943578090296496,742,0.9973118279569892
310,2009-01-01,6.914744533242876,737,0.9905913978494624
310,2009-02-01,9.804214813432836,670,0.9970238095238095
310,2009-03-01,22.688523581081082,740,0.9946236559139785
310,2009-04-01,5.7521245888689405,557,0.7736111111111111
310,2009-05-01,3.539838448801743,459,0.6169354838709677
310,2009-06-01,2.39885964084507,710,0.9861111111111112
310,2009-07-01,4.31679605894309,738,0.9919354838709677
310,2009-08-01,5.301752746594006,734,0.9865591397849462
310,2009-09-01,5.1441572443181816,704,0.9777777777777777
310,2009-10-01,3.9862299165526673,731,0.9825268817204301
310,2009-11-01,3.571842585915493,710,0.9861111111111112
310,2009-12-01,2.553189348837209,731,0.9825268817204301
310,2012-11-01,2.5,1,0.001388888888888889
310,2018-08-01,14.554364640883978,181,0.24327956989247312
310,2018-09-01,17.152375,720,1.0
310,2018-10-01,14.486693548387096,744,1.0
310,2018-11-01,14.972247023809524,672,0.9333333333333333
310,2018-12-01,8.972153432032302,743,0.9986559139784946
310,2019-01-01,5.954274193548387,744,1.0
310,2019-02-01,6.654226190476191,672,1.0
310,2019-03-01,7.1342338709677415,744,1.0
310,2019-04-01,10.502414965986395,588,0.8166666666666667
310,2019-05-01,13.949529411764706,85,0.11424731182795698
310,2019-06-01,11.907069444444444,720,1.0
310,2019-07-01,10.210577956989248,744,1.0
310,2019-08-01,59.12085714285715,735,0.9879032258064516
310,2019-09-01,7.398238719068414,687,0.9541666666666667
310,2019-10-01,4.286530612244897,49,0.06586021505376344
310,2019-11-01,4.417268292682927,410,0.5694444444444444
310,2019-12-01,4.439315960912052,614,0.8252688172043011
310,2020-01-01,3.5826456692913387,635,0.853494623655914
310,2020-02-01,3.559390243902439,656,0.9425287356321839
310,2020-03-01,3.522111111111111,720,0.967741935483871
310,2020-04-01,3.3696709585121605,699,0.9708333333333333
310,2020-05-01,4.512270861833105,731,0.9825268817204301
310,2020-06-01,11.392900432900433,693,0.9625
310,2020-07-01,10.381464435146444,717,0.9637096774193549
310,2020-08-01,13.935878284923927,723,0.9717741935483871
310,2020-09-01,8.340994318181819,704,0.9777777777777777
310,2020-10-01,5.0412275862068965,725,0.9744623655913979
310,2020-11-01,4.51994301994302,702,0.975
310,2020-12-01,6.577887517146776,729,0.9798387096774194
310,2021-01-01,7.1719252077562325,722,0.9704301075268817
310,2021-02-01,7.258054298642534,663,0.9866071428571429
310,2021-03-01,5.341878453038674,724,0.9731182795698925
310,2021-04-01,6.868465189873418,632,0.8777777777777778
310,2021-05-01,7.765733333333333,675,0.907258064516129
310,2021-06-01,7.008992700729927,685,0.9513888888888888
310,2021-07-01,8.376931982633865,691,0.928763440860215
310,2021-08-01,6.192550881953867,737,0.9905913978494624
310,2021-09-01,5.539257703081232,714,0.9916666666666667
310,2021-10-01,3.560646492434663,727,0.9771505376344086
310,2021-11-01,5.313629893238435,562,0.7805555555555556
310,2021-12-01,3.9772469635627528,741,0.9959677419354839
310,2022-01-01,4.1931628532974425,743,0.9986559139784946
310,2022-02-01,6.193223880597015,670,0.9970238095238095
310,2022-03-01,7.18252688172043,744,1.0
310,2022-04-01,7.123361227336122,717,0.9958333333333333
310,2022-05-01,8.2565,740,0.9946236559139785
310,2022-06-01,4.885369822485208,676,0.9388888888888889
310,2022-07-01,5.40625172890733,723,0.9717741935483871
310,2022-08-01,7.1237637362637365,728,0.978494623655914
310,2022-09-01,5.149610389610389,616,0.8555555555555555
310,2022-10-01,5.1910482758620695,725,0.9744623655913979
310,2022-11-01,2.6810242085661082,537,0.7458333333333333
310,2022-12-01,5.370323450134771,742,0.9973118279569892
310,2023-01-01,5.658273155416013,637,0.8561827956989247
310,2023-02-01,8.917559523809524,672,1.0
310,2023-03-01,5.887029569892473,744,1.0
310,2023-04-01,7.691152777777778,720,1.0
310,2023-05-01,11.275430107526882,744,1.0
310,2023-06-01,12.283222222222223,720,1.0
310,2023-07-01,12.22045822102426,742,0.9973118279569892
310,2023-08-01,12.831263440860214,744,1.0
310,2023-09-01,12.773930555555555,720,1.0
310,2023-10-01,11.488611859838274,742,0.9973118279569892
310,2023-11-01,9.322917251051893,713,0.9902777777777778
310,2023-12-01,7.62661246612466,738,0.9919354838709677
310,2024-01-01,5.563948439620082,737,0.9905913978494624
310,2024-02-01,6.814136429608127,689,0.9899425287356322
310,2024-03-01,6.83789972899729,738,0.9919354838709677
310,2024-04-01,5.92799709724238,689,0.9569444444444445
310,2024-05-01,7.244000000000001,720,0.967741935483871
310,2024-06-01,7.254413407821229,716,0.9944444444444445
310,2024-07-01,7.746603518267929,739,0.9932795698924731
310,2024-08-01,7.313994211287989,691,0.928763440860215
310,2024-09-01,6.7413320463320465,518,0.7194444444444444
310,2024-10-01,7.523677884615385,416,0.5591397849462365
310,2024-11-01,10.493059936908518,317,0.44027777777777777
310,2024-12-01,19.93325773195876,485,0.6518817204301075
310,2025-01-01,5.511483870967742,620,0.8333333333333334
310,2025-02-01,6.551463046757164,663,0.9866071428571429
310,2025-03-01,6.761536144578313,664,0.8924731182795699
310,2025-04-01,7.812134831460674,712,0.9888888888888889
310,2025-05-01,9.884408163265306,735,0.9879032258064516
310,2025-06-01,9.258862359550562,712,0.9888888888888889
310,2025-07-01,8.667240704500978,511,0.6868279569892473
310,2025-08-01,15.13117486338798,732,0.9838709677419355
310,2025-09-01,13.817725988700566,708,0.9833333333333333
310,2025-10-01,13.460649717514123,708,0.9516129032258065
310,2025-11-01,12.242639664804468,716,0.9944444444444445
310,2025-12-01,11.381711590296495,742,0.9973118279569892
310,2026-01-01,13.884260869565217,575,0.7728494623655914
310,2026-02-01,5.935216741405082,669,0.9955357142857143
310,2026-03-01,7.740068870523416,726,0.9758064516129032
310,2026-04-01,6.31421052631579,703,0.9763888888888889
310,2026-05-01,6.36472312703583,614,0.8252688172043011
310,2026-06-01,5.81389367816092,696,0.9666666666666667
310,2026-07-01,11.190335570469799,447,0.6008064516129032
310,2026-08-01,1.8601641791044776,670,0.9005376344086021
310,2026-09-01,0.6056333333333334,300,0.4166666666666667
503,2009-08-01,6.1,2,0.002688172043010753
503,2009-09-01,8.291338505586591,716,0.9944444444444445
503,2009-10-01,7.89485093495935,738,0.9919354838709677
503,2009-11-01,7.545172195804196,715,0.9930555555555556
503,2009-12-01,6.547630916442048,742,0.9973118279569892
503,2010-01-01,5.8189538544474395,742,0.9973118279569892
503,2010-02-01,6.109237099236641,655,0.9747023809523809
503,2010-03-01,5.825444570850203,741,0.9959677419354839
503,2010-04-01,9.153164976744185,602,0.8361111111111111
503,2010-05-01,9.010427521126761,710,0.9543010752688172
503,2010-06-01,8.920298992199687,641,0.8902777777777777
503,2010-07-01,10.3937807493188,734,0.9865591397849462
503,2010-08-01,8.88572596491228,741,0.9959677419354839
503,2010-09-01,8.519260980392158,714,0.9916666666666667
503,2010-10-01,6.783248105548038,739,0.9932795698924731
503,2010-11-01,6.666778347338936,714,0.9916666666666667
503,2010-12-01,5.429157891891892,740,0.9946236559139785
503,2011-01-01,4.859432462987887,743,0.9986559139784946
503,2011-02-01,5.306679310344827,609,0.90625
503,2011-03-01,5.071956059379217,741,0.9959677419354839
503,2011-04-01,8.444768522727273,704,0.9777777777777777
503,2011-05-01,13.668536725543479,736,0.989247311827957
503,2011-06-01,10.100987670850767,717,0.9958333333333333
503,2011-07-01,10.245219945578231,735,0.9879032258064516
503,2011-08-01,11.081321463414634,738,0.9919354838709677
503,2011-09-01,9.936115417910448,670,0.9305555555555556
503,2011-10-01,8.954760665760869,736,0.989247311827957
503,2011-11-01,7.501950630252101,714,0.9916666666666667
503,2011-12-01,7.390142205479452,730,0.9811827956989247
503,2012-01-01,7.244789349593496,738,0.9919354838709677
503,2012-02-01,7.902880228310503,657,0.9439655172413793
503,2012-03-01,7.778266888888889,720,0.967741935483871
503,2012-04-01,9.750648686868686,693,0.9625
503,2012-05-01,9.490788423913044,736,0.989247311827957
503,2012-06-01,9.781918825174825,715,0.9930555555555556
503,2012-07-01,11.760098817934784,736,0.989247311827957
503,2012-08-01,9.669911049046322,734,0.9865591397849462
503,2012-09-01,8.273433854748603,716,0.9944444444444445
503,2012-10-01,7.384536946354883,727,0.9771505376344086
503,2012-11-01,6.0616513924050635,711,0.9875
503,2012-12-01,7.162638840782123,716,0.9623655913978495
503,2013-01-01,9.214958064952638,739,0.9932795698924731
503,2013-02-01,8.623343785822021,663,0.9866071428571429
503,2013-03-01,9.091286811989102,734,0.9865591397849462
503,2013-04-01,11.272380868347339,714,0.9916666666666667
503,2013-05-01,10.638614603825138,732,0.9838709677419355
503,2013-06-01,11.431726746143058,713,0.9902777777777778
503,2013-07-01,9.73528117886179,738,0.9919354838709677
503,2013-08-01,9.078762962962964,729,0.9798387096774194
503,2013-09-01,8.529585617816092,696,0.9666666666666667
503,2013-10-01,7.433910421768707,735,0.9879032258064516
503,2013-11-01,5.8541077644610775,668,0.9277777777777778
503,2013-12-01,6.546769147640791,657,0.8830645161290323
503,2014-01-01,7.828013236986302,730,0.9811827956989247
503,2014-02-01,9.577805060240964,664,0.9880952380952381
503,2014-03-01,9.7628725,732,0.9838709677419355
503,2014-04-01,11.053493711484593,714,0.9916666666666667
503,2014-05-01,12.612253177441541,727,0.9771505376344086
503,2014-06-01,11.47444431372549,714,0.9916666666666667
503,2014-07-01,12.436704814305363,727,0.9771505376344086
503,2014-08-01,10.668923721244926,739,0.9932795698924731
503,2014-09-01,9.985885273492286,713,0.9902777777777778
503,2014-10-01,10.3910060651289,737,0.9905913978494624
503,2014-11-01,10.748236069930071,715,0.9930555555555556
503,2014-12-01,8.706154256756756,740,0.9946236559139785
503,2015-01-01,8.949755956580733,737,0.9905913978494624
503,2015-02-01,8.40386747005988,668,0.9940476190476191
503,2015-03-01,9.091787642276422,738,0.9919354838709677
503,2015-04-01,10.811642959326788,713,0.9902777777777778
503,2015-05-01,12.540789837618405,739,0.9932795698924731
503,2015-06-01,13.624655294117648,714,0.9916666666666667
503,2015-07-01,12.90491556462585,735,0.9879032258064516
503,2015-08-01,10.614438273529412,680,0.9139784946236559
503,2015-09-01,8.275895434850863,637,0.8847222222222222
503,2015-10-01,8.233899525745256,738,0.9919354838709677
503,2015-11-01,7.962358671328671,715,0.9930555555555556
503,2015-12-01,7.669681863945578,735,0.9879032258064516
503,2016-01-01,6.4731340840802725,735,0.9879032258064516
503,2016-02-01,6.775048988321167,685,0.9841954022988506
503,2016-03-01,8.51979134332425,734,0.9865591397849462
503,2016-04-01,9.706970683988764,712,0.9888888888888889
503,2016-05-01,10.829618463648835,729,0.9798387096774194
503,2016-06-01,11.695347699859747,713,0.9902777777777778
503,2016-07-01,11.036375543478261,736,0.989247311827957
503,2016-08-01,11.138906897018972,738,0.9919354838709677
503,2016-09-01,9.23293846694796,711,0.9875
503,2016-10-01,9.773961041948578,739,0.9932795698924731
503,2016-11-01,7.775325682137834,711,0.9875
503,2016-12-01,8.148304627875508,739,0.9932795698924731
503,2017-01-01,7.968514551630435,736,0.989247311827957
503,2017-02-01,8.264925472263869,667,0.9925595238095238
503,2017-03-01,9.151981031207598,737,0.9905913978494624
503,2017-04-01,10.520040863309353,695,0.9652777777777778
503,2017-05-01,10.997942779291552,734,0.9865591397849462
503,2017-06-01,10.445084033613446,714,0.9916666666666667
503,2017-07-01,11.055796703296703,728,0.978494623655914
503,2017-08-01,10.06606648199446,722,0.9704301075268817
503,2017-09-01,8.173485714285714,700,0.9722222222222222
503,2017-10-01,8.05791327913279,738,0.9919354838709677
503,2017-11-01,7.683954480796586,703,0.9763888888888889
503,2017-12-01,7.538252032520325,738,0.9919354838709677
503,2018-01-01,7.577415426251692,739,0.9932795698924731
503,2018-02-01,8.526036585365853,656,0.9761904761904762
503,2018-03-01,8.754721088435375,735,0.9879032258064516
503,2018-04-01,9.562167832167832,715,0.9930555555555556
503,2018-05-01,11.772750677506776,738,0.9919354838709677
503,2018-06-01,12.707265077138851,713,0.9902777777777778
503,2018-07-01,10.832886178861788,738,0.9919354838709677
503,2018-08-01,11.368005427408411,737,0.9905913978494624
503,2018-09-01,9.659242636746143,713,0.9902777777777778
503,2018-10-01,8.743287858117325,733,0.9852150537634409
503,2018-11-01,7.612055944055944,715,0.9930555555555556
503,2018-12-01,7.923734776725305,739,0.9932795698924731
503,2019-01-01,8.167562326869806,722,0.9704301075268817
503,2019-02-01,7.442623688155922,667,0.9925595238095238
503,2019-03-01,8.444748299319729,735,0.9879032258064516
503,2019-04-01,9.574775280898876,712,0.9888888888888889
503,2019-05-01,9.448457374830852,739,0.9932795698924731
503,2019-06-01,8.63411160058737,681,0.9458333333333333
503,2019-07-01,9.741981004070556,737,0.9905913978494624
503,2019-08-01,8.56059620596206,738,0.9919354838709677
503,2019-09-01,6.9185034965034955,715,0.9930555555555556
503,2019-10-01,6.463636363636363,737,0.9905913978494624
503,2019-11-01,5.826330532212885,714,0.9916666666666667
503,2019-12-01,5.3130108991825615,734,0.9865591397849462
503,2020-01-01,4.362771587743732,718,0.9650537634408602
503,2020-02-01,7.0184081041968165,691,0.992816091954023
503,2020-03-01,7.7728086838534605,737,0.9905913978494624
503,2020-04-01,7.970070821529745,706,0.9805555555555555
503,2020-05-01,9.133631436314364,738,0.9919354838709677
503,2020-06-01,8.3078223495702,698,0.9694444444444444
503,2020-07-01,8.19395890410959,730,0.9811827956989247
503,2020-08-01,7.239668965517241,725,0.9744623655913979
503,2020-09-01,6.705819209039548,708,0.9833333333333333
503,2020-10-01,7.363177441540578,727,0.9771505376344086
503,2020-11-01,7.926802244039271,713,0.9902777777777778
503,2020-12-01,7.001041948579162,739,0.9932795698924731
503,2021-01-01,6.68364161849711,692,0.9301075268817204
503,2021-02-01,6.688305847076462,667,0.9925595238095238
503,2021-03-01,6.49107438016529,726,0.9758064516129032
503,2021-04-01,7.316727785613541,709,0.9847222222222223
503,2021-05-01,8.65780991735537,726,0.9758064516129032
503,2021-06-01,10.190531468531468,715,0.9930555555555556
503,2021-07-01,9.766315789473683,722,0.9704301075268817
503,2021-08-01,9.734508990318119,723,0.9717741935483871
503,2021-09-01,8.365338129496402,695,0.9652777777777778
503,2021-10-01,7.602655601659752,723,0.9717741935483871
503,2021-11-01,9.317263751763045,709,0.9847222222222223
503,2021-12-01,7.271734417344174,738,0.9919354838709677
503,2022-01-01,10.78593451568895,733,0.9852150537634409
503,2022-02-01,13.292158920539732,667,0.9925595238095238
503,2022-03-01,10.3459375,736,0.989247311827957
503,2022-04-01,9.114516129032257,713,0.9902777777777778
503,2022-05-01,13.936321525885559,734,0.9865591397849462
503,2022-06-01,11.313509544787077,681,0.9458333333333333
503,2022-07-01,9.667863247863249,702,0.9435483870967742
503,2022-08-01,9.837768707482994,735,0.9879032258064516
503,2022-09-01,7.945904628330997,713,0.9902777777777778
503,2022-10-01,7.430894308943089,738,0.9919354838709677
503,2022-11-01,6.3433753501400565,714,0.9916666666666667
503,2022-12-01,7.6899593495934955,738,0.9919354838709677
503,2023-01-01,8.084322493224931,738,0.9919354838709677
503,2023-02-01,8.613853073463268,667,0.9925595238095238
503,2023-03-01,8.428469241773962,699,0.9395161290322581
503,2023-04-01,7.176416430594901,706,0.9805555555555555
503,2023-05-01,11.324965612104538,727,0.9771505376344086
503,2023-06-01,12.727642857142857,700,0.9722222222222222
503,2023-07-01,9.900560109289618,732,0.9838709677419355
503,2023-08-01,8.21700272479564,734,0.9865591397849462
503,2023-09-01,8.979511173184358,716,0.9944444444444445
503,2023-10-01,6.888983799705449,679,0.9126344086021505
503,2023-11-01,8.977727930535455,691,0.9597222222222223
503,2023-12-01,9.094428969359331,718,0.9650537634408602
503,2024-01-01,8.922639885222381,697,0.9368279569892473
503,2024-02-01,11.477157434402333,686,0.985632183908046
503,2024-03-01,11.346062246278755,739,0.9932795698924731
503,2024-04-01,12.510266853932583,712,0.9888888888888889
503,2024-05-01,12.278571428571428,721,0.9690860215053764
503,2024-06-01,12.486556390977443,665,0.9236111111111112
503,2024-07-01,11.460407055630936,737,0.9905913978494624
503,2024-08-01,7.695851351351352,740,0.9946236559139785
503,2024-09-01,6.531589310829817,711,0.9875
503,2024-10-01,5.207916102841678,739,0.9932795698924731
503,2024-11-01,4.765035063113604,713,0.9902777777777778
503,2024-12-01,4.246127717391304,736,0.989247311827957
503,2025-01-01,4.585460704607046,738,0.9919354838709677
503,2025-02-01,4.9591768292682925,656,0.9761904761904762
503,2025-03-01,4.907711171662125,734,0.9865591397849462
503,2025-04-01,5.137700987306065,709,0.9847222222222223
503,2025-05-01,6.837936288088643,722,0.9704301075268817
503,2025-06-01,8.29595620437956,685,0.9513888888888888
503,2025-07-01,7.21290780141844,564,0.7580645161290323
503,2025-08-01,5.995162601626016,738,0.9919354838709677
503,2025-09-01,5.302738764044944,712,0.9888888888888889
503,2025-10-01,7.101343283582089,737,0.9905913978494624
503,2025-11-01,9.524235127478754,706,0.9805555555555555
503,2025-12-01,11.780271739130436,736,0.989247311827957
503,2026-01-01,7.444239130434783,736,0.989247311827957
503,2026-02-01,6.826841317365269,668,0.9940476190476191
503,2026-03-01,5.963152173913044,736,0.989247311827957
503,2026-04-01,6.972489510489511,715,0.9930555555555556
503,2026-05-01,7.934241192411925,738,0.9919354838709677
503,2026-06-01,10.153417366946778,714,0.9916666666666667
503,2026-07-01,9.140255183413078,627,0.842741935483871
503,2026-08-01,8.36853459972863,737,0.9905913978494624
503,2026-09-01,8.976852589641435,251,0.3486111111111111
504,2000-01-01,0.32589640625,64,0.08602150537634409
504,2009-08-01,8.1,2,0.002688172043010753
504,2009-09-01,6.9445816805555545,720,1.0
504,2009-10-01,6.766263440860215,744,1.0
504,2009-11-01,6.1125157162726005,719,0.9986111111111111
504,2009-12-01,4.369544131451613,744,1.0
504,2010-01-01,5.388059529569892,744,1.0
504,2010-02-01,5.309022220472441,635,0.9449404761904762
504,2010-03-01,5.805900494134897,682,0.9166666666666666
504,2010-04-01,6.8860666295264625,718,0.9972222222222222
504,2010-05-01,9.12592998643148,737,0.9905913978494624
504,2010-06-01,7.13697950209205,717,0.9958333333333333
504,2010-07-01,7.437792108108108,740,0.9946236559139785
504,2010-08-01,5.793390527740189,739,0.9932795698924731
504,2010-09-01,6.958958893557423,714,0.9916666666666667
504,2010-10-01,5.713383536585367,738,0.9919354838709677
504,2010-11-01,6.399732779329609,716,0.9944444444444445
504,2010-12-01,4.960752635135135,740,0.9946236559139785
504,2011-01-01,4.779841397849463,744,1.0
504,2011-02-01,5.016387721311475,610,0.9077380952380952
504,2011-03-01,6.166806315789473,741,0.9959677419354839
504,2011-04-01,7.060187765363128,716,0.9944444444444445
504,2011-05-01,11.345032614742697,719,0.9663978494623656
504,2011-06-01,8.864991327999999,625,0.8680555555555556
504,2011-07-01,7.260815967523681,739,0.9932795698924731
504,2011-08-01,9.00010910447761,737,0.9905913978494624
504,2011-09-01,7.666932721893491,676,0.9388888888888889
504,2011-10-01,7.002046792963464,739,0.9932795698924731
504,2011-11-01,6.356336246498599,714,0.9916666666666667
504,2011-12-01,6.461546533700137,727,0.9771505376344086
504,2012-01-01,5.266873768707483,735,0.9879032258064516
504,2012-02-01,5.938322839879154,662,0.9511494252873564
504,2012-03-01,7.114564418282549,722,0.9704301075268817
504,2012-04-01,8.424091162464986,714,0.9916666666666667
504,2012-05-01,8.127043328822733,739,0.9932795698924731
504,2012-06-01,7.492604796633941,713,0.9902777777777778
504,2012-07-01,10.724275582655826,738,0.9919354838709677
504,2012-08-01,8.273867739726027,730,0.9811827956989247
504,2012-09-01,7.132511244755245,715,0.9930555555555556
504,2012-10-01,6.213379659863946,735,0.9879032258064516
504,2012-11-01,6.029689859943978,714,0.9916666666666667
504,2012-12-01,5.284669229619565,736,0.989247311827957
504,2013-01-01,5.469932332878581,733,0.9852150537634409
504,2013-02-01,6.089341355421687,664,0.9880952380952381
504,2013-03-01,7.488921495198903,729,0.9798387096774194
504,2013-04-01,9.37295297902098,715,0.9930555555555556
504,2013-05-01,9.182928736111112,720,0.967741935483871
504,2013-06-01,10.164200210674156,712,0.9888888888888889
504,2013-07-01,7.982282343324251,734,0.9865591397849462
504,2013-08-01,8.267227572016461,729,0.9798387096774194
504,2013-09-01,7.016907183308495,671,0.9319444444444445
504,2013-10-01,7.05641487109905,737,0.9905913978494624
504,2013-11-01,5.70516080736544,706,0.9805555555555555
504,2013-12-01,6.913361935047361,739,0.9932795698924731
504,2014-01-01,5.612699592391304,736,0.989247311827957
504,2014-02-01,6.799532751879699,665,0.9895833333333334
504,2014-03-01,7.582043581081081,740,0.9946236559139785
504,2014-04-01,9.2378098457223,713,0.9902777777777778
504,2014-05-01,10.906361102040815,735,0.9879032258064516
504,2014-06-01,8.783038027972028,715,0.9930555555555556
504,2014-07-01,9.028083836734695,735,0.9879032258064516
504,2014-08-01,7.706695947441217,723,0.9717741935483871
504,2014-09-01,6.750744553072625,716,0.9944444444444445
504,2014-10-01,7.020454223512337,689,0.9260752688172043
504,2014-11-01,5.931390867132867,715,0.9930555555555556
504,2014-12-01,4.862278138586956,736,0.989247311827957
504,2015-01-01,6.514456127717392,736,0.989247311827957
504,2015-02-01,5.362932834834835,666,0.9910714285714286
504,2015-03-01,7.280912608695653,690,0.9274193548387096
504,2015-04-01,9.493802724719101,712,0.9888888888888889
504,2015-05-01,9.495115331529094,739,0.9932795698924731
504,2015-06-01,10.17647972857143,700,0.9722222222222222
504,2015-07-01,10.855968514986376,734,0.9865591397849462
504,2015-08-01,6.0036323465211465,733,0.9852150537634409
504,2015-09-01,7.215708304597702,696,0.9666666666666667
504,2015-10-01,5.214707381414701,721,0.9690860215053764
504,2015-11-01,5.159901193921852,691,0.9597222222222223
504,2015-12-01,4.744335678406206,709,0.9529569892473119
504,2016-01-01,4.345114107923497,732,0.9838709677419355
504,2016-02-01,5.0833851180981595,652,0.9367816091954023
504,2016-03-01,6.418902289972899,738,0.9919354838709677
504,2016-04-01,4.540038773314204,697,0.9680555555555556
504,2016-05-01,8.418277597765362,716,0.9623655913978495
504,2016-06-01,7.439241426791277,642,0.8916666666666667
504,2016-07-01,8.540261583333333,672,0.9032258064516129
504,2016-08-01,8.476798534599729,737,0.9905913978494624
504,2016-09-01,6.303500661040787,711,0.9875
504,2016-10-01,6.016035284552845,738,0.9919354838709677
504,2016-11-01,4.595273118870728,673,0.9347222222222222
504,2016-12-01,5.2410723983739835,738,0.9919354838709677
504,2017-01-01,5.67756128864569,731,0.9825268817204301
504,2017-02-01,5.668226077844311,668,0.9940476190476191
504,2017-03-01,6.233688355978261,736,0.989247311827957
504,2017-04-01,7.913117104347826,690,0.9583333333333334
504,2017-05-01,6.223035190615835,682,0.9166666666666666
504,2017-06-01,5.687752808988764,712,0.9888888888888889
504,2017-07-01,6.093739376770539,706,0.9489247311827957
504,2017-08-01,4.544625,720,0.967741935483871
504,2017-09-01,4.276006441223832,621,0.8625
504,2017-10-01,5.703662551440329,729,0.9798387096774194
504,2017-11-01,8.106484593837534,714,0.9916666666666667
504,2017-12-01,7.928170731707317,738,0.9919354838709677
504,2018-01-01,7.993504736129905,739,0.9932795698924731
504,2018-02-01,8.837102102102103,666,0.9910714285714286
504,2018-03-01,8.763156462585034,735,0.9879032258064516
504,2018-04-01,8.941214689265538,708,0.9833333333333333
504,2018-05-01,9.082451523545705,722,0.9704301075268817
504,2018-06-01,9.183935119887165,709,0.9847222222222223
504,2018-07-01,8.742349726775956,732,0.9838709677419355
504,2018-08-01,7.571426630434782,736,0.989247311827957
504,2018-09-01,5.789354838709678,713,0.9902777777777778
504,2018-10-01,6.414878048780488,738,0.9919354838709677
504,2018-11-01,5.658867132867133,715,0.9930555555555556
504,2018-12-01,5.694527027027027,740,0.9946236559139785
504,2019-01-01,5.71103448275862,725,0.9744623655913979
504,2019-02-01,3.5826888217522654,662,0.9851190476190477
504,2019-03-01,5.230176630434783,736,0.989247311827957
504,2019-04-01,4.556823361823362,702,0.975
504,2019-05-01,4.591716621253406,734,0.9865591397849462
504,2019-06-01,6.872388268156425,716,0.9944444444444445
504,2019-07-01,7.6229589041095895,730,0.9811827956989247
504,2019-08-01,6.175486486486486,740,0.9946236559139785
504,2019-09-01,4.314755244755245,715,0.9930555555555556
504,2019-10-01,3.6923684210526315,722,0.9704301075268817
504,2019-11-01,3.855276967930029,686,0.9527777777777777
504,2019-12-01,5.033278911564626,735,0.9879032258064516
504,2020-01-01,3.8576104972375687,724,0.9731182795698925
504,2020-02-01,4.374618768328445,682,0.9798850574712644
504,2020-03-01,4.737785419532324,727,0.9771505376344086
504,2020-04-01,4.419787234042553,705,0.9791666666666666
504,2020-05-01,6.94905160390516,717,0.9637096774193549
504,2020-06-01,5.769581005586593,716,0.9944444444444445
504,2020-07-01,5.188122448979592,735,0.9879032258064516
504,2020-08-01,5.060675675675676,740,0.9946236559139785
504,2020-09-01,4.803342657342657,715,0.9930555555555556
504,2020-10-01,4.9382949932341,739,0.9932795698924731
504,2020-11-01,4.369002808988764,712,0.9888888888888889
504,2020-12-01,4.35158038147139,734,0.9865591397849462
504,2021-01-01,5.79837653478854,733,0.9852150537634409
504,2021-02-01,6.380674662668666,667,0.9925595238095238
504,2021-03-01,5.347798913043478,736,0.989247311827957
504,2021-04-01,5.417974504249292,706,0.9805555555555555
504,2021-05-01,5.881174863387979,732,0.9838709677419355
504,2021-06-01,6.951458625525947,713,0.9902777777777778
504,2021-07-01,7.421422764227643,738,0.9919354838709677
504,2021-08-01,8.212246278755075,739,0.9932795698924731
504,2021-09-01,6.124075630252101,714,0.9916666666666667
504,2021-10-01,5.687135135135135,740,0.9946236559139785
504,2021-11-01,6.560098730606487,709,0.9847222222222223
504,2021-12-01,4.652489795918367,735,0.9879032258064516
504,2022-01-01,4.355074424898512,739,0.9932795698924731
504,2022-02-01,4.6725,668,0.9940476190476191
504,2022-03-01,4.940149659863946,735,0.9879032258064516
504,2022-04-01,6.167720797720797,702,0.975
504,2022-05-01,9.011799729364006,739,0.9932795698924731
504,2022-06-01,6.665742857142858,700,0.9722222222222222
504,2022-07-01,6.46948611111111,720,0.967741935483871
504,2022-08-01,5.144442934782608,736,0.989247311827957
504,2022-09-01,4.987893258426967,712,0.9888888888888889
504,2022-10-01,4.580997191011236,712,0.956989247311828
504,2022-11-01,4.531190476190476,714,0.9916666666666667
504,2022-12-01,5.900149456521739,736,0.989247311827957
504,2023-01-01,6.300691056910569,738,0.9919354838709677
504,2023-02-01,4.162173913043478,667,0.9925595238095238
504,2023-03-01,5.298875338753388,738,0.9919354838709677
504,2023-04-01,6.200337552742615,711,0.9875
504,2023-05-01,6.83646492434663,727,0.9771505376344086
504,2023-06-01,7.312240896358543,714,0.9916666666666667
504,2023-07-01,6.265365853658537,738,0.9919354838709677
504,2023-08-01,4.422620027434842,729,0.9798387096774194
504,2023-09-01,3.71609375,704,0.9777777777777777
504,2023-10-01,3.134301221166893,737,0.9905913978494624
504,2023-11-01,3.6999015471167374,711,0.9875
504,2023-12-01,3.8657123473541386,737,0.9905913978494624
504,2024-01-01,3.540741258741259,715,0.9610215053763441
504,2024-02-01,3.6621003134796237,638,0.9166666666666666
504,2024-03-01,5.715402455661665,733,0.9852150537634409
504,2024-04-01,6.113011363636364,704,0.9777777777777777
504,2024-05-01,7.782876526458615,737,0.9905913978494624
504,2024-06-01,7.006421568627451,612,0.85
504,2024-07-01,6.760415512465374,722,0.9704301075268817
504,2024-08-01,4.293064295485636,731,0.9825268817204301
504,2024-09-01,4.644544179523142,713,0.9902777777777778
504,2024-10-01,4.798812154696133,724,0.9731182795698925
504,2024-11-01,2.332688477951636,703,0.9763888888888889
504,2024-12-01,1.9417615176151761,738,0.9919354838709677
504,2025-01-01,3.2123489010989013,728,0.978494623655914
504,2025-02-01,3.858101851851852,648,0.9642857142857143
504,2025-03-01,5.14931506849315,730,0.9811827956989247
504,2025-04-01,3.4190295358649787,711,0.9875
504,2025-05-01,6.067721335268505,689,0.9260752688172043
504,2025-06-01,5.7180780346820805,692,0.9611111111111111
504,2025-07-01,6.96726618705036,695,0.9341397849462365
504,2025-08-01,8.887925824175824,728,0.978494623655914
504,2025-09-01,9.363548387096774,713,0.9902777777777778
504,2025-10-01,8.305809248554914,692,0.9301075268817204
504,2025-11-01,4.64399433427762,706,0.9805555555555555
504,2025-12-01,4.7367297297297295,740,0.9946236559139785
504,2026-01-01,4.043414634146341,738,0.9919354838709677
504,2026-02-01,4.9674736842105265,665,0.9895833333333334
504,2026-03-01,5.871641791044776,737,0.9905913978494624
504,2026-04-01,6.819405099150142,706,0.9805555555555555
504,2026-05-01,7.06031636863824,727,0.9771505376344086
504,2026-06-01,12.308463768115942,690,0.9583333333333334
504,2026-07-01,6.666260720411664,583,0.7836021505376344
504,2026-08-01,3.521123287671233,730,0.9811827956989247
504,2026-09-01,6.131924686192469,239,0.33194444444444443
505,2009-08-01,8.74998,2,0.002688172043010753
505,2009-09-01,9.144302569444445,720,1.0
505,2009-10-01,8.08736559139785,744,1.0
505,2009-11-01,8.152775152777776,720,1.0
505,2009-12-01,7.693043908355795,742,0.9973118279569892
505,2010-01-01,6.628806223118279,744,1.0
505,2010-02-01,6.9111511550151965,658,0.9791666666666666
505,2010-03-01,6.971586275303643,741,0.9959677419354839
505,2010-04-01,8.832804992987377,713,0.9902777777777778
505,2010-05-01,10.751475062068966,725,0.9744623655913979
505,2010-06-01,8.824410004225353,710,0.9861111111111112
505,2010-07-01,9.422321698369565,736,0.989247311827957
505,2010-08-01,8.802792621621622,740,0.9946236559139785
505,2010-09-01,10.440548158995815,717,0.9958333333333333
505,2010-10-01,9.462138675675675,740,0.9946236559139785
505,2010-11-01,8.374876019553072,716,0.9944444444444445
505,2010-12-01,8.46464385444744,742,0.9973118279569892
505,2011-01-01,8.073194583333333,744,1.0
505,2011-02-01,7.787438885245902,610,0.9077380952380952
505,2011-03-01,7.8240058333333335,732,0.9838709677419355
505,2011-04-01,10.749363723252497,701,0.9736111111111111
505,2011-05-01,13.674902847025496,706,0.9489247311827957
505,2011-06-01,10.355274664804469,716,0.9944444444444445
505,2011-07-01,9.697929444444444,738,0.9919354838709677
505,2011-08-01,10.114883927125506,741,0.9959677419354839
505,2011-09-01,8.985258439821694,673,0.9347222222222222
505,2011-10-01,9.55522749661705,739,0.9932795698924731
505,2011-11-01,7.9309690616246495,714,0.9916666666666667
505,2011-12-01,7.85127998632011,731,0.9825268817204301
505,2012-01-01,7.473686154891304,736,0.989247311827957
505,2012-02-01,8.081849502262443,663,0.9525862068965517
505,2012-03-01,8.059966173677068,737,0.9905913978494624
505,2012-04-01,9.638182661064425,714,0.9916666666666667
505,2012-05-01,10.114024614343707,739,0.9932795698924731
505,2012-06-01,9.800607342657344,715,0.9930555555555556
505,2012-07-01,11.006656417910447,737,0.9905913978494624
505,2012-08-01,9.317608365122615,734,0.9865591397849462
505,2012-09-01,9.272488531468532,715,0.9930555555555556
505,2012-10-01,8.07227526458616,737,0.9905913978494624
505,2012-11-01,7.509951104651163,688,0.9555555555555556
505,2012-12-01,8.94838502507524,731,0.9825268817204301
505,2013-01-01,9.495270173677069,737,0.9905913978494624
505,2013-02-01,9.403047087087087,666,0.9910714285714286
505,2013-03-01,9.950463410013532,739,0.9932795698924731
505,2013-04-01,10.45570593943662,710,0.9861111111111112
505,2013-05-01,10.18592143442623,732,0.9838709677419355
505,2013-06-01,10.281597226760564,710,0.9861111111111112
505,2013-07-01,9.95627699728261,736,0.989247311827957
505,2013-08-01,9.380074338775511,735,0.9879032258064516
505,2013-09-01,9.575589644067797,708,0.9833333333333333
505,2013-10-01,10.512152822252373,737,0.9905913978494624
505,2013-11-01,8.746613078078077,666,0.925
505,2013-12-01,7.222051639566395,738,0.9919354838709677
505,2014-01-01,4.9601962601626015,738,0.9919354838709677
505,2014-02-01,5.474005758513932,646,0.9613095238095238
505,2014-03-01,5.889837183673468,735,0.9879032258064516
505,2014-04-01,8.548844971910112,712,0.9888888888888889
505,2014-05-01,8.020545836734694,735,0.9879032258064516
505,2014-06-01,7.873892517482518,715,0.9930555555555556
505,2014-07-01,7.648227676630436,736,0.989247311827957
505,2014-08-01,6.5305441598915985,738,0.9919354838709677
505,2014-09-01,5.8064205314685315,715,0.9930555555555556
505,2014-10-01,5.933882384823849,738,0.9919354838709677
505,2014-11-01,6.232735714285715,714,0.9916666666666667
505,2014-12-01,5.640755528455285,738,0.9919354838709677
505,2015-01-01,5.639584959349594,738,0.9919354838709677
505,2015-02-01,5.796224071856288,668,0.9940476190476191
505,2015-03-01,6.027560540540541,740,0.9946236559139785
505,2015-04-01,6.386281176470588,714,0.9916666666666667
505,2015-05-01,7.665431905405406,740,0.9946236559139785
505,2015-06-01,7.93091537815126,714,0.9916666666666667
505,2015-07-01,7.6262411548913045,736,0.989247311827957
505,2015-08-01,5.941293419972641,731,0.9825268817204301
505,2015-09-01,5.411086368715084,716,0.9944444444444445
505,2015-10-01,4.90931004076087,736,0.989247311827957
505,2015-11-01,4.602646363636364,715,0.9930555555555556
505,2015-12-01,4.583636946354883,727,0.9771505376344086
505,2016-01-01,4.966158784153006,732,0.9838709677419355
505,2016-02-01,5.152754865671642,670,0.9626436781609196
505,2016-03-01,6.1153362619372444,733,0.9852150537634409
505,2016-04-01,6.369848507713885,713,0.9902777777777778
505,2016-05-01,7.3038041527777775,720,0.967741935483871
505,2016-06-01,6.54072356223176,699,0.9708333333333333
505,2016-07-01,6.208199958960328,731,0.9825268817204301
505,2016-08-01,5.719135683360656,732,0.9838709677419355
505,2016-09-01,5.488126624472574,711,0.9875
505,2016-10-01,5.435373220568335,739,0.9932795698924731
505,2016-11-01,4.827706306179775,712,0.9888888888888889
505,2016-12-01,5.147728263229308,737,0.9905913978494624
505,2017-01-01,5.262427309782608,736,0.989247311827957
505,2017-02-01,5.071682593703148,667,0.9925595238095238
505,2017-03-01,5.332761603260869,736,0.989247311827957
505,2017-04-01,6.393385259467041,713,0.9902777777777778
505,2017-05-01,5.687082767978291,737,0.9905913978494624
505,2017-06-01,5.968382559774965,711,0.9875
505,2017-07-01,5.764196675900277,722,0.9704301075268817
505,2017-08-01,5.284176870748299,735,0.9879032258064516
505,2017-09-01,5.671476793248945,711,0.9875
505,2017-10-01,5.4645,740,0.9946236559139785
505,2017-11-01,5.558321167883212,685,0.9513888888888888
505,2017-12-01,5.117861975642761,739,0.9932795698924731
505,2018-01-01,4.840284167794317,739,0.9932795698924731
505,2018-02-01,5.255760368663594,651,0.96875
505,2018-03-01,5.52804109589041,730,0.9811827956989247
505,2018-04-01,5.641727528089888,712,0.9888888888888889
505,2018-05-01,6.9172925170068025,735,0.9879032258064516
505,2018-06-01,7.034874301675978,716,0.9944444444444445
505,2018-07-01,6.301310810810811,740,0.9946236559139785
505,2018-08-01,6.157336956521739,736,0.989247311827957
505,2018-09-01,5.652262569832402,716,0.9944444444444445
505,2018-10-01,5.271756756756757,740,0.9946236559139785
505,2018-11-01,4.290897615708275,713,0.9902777777777778
505,2018-12-01,3.8984530386740333,724,0.9731182795698925
505,2019-01-01,4.690761904761905,735,0.9879032258064516
505,2019-02-01,4.693248502994012,668,0.9940476190476191
505,2019-03-01,5.434183813443073,729,0.9798387096774194
505,2019-04-01,8.772552594670406,713,0.9902777777777778
505,2019-05-01,11.273541383989146,737,0.9905913978494624
505,2019-06-01,9.605923836389282,709,0.9847222222222223
505,2019-07-01,10.137671232876713,730,0.9811827956989247
505,2019-08-01,10.655335157318742,731,0.9825268817204301
505,2019-09-01,8.037478873239436,710,0.9861111111111112
505,2019-10-01,7.716309362279512,737,0.9905913978494624
505,2019-11-01,6.757052186177715,709,0.9847222222222223
505,2019-12-01,7.049025710419485,739,0.9932795698924731
505,2020-01-01,6.842366621067032,731,0.9825268817204301
505,2020-02-01,8.895962373371924,691,0.992816091954023
505,2020-03-01,8.961869918699186,738,0.9919354838709677
505,2020-04-01,8.748774647887323,710,0.9861111111111112
505,2020-05-01,12.048809201623815,739,0.9932795698924731
505,2020-06-01,10.926521126760564,710,0.9861111111111112
505,2020-07-01,10.648103683492497,733,0.9852150537634409
505,2020-08-01,9.53710027100271,738,0.9919354838709677
505,2020-09-01,8.403426573426573,715,0.9930555555555556
505,2020-10-01,8.709741847826086,736,0.989247311827957
505,2020-11-01,7.50114161849711,692,0.9611111111111111
505,2020-12-01,6.515872801082543,739,0.9932795698924731
505,2021-01-01,6.586445047489824,737,0.9905913978494624
505,2021-02-01,7.86457957957958,666,0.9910714285714286
505,2021-03-01,6.963220568335588,739,0.9932795698924731
505,2021-04-01,6.70248595505618,712,0.9888888888888889
505,2021-05-01,8.048407202216067,722,0.9704301075268817
505,2021-06-01,9.966281690140846,710,0.9861111111111112
505,2021-07-01,11.353120759837179,737,0.9905913978494624
505,2021-08-01,10.236962750716332,698,0.9381720430107527
505,2021-09-01,8.841360946745562,676,0.9388888888888889
505,2021-10-01,7.525850622406638,723,0.9717741935483871
505,2021-11-01,8.11608938547486,716,0.9944444444444445
505,2021-12-01,6.122713704206241,737,0.9905913978494624
505,2022-01-01,7.711743869209809,734,0.9865591397849462
505,2022-02-01,7.660314842578711,667,0.9925595238095238
505,2022-03-01,7.755774436090226,665,0.8938172043010753
505,2022-04-01,8.860712290502795,716,0.9944444444444445
505,2022-05-01,11.704979647218453,737,0.9905913978494624
505,2022-06-01,9.779859943977591,714,0.9916666666666667
505,2022-07-01,7.979173441734417,738,0.9919354838709677
505,2022-08-01,8.047830832196453,733,0.9852150537634409
505,2022-09-01,6.580853146853148,715,0.9930555555555556
505,2022-10-01,6.1276319350473605,739,0.9932795698924731
505,2022-11-01,5.719760225669957,709,0.9847222222222223
505,2022-12-01,6.629529737206085,723,0.9717741935483871
505,2023-01-01,7.165387755102041,735,0.9879032258064516
505,2023-02-01,6.869191616766467,668,0.9940476190476191
505,2023-03-01,6.829875173370319,721,0.9690860215053764
505,2023-04-01,7.917667597765363,716,0.9944444444444445
505,2023-05-01,9.766422764227642,738,0.9919354838709677
505,2023-06-01,9.44266106442577,714,0.9916666666666667
505,2023-07-01,9.75539748953975,717,0.9637096774193549
505,2023-08-01,7.7918648648648645,740,0.9946236559139785
505,2023-09-01,7.052380952380952,714,0.9916666666666667
505,2023-10-01,6.0204891304347825,736,0.989247311827957
505,2023-11-01,5.874700854700855,702,0.975
505,2023-12-01,5.799945799457994,738,0.9919354838709677
505,2024-01-01,5.20869918699187,738,0.9919354838709677
505,2024-02-01,6.397851851851852,675,0.9698275862068966
505,2024-03-01,6.989437585733882,729,0.9798387096774194
505,2024-04-01,9.228221288515407,714,0.9916666666666667
505,2024-05-01,10.303234100135318,739,0.9932795698924731
505,2024-06-01,8.917941176470588,714,0.9916666666666667
505,2024-07-01,11.404497282608695,736,0.989247311827957
505,2024-08-01,7.956440217391304,736,0.989247311827957
505,2024-09-01,5.684712643678161,696,0.9666666666666667
505,2024-10-01,6.54958051420839,739,0.9932795698924731
505,2024-11-01,5.482043165467626,695,0.9652777777777778
505,2024-12-01,3.933377976190476,672,0.9032258064516129
505,2025-01-01,5.03335734870317,694,0.9327956989247311
505,2025-02-01,4.699254185692542,657,0.9776785714285714
505,2025-03-01,6.424678522571819,731,0.9825268817204301
505,2025-04-01,6.777959501557632,642,0.8916666666666667
505,2025-05-01,8.71986301369863,730,0.9811827956989247
505,2025-06-01,9.026357243319268,711,0.9875
505,2025-07-01,8.774203296703297,728,0.978494623655914
505,2025-08-01,8.09140902872777,731,0.9825268817204301
505,2025-09-01,7.653865546218487,714,0.9916666666666667
505,2025-10-01,6.688635135135136,740,0.9946236559139785
505,2025-11-01,6.534964639321076,707,0.9819444444444444
505,2025-12-01,6.613554952510176,737,0.9905913978494624
505,2026-01-01,5.57898097826087,736,0.989247311827957
505,2026-02-01,4.660030395136778,658,0.9791666666666666
505,2026-03-01,5.560612244897959,686,0.9220430107526881
505,2026-04-01,2.429202797202797,715,0.9930555555555556
505,2026-05-01,2.442368064952639,739,0.9932795698924731
505,2026-06-01,2.585182584269663,712,0.9888888888888889
505,2026-07-01,2.8507541899441344,716,0.9623655913978495
505,2026-08-01,2.5574018944519623,739,0.9932795698924731
505,2026-09-01,2.5176892430278888,251,0.3486111111111111
509,2002-02-01,1.5299864012345679,648,0.9642857142857143
509,2002-03-01,1.0595771102150537,744,1.0
509,2002-04-01,1.3338379999999999,720,1.0
509,2002-05-01,2.717737995962315,743,0.9986559139784946
509,2002-06-01,8.839790966666667,720,1.0
509,2002-07-01,12.171147239512855,739,0.9932795698924731
509,2002-08-01,10.698664798387096,744,1.0
509,2002-09-01,9.200978156424581,716,0.9944444444444445
509,2002-10-01,7.3269773252688175,744,1.0
509,2002-11-01,8.409519291666667,720,1.0
509,2002-12-01,6.732814176870748,735,0.9879032258064516
509,2003-01-01,5.897783815967523,739,0.9932795698924731
509,2003-02-01,7.377145178571429,672,1.0
509,2003-03-01,7.955902843665768,742,0.9973118279569892
509,2003-04-01,12.844992708333333,720,1.0
509,2003-05-01,13.510448628005657,707,0.9502688172043011
509,2003-06-01,9.397152125,720,1.0
509,2003-07-01,11.509891700404859,741,0.9959677419354839
509,2003-08-01,9.58160752688172,744,1.0
509,2003-09-01,6.1109913091922,718,0.9972222222222222
509,2003-10-01,5.647389419703104,741,0.9959677419354839
509,2003-11-01,6.065403430962343,717,0.9958333333333333
509,2003-12-01,6.092643113207547,742,0.9973118279569892
509,2004-01-01,5.5671804447439355,742,0.9973118279569892
509,2004-02-01,8.03753298076923,624,0.896551724137931
509,2004-03-01,9.222196605960265,604,0.8118279569892473
509,2004-04-01,10.606341703910614,716,0.9944444444444445
509,2004-05-01,14.525121745810056,716,0.9623655913978495
509,2004-06-01,12.352894245810058,716,0.9944444444444445
509,2004-07-01,16.14260133064516,744,1.0
509,2004-08-01,12.442077594086022,744,1.0
509,2004-09-01,9.30739230876217,719,0.9986111111111111
509,2004-10-01,8.762352859014085,710,0.9543010752688172
509,2004-11-01,6.860219166666666,720,1.0
509,2004-12-01,5.997620725806451,744,1.0
509,2005-01-01,6.905611142473118,744,1.0
509,2005-02-01,7.329654285714286,672,1.0
509,2005-03-01,9.854714448924732,744,1.0
509,2005-04-01,13.674631958333334,720,1.0
509,2005-05-01,12.294092755376344,744,1.0
509,2005-06-01,9.351349944444443,720,1.0
509,2005-07-01,8.774441599462365,744,1.0
509,2005-08-01,8.543346204035089,741,0.9959677419354839
509,2005-09-01,9.308372458333334,720,1.0
509,2005-10-01,9.855602204301075,744,1.0
509,2005-11-01,7.643121532033427,718,0.9972222222222222
509,2005-12-01,6.838388602150538,744,1.0
509,2006-01-01,6.590304905913978,744,1.0
509,2006-02-01,7.3389253731343285,670,0.9970238095238095
509,2006-03-01,7.114217331536388,742,0.9973118279569892
509,2006-04-01,8.15545974930362,718,0.9972222222222222
509,2006-05-01,14.79101745625841,743,0.9986559139784946
509,2006-06-01,12.87306054317549,718,0.9972222222222222
509,2006-07-01,8.89741176075269,744,1.0
509,2006-08-01,8.324746061827957,744,1.0
509,2006-09-01,8.271732674418605,688,0.9555555555555556
509,2006-10-01,10.870865141700405,741,0.9959677419354839
509,2006-11-01,7.510513217270195,718,0.9972222222222222
509,2006-12-01,5.911910551816958,743,0.9986559139784946
509,2007-01-01,6.921339609164421,742,0.9973118279569892
509,2007-02-01,6.384558479880775,671,0.9985119047619048
509,2007-03-01,9.117613615591399,744,1.0
509,2007-04-01,9.27294213091922,718,0.9972222222222222
509,2007-05-01,11.526240927419355,744,1.0
509,2007-06-01,10.633714240687679,698,0.9694444444444444
509,2007-07-01,14.774207392473118,744,1.0
509,2007-08-01,13.08208037735849,742,0.9973118279569892
509,2007-09-01,7.10796888418079,708,0.9833333333333333
509,2007-10-01,9.452754279946165,743,0.9986559139784946
509,2007-11-01,7.670294677871149,714,0.9916666666666667
509,2007-12-01,5.603169986413043,736,0.989247311827957
509,2008-01-01,5.504313561827957,744,1.0
509,2008-02-01,6.365394827586207,696,1.0
509,2008-03-01,11.042227244623655,744,1.0
509,2008-04-01,12.484779177126919,717,0.9958333333333333
509,2008-05-01,11.112240620689656,725,0.9744623655913979
509,2008-06-01,11.290382887029288,717,0.9958333333333333
509,2008-07-01,9.439869125168237,743,0.9986559139784946
509,2008-08-01,8.236808427419355,744,1.0
509,2008-09-01,8.55791225,720,1.0
509,2008-10-01,7.395835789473685,741,0.9959677419354839
509,2008-11-01,6.349728527777778,720,1.0
509,2008-12-01,5.890573082099597,743,0.9986559139784946
509,2009-01-01,6.6809024327956985,744,1.0
509,2009-02-01,8.004228973214286,672,1.0
509,2009-03-01,9.667503989218329,742,0.9973118279569892
509,2009-04-01,9.484717847222221,720,1.0
509,2009-05-01,10.552570645161289,744,1.0
509,2009-06-01,12.159190405027934,716,0.9944444444444445
509,2009-07-01,14.259160757780785,739,0.9932795698924731
509,2009-08-01,12.733892096774193,744,1.0
509,2009-09-01,9.900303412587412,715,0.9930555555555556
509,2009-10-01,9.117713176312249,743,0.9986559139784946
509,2009-11-01,7.516245708333333,720,1.0
509,2009-12-01,5.983677032520326,738,0.9919354838709677
509,2010-01-01,5.617360687331536,742,0.9973118279569892
509,2010-02-01,5.924287428139183,661,0.9836309523809523
509,2010-03-01,6.649648864864865,740,0.9946236559139785
509,2010-04-01,9.970061573816157,718,0.9972222222222222
509,2010-05-01,11.546259045698926,744,1.0
509,2010-06-01,11.22265213888889,720,1.0
509,2010-07-01,11.398266290322582,744,1.0
509,2010-08-01,12.43052856562923,739,0.9932795698924731
509,2010-09-01,13.00669684582744,707,0.9819444444444444
509,2010-10-01,9.540002712550608,741,0.9959677419354839
509,2010-11-01,8.366508184357542,716,0.9944444444444445
509,2010-12-01,5.965503166441136,739,0.9932795698924731
509,2011-01-01,6.153463636363637,737,0.9905913978494624
509,2011-02-01,6.483154484304932,669,0.9955357142857143
509,2011-03-01,8.113849527027028,740,0.9946236559139785
509,2011-04-01,11.245870069735007,717,0.9958333333333333
509,2011-05-01,15.886412833787466,734,0.9865591397849462
509,2011-06-01,15.447838610709118,691,0.9597222222222223
509,2011-07-01,14.632675297297297,740,0.9946236559139785
509,2011-08-01,12.585006926229509,732,0.9838709677419355
509,2011-09-01,9.901962468443198,713,0.9902777777777778
509,2011-10-01,9.401072182320442,724,0.9731182795698925
509,2011-11-01,8.812246801675979,716,0.9944444444444445
509,2011-12-01,7.635100013477088,742,0.9973118279569892
509,2012-01-01,7.946997856173677,737,0.9905913978494624
509,2012-02-01,9.35960854862119,689,0.9899425287356322
509,2012-03-01,12.106160184921764,703,0.9448924731182796
509,2012-04-01,13.681361954674221,706,0.9805555555555555
509,2012-05-01,13.961649387755102,735,0.9879032258064516
509,2012-06-01,10.159332173274597,681,0.9458333333333333
509,2012-07-01,6.498270140252454,713,0.9583333333333334
509,2012-08-01,7.354958138222849,709,0.9529569892473119
509,2012-09-01,5.962419287833828,674,0.9361111111111111
509,2012-10-01,7.424297642954856,731,0.9825268817204301
509,2012-11-01,7.164213047752809,712,0.9888888888888889
509,2012-12-01,5.521892352112676,710,0.9543010752688172
509,2013-01-01,3.890154531420765,732,0.9838709677419355
509,2013-02-01,7.032695109375,640,0.9523809523809523
509,2013-03-01,7.330561968144044,722,0.9704301075268817
509,2013-04-01,9.072606483357452,691,0.9597222222222223
509,2013-05-01,10.912255726495726,702,0.9435483870967742
509,2013-06-01,13.205485859598854,698,0.9694444444444444
509,2013-07-01,13.032469438356165,730,0.9811827956989247
509,2013-08-01,12.111549404600812,739,0.9932795698924731
509,2013-09-01,9.724750259365994,694,0.9638888888888889
509,2013-10-01,7.8128823473541384,737,0.9905913978494624
509,2013-11-01,6.020730042016807,714,0.9916666666666667
509,2013-12-01,5.990659059888579,718,0.9650537634408602
509,2014-01-01,6.656895336111111,720,0.967741935483871
509,2014-02-01,7.450909300911855,658,0.9791666666666666
509,2014-03-01,8.72871326417704,723,0.9717741935483871
509,2014-04-01,18.559936205738882,697,0.9680555555555556
509,2014-05-01,13.48513364247312,744,1.0
509,2014-06-01,13.726036371592539,697,0.9680555555555556
509,2014-07-01,11.382406270122784,733,0.9852150537634409
509,2014-08-01,10.382425876712329,730,0.9811827956989247
509,2014-09-01,7.942333350290698,688,0.9555555555555556
509,2014-10-01,8.748101409495549,674,0.9059139784946236
509,2014-11-01,7.540988923076923,715,0.9930555555555556
509,2014-12-01,6.387884078590786,738,0.9919354838709677
509,2015-01-01,6.592862449528937,743,0.9986559139784946
509,2015-02-01,8.16574945945946,666,0.9910714285714286
509,2015-03-01,9.005630160161507,743,0.9986559139784946
509,2015-04-01,11.089468930555556,720,1.0
509,2015-05-01,12.072071465469612,724,0.9731182795698925
509,2015-06-01,17.455204075104312,719,0.9986111111111111
509,2015-07-01,15.188866450742239,741,0.9959677419354839
509,2015-08-01,11.321382620967741,744,1.0
509,2015-09-01,9.866946801112656,719,0.9986111111111111
509,2015-10-01,8.079671842818428,738,0.9919354838709677
509,2015-11-01,5.88039911516854,712,0.9888888888888889
509,2015-12-01,5.711703951285521,739,0.9932795698924731
509,2016-01-01,5.638848148648648,740,0.9946236559139785
509,2016-02-01,7.002575813953489,688,0.9885057471264368
509,2016-03-01,8.066152024456523,736,0.989247311827957
509,2016-04-01,10.96464425174825,715,0.9930555555555556
509,2016-05-01,13.362099222373805,733,0.9852150537634409
509,2016-06-01,18.155051206171105,713,0.9902777777777778
509,2016-07-01,14.62732094722598,739,0.9932795698924731
509,2016-08-01,13.476508654891305,736,0.989247311827957
509,2016-09-01,11.963823676880223,718,0.9972222222222222
509,2016-10-01,9.004447818428183,738,0.9919354838709677
509,2016-11-01,7.553450084388186,711,0.9875
509,2016-12-01,6.935774363143632,738,0.9919354838709677
509,2017-01-01,8.124963461538462,728,0.978494623655914
509,2017-02-01,7.557368710644678,667,0.9925595238095238
509,2017-03-01,9.444181472972973,740,0.9946236559139785
509,2017-04-01,12.572678450704224,710,0.9861111111111112
509,2017-05-01,12.709630136986302,730,0.9811827956989247
509,2017-06-01,11.862747875354108,706,0.9805555555555555
509,2017-07-01,14.059484396200814,737,0.9905913978494624
509,2017-08-01,12.269386920980926,734,0.9865591397849462
509,2017-09-01,11.028185907046478,667,0.9263888888888889
509,2017-10-01,8.367540760869565,736,0.989247311827957
509,2017-11-01,8.119492242595205,709,0.9847222222222223
509,2017-12-01,7.605177595628415,732,0.9838709677419355
509,2018-01-01,7.2560540540540535,740,0.9946236559139785
509,2018-02-01,7.970794602698652,667,0.9925595238095238
509,2018-03-01,10.528105548037889,739,0.9932795698924731
509,2018-04-01,12.060742296918768,714,0.9916666666666667
509,2018-05-01,16.677077131258457,739,0.9932795698924731
509,2018-06-01,18.156835443037973,711,0.9875
509,2018-07-01,14.300642954856361,731,0.9825268817204301
509,2018-08-01,15.18046195652174,736,0.989247311827957
509,2018-09-01,10.151424460431654,695,0.9652777777777778
509,2018-10-01,8.979142857142858,735,0.9879032258064516
509,2018-11-01,7.2141350210970465,711,0.9875
509,2018-12-01,6.3785869565217395,736,0.989247311827957
509,2019-01-01,7.178631436314363,738,0.9919354838709677
509,2019-02-01,7.597016491754123,667,0.9925595238095238
509,2019-03-01,9.413508771929825,684,0.9193548387096774
509,2019-04-01,12.342794348508633,637,0.8847222222222222
509,2019-05-01,14.388715728715727,693,0.9314516129032258
509,2019-06-01,15.608179271708684,714,0.9916666666666667
509,2019-07-01,15.866144414168938,734,0.9865591397849462
509,2019-08-01,15.028821138211383,738,0.9919354838709677
509,2019-09-01,9.307146853146852,715,0.9930555555555556
509,2019-10-01,8.715102599179206,731,0.9825268817204301
509,2019-11-01,8.407835195530726,716,0.9944444444444445
509,2019-12-01,7.864114441416894,734,0.9865591397849462
509,2020-01-01,6.591403026134801,727,0.9771505376344086
509,2020-02-01,8.248800578034682,692,0.9942528735632183
509,2020-03-01,8.019580514208391,739,0.9932795698924731
509,2020-04-01,9.293884992987378,713,0.9902777777777778
509,2020-05-01,12.427378378378378,740,0.9946236559139785
509,2020-06-01,11.675087719298245,684,0.95
509,2020-07-01,11.618508891928863,731,0.9825268817204301
509,2020-08-01,10.136675675675676,740,0.9946236559139785
509,2020-09-01,8.323874125874125,715,0.9930555555555556
509,2020-10-01,7.023788903924221,739,0.9932795698924731
509,2020-11-01,6.184957746478873,710,0.9861111111111112
509,2020-12-01,5.912635135135136,740,0.9946236559139785
509,2021-01-01,5.534276048714479,739,0.9932795698924731
509,2021-02-01,7.2352544910179635,668,0.9940476190476191
509,2021-03-01,8.608018995929443,737,0.9905913978494624
509,2021-04-01,10.058235294117647,714,0.9916666666666667
509,2021-05-01,13.770337837837836,740,0.9946236559139785
509,2021-06-01,13.00109090909091,715,0.9930555555555556
509,2021-07-01,15.619481605351172,598,0.803763440860215
509,2021-08-01,14.169431664411366,739,0.9932795698924731
509,2021-09-01,10.71786312849162,716,0.9944444444444445
509,2021-10-01,8.753516483516485,728,0.978494623655914
509,2021-11-01,6.47601866251944,643,0.8930555555555556
509,2021-12-01,6.868662162162162,740,0.9946236559139785
509,2022-01-01,6.582337837837838,740,0.9946236559139785
509,2022-02-01,7.53215892053973,667,0.9925595238095238
509,2022-03-01,10.814289580514208,739,0.9932795698924731
509,2022-04-01,11.94439775910364,714,0.9916666666666667
509,2022-05-01,12.763768545994067,674,0.9059139784946236
509,2022-06-01,8.383557142857143,700,0.9722222222222222
509,2022-07-01,11.065127055306426,669,0.8991935483870968
509,2022-08-01,14.127921727395412,741,0.9959677419354839
509,2022-09-01,20.788181818181815,704,0.9777777777777777
509,2022-10-01,7.847469553450608,739,0.9932795698924731
509,2022-11-01,5.607370629370629,715,0.9930555555555556
509,2022-12-01,5.71527950310559,644,0.8655913978494624
509,2023-01-01,6.310203252032521,738,0.9919354838709677
509,2023-02-01,5.643626707132018,659,0.9806547619047619
509,2023-03-01,5.438070652173913,736,0.989247311827957
509,2023-04-01,4.143762237762238,715,0.9930555555555556
509,2023-05-01,6.3994076163610725,709,0.9529569892473119
509,2023-06-01,15.278701117318434,716,0.9944444444444445
509,2023-07-01,13.152013513513513,740,0.9946236559139785
509,2023-08-01,11.743536585365852,738,0.9919354838709677
509,2023-09-01,11.806957746478874,710,0.9861111111111112
509,2023-10-01,8.988756756756757,740,0.9946236559139785
509,2023-11-01,7.4116502115655845,709,0.9847222222222223
509,2023-12-01,8.320674763832658,741,0.9959677419354839
509,2024-01-01,5.421225895316804,726,0.9758064516129032
509,2024-02-01,5.517059679767103,687,0.9870689655172413
509,2024-03-01,8.066210235131397,723,0.9717741935483871
509,2024-04-01,9.71481118881119,715,0.9930555555555556
509,2024-05-01,12.2315625,736,0.989247311827957
509,2024-06-01,11.033396501457725,686,0.9527777777777777
509,2024-07-01,15.043274695534505,739,0.9932795698924731
509,2024-08-01,10.996621621621621,740,0.9946236559139785
509,2024-09-01,10.253440559440559,715,0.9930555555555556
509,2024-10-01,7.543653585926928,739,0.9932795698924731
509,2024-11-01,7.596384839650145,686,0.9527777777777777
509,2024-12-01,4.662256267409471,718,0.9650537634408602
509,2025-01-01,4.901641586867305,731,0.9825268817204301
509,2025-02-01,5.820136363636363,660,0.9821428571428571
509,2025-03-01,7.140517006802721,735,0.9879032258064516
509,2025-04-01,10.699832402234637,716,0.9944444444444445
509,2025-05-01,14.246918918918919,740,0.9946236559139785
509,2025-06-01,13.990154061624649,714,0.9916666666666667
509,2025-07-01,11.44437869822485,676,0.9086021505376344
509,2025-08-01,9.871337837837837,740,0.9946236559139785
509,2025-09-01,8.54483870967742,713,0.9902777777777778
509,2025-10-01,8.519986320109439,731,0.9825268817204301
509,2025-11-01,6.979846368715084,716,0.9944444444444445
509,2025-12-01,5.882018970189702,738,0.9919354838709677
509,2026-01-01,6.720338753387534,738,0.9919354838709677
509,2026-02-01,6.4733762057877815,622,0.9255952380952381
509,2026-03-01,7.586575342465753,730,0.9811827956989247
509,2026-04-01,10.905406162464987,714,0.9916666666666667
509,2026-05-01,13.159051490514903,738,0.9919354838709677
509,2026-06-01,13.412487725040918,611,0.8486111111111111
509,2026-07-01,16.472682170542633,645,0.8669354838709677
509,2026-08-01,14.761046195652172,736,0.989247311827957
509,2026-09-01,13.152889610389611,308,0.42777777777777776
513,2000-01-01,6.097712620967742,744,1.0
513,2000-02-01,5.074586386494253,696,1.0
513,2000-03-01,7.353859690860215,744,1.0
513,2000-04-01,9.031462638888888,720,1.0
513,2000-05-01,9.459352983870968,744,1.0
513,2000-06-01,9.59514382638889,720,1.0
513,2000-07-01,12.161106021505377,744,1.0
513,2000-08-01,17.004816518817204,744,1.0
513,2000-09-01,12.381046055555556,720,1.0
513,2000-10-01,8.02876122311828,744,1.0
513,2000-11-01,8.745558888888889,720,1.0
513,2000-12-01,7.304278642149929,707,0.9502688172043011
513,2001-01-01,6.708899208731242,733,0.9852150537634409
513,2001-02-01,5.296189910714285,672,1.0
513,2001-03-01,11.625525414402174,736,0.989247311827957
513,2001-04-01,14.702261319444444,720,1.0
513,2001-05-01,15.417653380376343,744,1.0
513,2001-06-01,18.04150361111111,720,1.0
513,2001-07-01,15.736514569892474,744,1.0
513,2001-08-01,11.317478897849462,744,1.0
513,2001-09-01,9.013731861111111,720,1.0
513,2001-10-01,7.013605833333333,744,1.0
513,2001-11-01,2.989203634969325,652,0.9055555555555556
513,2001-12-01,5.6909125268817204,744,1.0
513,2002-01-01,6.90130373655914,744,1.0
513,2002-02-01,7.089818720238095,672,1.0
513,2002-03-01,10.938627712209302,688,0.9247311827956989
513,2002-04-01,12.251022666666668,720,1.0
513,2002-05-01,14.745247452692869,687,0.9233870967741935
513,2002-06-01,18.260176861111113,720,1.0
513,2002-07-01,18.66991056451613,744,1.0
513,2002-08-01,13.570250645161291,744,1.0
513,2002-09-01,9.995557402777779,720,1.0
513,2002-10-01,7.903561358024692,729,0.9798387096774194
513,2002-11-01,5.025852909722222,720,1.0
513,2002-12-01,3.6726397782258067,744,1.0
513,2003-01-01,5.28697189516129,744,1.0
513,2003-02-01,7.155514717261905,672,1.0
513,2003-03-01,8.560676424731183,744,1.0
513,2003-04-01,13.187783291666667,720,1.0
513,2003-05-01,19.62864448924731,744,1.0
513,2003-06-01,18.40498095138889,720,1.0
513,2003-07-01,9.88402814516129,744,1.0
513,2003-08-01,9.121186552419354,744,1.0
513,2003-09-01,7.275406708333334,720,1.0
513,2003-10-01,6.362954180107527,744,1.0
513,2003-11-01,5.104900409722222,720,1.0
513,2003-12-01,6.495932916666666,744,1.0
513,2004-01-01,4.720739287634409,744,1.0
513,2004-02-01,5.699737514367817,696,1.0
513,2004-03-01,9.458285721153846,728,0.978494623655914
513,2004-04-01,8.994523743055556,720,1.0
513,2004-05-01,15.027297211021505,744,1.0
513,2004-06-01,17.279830875000002,720,1.0
513,2004-07-01,12.60436875672043,744,1.0
513,2004-08-01,7.649129146505376,744,1.0
513,2004-09-01,5.568848555555555,720,1.0
513,2004-10-01,5.725944025537634,744,1.0
513,2004-11-01,3.822901322081575,711,0.9875
513,2004-12-01,1.3021971715076073,723,0.9717741935483871
513,2005-01-01,5.186165248655914,744,1.0
513,2005-02-01,5.000153563988095,672,1.0
513,2005-03-01,8.201997485673353,698,0.9381720430107527
513,2005-04-01,10.298452236111112,720,1.0
513,2005-05-01,13.259147722371967,742,0.9973118279569892
513,2005-06-01,14.88178277777778,720,1.0
513,2005-07-01,15.232875851351352,740,0.9946236559139785
513,2005-08-01,17.238600994623656,744,1.0
513,2005-09-01,14.662369166666668,720,1.0
513,2005-10-01,9.142905673854447,742,0.9973118279569892
513,2005-11-01,5.529310445402299,696,0.9666666666666667
513,2005-12-01,7.7806761021505375,744,1.0
513,2006-01-01,6.7211390591397855,744,1.0
513,2006-02-01,2.021591361607143,672,1.0
513,2006-03-01,6.0169243346774195,744,1.0
513,2006-04-01,8.84298101010101,693,0.9625
513,2006-05-01,17.45996045897079,719,0.9663978494623656
513,2006-06-01,36.43835242361111,720,1.0
513,2006-07-01,24.09415126344086,744,1.0
513,2006-08-01,15.840897002688171,744,1.0
513,2006-09-01,12.112872416666667,720,1.0
513,2006-10-01,5.024589301075269,744,1.0
513,2006-11-01,1.3461168786549709,684,0.95
513,2006-12-01,1.2437411470588235,680,0.9139784946236559
513,2007-01-01,3.276564327956989,744,1.0
513,2007-02-01,4.38750265625,672,1.0
513,2007-03-01,5.437109529569892,744,1.0
513,2007-04-01,3.9103092916666666,720,1.0
513,2007-05-01,3.611057140804598,696,0.9354838709677419
513,2007-06-01,3.4906888055555556,720,1.0
513,2007-07-01,3.6276901512738853,628,0.8440860215053764
513,2007-08-01,14.31215636977058,741,0.9959677419354839
513,2007-09-01,10.376033621169917,718,0.9972222222222222
513,2007-10-01,8.491141845318861,737,0.9905913978494624
513,2007-11-01,6.400202767605634,710,0.9861111111111112
513,2007-12-01,5.238484993169399,732,0.9838709677419355
513,2008-01-01,5.108262663487738,734,0.9865591397849462
513,2008-02-01,5.561840211370262,686,0.985632183908046
513,2008-03-01,6.929439562243502,731,0.9825268817204301
513,2008-04-01,9.91656348377997,709,0.9847222222222223
513,2008-05-01,11.67457901226158,734,0.9865591397849462
513,2008-06-01,13.864089242636746,713,0.9902777777777778
513,2008-07-01,11.550347407407408,729,0.9798387096774194
513,2008-08-01,11.136866307901906,734,0.9865591397849462
513,2008-09-01,8.220562889518414,706,0.9805555555555555
513,2008-10-01,6.604603053278689,732,0.9838709677419355
513,2008-11-01,5.106078279266573,709,0.9847222222222223
513,2008-12-01,4.273468102040817,735,0.9879032258064516
513,2009-01-01,4.813973168554656,741,0.9959677419354839
513,2009-02-01,6.076586938403614,664,0.9880952380952381
513,2009-03-01,8.34882949247606,731,0.9825268817204301
513,2009-04-01,9.63684000458392,709,0.9847222222222223
513,2009-05-01,11.13072759945504,734,0.9865591397849462
513,2009-06-01,12.48410854957507,706,0.9805555555555555
513,2009-07-01,10.115863875,736,0.989247311827957
513,2009-08-01,8.185409200819672,732,0.9838709677419355
513,2009-09-01,5.809910925714286,700,0.9722222222222222
513,2009-10-01,5.749119273224044,732,0.9838709677419355
513,2009-11-01,5.203483775106082,707,0.9819444444444444
513,2009-12-01,3.6553698433242503,734,0.9865591397849462
513,2010-01-01,5.433700517385257,719,0.9663978494623656
513,2010-02-01,3.931592529315961,614,0.9136904761904762
513,2010-03-01,5.689037756508423,653,0.8776881720430108
513,2010-04-01,7.9471461438645985,709,0.9847222222222223
513,2010-05-01,6.679955494520549,730,0.9811827956989247
513,2010-06-01,6.506276915014165,706,0.9805555555555555
513,2010-07-01,9.644375,2,0.002688172043010753
513,2010-08-01,7.025403526970955,723,0.9717741935483871
513,2010-09-01,7.300195521309859,710,0.9861111111111112
513,2010-10-01,13.7346,2,0.002688172043010753
513,2010-11-01,4.068308525289958,707,0.9819444444444444
513,2010-12-01,3.8563876045,738,0.9919354838709677
513,2011-01-01,3.9977949687704917,732,0.9838709677419355
513,2011-02-01,3.892578761151515,660,0.9821428571428571
513,2011-03-01,6.339584183215259,734,0.9865591397849462
513,2011-04-01,9.025218359336158,708,0.9833333333333333
513,2011-05-01,13.226737492287672,730,0.9811827956989247
513,2011-06-01,12.834439021529745,706,0.9805555555555555
513,2011-07-01,11.095954899862827,729,0.9798387096774194
513,2011-08-01,9.971352703287671,730,0.9811827956989247
513,2011-09-01,9.229530287553041,707,0.9819444444444444
513,2011-10-01,6.482056295476839,734,0.9865591397849462
513,2011-11-01,2.6363097332471264,696,0.9666666666666667
513,2011-12-01,4.162656465934871,737,0.9905913978494624
513,2012-01-01,4.25891450478125,736,0.989247311827957
513,2012-02-01,5.311802624963289,681,0.978448275862069
513,2012-03-01,7.278002511491109,731,0.9825268817204301
513,2012-04-01,9.506545644761236,712,0.9888888888888889
513,2012-05-01,11.875903348032566,737,0.9905913978494624
513,2012-06-01,6.900421490476191,672,0.9333333333333333
513,2012-07-01,10.955906459677418,744,1.0
513,2012-08-01,11.226766655388815,733,0.9852150537634409
513,2012-09-01,8.148328135533708,712,0.9888888888888889
513,2012-10-01,5.030220276470589,731,0.9825268817204301
513,2012-11-01,4.9191830577588656,705,0.9791666666666666
513,2012-12-01,12.4927,2,0.002688172043010753
513,2013-01-01,3.455073295735901,727,0.9771505376344086
513,2013-02-01,5.554919782148261,661,0.9836309523809523
513,2013-03-01,9.570357820163487,734,0.9865591397849462
513,2013-04-01,10.572633830028328,706,0.9805555555555555
513,2013-05-01,12.21016542935528,729,0.9798387096774194
513,2013-06-01,13.601446118811882,707,0.9819444444444444
513,2013-07-01,13.328799731138545,729,0.9798387096774194
513,2013-08-01,12.369811781718962,733,0.9852150537634409
513,2013-09-01,7.866566158415842,707,0.9819444444444444
513,2013-10-01,5.649703492329149,717,0.9637096774193549
513,2013-11-01,5.141110785310735,708,0.9833333333333333
513,2013-12-01,3.9992360767123287,730,0.9811827956989247
513,2014-01-01,6.725069834482758,725,0.9744623655913979
513,2014-02-01,5.384837737239583,384,0.5714285714285714
513,2014-03-01,13.67574492371706,721,0.9690860215053764
513,2014-04-01,15.633327212643678,696,0.9666666666666667
513,2014-05-01,17.46936726272352,727,0.9771505376344086
513,2014-06-01,17.96676473758865,705,0.9791666666666666
513,2014-07-01,17.648904952251023,733,0.9852150537634409
513,2014-08-01,13.667066307377048,732,0.9838709677419355
513,2014-09-01,9.81206738330976,707,0.9819444444444444
513,2014-10-01,8.526649520547945,730,0.9811827956989247
513,2014-11-01,7.04460731625183,683,0.9486111111111111
513,2014-12-01,6.340820997267759,732,0.9838709677419355
513,2015-01-01,4.694640292817679,724,0.9731182795698925
513,2015-02-01,6.2834283621490465,577,0.8586309523809523
513,2015-03-01,7.894014372701149,696,0.9354838709677419
513,2015-04-01,11.912816091502275,659,0.9152777777777777
513,2015-05-01,16.63176937774725,728,0.978494623655914
513,2015-06-01,20.128388732394367,710,0.9861111111111112
513,2015-07-01,15.09169484332425,734,0.9865591397849462
513,2015-08-01,13.180640679794521,584,0.7849462365591398
513,2015-09-01,12.121195177809389,703,0.9763888888888889
513,2015-10-01,9.115893931780366,601,0.8077956989247311
513,2015-11-01,3.867744828350515,582,0.8083333333333333
513,2015-12-01,5.446364631081081,740,0.9946236559139785
513,2016-01-01,4.351479389612188,722,0.9704301075268817
513,2016-02-01,6.17646587593423,669,0.9612068965517241
513,2016-03-01,6.136625958963585,714,0.9596774193548387
513,2016-04-01,9.720781535581063,697,0.9680555555555556
513,2016-05-01,9.554679821673524,729,0.9798387096774194
513,2016-06-01,13.608424304285714,700,0.9722222222222222
513,2016-07-01,13.187457898351648,728,0.978494623655914
513,2016-08-01,12.43529563888889,720,0.967741935483871
513,2016-09-01,10.753888567251462,684,0.95
513,2016-10-01,8.318884149377594,723,0.9717741935483871
513,2016-11-01,6.3808884500941625,531,0.7375
513,2016-12-01,5.785452558132956,707,0.9502688172043011
513,2017-01-01,6.580522248827585,725,0.9744623655913979
513,2017-02-01,5.458167273356401,578,0.8601190476190477
513,2017-03-01,8.244742700137552,727,0.9771505376344086
513,2017-04-01,10.137084728915664,664,0.9222222222222223
513,2017-05-01,13.236731034482757,725,0.9744623655913979
513,2017-06-01,12.855689655172412,696,0.9666666666666667
513,2017-07-01,14.99952580195258,717,0.9637096774193549
513,2017-08-01,10.72407458563536,724,0.9731182795698925
513,2017-09-01,8.78448079658606,703,0.9763888888888889
513,2017-10-01,5.565071090047393,633,0.8508064516129032
513,2017-11-01,6.644290598290598,585,0.8125
513,2017-12-01,5.892319444444444,720,0.967741935483871
513,2018-01-01,4.0292361111111115,720,0.967741935483871
513,2018-02-01,5.853619210977701,583,0.8675595238095238
513,2018-03-01,8.053457300275483,726,0.9758064516129032
513,2018-04-01,11.329372325249643,701,0.9736111111111111
513,2018-05-01,13.608800557880055,717,0.9637096774193549
513,2018-06-01,16.132751773049645,705,0.9791666666666666
513,2018-07-01,14.429001386962552,721,0.9690860215053764
513,2018-08-01,13.38187070151307,727,0.9771505376344086
513,2018-09-01,10.444050991501417,706,0.9805555555555555
513,2018-10-01,9.73305785123967,726,0.9758064516129032
513,2018-11-01,5.538119658119658,702,0.975
513,2018-12-01,13.254999999999999,2,0.002688172043010753
513,2019-01-01,6.935898491083677,729,0.9798387096774194
513,2019-02-01,9.818257328990228,614,0.9136904761904762
513,2019-03-01,6.460586552217453,699,0.9395161290322581
513,2019-04-01,7.601811797752808,712,0.9888888888888889
513,2019-05-01,9.472547683923706,734,0.9865591397849462
513,2019-06-01,6.680252225519287,674,0.9361111111111111
513,2019-07-01,7.966849315068494,730,0.9811827956989247
513,2019-08-01,12.660668485675307,733,0.9852150537634409
513,2019-09-01,7.003133433283359,667,0.9263888888888889
513,2019-10-01,6.993861788617886,738,0.9919354838709677
513,2019-11-01,9.490534458509142,711,0.9875
513,2019-12-01,8.65594046008119,739,0.9932795698924731
513,2020-01-01,6.984436906377205,737,0.9905913978494624
513,2020-02-01,8.232395309882747,597,0.8577586206896551
513,2020-03-01,5.012540540540541,740,0.9946236559139785
513,2020-04-01,5.614071428571428,700,0.9722222222222222
513,2020-05-01,7.770779569892473,744,1.0
513,2020-06-01,6.407272727272727,671,0.9319444444444445
513,2020-07-01,10.573733153638814,742,0.9973118279569892
513,2020-08-01,9.939811046511629,688,0.9247311827956989
513,2020-09-01,10.53484593837535,714,0.9916666666666667
513,2020-10-01,8.989287634408601,744,1.0
513,2020-11-01,7.685958333333334,720,1.0
513,2020-12-01,8.979690860215054,744,1.0
513,2021-01-01,8.32520861372813,743,0.9986559139784946
513,2021-02-01,11.668467261904762,672,1.0
513,2021-03-01,9.006048387096774,744,1.0
513,2021-04-01,12.37459722222222,720,1.0
513,2021-05-01,16.46106182795699,744,1.0
513,2021-06-01,14.294986111111111,720,1.0
513,2021-07-01,16.088855585831062,734,0.9865591397849462
513,2021-08-01,13.919435483870966,744,1.0
513,2021-09-01,11.747997118155618,694,0.9638888888888889
513,2021-10-01,9.020040376850606,743,0.9986559139784946
513,2021-11-01,9.400125000000001,720,1.0
513,2021-12-01,9.764489247311827,744,1.0
513,2022-01-01,10.388473609129814,701,0.9422043010752689
513,2022-02-01,11.16879556259905,631,0.9389880952380952
513,2022-03-01,14.04581989247312,744,1.0
513,2022-04-01,13.87227074235808,687,0.9541666666666667
513,2022-05-01,13.86956931359354,743,0.9986559139784946
513,2022-06-01,14.150722222222223,720,1.0
513,2022-07-01,11.384516129032258,744,1.0
513,2022-08-01,9.90375,192,0.25806451612903225
513,2022-09-01,6.371671826625388,646,0.8972222222222223
513,2022-10-01,10.109247311827957,744,1.0
513,2022-11-01,12.834242002781641,719,0.9986111111111111
513,2022-12-01,4.591496296296296,675,0.907258064516129
513,2023-01-01,5.14260752688172,744,1.0
513,2023-02-01,7.463412816691505,671,0.9985119047619048
513,2023-03-01,8.123798882681564,716,0.9623655913978495
513,2023-04-01,11.698933143669986,703,0.9763888888888889
513,2023-05-01,14.43032258064516,744,1.0
513,2023-06-01,15.151555555555557,720,1.0
513,2023-07-01,13.997862903225807,744,1.0
513,2023-08-01,10.469677419354838,744,1.0
513,2023-09-01,7.996597222222222,720,1.0
513,2023-10-01,7.397432795698924,744,1.0
513,2023-11-01,6.768361111111111,720,1.0
513,2023-12-01,5.500518207282913,714,0.9596774193548387
513,2024-01-01,4.982364864864865,740,0.9946236559139785
513,2024-02-01,5.559420529801324,604,0.867816091954023
513,2024-03-01,6.324648370497427,583,0.7836021505376344
513,2024-04-01,7.500418943533697,549,0.7625
513,2024-05-01,12.341588156123821,743,0.9986559139784946
513,2024-06-01,12.482767732962449,719,0.9986111111111111
513,2024-07-01,13.59268817204301,744,1.0
513,2024-08-01,11.1359811827957,744,1.0
513,2024-09-01,7.414152777777777,720,1.0
513,2024-10-01,8.328763440860216,744,1.0
513,2024-11-01,6.9977222222222215,720,1.0
513,2024-12-01,5.816846361185984,742,0.9973118279569892
513,2025-01-01,5.699222065063649,707,0.9502688172043011
513,2025-02-01,7.601891074130107,661,0.9836309523809523
513,2025-03-01,7.349510869565217,736,0.989247311827957
513,2025-04-01,10.89131498470948,654,0.9083333333333333
513,2025-05-01,15.213072776280324,371,0.4986559139784946
513,2025-06-01,8.186414342629481,251,0.3486111111111111
513,2025-07-01,7.080109589041095,730,0.9811827956989247
513,2025-08-01,11.051610284167795,739,0.9932795698924731
513,2025-09-01,9.070875,720,1.0
513,2025-10-01,7.6564381720430115,744,1.0
513,2025-11-01,5.393852573018081,719,0.9986111111111111
513,2025-12-01,4.120295698924731,744,1.0
513,2026-01-01,5.208924731182796,744,1.0
513,2026-02-01,5.5496274217585695,671,0.9985119047619048
513,2026-03-01,6.499619565217392,736,0.989247311827957
513,2026-04-01,8.361638888888889,720,1.0
513,2026-05-01,9.144154057771665,727,0.9771505376344086
513,2026-06-01,10.356708333333334,720,1.0
513,2026-07-01,7.944435483870968,744,1.0
513,2026-08-01,9.075733512786003,743,0.9986559139784946
513,2026-09-01,9.878681672025724,311,0.43194444444444446
514,2000-01-01,7.5390623219373225,702,0.9435483870967742
514,2000-02-01,4.709277370689655,696,1.0
514,2000-03-01,5.396365605442177,735,0.9879032258064516
514,2000-04-01,6.165034374999999,720,1.0
514,2000-05-01,6.16419995967742,744,1.0
514,2000-06-01,6.1938465138888885,720,1.0
514,2000-07-01,7.40175876344086,744,1.0
514,2000-08-01,7.529017486559139,744,1.0
514,2000-09-01,5.7867843472222225,720,1.0
514,2000-10-01,3.9643356182795704,744,1.0
514,2000-11-01,5.702565986111111,720,1.0
514,2000-12-01,5.653806069444444,720,0.967741935483871
514,2001-01-01,4.69506951303155,729,0.9798387096774194
514,2001-02-01,6.9402144791666665,672,1.0
514,2001-03-01,8.58283815188172,744,1.0
514,2001-04-01,9.334172565217392,690,0.9583333333333334
514,2001-05-01,10.183585161290322,744,1.0
514,2001-06-01,12.430544402777779,720,1.0
514,2001-07-01,9.45577752688172,744,1.0
514,2001-08-01,6.530963602150538,744,1.0
514,2001-09-01,4.9024775555555555,720,1.0
514,2001-10-01,4.839420389784946,744,1.0
514,2001-11-01,4.00883057122708,709,0.9847222222222223
514,2001-12-01,5.053186854838709,744,1.0
514,2002-01-01,6.36367002688172,744,1.0
514,2002-02-01,5.175083980654762,672,1.0
514,2002-03-01,5.299840262096774,744,1.0
514,2002-04-01,6.408090986111111,720,1.0
514,2002-05-01,6.952778608870968,744,1.0
514,2002-06-01,6.898950790229885,696,0.9666666666666667
514,2002-07-01,7.34727844217687,735,0.9879032258064516
514,2002-08-01,6.054816115591398,744,1.0
514,2002-09-01,5.938233125000001,720,1.0
514,2002-10-01,4.987028213256484,694,0.9327956989247311
514,2002-11-01,5.293287916666666,720,1.0
514,2002-12-01,5.384204448924731,744,1.0
514,2003-01-01,6.2228271505376345,744,1.0
514,2003-02-01,7.955761458333334,672,1.0
514,2003-03-01,9.793944475806452,744,1.0
514,2003-04-01,9.764322555555555,720,1.0
514,2003-05-01,12.568622930107527,744,1.0
514,2003-06-01,7.648485638888889,720,1.0
514,2003-07-01,5.995476034946237,744,1.0
514,2003-08-01,5.908254260752688,744,1.0
514,2003-09-01,5.197247708333333,720,1.0
514,2003-10-01,4.441199771505376,744,1.0
514,2003-11-01,4.265658944444445,720,1.0
514,2003-12-01,4.9795486827956985,744,1.0
514,2004-01-01,5.903249052419354,744,1.0
514,2004-02-01,5.088343261494253,696,1.0
514,2004-03-01,5.691627862903226,744,1.0
514,2004-04-01,6.748613716690042,713,0.9902777777777778
514,2004-05-01,7.830008857526883,744,1.0
514,2004-06-01,11.726497069444445,720,1.0
514,2004-07-01,10.011287083333333,744,1.0
514,2004-08-01,5.9103982392473124,744,1.0
514,2004-09-01,6.443552125,720,1.0
514,2004-10-01,6.362240739247311,744,1.0
514,2004-11-01,5.4234687377279105,713,0.9902777777777778
514,2004-12-01,3.34519875,744,1.0
514,2005-01-01,2.667436297043011,744,1.0
514,2005-02-01,3.044259895833333,672,1.0
514,2005-03-01,5.8173194669365715,741,0.9959677419354839
514,2005-04-01,7.950872382645803,703,0.9763888888888889
514,2005-05-01,4.841784561403509,741,0.9959677419354839
514,2005-06-01,4.867755305555556,720,1.0
514,2005-07-01,3.5977104285714283,735,0.9879032258064516
514,2005-08-01,2.8168588373655914,744,1.0
514,2005-09-01,1.682179465277778,720,1.0
514,2005-10-01,1.3013038386648124,719,0.9663978494623656
514,2005-11-01,1.2086838181818182,715,0.9930555555555556
514,2005-12-01,1.280920131897712,743,0.9986559139784946
514,2006-01-01,1.7853331166666666,720,0.967741935483871
514,2006-02-01,1.9989068988636363,660,0.9821428571428571
514,2006-03-01,1.6125290916666668,720,0.967741935483871
514,2006-04-01,2.528540591098748,719,0.9986111111111111
514,2006-05-01,2.845388154189944,716,0.9623655913978495
514,2006-06-01,5.818922373239436,710,0.9861111111111112
514,2006-07-01,10.456484863720073,543,0.7298387096774194
514,2006-08-01,12.524317917647059,680,0.9139784946236559
514,2006-09-01,8.264949055555556,720,1.0
514,2006-10-01,10.676431435146444,717,0.9637096774193549
514,2006-11-01,3.494985375,720,1.0
514,2006-12-01,4.97325506557377,671,0.9018817204301075
514,2007-01-01,6.0969138080495355,646,0.8682795698924731
514,2007-02-01,8.63635736214605,671,0.9985119047619048
514,2007-03-01,7.87196850308642,648,0.8709677419354839
514,2007-04-01,7.390776944444445,720,1.0
514,2007-05-01,12.307601653543307,508,0.6827956989247311
514,2007-06-01,13.414461791666668,720,1.0
514,2007-07-01,13.092913456284153,732,0.9838709677419355
514,2007-08-01,15.052810795148249,742,0.9973118279569892
514,2007-09-01,9.01781863955119,713,0.9902777777777778
514,2007-10-01,8.69727397260274,730,0.9811827956989247
514,2007-11-01,7.317677790530846,697,0.9680555555555556
514,2007-12-01,7.186621651026393,682,0.9166666666666666
514,2008-01-01,8.53681169398907,732,0.9838709677419355
514,2008-02-01,8.364727795918368,686,0.985632183908046
514,2008-03-01,11.665248891928865,731,0.9825268817204301
514,2008-04-01,12.5295744964539,705,0.9791666666666666
514,2008-05-01,12.079514027247956,734,0.9865591397849462
514,2008-06-01,10.935154373579545,704,0.9777777777777777
514,2008-07-01,9.486551805766526,711,0.9556451612903226
514,2008-08-01,5.603048272065528,702,0.9435483870967742
514,2008-09-01,4.203369201244696,707,0.9819444444444444
514,2008-10-01,4.006368930393487,737,0.9905913978494624
514,2008-11-01,4.814168343366197,710,0.9861111111111112
514,2008-12-01,4.465675059673025,734,0.9865591397849462
514,2009-01-01,5.054706150806011,732,0.9838709677419355
514,2009-02-01,4.39400283290469,661,0.9836309523809523
514,2009-03-01,6.3530569982240435,732,0.9838709677419355
514,2009-04-01,7.593400466507042,710,0.9861111111111112
514,2009-05-01,6.997438136612022,732,0.9838709677419355
514,2009-06-01,7.652777619915849,713,0.9902777777777778
514,2009-07-01,6.108440151226158,734,0.9865591397849462
514,2009-08-01,6.377716637978142,732,0.9838709677419355
514,2009-09-01,4.39191689929078,705,0.9791666666666666
514,2009-10-01,4.12389907493188,734,0.9865591397849462
514,2009-11-01,3.1356079463276836,708,0.9833333333333333
514,2009-12-01,3.859401593150685,730,0.9811827956989247
514,2010-01-01,3.5426643472222223,720,0.967741935483871
514,2010-02-01,3.7886787280130294,614,0.9136904761904762
514,2010-03-01,4.223546328313253,664,0.8924731182795699
514,2010-04-01,5.557886250864023,706,0.9805555555555555
514,2010-05-01,6.261065692620027,729,0.9798387096774194
514,2010-06-01,4.555060210983003,706,0.9805555555555555
514,2010-07-01,3.270975,2,0.002688172043010753
514,2010-08-01,5.589132015600543,736,0.989247311827957
514,2010-09-01,5.211435240765625,704,0.9777777777777777
514,2010-11-01,2.28643,2,0.002777777777777778
514,2010-12-01,3.9246873089039243,739,0.9932795698924731
514,2011-01-01,4.319401627540984,732,0.9838709677419355
514,2011-02-01,4.400294642255639,665,0.9895833333333334
514,2011-03-01,5.202962855894591,721,0.9690860215053764
514,2011-04-01,2.8382721990298063,671,0.9319444444444445
514,2011-05-01,3.4892903734746925,731,0.9825268817204301
514,2011-06-01,8.455065941950464,646,0.8972222222222223
514,2011-07-01,6.792259272752043,734,0.9865591397849462
514,2011-08-01,6.591251249850339,735,0.9879032258064516
514,2011-09-01,6.716611923446328,708,0.9833333333333333
514,2011-10-01,4.172974284071038,732,0.9838709677419355
514,2011-11-01,3.9507330829968943,644,0.8944444444444445
514,2011-12-01,3.4296851692517007,735,0.9879032258064516
514,2012-01-01,3.35432962079235,732,0.9838709677419355
514,2012-02-01,6.661345251790394,687,0.9870689655172413
514,2012-03-01,6.134454701897019,738,0.9919354838709677
514,2012-04-01,6.5934524080985915,710,0.9861111111111112
514,2012-05-01,9.181542603120759,737,0.9905913978494624
514,2012-06-01,11.088841165308988,712,0.9888888888888889
514,2012-07-01,13.839189023097825,736,0.989247311827957
514,2012-08-01,8.482301143934427,732,0.9838709677419355
514,2012-09-01,8.177651383734087,707,0.9819444444444444
514,2012-10-01,8.47628754277778,720,0.967741935483871
514,2012-11-01,6.951251695898161,707,0.9819444444444444
514,2012-12-01,9.568905,2,0.002688172043010753
514,2013-01-01,4.612826930232558,731,0.9825268817204301
514,2013-02-01,4.129367770739065,663,0.9866071428571429
514,2013-03-01,5.516048374829001,731,0.9825268817204301
514,2013-04-01,5.937271379603399,706,0.9805555555555555
514,2013-05-01,6.927859158333334,720,0.967741935483871
514,2013-06-01,6.599324881934566,703,0.9763888888888889
514,2013-07-01,5.887097934065934,728,0.978494623655914
514,2013-08-01,5.386505030054645,732,0.9838709677419355
514,2013-09-01,4.035548645255474,685,0.9513888888888888
514,2013-10-01,3.729944630286494,733,0.9852150537634409
514,2013-11-01,3.1249708995756715,707,0.9819444444444444
514,2013-12-01,3.3219614611111115,720,0.967741935483871
514,2014-01-01,6.481770478142077,732,0.9838709677419355
514,2014-02-01,7.265785816793893,655,0.9747023809523809
514,2014-03-01,8.323142513736265,728,0.978494623655914
514,2014-04-01,10.517628456090652,706,0.9805555555555555
514,2014-05-01,11.832801739726028,730,0.9811827956989247
514,2014-06-01,11.227787222222222,702,0.975
514,2014-07-01,11.617601600547196,731,0.9825268817204301
514,2014-08-01,9.731728265306122,686,0.9220430107526881
514,2014-09-01,7.053370907801418,705,0.9791666666666666
514,2014-10-01,6.915164959016393,732,0.9838709677419355
514,2014-11-01,6.040520296610169,708,0.9833333333333333
514,2014-12-01,5.716675533980583,721,0.9690860215053764
514,2015-01-01,6.026626068493151,730,0.9811827956989247
514,2015-02-01,6.949999257575757,660,0.9821428571428571
514,2015-03-01,8.29687536351166,729,0.9798387096774194
514,2015-04-01,8.448647241867043,707,0.9819444444444444
514,2015-05-01,10.916894691358024,729,0.9798387096774194
514,2015-06-01,14.191193620689656,696,0.9666666666666667
514,2015-07-01,10.771904463040446,717,0.9637096774193549
514,2015-08-01,6.940437980966325,683,0.918010752688172
514,2015-09-01,5.478914103004292,699,0.9708333333333333
514,2015-10-01,4.2511914654696135,724,0.9731182795698925
514,2015-11-01,2.6194980544395925,687,0.9541666666666667
514,2015-12-01,3.410558562243502,731,0.9825268817204301
514,2016-01-01,3.8315533434246576,730,0.9811827956989247
514,2016-02-01,6.571361607462687,670,0.9626436781609196
514,2016-03-01,5.4639065704419885,724,0.9731182795698925
514,2016-04-01,7.279352188118812,707,0.9819444444444444
514,2016-05-01,7.528705979763913,593,0.7970430107526881
514,2016-06-01,8.781282672804533,706,0.9805555555555555
514,2016-07-01,6.788722185553998,713,0.9583333333333334
514,2016-08-01,5.872338758953167,726,0.9758064516129032
514,2016-09-01,6.1137669470921985,705,0.9791666666666666
514,2016-10-01,5.435801664842682,731,0.9825268817204301
514,2016-11-01,4.933504135785007,707,0.9819444444444444
514,2016-12-01,4.421635918442623,732,0.9838709677419355
514,2017-01-01,5.553718129634832,712,0.956989247311828
514,2017-02-01,4.3307797659906395,641,0.9538690476190477
514,2017-03-01,6.134936988950276,724,0.9731182795698925
514,2017-04-01,7.08433605444126,698,0.9694444444444444
514,2017-05-01,8.286987447698746,717,0.9637096774193549
514,2017-06-01,7.489649635036496,685,0.9513888888888888
514,2017-07-01,7.37489539748954,717,0.9637096774193549
514,2017-08-01,5.621200585651538,683,0.918010752688172
514,2017-09-01,4.774870317002883,694,0.9638888888888889
514,2017-10-01,3.915614814814815,675,0.907258064516129
514,2017-11-01,3.996431654676259,695,0.9652777777777778
514,2017-12-01,4.396084337349397,664,0.8924731182795699
514,2018-01-01,2.7720989505247378,667,0.896505376344086
514,2018-02-01,6.5151914241960185,653,0.9717261904761905
514,2018-03-01,8.768456790123457,648,0.8709677419354839
514,2018-04-01,9.509119318181819,704,0.9777777777777777
514,2018-05-01,12.130041551246537,722,0.9704301075268817
514,2018-06-01,11.570560344827586,696,0.9666666666666667
514,2018-07-01,8.239762237762239,715,0.9610215053763441
514,2018-08-01,8.467692307692307,728,0.978494623655914
514,2018-09-01,6.677951635846373,703,0.9763888888888889
514,2018-10-01,7.313526850507984,689,0.9260752688172043
514,2018-11-01,7.89409420289855,552,0.7666666666666667
514,2018-12-01,8.21,2,0.002688172043010753
514,2019-01-01,7.669388888888889,720,0.967741935483871
514,2019-02-01,8.396625,640,0.9523809523809523
514,2019-03-01,3.608628659476117,649,0.8723118279569892
514,2019-04-01,8.451378830083566,718,0.9972222222222222
514,2019-05-01,9.046576454668472,739,0.9932795698924731
514,2019-06-01,9.22513249651325,717,0.9958333333333333
514,2019-07-01,8.670054127198918,739,0.9932795698924731
514,2019-08-01,7.910443213296399,722,0.9704301075268817
514,2019-09-01,4.911390449438202,712,0.9888888888888889
514,2019-10-01,4.417102272727273,528,0.7096774193548387
514,2019-11-01,2.885686274509804,714,0.9916666666666667
514,2019-12-01,10.205666666666666,600,0.8064516129032258
514,2020-01-01,5.220560875512996,731,0.9825268817204301
514,2020-02-01,9.186833910034602,578,0.8304597701149425
514,2020-03-01,6.232408660351827,739,0.9932795698924731
514,2020-04-01,6.918882681564246,716,0.9944444444444445
514,2020-05-01,9.797647849462365,744,1.0
514,2020-06-01,8.964435146443515,717,0.9958333333333333
514,2020-07-01,7.2811021505376345,744,1.0
514,2020-08-01,4.723485868102288,743,0.9986559139784946
514,2020-09-01,6.194019471488178,719,0.9986111111111111
514,2020-10-01,3.7093548387096775,744,1.0
514,2020-11-01,2.764263888888889,720,1.0
514,2020-12-01,3.7531926863572433,711,0.9556451612903226
514,2021-01-01,4.266419919246299,743,0.9986559139784946
514,2021-02-01,6.685283582089553,670,0.9970238095238095
514,2021-03-01,5.484139784946236,744,1.0
514,2021-04-01,7.818875,720,1.0
514,2021-05-01,10.039495798319328,714,0.9596774193548387
514,2021-06-01,11.272430555555555,720,1.0
514,2021-07-01,12.626941015089164,729,0.9798387096774194
514,2021-08-01,6.980862800565771,707,0.9502688172043011
514,2021-09-01,6.143827160493827,648,0.9
514,2021-10-01,5.77247344461305,659,0.885752688172043
514,2021-11-01,4.957194444444444,720,1.0
514,2021-12-01,4.3802419354838715,744,1.0
514,2022-01-01,3.8439402985074627,670,0.9005376344086021
514,2022-02-01,4.634925595238095,672,1.0
514,2022-03-01,6.622177419354839,744,1.0
514,2022-04-01,7.6557880055788,717,0.9958333333333333
514,2022-05-01,7.075195154777927,743,0.9986559139784946
514,2022-06-01,5.263841807909605,708,0.9833333333333333
514,2022-07-01,16.381684636118596,742,0.9973118279569892
514,2022-08-01,16.649301075268816,744,1.0
514,2022-09-01,5.483865671641791,670,0.9305555555555556
514,2022-10-01,4.166675639300135,743,0.9986559139784946
514,2022-11-01,3.982875,720,1.0
514,2022-12-01,2.563168908819133,669,0.8991935483870968
514,2023-01-01,5.7859811827957,744,1.0
514,2023-02-01,6.482946428571428,672,1.0
514,2023-03-01,5.922727272727273,737,0.9905913978494624
514,2023-04-01,8.091101573676681,699,0.9708333333333333
514,2023-05-01,10.48476793248945,711,0.9556451612903226
514,2023-06-01,10.589513888888888,720,1.0
514,2023-07-01,9.561922043010751,744,1.0
514,2023-08-01,5.984167794316645,739,0.9932795698924731
514,2023-09-01,4.214659248956885,719,0.9986111111111111
514,2023-10-01,3.6138709677419354,744,1.0
514,2023-11-01,3.121529235382309,667,0.9263888888888889
514,2023-12-01,2.5695604395604397,637,0.8561827956989247
514,2024-01-01,3.486061093247588,622,0.8360215053763441
514,2024-02-01,3.6597993311036787,598,0.8591954022988506
514,2024-03-01,4.292687385740402,547,0.7352150537634409
514,2024-04-01,8.916003521126761,568,0.7888888888888889
514,2024-05-01,11.006546463245492,721,0.9690860215053764
514,2024-06-01,10.009972183588317,719,0.9986111111111111
514,2024-07-01,13.876209677419354,744,1.0
514,2024-08-01,5.110470430107527,744,1.0
514,2024-09-01,4.782879019908116,653,0.9069444444444444
514,2024-10-01,4.607777777777778,729,0.9798387096774194
514,2024-11-01,2.7710431154381086,719,0.9986111111111111
514,2024-12-01,2.865739247311828,744,1.0
514,2025-01-01,3.9387886944818304,743,0.9986559139784946
514,2025-02-01,6.402466165413534,665,0.9895833333333334
514,2025-03-01,3.178817518248175,685,0.9206989247311828
514,2025-04-01,4.613018867924528,477,0.6625
514,2025-05-01,5.9198655913978495,372,0.5
514,2025-06-01,3.4478884462151393,251,0.3486111111111111
514,2025-07-01,4.285291723202171,737,0.9905913978494624
514,2025-08-01,3.1001612903225806,744,1.0
514,2025-09-01,6.996736111111111,720,1.0
514,2025-10-01,4.861364341085271,645,0.8669354838709677
514,2025-11-01,4.317936962750716,698,0.9694444444444444
514,2025-12-01,5.045845737483085,739,0.9932795698924731
514,2026-01-01,4.136765536723164,708,0.9516129032258065
514,2026-02-01,4.186865671641791,603,0.8973214285714286
514,2026-03-01,6.671021505376344,744,1.0
514,2026-04-01,6.359554317548747,718,0.9972222222222222
514,2026-05-01,9.752956989247311,744,1.0
514,2026-06-01,11.393027777777776,720,1.0
514,2026-07-01,9.70740947075209,718,0.9650537634408602
514,2026-08-01,7.170094086021505,744,1.0
514,2026-09-01,6.94652733118971,311,0.43194444444444446
515,2000-11-01,6.181876557632399,642,0.8916666666666667
515,2000-12-01,6.240765089163237,729,0.9798387096774194
515,2001-01-01,6.761021673640167,717,0.9637096774193549
515,2001-02-01,7.7027457616892905,663,0.9866071428571429
515,2001-03-01,9.977679677419355,744,1.0
515,2001-04-01,10.319235814285715,700,0.9722222222222222
515,2001-05-01,8.717959663978494,744,1.0
515,2001-06-01,10.096027583333333,720,1.0
515,2001-07-01,8.391450779036827,706,0.9489247311827957
515,2001-08-01,6.927754556451613,744,1.0
515,2001-09-01,5.176561,720,1.0
515,2001-10-01,4.6385222446236565,744,1.0
515,2001-11-01,3.7788100833333336,720,1.0
515,2001-12-01,3.9686265725806456,744,1.0
515,2002-01-01,3.9057115053763445,744,1.0
515,2002-02-01,4.794353169642857,672,1.0
515,2002-03-01,5.953294119623656,744,1.0
515,2002-04-01,6.151002507122507,702,0.975
515,2002-05-01,6.4623321303763435,744,1.0
515,2002-06-01,6.2824990625,720,1.0
515,2002-07-01,12.960296564327487,684,0.9193548387096774
515,2002-08-01,6.489497997311827,744,1.0
515,2002-09-01,4.168140465277777,720,1.0
515,2002-10-01,4.439055060483871,744,1.0
515,2002-11-01,3.596160393258427,712,0.9888888888888889
515,2002-12-01,4.491245443548387,744,1.0
515,2003-01-01,4.936652190860214,744,1.0
515,2003-02-01,6.006991532738095,672,1.0
515,2003-03-01,5.878226357526882,744,1.0
515,2003-04-01,7.972066833333333,720,1.0
515,2003-05-01,8.842361182795699,744,1.0
515,2003-06-01,7.500732006944444,720,1.0
515,2003-07-01,7.596224469086022,744,1.0
515,2003-08-01,7.005683924731183,744,1.0
515,2003-09-01,5.958919368055556,720,1.0
515,2003-10-01,4.6606860685483875,744,1.0
515,2003-11-01,3.8940570625000004,720,1.0
515,2003-12-01,4.958100221774194,744,1.0
515,2004-01-01,4.450493864247312,744,1.0
515,2004-02-01,4.878175567528736,696,1.0
515,2004-03-01,5.298411975806451,744,1.0
515,2004-04-01,9.518311930555555,720,1.0
515,2004-05-01,17.18426807795699,744,1.0
515,2004-06-01,21.63931377777778,720,1.0
515,2004-07-01,10.925693461021506,744,1.0
515,2004-08-01,5.423525893817205,744,1.0
515,2004-09-01,4.501326673611111,720,1.0
515,2004-10-01,4.17644652739726,730,0.9811827956989247
515,2004-11-01,3.084364458333333,720,1.0
515,2004-12-01,2.8039902956989247,744,1.0
515,2005-01-01,2.8104243884408606,744,1.0
515,2005-02-01,3.369582886904762,672,1.0
515,2005-03-01,7.243211637466307,742,0.9973118279569892
515,2005-04-01,9.187342597222223,720,1.0
515,2005-05-01,5.393246555716353,691,0.928763440860215
515,2005-06-01,3.196240186219739,537,0.7458333333333333
515,2005-07-01,1.635451205287714,643,0.864247311827957
515,2005-08-01,2.239374207988981,726,0.9758064516129032
515,2005-09-01,1.8194733565459609,718,0.9972222222222222
515,2005-10-01,1.9344527956989248,744,1.0
515,2005-11-01,1.4437638472222223,720,1.0
515,2005-12-01,4.496964670698925,744,1.0
515,2006-01-01,6.293606290322581,744,1.0
515,2006-02-01,6.616617959501558,642,0.9553571428571429
515,2006-03-01,7.192283306451613,744,1.0
515,2006-04-01,8.870411402777778,720,1.0
515,2006-05-01,14.0502326216968,719,0.9663978494623656
515,2006-06-01,12.56254399848255,659,0.9152777777777777
515,2006-07-01,11.978798743279569,744,1.0
515,2006-08-01,10.188590416666667,744,1.0
515,2006-09-01,9.945321791666666,720,1.0
515,2006-10-01,5.033884341397849,744,1.0
515,2006-11-01,7.965418499999999,720,1.0
515,2006-12-01,7.718433574695122,656,0.8817204301075269
515,2007-01-01,8.073802755376343,744,1.0
515,2007-02-01,8.068950461309523,672,1.0
515,2007-03-01,7.862896411290323,744,1.0
515,2007-04-01,7.3404183611111105,720,1.0
515,2007-05-01,11.52266696236559,744,1.0
515,2007-06-01,19.461417006944444,720,1.0
515,2007-07-01,14.36634890510949,685,0.9206989247311828
515,2007-08-01,6.57234945390071,705,0.9475806451612904
515,2007-09-01,5.997742764623956,718,0.9972222222222222
515,2007-10-01,6.556189063400576,347,0.46639784946236557
515,2007-11-01,4.334363631944444,720,1.0
515,2007-12-01,4.268184616935484,744,1.0
515,2008-01-01,5.1918846102150535,744,1.0
515,2008-02-01,5.614907004310345,696,1.0
515,2008-03-01,7.175839227150537,744,1.0
515,2008-04-01,9.786485888888889,720,1.0
515,2008-05-01,9.738893595430108,744,1.0
515,2008-06-01,10.4934885,720,1.0
515,2008-07-01,8.119558373655915,744,1.0
515,2008-08-01,5.935420504032258,744,1.0
515,2008-09-01,4.533831590277778,720,1.0
515,2008-10-01,3.2894337231182798,744,1.0
515,2008-11-01,3.040777451388889,720,1.0
515,2008-12-01,3.195339590053764,744,1.0
515,2009-01-01,3.3340622342141866,719,0.9663978494623656
515,2009-02-01,3.571496603277946,662,0.9851190476190477
515,2009-03-01,5.609031424109589,730,0.9811827956989247
515,2009-04-01,7.5618395905367235,708,0.9833333333333333
515,2009-05-01,7.31303723627558,733,0.9852150537634409
515,2009-06-01,8.796193099561528,707,0.9819444444444444
515,2009-07-01,7.062969807250343,731,0.9825268817204301
515,2009-08-01,5.527200695759234,731,0.9825268817204301
515,2009-09-01,3.1721498923338043,707,0.9819444444444444
515,2009-10-01,4.626950909663866,714,0.9596774193548387
515,2009-11-01,3.0815436338723408,705,0.9791666666666666
515,2009-12-01,3.289332469944134,716,0.9623655913978495
515,2010-01-01,1.679290159301676,716,0.9623655913978495
515,2010-02-01,1.903518819104,625,0.9300595238095238
515,2010-03-01,3.6808746200687756,727,0.9771505376344086
515,2010-04-01,4.111857085190409,709,0.9847222222222223
515,2010-05-01,4.708777981225895,726,0.9758064516129032
515,2010-06-01,7.202942911269615,701,0.9736111111111111
515,2010-07-01,2.4663399999999998,2,0.002688172043010753
515,2010-08-01,4.295038779751382,724,0.9731182795698925
515,2010-09-01,3.9044998755539564,695,0.9652777777777778
515,2010-10-01,10.27844,2,0.002688172043010753
515,2010-11-01,3.1088217553688637,713,0.9902777777777778
515,2010-12-01,2.8868185912547424,738,0.9919354838709677
515,2011-01-01,2.9046441744686646,734,0.9865591397849462
515,2011-02-01,4.087043017915966,595,0.8854166666666666
515,2011-03-01,4.2546231892506805,734,0.9865591397849462
515,2011-04-01,3.7265127071126765,710,0.9861111111111112
515,2011-05-01,6.4177669505326085,736,0.989247311827957
515,2011-06-01,5.631798676013889,720,1.0
515,2011-07-01,6.836242833424285,733,0.9852150537634409
515,2011-08-01,6.017680533424284,733,0.9852150537634409
515,2011-09-01,4.489296677047278,698,0.9694444444444444
515,2011-10-01,2.815892460128901,737,0.9905913978494624
515,2011-11-01,12.58001074888889,720,1.0
515,2011-12-01,2.813872740983607,732,0.9838709677419355
515,2012-01-01,2.4191905444489796,735,0.9879032258064516
515,2012-02-01,3.5837349760058737,681,0.978448275862069
515,2012-03-01,5.667110058389715,739,0.9932795698924731
515,2012-04-01,5.874560326808511,705,0.9791666666666666
515,2012-05-01,8.79665302058424,736,0.989247311827957
515,2012-06-01,10.861987498459383,714,0.9916666666666667
515,2012-07-01,6.712044062595629,732,0.9838709677419355
515,2012-08-01,6.709468531696307,731,0.9825268817204301
515,2012-09-01,4.825718016737588,705,0.9791666666666666
515,2012-10-01,2.723629789193989,732,0.9838709677419355
515,2012-11-01,2.3849307212322945,706,0.9805555555555555
515,2012-12-01,4.518649999999999,2,0.002688172043010753
515,2013-01-01,3.1088026876712327,730,0.9811827956989247
515,2013-02-01,4.283455506060606,660,0.9821428571428571
515,2013-03-01,5.119975453551913,732,0.9838709677419355
515,2013-04-01,6.328141717114569,707,0.9819444444444444
515,2013-05-01,7.230858935704514,731,0.9825268817204301
515,2013-06-01,7.076066327683615,708,0.9833333333333333
515,2013-07-01,6.730029541838134,729,0.9798387096774194
515,2013-08-01,5.664178144611186,733,0.9852150537634409
515,2013-09-01,4.405270935028248,708,0.9833333333333333
515,2013-10-01,3.374542179347826,736,0.989247311827957
515,2013-11-01,3.090522392655367,708,0.9833333333333333
515,2013-12-01,3.3439552016574585,724,0.9731182795698925
515,2014-01-01,4.6441093901098895,728,0.978494623655914
515,2014-02-01,5.7764677265745,651,0.96875
515,2014-03-01,5.372015935497237,724,0.9731182795698925
515,2014-04-01,6.25917333781942,587,0.8152777777777778
515,2014-05-01,8.56845355737705,732,0.9838709677419355
515,2014-06-01,9.228527362103748,694,0.9638888888888889
515,2014-07-01,9.871227438356165,730,0.9811827956989247
515,2014-08-01,7.642431589192887,731,0.9825268817204301
515,2014-09-01,4.777593607736916,707,0.9819444444444444
515,2014-10-01,5.0001337681755835,729,0.9798387096774194
515,2014-11-01,4.1859155439393945,660,0.9166666666666666
515,2014-12-01,4.381909858459422,727,0.9771505376344086
515,2015-01-01,4.218069648760331,726,0.9758064516129032
515,2015-02-01,4.038997207384615,650,0.9672619047619048
515,2015-03-01,7.06720498995482,664,0.8924731182795699
515,2015-04-01,7.872733456425406,677,0.9402777777777778
515,2015-05-01,8.369144858847736,729,0.9798387096774194
515,2015-06-01,11.833067116809115,702,0.975
515,2015-07-01,10.111047693150685,730,0.9811827956989247
515,2015-08-01,6.388019161702128,705,0.9475806451612904
515,2015-09-01,4.896854835692091,708,0.9833333333333333
515,2015-10-01,4.1873641781206175,713,0.9583333333333334
515,2015-11-01,3.0644263243243244,703,0.9763888888888889
515,2015-12-01,2.8157883178326473,729,0.9798387096774194
515,2016-01-01,3.296025180816327,735,0.9879032258064516
515,2016-02-01,3.8037312736686393,676,0.9712643678160919
515,2016-03-01,4.549507128767123,730,0.9811827956989247
515,2016-04-01,7.013049609065155,706,0.9805555555555555
515,2016-05-01,7.3667343839779,724,0.9731182795698925
515,2016-06-01,7.470320416761364,704,0.9777777777777777
515,2016-07-01,7.831490381017882,727,0.9771505376344086
515,2016-08-01,7.324187660689655,725,0.9744623655913979
515,2016-09-01,6.970098418439717,705,0.9791666666666666
515,2016-10-01,4.702350027264022,731,0.9825268817204301
515,2016-11-01,4.3599434535511365,704,0.9777777777777777
515,2016-12-01,4.321374489589042,730,0.9811827956989247
515,2017-01-01,7.17318401920439,729,0.9798387096774194
515,2017-02-01,5.627847653495441,658,0.9791666666666666
515,2017-03-01,5.852615967032967,728,0.978494623655914
515,2017-04-01,7.909980603448275,696,0.9666666666666667
515,2017-05-01,8.005285913528592,717,0.9637096774193549
515,2017-06-01,8.327372742200328,609,0.8458333333333333
515,2017-07-01,9.375874125874127,715,0.9610215053763441
515,2017-08-01,6.467124824684433,713,0.9583333333333334
515,2017-09-01,4.710695652173913,690,0.9583333333333334
515,2017-10-01,3.389431818181818,704,0.946236559139785
515,2017-11-01,3.746671826625387,646,0.8972222222222223
515,2017-12-01,3.6118854748603355,716,0.9623655913978495
515,2018-01-01,2.5533240223463687,716,0.9623655913978495
515,2018-02-01,4.269239130434783,644,0.9583333333333334
515,2018-03-01,4.540528511821975,719,0.9663978494623656
515,2018-04-01,7.598740279937791,643,0.8930555555555556
515,2018-05-01,10.769353383458647,665,0.8938172043010753
515,2018-06-01,12.14611581920904,708,0.9833333333333333
515,2018-07-01,7.086130030959753,646,0.8682795698924731
515,2018-08-01,7.503593984962406,665,0.8938172043010753
515,2018-09-01,6.652827004219409,711,0.9875
515,2018-10-01,3.098551912568306,732,0.9838709677419355
515,2018-11-01,4.1388401697312585,707,0.9819444444444444
515,2018-12-01,7.654999999999999,2,0.002688172043010753
515,2019-01-01,5.0564600550964185,726,0.9758064516129032
515,2019-02-01,5.063339191564148,569,0.8467261904761905
515,2019-03-01,6.14622848200313,639,0.8588709677419355
515,2019-04-01,8.625340751043115,719,0.9986111111111111
515,2019-05-01,9.449675236806495,739,0.9932795698924731
515,2019-06-01,7.0199851411589895,673,0.9347222222222222
515,2019-07-01,4.52503300330033,606,0.8145161290322581
515,2019-08-01,6.221212976022567,709,0.9529569892473119
515,2019-09-01,3.0131179775280903,712,0.9888888888888889
515,2019-10-01,2.6292827004219412,711,0.9556451612903226
515,2019-11-01,3.89876404494382,712,0.9888888888888889
515,2019-12-01,4.1267028493894164,737,0.9905913978494624
515,2020-01-01,3.9870976616231086,727,0.9771505376344086
515,2020-02-01,2.6291461649782923,691,0.992816091954023
515,2020-03-01,6.377154929577465,710,0.9543010752688172
515,2020-04-01,5.3957247437774525,683,0.9486111111111111
515,2020-05-01,9.509287634408603,744,1.0
515,2020-06-01,9.154146685472496,709,0.9847222222222223
515,2020-07-01,8.13907133243607,743,0.9986559139784946
515,2020-08-01,4.350340136054422,735,0.9879032258064516
515,2020-09-01,4.473419847328245,655,0.9097222222222222
515,2020-10-01,2.767601078167116,742,0.9973118279569892
515,2020-11-01,3.0797916666666665,720,1.0
515,2020-12-01,3.350860215053763,651,0.875
515,2021-01-01,4.397051630434783,736,0.989247311827957
515,2021-02-01,4.57849478390462,671,0.9985119047619048
515,2021-03-01,5.496842900302115,662,0.8897849462365591
515,2021-04-01,6.83325,720,1.0
515,2021-05-01,7.228387096774194,744,1.0
515,2021-06-01,7.743347222222222,720,1.0
515,2021-07-01,9.10613986013986,715,0.9610215053763441
515,2021-08-01,7.789577874818049,687,0.9233870967741935
515,2021-09-01,4.151573236889693,553,0.7680555555555556
515,2021-10-01,2.871337386018237,658,0.8844086021505376
515,2021-11-01,2.830156494522692,639,0.8875
515,2021-12-01,2.9060610465116277,688,0.9247311827956989
515,2022-01-01,3.912027210884354,735,0.9879032258064516
515,2022-02-01,4.780044642857143,672,1.0
515,2022-03-01,6.065524193548387,744,1.0
515,2022-04-01,6.843049180327869,610,0.8472222222222222
515,2022-05-01,10.029608843537416,588,0.7903225806451613
515,2022-06-01,6.277708333333333,720,1.0
515,2022-07-01,3.9679300291545188,686,0.9220430107526881
515,2022-08-01,3.962107623318386,669,0.8991935483870968
515,2022-09-01,3.8385097493036215,718,0.9972222222222222
515,2022-10-01,2.816236559139785,744,1.0
515,2022-11-01,2.1583228840125392,638,0.8861111111111111
515,2022-12-01,2.162199730094467,741,0.9959677419354839
515,2023-01-01,3.379851150202977,739,0.9932795698924731
515,2023-02-01,2.2374404761904763,672,1.0
515,2023-03-01,5.507956989247312,744,1.0
515,2023-04-01,6.0898611111111105,720,1.0
515,2023-05-01,7.272150537634408,744,1.0
515,2023-06-01,9.776583333333333,720,1.0
515,2023-07-01,7.281911170928668,743,0.9986559139784946
515,2023-08-01,4.589488559892328,743,0.9986559139784946
515,2023-09-01,3.1972474377745237,683,0.9486111111111111
515,2023-10-01,3.381244813278008,723,0.9717741935483871
515,2023-11-01,2.9251785714285714,616,0.8555555555555555
515,2023-12-01,2.655370121130552,743,0.9986559139784946
515,2024-01-01,2.403172043010753,744,1.0
515,2024-02-01,3.0427242524916944,602,0.8649425287356322
515,2024-03-01,3.6844971264367814,696,0.9354838709677419
515,2024-04-01,5.91467492260062,646,0.8972222222222223
515,2024-05-01,8.833481182795698,744,1.0
515,2024-06-01,8.059944444444444,720,1.0
515,2024-07-01,6.889018817204302,744,1.0
515,2024-08-01,6.896129032258065,744,1.0
515,2024-09-01,6.22166431593794,709,0.9847222222222223
515,2024-10-01,4.5018361581920905,708,0.9516129032258065
515,2024-11-01,3.868925979680697,689,0.9569444444444445
515,2024-12-01,3.4909829059829063,702,0.9435483870967742
515,2025-01-01,3.57322102425876,742,0.9973118279569892
515,2025-02-01,3.7302255639097743,665,0.9895833333333334
515,2025-03-01,5.177402985074627,670,0.9005376344086021
515,2025-04-01,5.89598611111111,720,1.0
515,2025-05-01,8.106424731182797,372,0.5
515,2025-06-01,5.336363636363636,165,0.22916666666666666
515,2025-07-01,10.612041166380788,583,0.7836021505376344
515,2025-08-01,6.4739650537634414,744,1.0
515,2025-09-01,4.375986111111112,720,1.0
515,2025-10-01,4.840591397849463,744,1.0
515,2025-11-01,6.697166666666667,720,1.0
515,2025-12-01,4.639879032258064,744,1.0
515,2026-01-01,1.854260752688172,744,1.0
515,2026-02-01,2.214,655,0.9747023809523809
515,2026-03-01,2.4951816958277258,743,0.9986559139784946
515,2026-04-01,5.984935064935065,693,0.9625
515,2026-05-01,9.269314516129032,744,1.0
515,2026-06-01,11.280152990264256,719,0.9986111111111111
515,2026-07-01,9.675192926045016,622,0.8360215053763441
515,2026-08-01,5.439959568733153,742,0.9973118279569892
515,2026-09-01,5.484308681672025,311,0.43194444444444446
529,2004-10-01,8.3,2,0.002688172043010753
529,2004-11-01,8.822623122905027,716,0.9944444444444445
529,2004-12-01,5.964905212268188,701,0.9422043010752689
529,2005-01-01,7.588386327014218,422,0.5672043010752689
529,2005-03-01,14.45280752434457,534,0.717741935483871
529,2005-04-01,8.844768538633193,717,0.9958333333333333
529,2005-05-01,7.66104964851752,742,0.9973118279569892
529,2005-06-01,9.650138575139664,716,0.9944444444444445
529,2005-07-01,8.793835432357474,649,0.8723118279569892
529,2005-08-01,11.501834579096045,708,0.9516129032258065
529,2005-09-01,7.021287361624649,714,0.9916666666666667
529,2005-10-01,4.81318902718708,743,0.9986559139784946
529,2005-11-01,5.184936069456067,717,0.9958333333333333
529,2005-12-01,3.750201819163293,741,0.9959677419354839
529,2006-01-01,2.539411274117647,680,0.9139784946236559
529,2006-02-01,3.471144226259542,655,0.9747023809523809
529,2006-03-01,7.360026189502019,743,0.9986559139784946
529,2006-04-01,8.555089464435147,717,0.9958333333333333
529,2006-05-01,8.647117183728813,295,0.396505376344086
529,2007-01-01,7.322698893058162,533,0.7163978494623656
529,2007-02-01,10.618260958083832,668,0.9940476190476191
529,2007-03-01,14.096494299191376,742,0.9973118279569892
529,2007-04-01,15.608506471408646,717,0.9958333333333333
529,2007-05-01,20.065405027027026,740,0.9946236559139785
529,2007-06-01,18.91396569832402,716,0.9944444444444445
529,2007-07-01,17.27336894590846,721,0.9690860215053764
529,2007-08-01,14.726485270270269,740,0.9946236559139785
529,2007-09-01,12.723741466480446,716,0.9944444444444445
529,2007-10-01,13.322859321533922,678,0.9112903225806451
529,2007-11-01,10.458194207650273,366,0.5083333333333333
529,2007-12-01,8.60768951417004,741,0.9959677419354839
529,2008-01-01,8.287802682926829,82,0.11021505376344086
529,2008-02-01,9.147700989045937,566,0.8132183908045977
529,2008-03-01,15.098383768506057,743,0.9986559139784946
529,2008-04-01,19.15662439330544,717,0.9958333333333333
529,2008-05-01,17.58046048846676,737,0.9905913978494624
529,2008-06-01,17.678805223880595,670,0.9305555555555556
529,2008-07-01,14.957520678466077,678,0.9112903225806451
529,2008-08-01,14.953170026990552,741,0.9959677419354839
529,2008-09-01,11.543473043478262,23,0.03194444444444444
532,2019-08-01,12.989797979797979,99,0.13306451612903225
532,2019-09-01,9.14015406162465,714,0.9916666666666667
532,2019-10-01,7.4167028493894165,737,0.9905913978494624
532,2019-11-01,7.282776998597475,713,0.9902777777777778
532,2019-12-01,6.78710027100271,738,0.9919354838709677
532,2020-01-01,6.384283783783784,740,0.9946236559139785
532,2020-02-01,6.8450971599402095,669,0.9612068965517241
532,2020-03-01,10.3060027100271,738,0.9919354838709677
532,2020-04-01,11.332573426573427,715,0.9930555555555556
532,2020-05-01,14.20841463414634,738,0.9919354838709677
532,2020-06-01,9.635427769985975,713,0.9902777777777778
532,2020-07-01,15.39816464237517,741,0.9959677419354839
532,2020-08-01,14.26941340782123,716,0.9623655913978495
532,2020-09-01,11.670027932960894,716,0.9944444444444445
532,2020-10-01,8.6785,740,0.9946236559139785
532,2020-11-01,6.552377622377622,715,0.9930555555555556
532,2020-12-01,5.603052917232022,737,0.9905913978494624
532,2021-01-01,4.741013513513513,740,0.9946236559139785
532,2021-02-01,7.616171875000001,640,0.9523809523809523
532,2021-03-01,8.540845839017734,733,0.9852150537634409
532,2021-04-01,11.551034965034965,715,0.9930555555555556
532,2021-05-01,16.041472972972972,740,0.9946236559139785
532,2021-06-01,15.491380753138074,717,0.9958333333333333
532,2021-07-01,17.395797297297296,740,0.9946236559139785
532,2021-08-01,13.916684782608696,736,0.989247311827957
532,2021-09-01,12.408811188811187,715,0.9930555555555556
532,2021-10-01,9.575594594594595,740,0.9946236559139785
532,2021-11-01,7.381587078651685,712,0.9888888888888889
532,2021-12-01,5.7853823953823955,693,0.9314516129032258
532,2022-01-01,4.381880920162382,739,0.9932795698924731
532,2022-02-01,6.796163141993958,662,0.9851190476190477
532,2022-03-01,14.222721088435375,735,0.9879032258064516
532,2022-04-01,18.079764705882354,680,0.9444444444444444
532,2022-05-01,22.382645861601084,737,0.9905913978494624
532,2022-06-01,20.95740947075209,718,0.9972222222222222
532,2022-07-01,17.865399188092017,739,0.9932795698924731
532,2022-08-01,18.80451700680272,735,0.9879032258064516
532,2022-09-01,13.602552301255232,717,0.9958333333333333
532,2022-10-01,8.775432432432432,740,0.9946236559139785
532,2022-11-01,4.655247376311844,667,0.9263888888888889
532,2022-12-01,4.212061994609164,742,0.9973118279569892
532,2023-01-01,5.308783783783784,740,0.9946236559139785
532,2023-02-01,7.220557228915663,664,0.9880952380952381
532,2023-03-01,7.686653171390014,741,0.9959677419354839
532,2023-04-01,10.581843575418995,716,0.9944444444444445
532,2023-05-01,14.576373477672531,739,0.9932795698924731
532,2023-06-01,10.845961002785515,718,0.9972222222222222
532,2023-07-01,9.209392712550606,741,0.9959677419354839
532,2023-08-01,6.694769230769231,715,0.9610215053763441
532,2023-09-01,4.069540389972144,718,0.9972222222222222
532,2023-10-01,3.2720107962213225,741,0.9959677419354839
532,2023-11-01,4.668036465638148,713,0.9902777777777778
532,2023-12-01,4.46422972972973,740,0.9946236559139785
532,2024-01-01,2.8191117092866755,743,0.9986559139784946
532,2024-02-01,3.22254110612855,669,0.9612068965517241
532,2024-03-01,9.310795148247978,742,0.9973118279569892
532,2024-04-01,13.22420534458509,711,0.9875
532,2024-05-01,12.150313351498637,734,0.9865591397849462
532,2024-06-01,5.825856115107913,695,0.9652777777777778
532,2024-07-01,8.863166441136672,739,0.9932795698924731
532,2024-08-01,6.088542234332425,734,0.9865591397849462
532,2024-09-01,7.228800557880056,717,0.9958333333333333
532,2024-10-01,5.423148648648649,740,0.9946236559139785
532,2024-11-01,3.8996363636363633,715,0.9930555555555556
532,2024-12-01,4.115094594594595,740,0.9946236559139785
532,2025-01-01,1.894231311706629,709,0.9529569892473119
532,2025-02-01,4.340046801872075,641,0.9538690476190477
532,2025-03-01,7.928575305291723,737,0.9905913978494624
532,2025-04-01,12.730489510489509,715,0.9930555555555556
532,2025-05-01,13.773106267029972,734,0.9865591397849462
532,2025-06-01,12.603240223463688,716,0.9944444444444445
532,2025-07-01,14.413054054054054,740,0.9946236559139785
532,2025-08-01,9.43444287729196,709,0.9529569892473119
532,2025-09-01,8.420125698324023,716,0.9944444444444445
532,2025-10-01,7.314378378378379,740,0.9946236559139785
532,2025-11-01,3.3908707865168544,712,0.9888888888888889
532,2025-12-01,2.4994850948509484,738,0.9919354838709677
532,2026-01-01,2.6298785425101214,741,0.9959677419354839
532,2026-02-01,3.647737556561086,663,0.9866071428571429
532,2026-03-01,6.4127740189445195,739,0.9932795698924731
532,2026-04-01,9.300919220055711,718,0.9972222222222222
532,2026-05-01,12.084859550561799,712,0.956989247311828
532,2026-06-01,11.778005578800558,717,0.9958333333333333
532,2026-07-01,7.775940460081191,739,0.9932795698924731
532,2026-08-01,6.372615803814714,734,0.9865591397849462
532,2026-09-01,7.95514657980456,307,0.4263888888888889
539,2012-06-01,23.260168776595744,188,0.2611111111111111
539,2012-07-01,17.730147986424733,744,1.0
539,2012-08-01,9.587807792401629,737,0.9905913978494624
539,2012-09-01,16.300227954166665,720,1.0
539,2012-10-01,14.180683577235772,738,0.9919354838709677
539,2012-11-01,8.899692615384614,715,0.9930555555555556
539,2012-12-01,3.284930486915888,642,0.8629032258064516
539,2013-01-01,2.251059685493827,648,0.8709677419354839
539,2013-02-01,3.4516011075541795,646,0.9613095238095238
539,2013-03-01,5.360590443490701,699,0.9395161290322581
539,2013-04-01,4.821919119144982,538,0.7472222222222222
539,2013-06-01,11.274824695652173,115,0.1597222222222222
539,2013-07-01,7.616762237367624,661,0.8884408602150538
539,2013-08-01,6.475365049865229,742,0.9973118279569892
539,2013-09-01,5.300836972222222,720,1.0
539,2013-10-01,4.955058696236559,744,1.0
539,2013-11-01,4.064537827402135,562,0.7805555555555556
539,2013-12-01,13.613422730874316,732,0.9838709677419355
539,2014-01-01,20.887829331536388,742,0.9973118279569892
539,2014-02-01,13.918263236607142,672,1.0
539,2014-03-01,16.536399954545455,660,0.8870967741935484
539,2014-04-01,15.609108802250802,622,0.8638888888888889
539,2014-05-01,21.994932893405114,743,0.9986559139784946
539,2014-06-01,18.91775362222222,720,1.0
539,2014-07-01,15.999612728494622,744,1.0
539,2014-08-01,15.40707151758087,711,0.9556451612903226
539,2014-09-01,14.09741271129707,717,0.9958333333333333
539,2014-10-01,10.509001407859078,738,0.9919354838709677
539,2014-11-01,9.765359970833334,720,1.0
539,2014-12-01,10.103911162853297,743,0.9986559139784946
539,2015-01-01,20.400523100137175,729,0.9798387096774194
539,2015-02-01,32.34619776785714,672,1.0
539,2015-03-01,44.41798702702703,740,0.9946236559139785
539,2015-04-01,36.53861913888889,720,1.0
539,2015-05-01,44.916573252688174,744,1.0
539,2015-06-01,53.1893811111111,720,1.0
539,2015-07-01,48.33604942779291,734,0.9865591397849462
539,2015-08-01,36.50770824489796,735,0.9879032258064516
539,2015-09-01,34.947182458515286,687,0.9541666666666667
539,2015-10-01,31.978110134408603,744,1.0
539,2015-11-01,28.38281392211405,719,0.9986111111111111
539,2015-12-01,29.13490312534435,726,0.9758064516129032
539,2016-01-01,37.52900644204852,742,0.9973118279569892
539,2016-02-01,28.840574437410073,695,0.9985632183908046
539,2016-03-01,22.053784952553762,744,1.0
539,2016-04-01,14.112815161029207,719,0.9986111111111111
539,2016-05-01,29.16151200799458,738,0.9919354838709677
539,2016-06-01,38.586736202321724,603,0.8375
539,2016-07-01,14.226970549823529,680,0.9139784946236559
539,2016-08-01,7.264876632801161,689,0.9260752688172043
539,2016-09-01,7.470045431164902,661,0.9180555555555555
539,2016-10-01,6.403894311543811,719,0.9663978494623656
539,2016-11-01,4.56976407079646,678,0.9416666666666667
539,2016-12-01,3.4318536680613665,717,0.9637096774193549
539,2017-01-01,4.132890034674063,721,0.9690860215053764
539,2017-02-01,4.604821007849294,637,0.9479166666666666
539,2017-03-01,6.565325202997275,734,0.9865591397849462
539,2017-04-01,10.473460916666665,720,1.0
539,2017-05-01,11.335448369565217,736,0.989247311827957
539,2017-06-01,12.365577190542421,719,0.9986111111111111
539,2017-07-01,13.941014884979703,739,0.9932795698924731
539,2017-08-01,10.505846774193548,744,1.0
539,2017-09-01,9.072577030812324,714,0.9916666666666667
539,2017-10-01,7.152762803234502,742,0.9973118279569892
539,2017-11-01,6.473128491620112,716,0.9944444444444445
539,2017-12-01,5.930416666666666,744,1.0
539,2018-01-01,5.418827493261455,742,0.9973118279569892
539,2018-02-01,6.130299850074962,667,0.9925595238095238
539,2018-03-01,7.376070460704607,738,0.9919354838709677
539,2018-04-01,9.674439775910365,714,0.9916666666666667
539,2018-05-01,8.75111424541608,709,0.9529569892473119
539,2018-06-01,16.344783216783217,715,0.9930555555555556
539,2018-07-01,10.080137551581844,727,0.9771505376344086
539,2018-08-01,9.113536231884058,690,0.9274193548387096
539,2018-09-01,8.696648044692738,716,0.9944444444444445
539,2018-10-01,6.415583684950774,711,0.9556451612903226
539,2018-11-01,5.033240223463688,716,0.9944444444444445
539,2018-12-01,3.7733962264150946,742,0.9973118279569892
539,2019-01-01,4.598209959623149,743,0.9986559139784946
539,2019-02-01,5.0680976430976425,594,0.8839285714285714
539,2019-03-01,5.568059299191375,742,0.9973118279569892
539,2019-04-01,7.668062234794908,707,0.9819444444444444
539,2019-05-01,7.366730486008837,679,0.9126344086021505
539,2019-06-01,10.598112633181126,657,0.9125
539,2019-07-01,12.204789687924016,737,0.9905913978494624
539,2019-08-01,11.193008130081301,738,0.9919354838709677
539,2019-09-01,8.144263888888888,720,1.0
539,2019-10-01,6.755533063427801,741,0.9959677419354839
539,2019-11-01,5.836513249651325,717,0.9958333333333333
539,2019-12-01,5.181693548387097,744,1.0
539,2020-01-01,5.309596774193548,744,1.0
539,2020-02-01,6.163362068965517,696,1.0
539,2020-03-01,6.149501347708895,742,0.9973118279569892
539,2020-04-01,9.010430555555557,720,1.0
539,2020-05-01,11.084154262516915,739,0.9932795698924731
539,2020-06-01,11.851111111111111,720,1.0
539,2020-07-01,10.76104194857916,739,0.9932795698924731
539,2020-08-01,9.57234100135318,739,0.9932795698924731
539,2020-09-01,8.304616457461645,717,0.9958333333333333
539,2020-10-01,7.676972972972973,740,0.9946236559139785
539,2020-11-01,6.049762569832402,716,0.9944444444444445
539,2020-12-01,5.667096336499321,737,0.9905913978494624
539,2021-01-01,5.24778231292517,735,0.9879032258064516
539,2021-02-01,5.95003003003003,666,0.9910714285714286
539,2021-03-01,6.753319783197831,738,0.9919354838709677
539,2021-04-01,9.093702664796634,713,0.9902777777777778
539,2021-05-01,12.423937753721246,739,0.9932795698924731
539,2021-06-01,12.761720733427362,709,0.9847222222222223
539,2021-07-01,14.929809782608697,736,0.989247311827957
539,2021-08-01,12.51762483130904,741,0.9959677419354839
539,2021-09-01,8.729125,720,1.0
539,2021-10-01,7.412244623655914,744,1.0
539,2021-11-01,6.117315716272602,719,0.9986111111111111
539,2021-12-01,5.336962365591398,744,1.0
539,2022-01-01,5.974166666666666,744,1.0
539,2022-02-01,6.874880952380953,672,1.0
539,2022-03-01,8.366010781671159,742,0.9973118279569892
539,2022-04-01,10.841472222222222,720,1.0
539,2022-05-01,14.276164199192463,743,0.9986559139784946
539,2022-06-01,13.955611111111113,720,1.0
539,2022-07-01,11.937930107526881,744,1.0
539,2022-08-01,11.332099596231494,743,0.9986559139784946
539,2022-09-01,8.165180555555557,720,1.0
539,2022-10-01,7.103225806451613,744,1.0
539,2022-11-01,5.424375,720,1.0
539,2022-12-01,6.172513440860215,744,1.0
539,2023-01-01,5.486290322580645,744,1.0
539,2023-02-01,7.314657738095238,672,1.0
539,2023-03-01,8.129715061058345,737,0.9905913978494624
539,2023-04-01,9.950391061452514,716,0.9944444444444445
539,2023-05-01,14.01849797023004,739,0.9932795698924731
539,2023-06-01,13.418962131837306,713,0.9902777777777778
539,2023-07-01,13.056522327469555,739,0.9932795698924731
539,2023-08-01,10.417214673913042,736,0.989247311827957
539,2023-09-01,9.385842696629213,712,0.9888888888888889
539,2023-10-01,7.7032384823848234,738,0.9919354838709677
539,2023-11-01,6.332405594405595,715,0.9930555555555556
539,2023-12-01,6.251605442176871,735,0.9879032258064516
539,2024-01-01,5.399878378378379,740,0.9946236559139785
539,2024-02-01,6.365505780346822,692,0.9942528735632183
539,2024-03-01,7.014600550964188,726,0.9758064516129032
539,2024-04-01,11.039958100558659,716,0.9944444444444445
539,2024-05-01,14.617768707482993,735,0.9879032258064516
539,2024-06-01,11.427875354107648,706,0.9805555555555555
539,2024-07-01,14.052572614107884,723,0.9717741935483871
539,2024-08-01,7.594581618655693,729,0.9798387096774194
539,2024-09-01,7.330056179775281,712,0.9888888888888889
539,2024-10-01,4.061952908587258,722,0.9704301075268817
539,2024-11-01,5.812602941176471,680,0.9444444444444444
539,2024-12-01,13.55936111111111,720,0.967741935483871
539,2025-01-01,5.216906377204885,737,0.9905913978494624
539,2025-02-01,7.449345509893456,657,0.9776785714285714
539,2025-03-01,8.249959294436907,737,0.9905913978494624
539,2025-04-01,11.884804469273744,716,0.9944444444444445
539,2025-05-01,13.68669376693767,738,0.9919354838709677
539,2025-06-01,14.822591036414567,714,0.9916666666666667
539,2025-07-01,11.40464864864865,740,0.9946236559139785
539,2025-08-01,8.88250677506775,738,0.9919354838709677
539,2025-09-01,9.18636235955056,712,0.9888888888888889
539,2025-10-01,7.260250696378829,718,0.9650537634408602
539,2025-11-01,6.661483050847457,708,0.9833333333333333
539,2025-12-01,4.3120408163265305,735,0.9879032258064516
539,2026-01-01,3.101589085072231,623,0.8373655913978495
539,2026-02-01,6.251463414634147,656,0.9761904761904762
539,2026-03-01,7.759142857142858,735,0.9879032258064516
539,2026-04-01,8.492913165266106,714,0.9916666666666667
539,2026-05-01,9.349620081411127,737,0.9905913978494624
539,2026-06-01,10.818,695,0.9652777777777778
539,2026-07-01,9.32037552155772,719,0.9663978494623656
539,2026-08-01,11.642816500711238,703,0.9448924731182796
539,2026-09-01,7.911893687707641,301,0.41805555555555557
540,2014-10-01,4.3244359999999995,35,0.04704301075268817
540,2014-11-01,4.402953016759777,716,0.9944444444444445
540,2014-12-01,3.7304785501355013,738,0.9919354838709677
540,2015-01-01,4.008056531165312,738,0.9919354838709677
540,2015-02-01,4.915489236526946,668,0.9940476190476191
540,2015-03-01,6.495533519781719,733,0.9852150537634409
540,2015-04-01,10.072266772857143,700,0.9722222222222222
540,2015-05-01,10.536617901907357,734,0.9865591397849462
540,2015-06-01,13.084565121602289,699,0.9708333333333333
540,2015-07-01,12.527463305898491,729,0.9798387096774194
540,2015-08-01,8.358740472972974,740,0.9946236559139785
540,2015-09-01,7.33627770745429,711,0.9875
540,2015-10-01,6.8082666071428575,728,0.978494623655914
540,2015-11-01,4.50708045261669,707,0.9819444444444444
540,2015-12-01,4.06691662601626,738,0.9919354838709677
540,2016-01-01,5.013387787774725,728,0.978494623655914
540,2016-02-01,5.2196580053412465,674,0.9683908045977011
540,2016-03-01,6.724494673024523,734,0.9865591397849462
540,2016-04-01,7.168461890756302,714,0.9916666666666667
540,2016-05-01,10.142337619699042,731,0.9825268817204301
540,2016-06-01,13.080408605633801,710,0.9861111111111112
540,2016-07-01,9.330526116373477,739,0.9932795698924731
540,2016-08-01,7.223870822161422,731,0.9825268817204301
540,2016-09-01,3.9037604500703234,711,0.9875
540,2016-10-01,2.3697167166212534,734,0.9865591397849462
540,2016-11-01,2.638437847887324,710,0.9861111111111112
540,2016-12-01,3.0354014887218046,665,0.8938172043010753
540,2017-01-01,3.0801533884297516,726,0.9758064516129032
540,2017-02-01,2.932826766917293,665,0.9895833333333334
540,2017-03-01,3.035153880272109,735,0.9879032258064516
540,2017-04-01,3.938885554149086,711,0.9875
540,2017-05-01,2.9618595041322315,726,0.9758064516129032
540,2017-06-01,3.943511111111111,675,0.9375
540,2017-07-01,5.178821138211382,738,0.9919354838709677
540,2017-08-01,5.292727272727273,737,0.9905913978494624
540,2017-09-01,4.222115655853314,709,0.9847222222222223
540,2017-10-01,3.6961171662125336,734,0.9865591397849462
540,2017-11-01,3.457086834733894,714,0.9916666666666667
540,2017-12-01,3.054194857916103,739,0.9932795698924731
540,2018-01-01,3.0400949796472188,737,0.9905913978494624
540,2018-02-01,3.0047699386503064,652,0.9702380952380952
540,2018-03-01,2.8116304347826087,736,0.989247311827957
540,2018-04-01,3.206086956521739,713,0.9902777777777778
540,2018-05-01,3.6818885869565214,736,0.989247311827957
540,2018-06-01,4.237576197387519,689,0.9569444444444445
540,2018-07-01,3.6414479025710422,739,0.9932795698924731
540,2018-08-01,3.4465753424657533,730,0.9811827956989247
540,2018-09-01,3.1319860139860136,715,0.9930555555555556
540,2018-10-01,2.616278755074425,739,0.9932795698924731
540,2018-11-01,3.303687230989957,697,0.9680555555555556
540,2018-12-01,2.870359195402299,696,0.9354838709677419
540,2019-01-01,2.5024444444444445,720,0.967741935483871
540,2019-02-01,3.156656626506024,664,0.9880952380952381
540,2019-03-01,4.426957708049113,733,0.9852150537634409
540,2019-04-01,8.4602828854314,707,0.9819444444444444
540,2019-05-01,10.179283783783784,740,0.9946236559139785
540,2019-06-01,11.11620979020979,715,0.9930555555555556
540,2019-07-01,10.903910690121785,739,0.9932795698924731
540,2019-08-01,8.50031165311653,738,0.9919354838709677
540,2019-09-01,6.8533146067415736,712,0.9888888888888889
540,2019-10-01,5.885464480874317,732,0.9838709677419355
540,2019-11-01,4.848910891089108,707,0.9819444444444444
540,2019-12-01,4.582172131147541,732,0.9838709677419355
540,2020-01-01,4.602787550744249,739,0.9932795698924731
540,2020-02-01,5.558403483309143,689,0.9899425287356322
540,2020-03-01,5.787890410958904,730,0.9811827956989247
540,2020-04-01,8.92290322580645,713,0.9902777777777778
540,2020-05-01,10.267983761840325,739,0.9932795698924731
540,2020-06-01,10.61795518207283,714,0.9916666666666667
540,2020-07-01,10.124830852503383,739,0.9932795698924731
540,2020-08-01,9.15789402173913,736,0.989247311827957
540,2020-09-01,7.266985915492958,710,0.9861111111111112
540,2020-10-01,6.6502297297297295,740,0.9946236559139785
540,2020-11-01,4.985492957746478,710,0.9861111111111112
540,2020-12-01,4.028184281842819,738,0.9919354838709677
540,2021-01-01,3.931189189189189,740,0.9946236559139785
540,2021-02-01,5.122380239520958,668,0.9940476190476191
540,2021-03-01,5.569443690637721,737,0.9905913978494624
540,2021-04-01,7.821512605042018,714,0.9916666666666667
540,2021-05-01,10.953238482384824,738,0.9919354838709677
540,2021-06-01,11.505344585091422,711,0.9875
540,2021-07-01,13.979878378378379,740,0.9946236559139785
540,2021-08-01,11.314979647218452,737,0.9905913978494624
540,2021-09-01,7.928787878787878,693,0.9625
540,2021-10-01,6.678283783783784,740,0.9946236559139785
540,2021-11-01,5.492577030812325,714,0.9916666666666667
540,2021-12-01,4.528216216216216,740,0.9946236559139785
540,2022-01-01,5.206784741144414,734,0.9865591397849462
540,2022-02-01,6.314625748502994,668,0.9940476190476191
540,2022-03-01,7.357581521739131,736,0.989247311827957
540,2022-04-01,12.778305084745764,708,0.9833333333333333
540,2022-05-01,15.451304347826087,736,0.989247311827957
540,2022-06-01,12.6513986013986,715,0.9930555555555556
540,2022-07-01,10.635981055480379,739,0.9932795698924731
540,2022-08-01,9.227951153324288,737,0.9905913978494624
540,2022-09-01,7.004581005586592,716,0.9944444444444445
540,2022-10-01,6.248240866035182,739,0.9932795698924731
540,2022-11-01,4.733272471910112,712,0.9888888888888889
540,2022-12-01,5.133972972972972,740,0.9946236559139785
540,2023-01-01,4.393924221921516,739,0.9932795698924731
540,2023-02-01,5.881559220389805,667,0.9925595238095238
540,2023-03-01,6.734503401360544,735,0.9879032258064516
540,2023-04-01,8.047846153846153,715,0.9930555555555556
540,2023-05-01,11.96687074829932,735,0.9879032258064516
540,2023-06-01,12.609062937062937,715,0.9930555555555556
540,2023-07-01,11.352459459459459,740,0.9946236559139785
540,2023-08-01,9.085258152173912,736,0.989247311827957
540,2023-09-01,8.104321678321678,715,0.9930555555555556
540,2023-10-01,6.928918918918918,740,0.9946236559139785
540,2023-11-01,5.780154494382023,712,0.9888888888888889
540,2023-12-01,5.548837837837838,740,0.9946236559139785
540,2024-01-01,4.844851351351352,740,0.9946236559139785
540,2024-02-01,5.106814814814815,675,0.9698275862068966
540,2024-03-01,6.59043301759134,739,0.9932795698924731
540,2024-04-01,9.429259776536313,716,0.9944444444444445
540,2024-05-01,12.580271002710028,738,0.9919354838709677
540,2024-06-01,9.962681564245809,716,0.9944444444444445
540,2024-07-01,12.568654891304348,736,0.989247311827957
540,2024-08-01,6.804139344262295,732,0.9838709677419355
540,2024-09-01,6.432695530726257,716,0.9944444444444445
540,2024-10-01,4.944898236092266,737,0.9905913978494624
540,2024-11-01,4.529700854700854,702,0.975
540,2024-12-01,4.658378746594005,734,0.9865591397849462
540,2025-01-01,5.4541248303934875,737,0.9905913978494624
540,2025-02-01,5.855849923430322,653,0.9717261904761905
540,2025-03-01,7.808391891891892,740,0.9946236559139785
540,2025-04-01,11.087580872011252,711,0.9875
540,2025-05-01,12.942319444444443,720,0.967741935483871
540,2025-06-01,13.81897902097902,715,0.9930555555555556
540,2025-07-01,12.932046070460705,738,0.9919354838709677
540,2025-08-01,9.648493894165535,737,0.9905913978494624
540,2025-09-01,9.147605042016806,714,0.9916666666666667
540,2025-10-01,7.6808991825613075,734,0.9865591397849462
540,2025-11-01,11.307140845070423,710,0.9861111111111112
540,2025-12-01,5.023405994550409,734,0.9865591397849462
540,2026-01-01,4.282097428958052,739,0.9932795698924731
540,2026-02-01,6.640382848392037,653,0.9717261904761905
540,2026-03-01,7.582601398601399,715,0.9610215053763441
540,2026-04-01,9.815029585798817,676,0.9388888888888889
540,2026-05-01,8.98265709156194,557,0.7486559139784946
540,2026-06-01,9.5511312849162,716,0.9944444444444445
540,2026-07-01,7.79472184531886,737,0.9905913978494624
540,2026-08-01,5.872391608391609,715,0.9610215053763441
540,2026-09-01,6.685020576131687,243,0.3375
547,2011-12-01,1.439,1,0.0013440860215053765
547,2012-01-01,3.775367752972028,572,0.7688172043010753
547,2012-02-01,4.294836351724138,696,1.0
547,2012-03-01,6.506191603688524,732,0.9838709677419355
547,2012-04-01,7.00262714468413,649,0.9013888888888889
547,2012-05-01,8.267153257260274,730,0.9811827956989247
547,2012-06-01,7.914169446453408,719,0.9986111111111111
547,2012-07-01,9.941202804973118,744,1.0
547,2012-08-01,7.008583787127371,738,0.9919354838709677
547,2012-09-01,5.6027106952712105,719,0.9986111111111111
547,2012-10-01,4.753004605388273,631,0.8481182795698925
547,2012-11-01,3.920559723026316,608,0.8444444444444444
547,2012-12-01,3.8891078723658055,503,0.6760752688172043
547,2013-01-01,3.024568367710372,511,0.6868279569892473
547,2013-02-01,4.636233592141454,509,0.7574404761904762
547,2013-03-01,5.242728458945686,626,0.8413978494623656
547,2013-04-01,6.465910594992413,659,0.9152777777777777
547,2013-05-01,7.866104374395449,703,0.9448924731182796
547,2013-06-01,8.843166454285715,700,0.9722222222222222
547,2013-07-01,7.451650886827196,706,0.9489247311827957
547,2013-08-01,6.548505138280166,721,0.9690860215053764
547,2013-09-01,5.2848276943548385,620,0.8611111111111112
547,2013-10-01,4.188397548090277,576,0.7741935483870968
547,2013-11-01,4.276663459523809,462,0.6416666666666667
547,2013-12-01,3.1832080234848488,396,0.532258064516129
547,2014-01-01,3.799621184363257,479,0.6438172043010753
547,2014-02-01,4.39648014467641,479,0.7127976190476191
547,2014-03-01,4.921481658878505,535,0.7190860215053764
547,2014-04-01,6.665559918494272,611,0.8486111111111111
547,2014-05-01,7.751196831540697,688,0.9247311827956989
547,2014-06-01,7.553452582179676,679,0.9430555555555555
547,2014-07-01,6.662505288456189,719,0.9663978494623656
547,2014-08-01,6.439219408823528,680,0.9139784946236559
547,2014-09-01,5.016771085053436,655,0.9097222222222222
547,2014-10-01,4.79894505875,640,0.8602150537634409
547,2014-11-01,3.4864964021113245,521,0.7236111111111111
547,2014-12-01,4.208897698305085,472,0.6344086021505376
547,2015-01-01,4.296574424201681,595,0.7997311827956989
547,2015-02-01,4.310395177871621,592,0.8809523809523809
547,2015-03-01,4.848233406336088,726,0.9758064516129032
547,2015-04-01,6.629200854748603,716,0.9944444444444445
547,2015-05-01,9.553346424731183,744,1.0
547,2015-06-01,11.881367918994412,716,0.9944444444444445
547,2015-07-01,10.030716671601615,743,0.9986559139784946
547,2015-08-01,6.097919932710281,535,0.7190860215053764
547,2015-09-01,5.568290103746397,694,0.9638888888888889
547,2015-10-01,5.362479352150538,744,1.0
547,2015-11-01,3.0947583657853808,643,0.8930555555555556
547,2015-12-01,2.61331527227596,703,0.9448924731182796
547,2016-01-01,4.97020367025572,743,0.9986559139784946
547,2016-02-01,6.735897471264368,696,1.0
547,2016-03-01,7.056902782258065,744,1.0
547,2016-04-01,7.095626041666666,720,1.0
547,2016-05-01,10.629892267833108,743,0.9986559139784946
547,2016-06-01,9.567040994244604,695,0.9652777777777778
547,2016-07-01,7.746954981182795,744,1.0
547,2016-08-01,6.9506915681511465,741,0.9959677419354839
547,2016-09-01,5.584019415277778,720,1.0
547,2016-10-01,4.5694150120967745,744,1.0
547,2016-11-01,3.5072132143055557,720,1.0
547,2016-12-01,3.505214849462366,744,1.0
547,2017-01-01,4.691695021505376,744,1.0
547,2017-02-01,4.96233409375,672,1.0
547,2017-03-01,5.1837561938088825,743,0.9986559139784946
547,2017-04-01,6.685222558865248,705,0.9791666666666666
547,2017-05-01,7.545793010752687,744,1.0
547,2017-06-01,7.836432584269663,712,0.9888888888888889
547,2017-07-01,56.0871505376344,744,1.0
547,2017-08-01,7.064892473118279,744,1.0
547,2017-09-01,5.665527777777777,720,1.0
547,2017-10-01,3.6012247644683715,743,0.9986559139784946
547,2017-11-01,3.7496244784422808,719,0.9986111111111111
547,2017-12-01,5.125370121130552,743,0.9986559139784946
547,2018-01-01,4.283360215053763,744,1.0
547,2018-02-01,3.4601190476190475,672,1.0
547,2018-03-01,5.348475033738191,741,0.9959677419354839
547,2018-04-01,7.236606397774687,719,0.9986111111111111
547,2018-05-01,9.753494623655914,744,1.0
547,2018-06-01,12.419636363636364,715,0.9930555555555556
547,2018-07-01,9.40506139154161,733,0.9852150537634409
547,2018-08-01,9.629986541049798,743,0.9986559139784946
547,2018-09-01,5.9481027104136945,701,0.9736111111111111
547,2018-10-01,4.802159244264508,741,0.9959677419354839
547,2018-11-01,3.9039428571428574,700,0.9722222222222222
547,2018-12-01,2.091842900302115,662,0.8897849462365591
547,2019-01-01,1.8016194331983806,741,0.9959677419354839
547,2019-02-01,2.658170914542729,667,0.9925595238095238
547,2019-03-01,3.3222371967654984,742,0.9973118279569892
547,2019-04-01,4.025312934631432,719,0.9986111111111111
547,2019-05-01,6.82258064516129,744,1.0
547,2019-06-01,10.137916666666667,720,1.0
547,2019-07-01,8.748313090418353,741,0.9959677419354839
547,2019-08-01,6.6450000000000005,740,0.9946236559139785
547,2019-09-01,4.761891515994437,719,0.9986111111111111
547,2019-10-01,3.962377049180328,732,0.9838709677419355
547,2019-11-01,4.047835926449788,707,0.9819444444444444
547,2019-12-01,3.6031172413793104,725,0.9744623655913979
547,2020-01-01,3.173202170963365,737,0.9905913978494624
547,2020-02-01,3.5589067055393584,686,0.985632183908046
547,2020-03-01,4.6570329670329675,728,0.978494623655914
547,2020-04-01,5.9513922155688626,668,0.9277777777777778
547,2020-05-01,8.643736413043479,736,0.989247311827957
547,2020-06-01,8.164138929088278,691,0.9597222222222223
547,2020-07-01,6.98585121602289,699,0.9395161290322581
547,2020-08-01,6.024877049180328,732,0.9838709677419355
547,2020-09-01,5.120902679830747,709,0.9847222222222223
547,2020-10-01,3.9274931880108994,734,0.9865591397849462
547,2020-11-01,2.869337094499295,709,0.9847222222222223
547,2020-12-01,2.701359223300971,721,0.9690860215053764
547,2021-01-01,3.268385772913817,731,0.9825268817204301
547,2021-02-01,4.349021406727829,654,0.9732142857142857
547,2021-03-01,4.707235294117647,680,0.9139784946236559
547,2021-04-01,7.298881019830029,706,0.9805555555555555
547,2021-05-01,8.2684268125855,731,0.9825268817204301
547,2021-06-01,9.192804005722461,699,0.9708333333333333
547,2021-07-01,10.622934631432546,719,0.9663978494623656
547,2021-08-01,9.012855153203342,718,0.9650537634408602
547,2021-09-01,6.210154929577465,710,0.9861111111111112
547,2021-10-01,4.465876712328767,730,0.9811827956989247
547,2021-11-01,2.710421875,640,0.8888888888888888
547,2021-12-01,3.321606606606607,666,0.8951612903225806
547,2022-01-01,4.296948228882834,734,0.9865591397849462
547,2022-02-01,4.759096385542168,664,0.9880952380952381
547,2022-03-01,7.985573770491802,732,0.9838709677419355
547,2022-04-01,7.316629055007052,709,0.9847222222222223
547,2022-05-01,10.074258241758242,728,0.978494623655914
547,2022-06-01,6.883204577968526,699,0.9708333333333333
547,2022-07-01,5.7526222222222225,675,0.907258064516129
547,2022-08-01,5.152375690607735,724,0.9731182795698925
547,2022-09-01,3.0770797720797725,702,0.975
547,2022-10-01,2.8738569424964937,713,0.9583333333333334
547,2022-11-01,2.6119712230215826,695,0.9652777777777778
547,2022-12-01,2.808038942976356,719,0.9663978494623656
547,2023-01-01,3.0276551724137932,725,0.9744623655913979
547,2023-02-01,4.387375776397516,644,0.9583333333333334
547,2023-03-01,3.9059254143646407,724,0.9731182795698925
547,2023-04-01,5.318424753867792,711,0.9875
547,2023-05-01,7.6671156462585035,735,0.9879032258064516
547,2023-06-01,7.79981560283688,705,0.9791666666666666
547,2023-07-01,8.11221768707483,735,0.9879032258064516
547,2023-08-01,5.620300136425649,733,0.9852150537634409
547,2023-09-01,4.854140752864157,611,0.8486111111111111
547,2023-10-01,4.409495912806539,734,0.9865591397849462
547,2023-11-01,4.085379213483146,712,0.9888888888888889
547,2023-12-01,4.161412429378531,708,0.9516129032258065
547,2024-01-01,3.4221174863387973,732,0.9838709677419355
547,2024-02-01,4.283892128279883,686,0.985632183908046
547,2024-03-01,4.332950558213716,627,0.842741935483871
547,2024-04-01,9.919153153153154,555,0.7708333333333334
547,2024-05-01,9.861348005502062,727,0.9771505376344086
547,2024-06-01,6.178849431818182,704,0.9777777777777777
547,2024-07-01,6.53253814147018,721,0.9690860215053764
547,2024-08-01,3.4068840579710145,552,0.7419354838709677
547,2024-09-01,4.43356940509915,706,0.9805555555555555
547,2024-10-01,4.0559530386740335,724,0.9731182795698925
547,2024-11-01,3.6430823863636363,704,0.9777777777777777
547,2024-12-01,3.1355728429985854,707,0.9502688172043011
547,2025-01-01,2.8888524590163933,732,0.9838709677419355
547,2025-02-01,3.4827035330261134,651,0.96875
547,2025-03-01,3.079626038781163,722,0.9704301075268817
547,2025-04-01,3.148955007256894,689,0.9569444444444445
547,2025-05-01,3.527448275862069,725,0.9744623655913979
547,2025-06-01,7.2860431654676265,695,0.9652777777777778
547,2025-07-01,10.627561983471074,726,0.9758064516129032
547,2025-08-01,8.554101508916323,729,0.9798387096774194
547,2025-09-01,7.382189781021898,685,0.9513888888888888
547,2025-10-01,7.569738562091504,612,0.8225806451612904
547,2025-11-01,5.586096181046676,707,0.9819444444444444
547,2025-12-01,5.113361344537815,714,0.9596774193548387
547,2026-01-01,4.779848484848485,726,0.9758064516129032
547,2026-02-01,5.01937784522003,659,0.9806547619047619
547,2026-03-01,2.774978783592645,707,0.9502688172043011
547,2026-04-01,2.1903818953323904,707,0.9819444444444444
547,2026-05-01,2.7772093023255815,731,0.9825268817204301
547,2026-06-01,11.74096681096681,693,0.9625
547,2026-07-01,10.532434662998625,727,0.9771505376344086
547,2026-08-01,7.667366255144033,729,0.9798387096774194
547,2026-09-01,13.132613240418118,287,0.39861111111111114
548,2012-12-01,6.50484,1,0.0013440860215053765
548,2013-01-01,5.8448796024464835,654,0.8790322580645161
548,2013-02-01,12.75525275808937,649,0.9657738095238095
548,2013-03-01,14.462686150568182,704,0.946236559139785
548,2013-04-01,8.526853903899722,718,0.9972222222222222
548,2013-05-01,5.019052994923857,591,0.7943548387096774
548,2013-06-01,5.718126055944055,715,0.9930555555555556
548,2013-07-01,5.242413541963016,703,0.9448924731182796
548,2013-08-01,6.043200819672131,732,0.9838709677419355
548,2013-09-01,3.8112473778699556,669,0.9291666666666667
548,2013-10-01,4.3796003594232555,731,0.9825268817204301
548,2013-11-01,3.0373631411968507,635,0.8819444444444444
548,2013-12-01,3.834268219804742,717,0.9637096774193549
548,2014-01-01,6.345824219810041,737,0.9905913978494624
548,2014-02-01,7.282321490963856,664,0.9880952380952381
548,2014-03-01,6.073189601648352,728,0.978494623655914
548,2014-04-01,8.384797248108926,661,0.9180555555555555
548,2014-05-01,11.062595773049646,705,0.9475806451612904
548,2014-06-01,10.979210381895331,707,0.9819444444444444
548,2014-07-01,10.843480885558582,734,0.9865591397849462
548,2014-08-01,8.772652746781116,699,0.9395161290322581
548,2014-09-01,8.171379058988764,712,0.9888888888888889
548,2014-10-01,7.447911581843192,727,0.9771505376344086
548,2014-11-01,6.741048272327966,683,0.9486111111111111
548,2014-12-01,5.2368730570652176,736,0.989247311827957
548,2015-01-01,5.403644915014164,706,0.9489247311827957
548,2015-02-01,5.355284059360731,657,0.9776785714285714
548,2015-03-01,6.360112897959183,735,0.9879032258064516
548,2015-04-01,7.454972810734463,708,0.9833333333333333
548,2015-05-01,9.389909200542006,738,0.9919354838709677
548,2015-06-01,11.622227514534883,688,0.9555555555555556
548,2015-07-01,12.1592092434663,727,0.9771505376344086
548,2015-08-01,9.676161935933148,718,0.9650537634408602
548,2015-09-01,8.822324480796587,703,0.9763888888888889
548,2015-10-01,7.319652990126939,709,0.9529569892473119
548,2015-11-01,6.843422492957746,710,0.9861111111111112
548,2015-12-01,6.349618885869565,736,0.989247311827957
548,2016-01-01,6.383040623306233,738,0.9919354838709677
548,2016-02-01,7.164979565846599,691,0.992816091954023
548,2016-03-01,8.254030081411125,737,0.9905913978494624
548,2016-04-01,8.037577710674157,712,0.9888888888888889
548,2016-05-01,10.054752567934782,736,0.989247311827957
548,2016-06-01,11.975088672316383,708,0.9833333333333333
548,2016-07-01,10.624521178861789,738,0.9919354838709677
548,2016-08-01,10.594975040540541,740,0.9946236559139785
548,2016-09-01,8.255462697740112,708,0.9833333333333333
548,2016-10-01,7.4257696778711475,714,0.9596774193548387
548,2016-11-01,6.118475443037974,711,0.9875
548,2016-12-01,6.121114986449864,738,0.9919354838709677
548,2017-01-01,6.497756495263871,739,0.9932795698924731
548,2017-02-01,7.155333453453453,666,0.9910714285714286
548,2017-03-01,7.234171607629428,734,0.9865591397849462
548,2017-04-01,9.468549047619048,714,0.9916666666666667
548,2017-05-01,9.892121621621621,740,0.9946236559139785
548,2017-06-01,10.473473980309423,711,0.9875
548,2017-07-01,11.107029972752045,734,0.9865591397849462
548,2017-08-01,8.918508522727272,704,0.946236559139785
548,2017-09-01,8.087876614060258,697,0.9680555555555556
548,2017-10-01,8.07841248303935,737,0.9905913978494624
548,2017-11-01,7.005280898876404,712,0.9888888888888889
548,2017-12-01,6.254636488340192,729,0.9798387096774194
548,2018-01-01,6.530623306233063,738,0.9919354838709677
548,2018-02-01,7.7025375375375384,666,0.9910714285714286
548,2018-03-01,7.907861035422343,734,0.9865591397849462
548,2018-04-01,8.244937062937064,715,0.9930555555555556
548,2018-05-01,10.703885869565218,736,0.989247311827957
548,2018-06-01,12.378672316384181,708,0.9833333333333333
548,2018-07-01,8.823724420190995,733,0.9852150537634409
548,2018-08-01,9.583659574468085,705,0.9475806451612904
548,2018-09-01,7.687927170868348,714,0.9916666666666667
548,2018-10-01,6.115822784810127,711,0.9556451612903226
548,2018-11-01,5.563029453015428,713,0.9902777777777778
548,2018-12-01,5.489144021739131,736,0.989247311827957
548,2019-01-01,5.249283783783784,740,0.9946236559139785
548,2019-02-01,5.630798771121352,651,0.96875
548,2019-03-01,5.932785515320334,718,0.9650537634408602
548,2019-04-01,7.252780898876404,712,0.9888888888888889
548,2019-05-01,7.969171195652175,736,0.989247311827957
548,2019-06-01,9.16688202247191,712,0.9888888888888889
548,2019-07-01,10.593504736129907,739,0.9932795698924731
548,2019-08-01,9.413885088919288,731,0.9825268817204301
548,2019-09-01,6.170790960451978,708,0.9833333333333333
548,2019-10-01,5.723120759837177,737,0.9905913978494624
548,2019-11-01,5.501753155680224,713,0.9902777777777778
548,2019-12-01,5.235265306122449,735,0.9879032258064516
548,2020-01-01,4.672156593406593,728,0.978494623655914
548,2020-02-01,6.824488304093567,684,0.9827586206896551
548,2020-03-01,5.947361878453039,724,0.9731182795698925
548,2020-04-01,7.423113604488079,713,0.9902777777777778
548,2020-05-01,10.170834473324213,731,0.9825268817204301
548,2020-06-01,9.586927374301675,716,0.9944444444444445
548,2020-07-01,10.300312925170067,735,0.9879032258064516
548,2020-08-01,8.939891745602164,739,0.9932795698924731
548,2020-09-01,7.943380084151473,713,0.9902777777777778
548,2020-10-01,7.666268656716418,737,0.9905913978494624
548,2020-11-01,6.3984217877094975,716,0.9944444444444445
548,2020-12-01,5.646384720327422,733,0.9852150537634409
548,2021-01-01,5.433860845839018,733,0.9852150537634409
548,2021-02-01,5.209508716323296,631,0.9389880952380952
548,2021-03-01,4.82078804347826,736,0.989247311827957
548,2021-04-01,6.305664335664336,715,0.9930555555555556
548,2021-05-01,7.642737127371274,738,0.9919354838709677
548,2021-06-01,9.035286713286713,715,0.9930555555555556
548,2021-07-01,10.19,735,0.9879032258064516
548,2021-08-01,8.022601626016261,738,0.9919354838709677
548,2021-09-01,5.947202797202797,715,0.9930555555555556
548,2021-10-01,4.6279594594594595,740,0.9946236559139785
548,2021-11-01,4.979018232819074,713,0.9902777777777778
548,2021-12-01,3.61469553450609,739,0.9932795698924731
548,2022-01-01,5.047401894451962,739,0.9932795698924731
548,2022-02-01,5.312962406015037,665,0.9895833333333334
548,2022-03-01,6.1525,732,0.9838709677419355
548,2022-04-01,7.028667601683029,713,0.9902777777777778
548,2022-05-01,11.762839673913044,736,0.989247311827957
548,2022-06-01,9.781062937062938,715,0.9930555555555556
548,2022-07-01,8.093365384615385,728,0.978494623655914
548,2022-08-01,7.920312075983718,737,0.9905913978494624
548,2022-09-01,6.376755244755245,715,0.9930555555555556
548,2022-10-01,5.1789959294436905,737,0.9905913978494624
548,2022-11-01,4.185370629370629,715,0.9930555555555556
548,2022-12-01,4.293929539295393,738,0.9919354838709677
548,2023-01-01,5.144525745257452,738,0.9919354838709677
548,2023-02-01,5.229534534534534,666,0.9910714285714286
548,2023-03-01,4.999553450608931,739,0.9932795698924731
548,2023-04-01,6.264979020979021,715,0.9930555555555556
548,2023-05-01,9.760690121786197,739,0.9932795698924731
548,2023-06-01,10.425806451612903,713,0.9902777777777778
548,2023-07-01,9.359011142061282,718,0.9650537634408602
548,2023-08-01,7.698768606224628,739,0.9932795698924731
548,2023-09-01,7.475314685314686,715,0.9930555555555556
548,2023-10-01,5.655345997286296,737,0.9905913978494624
548,2023-11-01,5.476932773109244,714,0.9916666666666667
548,2023-12-01,4.762584573748309,739,0.9932795698924731
548,2024-01-01,4.3953125,736,0.989247311827957
548,2024-02-01,4.509941944847605,689,0.9899425287356322
548,2024-03-01,5.32211096075778,739,0.9932795698924731
548,2024-04-01,7.24367461430575,713,0.9902777777777778
548,2024-05-01,8.28179289026275,647,0.8696236559139785
548,2024-06-01,7.419971590909091,704,0.9777777777777777
548,2024-07-01,10.664546684709066,739,0.9932795698924731
548,2024-08-01,6.907714681440443,722,0.9704301075268817
548,2024-09-01,6.478839541547277,698,0.9694444444444444
548,2024-10-01,3.531131284916201,716,0.9623655913978495
548,2024-11-01,3.038853146853147,715,0.9930555555555556
548,2024-12-01,2.692619372442019,733,0.9852150537634409
548,2025-01-01,5.699848024316109,658,0.8844086021505376
548,2025-02-01,6.071472868217054,645,0.9598214285714286
548,2025-03-01,6.283094594594594,740,0.9946236559139785
548,2025-04-01,7.805728291316527,714,0.9916666666666667
548,2025-05-01,9.995020632737276,727,0.9771505376344086
548,2025-06-01,9.747912552891396,709,0.9847222222222223
548,2025-07-01,7.244657534246576,730,0.9811827956989247
548,2025-08-01,5.574127198917456,739,0.9932795698924731
548,2025-09-01,4.53981843575419,716,0.9944444444444445
548,2025-10-01,7.098385345997286,737,0.9905913978494624
548,2025-11-01,6.333337988826815,716,0.9944444444444445
548,2025-12-01,7.077980225988701,708,0.9516129032258065
548,2026-01-01,6.4484103260869565,736,0.989247311827957
548,2026-02-01,7.500735735735735,666,0.9910714285714286
548,2026-03-01,7.6804217687074825,735,0.9879032258064516
548,2026-04-01,6.916313559322034,708,0.9833333333333333
548,2026-05-01,7.925318860244233,737,0.9905913978494624
548,2026-06-01,8.873515406162465,714,0.9916666666666667
548,2026-07-01,6.448040345821325,694,0.9327956989247311
548,2026-08-01,4.1826358695652175,736,0.989247311827957
548,2026-09-01,3.9918400000000003,250,0.3472222222222222
609,2004-03-01,12.899999999999999,2,0.002688172043010753
609,2004-04-01,11.813023845938375,714,0.9916666666666667
609,2004-05-01,18.776818463611857,742,0.9973118279569892
609,2004-06-01,16.27864077793494,707,0.9819444444444444
609,2004-07-01,12.10334683202329,687,0.9233870967741935
609,2004-08-01,13.775845536723162,708,0.9516129032258065
609,2004-09-01,10.973772052075471,530,0.7361111111111112
609,2004-10-01,10.406054338028168,710,0.9543010752688172
609,2004-11-01,8.395969752230215,695,0.9652777777777778
609,2004-12-01,6.147799537588653,705,0.9475806451612904
609,2005-01-01,6.212021071570014,707,0.9502688172043011
609,2005-02-01,7.695165575836431,538,0.8005952380952381
609,2005-03-01,10.964925198329853,479,0.6438172043010753
609,2005-04-01,14.47188715944056,715,0.9930555555555556
609,2005-05-01,13.70080962135135,740,0.9946236559139785
609,2005-06-01,13.386693376470589,714,0.9916666666666667
609,2005-07-01,12.826864339213026,737,0.9905913978494624
609,2005-08-01,10.200134285753053,737,0.9905913978494624
609,2005-09-01,6.790488426293706,715,0.9930555555555556
609,2005-10-01,6.164821180141844,705,0.9475806451612904
609,2006-10-01,6.8987136895074945,467,0.6276881720430108
609,2006-11-01,7.837045515320334,718,0.9972222222222222
609,2006-12-01,6.834903787061994,742,0.9973118279569892
609,2007-01-01,6.477461188933873,741,0.9959677419354839
609,2007-02-01,7.020396469325154,652,0.9702380952380952
609,2007-03-01,10.11008012588556,734,0.9865591397849462
609,2007-04-01,13.5645321418637,719,0.9986111111111111
609,2007-05-01,17.598081161643837,730,0.9811827956989247
609,2007-06-01,18.323936671388104,706,0.9805555555555555
609,2007-07-01,16.364139688768606,739,0.9932795698924731
609,2007-08-01,15.247772044534413,741,0.9959677419354839
609,2007-09-01,10.836825155807366,706,0.9805555555555555
609,2007-10-01,8.712176765899866,739,0.9932795698924731
609,2007-11-01,7.90013713091922,718,0.9972222222222222
609,2007-12-01,7.132924810298102,738,0.9919354838709677
609,2008-01-01,8.159688356741574,712,0.956989247311828
609,2008-02-01,7.7490317384843985,673,0.9669540229885057
609,2008-03-01,5.785712857142856,42,0.056451612903225805
609,2008-04-01,13.1262230259366,347,0.48194444444444445
609,2008-05-01,10.821649288227334,739,0.9932795698924731
609,2008-06-01,8.095015195348838,602,0.8361111111111111
609,2008-07-01,15.497283257918554,221,0.2970430107526882
609,2008-08-01,14.832386990553307,741,0.9959677419354839
609,2008-09-01,9.616004263074485,631,0.8763888888888889
609,2008-10-01,6.94204681671159,742,0.9973118279569892
609,2008-11-01,5.534768591954022,696,0.9666666666666667
609,2008-12-01,7.000354916221034,561,0.7540322580645161
609,2009-01-01,7.216230496635262,743,0.9986559139784946
609,2009-02-01,7.490912521008403,595,0.8854166666666666
609,2009-03-01,9.368284384925976,743,0.9986559139784946
609,2009-04-01,14.150353611111111,720,1.0
609,2009-05-01,15.05773822493225,738,0.9919354838709677
609,2009-06-01,16.44005480710145,690,0.9583333333333334
609,2009-07-01,15.586350567567568,740,0.9946236559139785
609,2009-08-01,13.992749270754718,742,0.9973118279569892
609,2009-09-01,11.04961687595712,653,0.9069444444444444
609,2009-10-01,10.196659724710983,692,0.9301075268817204
609,2009-11-01,7.707182018778625,655,0.9097222222222222
609,2009-12-01,6.739561737196765,742,0.9973118279569892
609,2010-01-01,7.7604130413988655,529,0.7110215053763441
609,2010-02-01,7.825998876404495,623,0.9270833333333334
609,2010-03-01,8.009486295454545,220,0.2956989247311828
703,2013-03-01,10.34250003773585,265,0.35618279569892475
703,2013-04-01,11.186001888888889,720,1.0
703,2013-05-01,11.272728575268818,744,1.0
703,2013-06-01,8.142746437587657,713,0.9902777777777778
703,2013-07-01,12.820984229729728,740,0.9946236559139785
703,2013-08-01,10.301918782432432,740,0.9946236559139785
703,2013-09-01,8.712798915159944,719,0.9986111111111111
703,2013-10-01,6.056083743243244,740,0.9946236559139785
703,2013-11-01,4.922502625,720,1.0
703,2013-12-01,4.357606226415094,742,0.9973118279569892
703,2014-01-01,4.639792166890983,743,0.9986559139784946
703,2014-02-01,5.247473973214285,672,1.0
703,2014-03-01,6.725444181326116,739,0.9932795698924731
703,2014-04-01,10.422397218358832,719,0.9986111111111111
703,2014-05-01,10.944689636608345,743,0.9986559139784946
703,2014-06-01,10.703505784313727,714,0.9916666666666667
703,2014-07-01,11.929193729729729,740,0.9946236559139785
703,2014-08-01,9.839252043010752,744,1.0
703,2014-09-01,9.235519846796658,718,0.9972222222222222
703,2014-10-01,7.469089771505377,744,1.0
703,2014-11-01,4.777225652777777,720,1.0
703,2014-12-01,5.0378742318059295,742,0.9973118279569892
703,2015-01-01,5.072779070080863,742,0.9973118279569892
703,2015-02-01,7.149408467261905,672,1.0
703,2015-03-01,9.043265849056604,742,0.9973118279569892
703,2015-04-01,9.831948,720,1.0
703,2015-05-01,10.431157412398923,742,0.9973118279569892
703,2015-06-01,9.254485084033613,714,0.9916666666666667
703,2015-07-01,9.079577559726962,586,0.7876344086021505
703,2015-08-01,8.900029167862268,697,0.9368279569892473
703,2015-09-01,8.073441617852163,717,0.9958333333333333
703,2015-10-01,5.838341651785714,672,0.9032258064516129
703,2015-11-01,5.064565664335665,715,0.9930555555555556
703,2015-12-01,3.9547751902173913,736,0.989247311827957
703,2016-01-01,5.157331455525607,742,0.9973118279569892
703,2016-02-01,5.033791514242878,667,0.9583333333333334
703,2016-03-01,8.777564830852503,739,0.9932795698924731
703,2016-04-01,9.31704633903134,702,0.975
703,2016-05-01,11.436448944519622,739,0.9932795698924731
703,2016-06-01,10.681023165266106,714,0.9916666666666667
703,2016-07-01,8.438000724043716,732,0.9838709677419355
703,2016-08-01,7.979868605633803,710,0.9543010752688172
703,2016-09-01,7.651389804469273,716,0.9944444444444445
703,2016-10-01,5.5185115718157185,738,0.9919354838709677
703,2016-11-01,3.1365341678321674,715,0.9930555555555556
703,2016-12-01,3.5872687702702706,740,0.9946236559139785
703,2017-01-01,4.643423964577656,734,0.9865591397849462
703,2017-02-01,6.304260643712575,668,0.9940476190476191
703,2017-03-01,11.6377155,740,0.9946236559139785
703,2017-04-01,14.3612612464986,714,0.9916666666666667
703,2017-05-01,13.09134770889488,742,0.9973118279569892
703,2017-06-01,11.111277777777778,720,1.0
703,2017-07-01,11.412836021505376,744,1.0
703,2017-08-01,9.970621621621621,740,0.9946236559139785
703,2017-09-01,8.864832402234637,716,0.9944444444444445
703,2017-10-01,6.240262430939226,724,0.9731182795698925
703,2017-11-01,7.201701534170153,717,0.9958333333333333
703,2017-12-01,4.592135135135135,740,0.9946236559139785
703,2018-01-01,4.853853459972863,737,0.9905913978494624
703,2018-02-01,5.871152694610778,668,0.9940476190476191
703,2018-03-01,8.325474254742547,738,0.9919354838709677
703,2018-04-01,10.142017673048601,679,0.9430555555555555
703,2018-05-01,14.162202216066483,722,0.9704301075268817
703,2018-06-01,15.78569209039548,708,0.9833333333333333
703,2018-07-01,19.881698630136984,730,0.9811827956989247
703,2018-08-01,15.014965800273599,731,0.9825268817204301
703,2018-09-01,11.553342657342656,715,0.9930555555555556
703,2018-10-01,5.816887052341598,726,0.9758064516129032
703,2018-11-01,6.3748671328671325,715,0.9930555555555556
703,2018-12-01,5.468707482993198,735,0.9879032258064516
703,2019-01-01,5.121676056338028,710,0.9543010752688172
703,2019-02-01,9.009804804804805,666,0.9910714285714286
703,2019-03-01,11.97061559507524,731,0.9825268817204301
703,2019-04-01,10.86401129943503,708,0.9833333333333333
703,2019-05-01,11.256232876712328,730,0.9811827956989247
703,2019-06-01,11.397910238429173,713,0.9902777777777778
703,2019-07-01,11.733124147339698,733,0.9852150537634409
703,2019-08-01,11.209507042253522,710,0.9543010752688172
703,2019-09-01,7.41061919504644,646,0.8972222222222223
703,2019-10-01,6.851536231884059,690,0.9274193548387096
703,2019-11-01,4.523991031390135,669,0.9291666666666667
703,2019-12-01,4.169972413793103,725,0.9744623655913979
703,2020-01-01,3.8995095367847408,734,0.9865591397849462
703,2020-02-01,4.673135838150289,692,0.9942528735632183
703,2020-03-01,6.515698778833107,737,0.9905913978494624
703,2020-04-01,9.185043731778425,686,0.9527777777777777
703,2020-05-01,10.720896739130435,736,0.989247311827957
703,2020-06-01,12.620182072829131,714,0.9916666666666667
703,2020-07-01,10.326362397820164,734,0.9865591397849462
703,2020-08-01,7.134722598105548,739,0.9932795698924731
703,2020-09-01,5.762801788375559,671,0.9319444444444445
703,2020-10-01,3.432312925170068,735,0.9879032258064516
703,2020-11-01,2.4918987341772154,711,0.9875
703,2020-12-01,2.6492798913043476,736,0.989247311827957
703,2021-01-01,2.5023620933521924,707,0.9502688172043011
703,2021-02-01,4.19546875,640,0.9523809523809523
703,2021-03-01,4.285599455040872,734,0.9865591397849462
703,2021-04-01,6.813629737609329,686,0.9527777777777777
703,2021-05-01,11.434591104734576,697,0.9368279569892473
703,2021-06-01,9.799161764705882,680,0.9444444444444444
703,2021-07-01,12.032643835616438,730,0.9811827956989247
703,2021-08-01,6.91159779614325,726,0.9758064516129032
703,2021-09-01,7.566031518624642,698,0.9694444444444444
703,2021-10-01,5.356802721088435,735,0.9879032258064516
703,2021-11-01,3.969648876404494,712,0.9888888888888889
703,2021-12-01,4.686200274348423,729,0.9798387096774194
703,2022-01-01,3.6433969986357435,733,0.9852150537634409
703,2022-02-01,6.009425675675676,592,0.8809523809523809
703,2022-03-01,6.411016260162602,738,0.9919354838709677
703,2022-04-01,11.269237536656892,682,0.9472222222222222
703,2022-05-01,11.51508152173913,736,0.989247311827957
703,2022-06-01,12.542094972067039,716,0.9944444444444445
703,2022-07-01,11.33490514905149,738,0.9919354838709677
703,2022-08-01,9.266747638326585,741,0.9959677419354839
703,2022-09-01,8.066267409470752,718,0.9972222222222222
703,2022-10-01,5.323899456521739,736,0.989247311827957
703,2022-11-01,6.541776223776224,715,0.9930555555555556
703,2022-12-01,5.182353741496599,735,0.9879032258064516
703,2023-01-01,2.7525951086956524,736,0.989247311827957
703,2023-02-01,6.836671664167917,667,0.9925595238095238
703,2023-03-01,10.088503401360544,735,0.9879032258064516
703,2023-04-01,13.752408450704223,710,0.9861111111111112
703,2023-05-01,13.773562753036437,741,0.9959677419354839
703,2023-06-01,6.629648093841642,682,0.9472222222222222
703,2023-07-01,12.737651296829972,694,0.9327956989247311
703,2023-08-01,13.305432432432433,740,0.9946236559139785
703,2023-09-01,9.154560669456066,717,0.9958333333333333
703,2023-10-01,7.155644504748983,737,0.9905913978494624
703,2023-11-01,13.329957983193278,714,0.9916666666666667
703,2023-12-01,7.612216216216217,740,0.9946236559139785
703,2024-01-01,7.888606224627876,739,0.9932795698924731
703,2024-02-01,8.181453237410071,695,0.9985632183908046
703,2024-03-01,10.776941813261164,739,0.9932795698924731
703,2024-04-01,13.794560669456068,717,0.9958333333333333
703,2024-05-01,17.117989203778677,741,0.9959677419354839
703,2024-06-01,15.328198324022345,716,0.9944444444444445
703,2024-07-01,18.013589743589744,741,0.9959677419354839
703,2024-08-01,16.416043068640647,743,0.9986559139784946
703,2024-09-01,11.528412256267409,718,0.9972222222222222
703,2024-10-01,9.685677506775068,738,0.9919354838709677
703,2024-11-01,6.7066991643454035,718,0.9972222222222222
703,2024-12-01,6.444481830417227,743,0.9986559139784946
703,2025-01-01,6.778297297297296,740,0.9946236559139785
703,2025-02-01,9.315481927710843,664,0.9880952380952381
703,2025-03-01,12.449163292847503,741,0.9959677419354839
703,2025-04-01,16.333494152046786,684,0.95
703,2025-05-01,16.393360215053765,744,1.0
703,2025-06-01,18.06981919332406,719,0.9986111111111111
703,2025-07-01,16.297415426251693,739,0.9932795698924731
703,2025-08-01,8.7233423180593,742,0.9973118279569892
703,2025-09-01,7.677796373779636,717,0.9958333333333333
703,2025-10-01,6.356448979591836,735,0.9879032258064516
703,2025-11-01,6.431376912378303,719,0.9986111111111111
703,2025-12-01,6.488360433604336,738,0.9919354838709677
703,2026-01-01,8.019391069012178,739,0.9932795698924731
703,2026-02-01,6.329203007518797,665,0.9895833333333334
703,2026-03-01,8.620719131614655,737,0.9905913978494624
703,2026-04-01,10.847830985915493,710,0.9861111111111112
703,2026-05-01,12.410932432432432,740,0.9946236559139785
703,2026-06-01,11.796103351955308,716,0.9944444444444445
703,2026-07-01,10.41051700680272,735,0.9879032258064516
703,2026-08-01,12.646513513513513,740,0.9946236559139785
703,2026-09-01,10.868453947368423,304,0.4222222222222222
802,2016-10-01,12.460665495967742,124,0.16666666666666666
802,2016-11-01,10.446236688617887,369,0.5125
802,2016-12-01,10.093026319845858,519,0.6975806451612904
802,2017-01-01,3.526957471098266,692,0.9301075268817204
802,2017-02-01,6.901399099099099,666,0.9910714285714286
802,2017-03-01,10.773810067934782,736,0.989247311827957
802,2017-04-01,11.804439971910112,712,0.9888888888888889
802,2017-05-01,13.561977559607294,713,0.9583333333333334
802,2017-06-01,13.343497023809524,672,0.9333333333333333
802,2017-07-01,11.573817427385894,723,0.9717741935483871
802,2017-08-01,9.559953051643193,426,0.5725806451612904
802,2017-09-01,9.746699507389161,609,0.8458333333333333
802,2017-10-01,6.681214188267394,733,0.9852150537634409
802,2017-11-01,5.496075418994414,716,0.9944444444444445
802,2017-12-01,4.354510086455332,694,0.9327956989247311
802,2018-01-01,6.017150997150997,702,0.9435483870967742
802,2018-02-01,6.468963815789474,608,0.9047619047619048
802,2018-03-01,7.935398351648352,728,0.978494623655914
802,2018-04-01,11.981867043847242,707,0.9819444444444444
802,2018-05-01,12.320152143845089,723,0.9717741935483871
802,2018-06-01,14.5750233281493,643,0.8930555555555556
802,2018-07-01,12.585343618513324,713,0.9583333333333334
802,2018-08-01,10.163508287292817,724,0.9731182795698925
802,2018-09-01,8.383533225283632,617,0.8569444444444444
802,2018-10-01,6.665607196401799,667,0.896505376344086
802,2018-11-01,6.859653465346534,606,0.8416666666666667
802,2018-12-01,4.285868945868946,702,0.9435483870967742
802,2019-01-01,5.349371584699453,732,0.9838709677419355
802,2019-02-01,7.0898340874811465,663,0.9866071428571429
802,2019-03-01,7.316887323943662,710,0.9543010752688172
802,2019-04-01,11.259405320813771,639,0.8875
802,2019-05-01,9.208695652173914,736,0.989247311827957
802,2019-06-01,8.475285714285715,700,0.9722222222222222
802,2019-07-01,10.18859078590786,738,0.9919354838709677
802,2019-08-01,9.48674386920981,734,0.9865591397849462
802,2019-09-01,6.790977653631285,716,0.9944444444444445
802,2019-10-01,6.340905292479108,718,0.9650537634408602
802,2019-11-01,5.785675675675676,666,0.925
802,2019-12-01,3.8952909336941812,739,0.9932795698924731
802,2020-01-01,5.316092265943012,737,0.9905913978494624
802,2020-02-01,6.938966026587888,677,0.9727011494252874
802,2020-03-01,5.139532967032967,728,0.978494623655914
802,2020-04-01,8.379312762973353,713,0.9902777777777778
802,2020-05-01,9.89835390946502,729,0.9798387096774194
802,2020-06-01,6.69250700280112,714,0.9916666666666667
802,2020-07-01,6.696517615176152,738,0.9919354838709677
802,2020-08-01,5.937466124661247,738,0.9919354838709677
802,2020-09-01,6.322597968069667,689,0.9569444444444445
802,2020-10-01,6.31345945945946,740,0.9946236559139785
802,2020-11-01,4.3061430575035065,713,0.9902777777777778
802,2020-12-01,3.7891994177583697,687,0.9233870967741935
802,2021-01-01,4.060589849108368,729,0.9798387096774194
802,2021-02-01,4.909148606811145,646,0.9613095238095238
802,2021-03-01,6.014197530864198,729,0.9798387096774194
802,2021-04-01,6.5262339514978605,701,0.9736111111111111
802,2021-05-01,10.69581014729951,611,0.821236559139785
802,2021-06-01,11.979127988748242,711,0.9875
802,2021-07-01,11.711021798365122,734,0.9865591397849462
802,2021-08-01,9.005272479564033,734,0.9865591397849462
802,2021-09-01,7.935725429017161,641,0.8902777777777777
802,2021-10-01,6.420040927694407,733,0.9852150537634409
802,2021-11-01,5.196230661040787,711,0.9875
802,2021-12-01,5.996234652114597,733,0.9852150537634409
802,2022-01-01,5.6917857142857144,700,0.9408602150537635
802,2022-02-01,6.648828967642527,649,0.9657738095238095
802,2022-03-01,9.372582417582418,728,0.978494623655914
802,2022-04-01,8.485175315568023,713,0.9902777777777778
802,2022-05-01,8.394310810810811,740,0.9946236559139785
802,2022-06-01,4.600835694050992,706,0.9805555555555555
802,2022-07-01,10.723218562874251,668,0.8978494623655914
802,2022-08-01,11.162897959183672,735,0.9879032258064516
802,2022-09-01,9.239801699716715,706,0.9805555555555555
802,2022-10-01,5.012219215155616,739,0.9932795698924731
802,2022-11-01,3.8979663394109396,713,0.9902777777777778
802,2022-12-01,4.450040705563094,737,0.9905913978494624
802,2023-01-01,4.131693766937669,738,0.9919354838709677
802,2023-02-01,7.368935532233883,667,0.9925595238095238
802,2023-03-01,8.695013623978202,734,0.9865591397849462
802,2023-04-01,9.96076923076923,715,0.9930555555555556
802,2023-05-01,12.279512855209742,739,0.9932795698924731
802,2023-06-01,11.935112044817927,714,0.9916666666666667
802,2023-07-01,12.876554054054054,740,0.9946236559139785
802,2023-08-01,10.804342857142856,700,0.9408602150537635
802,2023-09-01,7.741248226950354,705,0.9791666666666666
802,2023-10-01,7.716585365853659,738,0.9919354838709677
802,2023-11-01,6.206671328671329,715,0.9930555555555556
802,2023-12-01,5.090488466757123,737,0.9905913978494624
802,2024-01-01,5.84280868385346,737,0.9905913978494624
802,2024-02-01,6.356526162790698,688,0.9885057471264368
802,2024-03-01,7.588593103448275,725,0.9744623655913979
802,2024-04-01,9.189467787114845,714,0.9916666666666667
802,2024-05-01,10.864857530529171,737,0.9905913978494624
802,2024-06-01,7.077924263674615,713,0.9902777777777778
802,2024-07-01,12.506236413043478,736,0.989247311827957
802,2024-08-01,9.711084010840109,738,0.9919354838709677
802,2024-09-01,6.965230312035661,673,0.9347222222222222
802,2024-10-01,6.782547425474255,738,0.9919354838709677
802,2024-11-01,4.782331460674158,712,0.9888888888888889
802,2024-12-01,5.430766016713092,718,0.9650537634408602
802,2025-01-01,5.687195121951219,738,0.9919354838709677
802,2025-02-01,7.7704423380726695,633,0.9419642857142857
802,2025-03-01,7.550950354609929,705,0.9475806451612904
802,2025-04-01,10.371744022503517,711,0.9875
802,2025-05-01,11.358250688705235,726,0.9758064516129032
802,2025-06-01,13.104073550212163,707,0.9819444444444444
802,2025-07-01,9.91,736,0.989247311827957
802,2025-08-01,9.472815533980581,721,0.9690860215053764
802,2025-09-01,7.36451566951567,702,0.975
802,2025-10-01,6.445876712328767,730,0.9811827956989247
802,2025-11-01,4.813127629733521,713,0.9902777777777778
802,2025-12-01,3.9533379310344827,725,0.9744623655913979
802,2026-01-01,4.76631007751938,645,0.8669354838709677
802,2026-02-01,4.507727952167414,669,0.9955357142857143
802,2026-03-01,7.060803814713896,734,0.9865591397849462
802,2026-04-01,8.604830508474576,708,0.9833333333333333
802,2026-05-01,10.62939106901218,739,0.9932795698924731
802,2026-06-01,9.296987270155588,707,0.9819444444444444
802,2026-07-01,6.269161931818181,704,0.946236559139785
802,2026-08-01,6.8831241473397,733,0.9852150537634409
802,2026-09-01,6.562948207171314,251,0.3486111111111111
804,2010-10-01,6.519040021244309,659,0.885752688172043
804,2010-11-01,8.996834352398524,542,0.7527777777777778
804,2010-12-01,4.493622493891798,573,0.7701612903225806
804,2011-01-01,7.3441151107994385,713,0.9583333333333334
804,2011-02-01,12.742079536731634,667,0.9925595238095238
804,2011-03-01,9.58796493442623,732,0.9838709677419355
804,2011-04-01,8.966696950773558,711,0.9875
804,2011-05-01,7.2024643280575535,695,0.9341397849462365
804,2011-06-01,11.077945678300456,659,0.9152777777777777
804,2011-07-01,8.426772985239852,271,0.364247311827957
804,2011-08-01,7.701131394849785,466,0.6263440860215054
804,2011-09-01,7.419970315866085,687,0.9541666666666667
804,2011-10-01,4.640910706921944,679,0.9126344086021505
804,2011-11-01,3.5080185782537066,607,0.8430555555555556
804,2011-12-01,4.191801548686244,647,0.8696236559139785
804,2012-01-01,4.942257683333333,660,0.8870967741935484
804,2012-02-01,4.215228863570392,689,0.9899425287356322
804,2012-03-01,5.579365394779772,613,0.8239247311827957
804,2012-04-01,7.063074828326181,699,0.9708333333333333
804,2012-05-01,8.964233113207548,636,0.8548387096774194
804,2012-06-01,9.97810059039548,708,0.9833333333333333
804,2012-07-01,9.586953831442463,617,0.8293010752688172
804,2012-08-01,8.701429646017699,678,0.9112903225806451
804,2012-09-01,7.216594260869565,621,0.8625
804,2012-10-01,5.999108693259973,727,0.9771505376344086
804,2012-11-01,5.330958713276836,708,0.9833333333333333
804,2012-12-01,4.993254918032787,732,0.9838709677419355
804,2013-01-01,5.577357803009576,731,0.9825268817204301
804,2013-02-01,4.944984811463047,663,0.9866071428571429
804,2013-03-01,7.9355772645861595,737,0.9905913978494624
804,2013-04-01,9.879852402542372,708,0.9833333333333333
804,2013-05-01,11.14123263943662,710,0.9543010752688172
804,2013-06-01,11.320567025723472,622,0.8638888888888889
804,2013-07-01,10.740373214285714,728,0.978494623655914
804,2013-08-01,9.736306472184532,737,0.9905913978494624
804,2013-09-01,8.057363577903683,706,0.9805555555555555
804,2013-10-01,6.02685360678925,707,0.9502688172043011
804,2013-11-01,4.856926568835098,661,0.9180555555555555
804,2013-12-01,6.019363233287859,733,0.9852150537634409
804,2014-01-01,5.4218056397694525,694,0.9327956989247311
804,2014-02-01,5.389239280359821,667,0.9925595238095238
804,2014-03-01,6.697620176870748,735,0.9879032258064516
804,2014-04-01,9.01500185915493,710,0.9861111111111112
804,2014-05-01,10.670310648648648,740,0.9946236559139785
804,2014-06-01,11.043771812061712,713,0.9902777777777778
804,2014-07-01,8.726921449864498,738,0.9919354838709677
804,2014-08-01,8.655477475728155,721,0.9690860215053764
804,2014-09-01,7.795599525222552,674,0.9361111111111111
804,2014-10-01,5.483761458333333,720,0.967741935483871
804,2014-11-01,4.48244002994012,668,0.9277777777777778
804,2014-12-01,3.7291410557823133,735,0.9879032258064516
804,2015-01-01,4.728366387665198,681,0.9153225806451613
804,2015-02-01,15.97064894736842,209,0.31101190476190477
804,2015-03-01,8.082785620218578,732,0.9838709677419355
804,2015-04-01,9.052912625000001,712,0.9888888888888889
804,2015-05-01,10.640301566666666,720,0.967741935483871
804,2015-06-01,12.079115306722688,714,0.9916666666666667
804,2015-07-01,10.57704302972973,740,0.9946236559139785
804,2015-08-01,10.646562459016394,732,0.9838709677419355
804,2015-09-01,8.535735573839663,711,0.9875
804,2015-10-01,7.702124288300835,718,0.9650537634408602
804,2015-11-01,6.422324477591036,714,0.9916666666666667
804,2015-12-01,4.8412193278236915,726,0.9758064516129032
804,2016-01-01,4.940156570850203,741,0.9959677419354839
804,2016-02-01,4.5401058081395345,688,0.9885057471264368
804,2016-03-01,7.106152360163711,733,0.9852150537634409
804,2016-04-01,10.445011408707865,712,0.9888888888888889
804,2016-05-01,11.090146449864498,738,0.9919354838709677
804,2016-06-01,13.86902326788219,713,0.9902777777777778
804,2016-07-01,11.480889512162161,740,0.9946236559139785
804,2016-08-01,11.177137726657646,739,0.9932795698924731
804,2016-09-01,8.822433258741258,715,0.9930555555555556
804,2016-10-01,6.971410463215259,734,0.9865591397849462
804,2016-11-01,5.749937246861925,717,0.9958333333333333
804,2016-12-01,5.302754753462604,722,0.9704301075268817
804,2017-01-01,5.2849821677943165,739,0.9932795698924731
804,2017-02-01,6.223575491017964,668,0.9940476190476191
804,2017-03-01,9.205634051841747,733,0.9852150537634409
804,2017-04-01,9.664553543417366,714,0.9916666666666667
804,2017-05-01,12.117622282608695,736,0.989247311827957
804,2017-06-01,13.213802816901408,710,0.9861111111111112
804,2017-07-01,13.703016304347827,736,0.989247311827957
804,2017-08-01,11.869972527472529,728,0.978494623655914
804,2017-09-01,8.96612676056338,710,0.9861111111111112
804,2017-10-01,6.2470189701897025,738,0.9919354838709677
804,2017-11-01,4.155426917510854,691,0.9597222222222223
804,2017-12-01,4.106,735,0.9879032258064516
804,2018-01-01,4.643629943502825,708,0.9516129032258065
804,2018-02-01,3.06357034795764,661,0.9836309523809523
804,2018-03-01,6.92416553595658,737,0.9905913978494624
804,2018-04-01,9.066454802259887,708,0.9833333333333333
804,2018-05-01,11.069945872801082,739,0.9932795698924731
804,2018-06-01,12.95391304347826,713,0.9902777777777778
804,2018-07-01,12.522997118155619,694,0.9327956989247311
804,2018-08-01,10.768162692847124,713,0.9583333333333334
804,2018-09-01,8.335112676056339,710,0.9861111111111112
804,2018-10-01,6.475102319236016,733,0.9852150537634409
804,2018-11-01,5.28788218793829,713,0.9902777777777778
804,2018-12-01,4.756382113821139,738,0.9919354838709677
804,2019-01-01,5.008308525033829,739,0.9932795698924731
804,2019-02-01,5.616039156626506,664,0.9880952380952381
804,2019-03-01,7.030217983651227,734,0.9865591397849462
804,2019-04-01,8.331739130434782,713,0.9902777777777778
804,2019-05-01,9.178941655359566,737,0.9905913978494624
804,2019-06-01,10.323858156028368,705,0.9791666666666666
804,2019-07-01,9.537699594046007,739,0.9932795698924731
804,2019-08-01,10.158913043478261,736,0.989247311827957
804,2019-09-01,8.105272727272729,715,0.9930555555555556
804,2019-10-01,6.484924760601914,731,0.9825268817204301
804,2019-11-01,3.7151256983240226,716,0.9944444444444445
804,2019-12-01,3.2162652232746956,739,0.9932795698924731
804,2020-01-01,4.242397820163488,734,0.9865591397849462
804,2020-02-01,4.885915697674419,688,0.9885057471264368
804,2020-03-01,4.71328729281768,724,0.9731182795698925
804,2020-04-01,6.814181818181819,715,0.9930555555555556
804,2020-05-01,7.260785123966942,726,0.9758064516129032
804,2020-06-01,8.177339971550499,703,0.9763888888888889
804,2020-07-01,9.193937329700272,734,0.9865591397849462
804,2020-08-01,7.690568335588633,739,0.9932795698924731
804,2020-09-01,7.3956582633053225,714,0.9916666666666667
804,2020-10-01,6.037560975609757,738,0.9919354838709677
804,2020-11-01,4.22034965034965,715,0.9930555555555556
804,2020-12-01,3.303283582089552,737,0.9905913978494624
804,2021-01-01,4.58609756097561,738,0.9919354838709677
804,2021-02-01,5.336796407185629,668,0.9940476190476191
804,2021-03-01,6.807591339648174,739,0.9932795698924731
804,2021-04-01,6.807521126760563,710,0.9861111111111112
804,2021-05-01,10.072523744911804,737,0.9905913978494624
804,2021-06-01,10.771020979020978,715,0.9930555555555556
804,2021-07-01,11.261591836734695,735,0.9879032258064516
804,2021-08-01,10.274242837653478,733,0.9852150537634409
804,2021-09-01,8.001011396011396,702,0.975
804,2021-10-01,6.797897648686031,723,0.9717741935483871
804,2021-11-01,4.554257703081232,714,0.9916666666666667
804,2021-12-01,5.113514246947083,737,0.9905913978494624
804,2022-01-01,3.9590798376184035,739,0.9932795698924731
804,2022-02-01,5.656111111111111,666,0.9910714285714286
804,2022-03-01,6.94869918699187,738,0.9919354838709677
804,2022-04-01,8.263402366863906,676,0.9388888888888889
804,2022-05-01,11.71228490832158,709,0.9529569892473119
804,2022-06-01,11.825903426791276,642,0.8916666666666667
804,2022-07-01,11.646485294117646,680,0.9139784946236559
804,2022-08-01,9.665914454277285,678,0.9112903225806451
804,2022-09-01,7.498022759601707,703,0.9763888888888889
804,2022-10-01,4.567622282608696,736,0.989247311827957
804,2022-11-01,4.436643258426966,712,0.9888888888888889
804,2022-12-01,3.818807588075881,738,0.9919354838709677
804,2023-01-01,3.6967803547066844,733,0.9852150537634409
804,2023-02-01,5.191878009630819,623,0.9270833333333334
804,2023-03-01,5.541616847826087,736,0.989247311827957
804,2023-04-01,6.375830945558739,698,0.9694444444444444
804,2023-05-01,7.811061452513966,537,0.7217741935483871
804,2023-06-01,8.36570796460177,678,0.9416666666666667
804,2023-07-01,8.611573816155989,718,0.9650537634408602
804,2023-08-01,8.05780112044818,714,0.9596774193548387
804,2023-09-01,6.271178977272727,704,0.9777777777777777
804,2023-10-01,5.105294117647059,731,0.9825268817204301
804,2023-11-01,4.039028571428572,700,0.9722222222222222
804,2023-12-01,3.2132608695652176,736,0.989247311827957
804,2024-01-01,3.9989589041095885,730,0.9811827956989247
804,2024-02-01,4.782209131075111,679,0.9755747126436781
804,2024-03-01,5.398990450204638,733,0.9852150537634409
804,2024-04-01,7.849096209912536,686,0.9527777777777777
804,2024-05-01,10.119084699453552,732,0.9838709677419355
804,2024-06-01,8.669402756508422,653,0.9069444444444444
804,2024-07-01,12.972896551724139,435,0.5846774193548387
804,2024-08-01,10.201576354679803,609,0.8185483870967742
804,2024-09-01,7.725035561877667,703,0.9763888888888889
804,2024-10-01,6.6440735694822886,734,0.9865591397849462
804,2024-11-01,4.96787323943662,710,0.9861111111111112
804,2024-12-01,4.4845973154362415,596,0.8010752688172043
804,2025-01-01,4.330282051282051,390,0.5241935483870968
804,2025-02-01,5.155714285714286,189,0.28125
804,2025-03-01,5.9805166666666665,600,0.8064516129032258
804,2025-04-01,7.867747875354108,706,0.9805555555555555
804,2025-05-01,9.966780821917808,730,0.9811827956989247
804,2025-06-01,11.74074179743224,701,0.9736111111111111
804,2025-07-01,9.347838577291382,731,0.9825268817204301
804,2025-08-01,9.544822888283377,734,0.9865591397849462
804,2025-09-01,7.522847124824684,713,0.9902777777777778
804,2025-10-01,6.081850282485876,708,0.9516129032258065
804,2025-11-01,5.270829817158931,711,0.9875
804,2025-12-01,3.603767123287671,730,0.9811827956989247
804,2026-01-01,4.41632801161103,689,0.9260752688172043
804,2026-02-01,3.732523076923077,650,0.9672619047619048
804,2026-03-01,5.205333333333334,720,0.967741935483871
804,2026-04-01,7.204163090128755,699,0.9708333333333333
804,2026-05-01,9.596502115655854,709,0.9529569892473119
804,2026-06-01,10.245347517730497,705,0.9791666666666666
804,2026-07-01,9.745436746987952,664,0.8924731182795699
804,2026-08-01,9.78027027027027,740,0.9946236559139785
804,2026-09-01,8.14029411764706,306,0.425
807,2007-12-01,6.12758,2,0.002688172043010753
807,2008-01-01,7.532527801075269,744,1.0
807,2008-02-01,9.063262709770115,696,1.0
807,2008-03-01,8.411002698513801,471,0.6330645161290323
807,2008-04-01,11.03996663888889,720,1.0
807,2008-05-01,11.142306016949153,708,0.9516129032258065
807,2008-06-01,13.382932927777778,720,1.0
807,2008-07-01,12.114127456164384,730,0.9811827956989247
807,2008-08-01,12.554426958333334,720,0.967741935483871
807,2008-09-01,11.530775437500001,720,1.0
807,2008-10-01,12.42528605121294,742,0.9973118279569892
807,2008-11-01,9.589204171070932,719,0.9986111111111111
807,2008-12-01,8.471904433378196,743,0.9986559139784946
807,2009-01-01,8.496255561891516,719,0.9663978494623656
807,2009-02-01,9.93666842238806,670,0.9970238095238095
807,2009-03-01,11.995373764094955,674,0.9059139784946236
807,2009-04-01,13.361015278551532,718,0.9972222222222222
807,2009-05-01,13.22761303768506,743,0.9986559139784946
807,2009-06-01,14.148800069735007,717,0.9958333333333333
807,2009-07-01,15.81648392982456,741,0.9959677419354839
807,2009-08-01,13.864093016304349,736,0.989247311827957
807,2009-09-01,12.613900768479777,717,0.9958333333333333
807,2009-10-01,11.322641456140351,741,0.9959677419354839
807,2009-11-01,9.540420113764045,712,0.9888888888888889
807,2009-12-01,7.574115625675676,740,0.9946236559139785
807,2010-01-01,8.719429700947225,739,0.9932795698924731
807,2010-02-01,10.533759198717949,624,0.9285714285714286
807,2010-03-01,8.311867156862744,204,0.27419354838709675
807,2010-04-01,13.379727583333333,240,0.3333333333333333
807,2010-05-01,17.33168204851752,742,0.9973118279569892
807,2010-06-01,15.025296867469878,664,0.9222222222222223
807,2010-07-01,13.647682491891892,740,0.9946236559139785
807,2010-08-01,13.392782951482479,742,0.9973118279569892
807,2010-09-01,11.761109303621168,718,0.9972222222222222
807,2010-10-01,11.66519726045884,741,0.9959677419354839
807,2010-11-01,8.778505203938115,711,0.9875
807,2010-12-01,7.724074327868852,732,0.9838709677419355
807,2011-01-01,7.010130253061224,735,0.9879032258064516
807,2011-02-01,9.221350893553224,667,0.9925595238095238
807,2011-03-01,8.722412520435967,734,0.9865591397849462
807,2011-04-01,11.3891814650838,716,0.9944444444444445
807,2011-05-01,11.627634089430893,738,0.9919354838709677
807,2011-06-01,12.107333741525423,708,0.9833333333333333
807,2011-07-01,13.19024766395664,738,0.9919354838709677
807,2011-08-01,13.105540319775596,713,0.9583333333333334
807,2011-09-01,11.874299684431977,713,0.9902777777777778
807,2011-10-01,9.912551502035278,737,0.9905913978494624
807,2011-11-01,7.947183617945008,691,0.9597222222222223
807,2011-12-01,6.056066235374149,735,0.9879032258064516
807,2012-01-01,7.129791632768361,708,0.9516129032258065
807,2012-02-01,7.253312761973874,689,0.9899425287356322
807,2012-03-01,9.791386832844575,682,0.9166666666666666
807,2012-04-01,11.731548387096773,713,0.9902777777777778
807,2012-05-01,12.49474338062756,733,0.9852150537634409
807,2012-06-01,13.451166394957983,714,0.9916666666666667
807,2012-07-01,14.031314559023066,737,0.9905913978494624
807,2012-08-01,11.799165320703654,739,0.9932795698924731
807,2012-09-01,11.208306441631505,711,0.9875
807,2012-10-01,9.824766051912569,732,0.9838709677419355
807,2012-11-01,8.469505498507463,670,0.9305555555555556
807,2012-12-01,6.797479567530696,733,0.9852150537634409
807,2013-01-01,7.056852288300837,718,0.9650537634408602
807,2013-02-01,11.142995309931507,584,0.8690476190476191
807,2013-03-01,14.70618757472826,736,0.989247311827957
807,2013-04-01,6.470536711552588,599,0.8319444444444445
807,2013-05-01,12.000762388362654,739,0.9932795698924731
807,2013-06-01,12.192665092329547,704,0.9777777777777777
807,2013-07-01,9.286110812320917,698,0.9381720430107527
807,2013-08-01,8.979570262937063,715,0.9610215053763441
807,2013-09-01,7.903113031930333,689,0.9569444444444445
807,2013-10-01,6.661525937142858,700,0.9408602150537635
807,2013-11-01,5.680331074452555,685,0.9513888888888888
807,2013-12-01,6.791524395027624,724,0.9731182795698925
807,2014-01-01,8.098101047008546,702,0.9435483870967742
807,2014-02-01,7.805858158682635,668,0.9940476190476191
807,2014-03-01,7.6698420504201685,714,0.9596774193548387
807,2014-04-01,11.184200322128852,714,0.9916666666666667
807,2014-05-01,10.121767285118219,719,0.9663978494623656
807,2014-06-01,9.918674067055393,686,0.9527777777777777
807,2014-07-01,9.518509188445668,727,0.9771505376344086
807,2014-08-01,9.379284350205198,731,0.9825268817204301
807,2014-09-01,8.8140276718529,707,0.9819444444444444
807,2014-10-01,7.716972063037249,698,0.9381720430107527
807,2014-11-01,6.160704426345609,706,0.9805555555555555
807,2014-12-01,4.609892492897727,704,0.946236559139785
807,2015-01-01,5.570543042016807,714,0.9596774193548387
807,2015-02-01,9.36854072180451,665,0.9895833333333334
807,2015-03-01,10.539603213213214,666,0.8951612903225806
807,2015-04-01,9.893362110481586,706,0.9805555555555555
807,2015-05-01,10.895614848648648,740,0.9946236559139785
807,2015-06-01,13.091548668067228,714,0.9916666666666667
807,2015-07-01,11.787489807588075,738,0.9919354838709677
807,2015-08-01,12.390776233378562,737,0.9905913978494624
807,2015-09-01,10.659415589337176,694,0.9638888888888889
807,2015-10-01,9.72640632938856,507,0.6814516129032258
807,2015-11-01,7.6250340362438225,607,0.8430555555555556
807,2015-12-01,5.527043341118881,715,0.9610215053763441
807,2016-01-01,7.047673049863388,732,0.9838709677419355
807,2016-02-01,7.572629284671533,685,0.9841954022988506
807,2016-03-01,10.253667598908596,733,0.9852150537634409
807,2016-04-01,11.991795233473981,711,0.9875
807,2016-05-01,10.435114048913045,736,0.989247311827957
807,2016-06-01,11.98244023512748,706,0.9805555555555555
807,2016-07-01,11.25342548108108,740,0.9946236559139785
807,2016-08-01,12.387110519621109,739,0.9932795698924731
807,2016-09-01,11.270407850140057,714,0.9916666666666667
807,2016-10-01,10.683936504854369,721,0.9690860215053764
807,2016-11-01,9.52267133519553,716,0.9944444444444445
807,2016-12-01,8.005668337552743,711,0.9556451612903226
807,2017-01-01,8.022934411126187,737,0.9905913978494624
807,2017-02-01,7.834623241167434,651,0.96875
807,2017-03-01,11.838994993006992,715,0.9610215053763441
807,2017-04-01,11.973416853146851,715,0.9930555555555556
807,2017-05-01,13.034945799457995,738,0.9919354838709677
807,2017-06-01,14.359094955489615,674,0.9361111111111111
807,2017-07-01,16.732324929971988,714,0.9596774193548387
807,2017-08-01,14.032538141470178,721,0.9690860215053764
807,2017-09-01,11.634221598877982,713,0.9902777777777778
807,2017-10-01,7.251283880171184,701,0.9422043010752689
807,2017-11-01,7.168398876404494,712,0.9888888888888889
807,2017-12-01,6.8512448700410395,731,0.9825268817204301
807,2018-01-01,7.652520325203253,738,0.9919354838709677
807,2018-02-01,8.46122754491018,668,0.9940476190476191
807,2018-03-01,10.082210095497954,733,0.9852150537634409
807,2018-04-01,12.260491573033708,712,0.9888888888888889
807,2018-05-01,12.982645861601084,737,0.9905913978494624
807,2018-06-01,14.630730337078651,712,0.9888888888888889
807,2018-07-01,13.64937837837838,740,0.9946236559139785
807,2018-08-01,14.007391304347827,736,0.989247311827957
807,2018-09-01,10.599425770308123,714,0.9916666666666667
807,2018-10-01,9.72968882602546,707,0.9502688172043011
807,2018-11-01,8.508867132867133,715,0.9930555555555556
807,2018-12-01,7.08360054347826,736,0.989247311827957
807,2019-01-01,8.231542625169148,739,0.9932795698924731
807,2019-02-01,7.957661169415292,667,0.9925595238095238
807,2019-03-01,10.291830601092895,732,0.9838709677419355
807,2019-04-01,11.911988795518207,714,0.9916666666666667
807,2019-05-01,12.511532147742818,731,0.9825268817204301
807,2019-06-01,12.630126050420168,714,0.9916666666666667
807,2019-07-01,12.566490514905148,738,0.9919354838709677
807,2019-08-01,13.274016393442622,732,0.9838709677419355
807,2019-09-01,10.301703910614526,716,0.9944444444444445
807,2019-10-01,8.022275204359673,734,0.9865591397849462
807,2019-11-01,6.487335203366059,713,0.9902777777777778
807,2019-12-01,4.378290366350068,737,0.9905913978494624
807,2020-01-01,4.726897506925208,722,0.9704301075268817
807,2020-02-01,5.469150805270863,683,0.9813218390804598
807,2020-03-01,5.7492679558011055,724,0.9731182795698925
807,2020-04-01,7.303728813559322,708,0.9833333333333333
807,2020-05-01,8.207337931034482,725,0.9744623655913979
807,2020-06-01,8.212635327635327,702,0.975
807,2020-07-01,9.682326530612245,735,0.9879032258064516
807,2020-08-01,9.035853658536585,738,0.9919354838709677
807,2020-09-01,8.884411764705883,714,0.9916666666666667
807,2020-10-01,7.989878048780487,738,0.9919354838709677
807,2020-11-01,6.679311797752809,712,0.9888888888888889
807,2020-12-01,4.9840434192673,737,0.9905913978494624
807,2021-01-01,5.347452574525746,738,0.9919354838709677
807,2021-02-01,6.3137387387387385,666,0.9910714285714286
807,2021-03-01,8.064266304347827,736,0.989247311827957
807,2021-04-01,8.548126760563381,710,0.9861111111111112
807,2021-05-01,12.221499999999999,740,0.9946236559139785
807,2021-06-01,11.748114525139664,716,0.9944444444444445
807,2021-07-01,13.105074829931972,735,0.9879032258064516
807,2021-08-01,11.393850340136053,735,0.9879032258064516
807,2021-09-01,9.28556657223796,706,0.9805555555555555
807,2021-10-01,9.745338753387534,738,0.9919354838709677
807,2021-11-01,7.147980364656382,713,0.9902777777777778
807,2021-12-01,6.962513586956521,736,0.989247311827957
807,2022-01-01,5.458744394618834,669,0.8991935483870968
807,2022-02-01,6.829940029985007,667,0.9925595238095238
807,2022-03-01,8.667929634641407,739,0.9932795698924731
807,2022-04-01,9.883085553997196,713,0.9902777777777778
807,2022-05-01,12.893323572474378,683,0.918010752688172
807,2022-06-01,11.389885222381636,697,0.9680555555555556
807,2022-07-01,11.796898470097357,719,0.9663978494623656
807,2022-08-01,11.766643159379406,709,0.9529569892473119
807,2022-09-01,10.444157088122607,522,0.725
807,2022-10-01,7.172178217821782,707,0.9502688172043011
807,2022-11-01,5.954204379562044,685,0.9513888888888888
807,2022-12-01,5.6010659186535765,713,0.9583333333333334
807,2023-01-01,4.9130386740331495,724,0.9731182795698925
807,2023-02-01,7.189952229299363,628,0.9345238095238095
807,2023-03-01,7.095586206896552,725,0.9744623655913979
807,2023-04-01,7.601311239193084,694,0.9638888888888889
807,2023-05-01,7.689263157894736,665,0.8938172043010753
807,2023-06-01,8.365830769230769,650,0.9027777777777778
807,2023-07-01,8.608890510948905,685,0.9206989247311828
807,2023-08-01,8.866375,720,0.967741935483871
807,2023-09-01,7.4931152204836415,703,0.9763888888888889
807,2023-10-01,7.247489823609226,737,0.9905913978494624
807,2023-11-01,5.069900568181819,704,0.9777777777777777
807,2023-12-01,4.247432065217391,736,0.989247311827957
807,2024-01-01,4.934279778393352,722,0.9704301075268817
807,2024-02-01,4.80773556231003,658,0.9454022988505747
807,2024-03-01,6.680619596541788,694,0.9327956989247311
807,2024-04-01,8.476671826625388,646,0.8972222222222223
807,2024-05-01,9.695116918844567,727,0.9771505376344086
807,2024-06-01,8.696124469589815,707,0.9819444444444444
807,2024-07-01,13.55210235131397,723,0.9717741935483871
807,2024-08-01,11.480981996726678,611,0.821236559139785
807,2024-09-01,8.68712011577424,691,0.9597222222222223
807,2024-10-01,7.9165300546448085,732,0.9838709677419355
807,2024-11-01,5.316732673267326,707,0.9819444444444444
807,2024-12-01,4.101034482758621,725,0.9744623655913979
807,2025-01-01,4.790540915395284,721,0.9690860215053764
807,2025-02-01,7.038389570552146,652,0.9702380952380952
807,2025-03-01,8.447025920873124,733,0.9852150537634409
807,2025-04-01,9.337080924855492,692,0.9611111111111111
807,2025-05-01,10.872983651226159,734,0.9865591397849462
807,2025-06-01,12.230756062767476,701,0.9736111111111111
807,2025-07-01,10.127592339261286,731,0.9825268817204301
807,2025-08-01,9.613228882833788,734,0.9865591397849462
807,2025-09-01,7.9031416549789615,713,0.9902777777777778
807,2025-10-01,7.7542307692307695,728,0.978494623655914
807,2025-11-01,7.0300704225352115,710,0.9861111111111112
807,2025-12-01,5.813779661016949,590,0.793010752688172
807,2026-01-01,5.251902173913043,736,0.989247311827957
807,2026-02-01,5.40060606060606,660,0.9821428571428571
807,2026-03-01,6.297062841530054,732,0.9838709677419355
807,2026-04-01,8.838862359550562,712,0.9888888888888889
807,2026-05-01,9.718765264586159,737,0.9905913978494624
807,2026-06-01,10.18082036775106,707,0.9819444444444444
807,2026-07-01,8.787597222222221,720,0.967741935483871
807,2026-08-01,8.954149659863946,735,0.9879032258064516
807,2026-09-01,9.2503300330033,303,0.42083333333333334
818,2019-03-01,8.841559139784946,186,0.25
818,2019-04-01,7.505541666666667,720,1.0
818,2019-05-01,8.486706989247311,744,1.0
818,2019-06-01,7.89512315270936,609,0.8458333333333333
818,2019-07-01,7.101927272727273,550,0.739247311827957
818,2019-08-01,7.300997304582211,742,0.9973118279569892
818,2019-09-01,6.499874826147427,719,0.9986111111111111
818,2019-10-01,5.174514824797844,742,0.9973118279569892
818,2019-11-01,4.207980225988701,708,0.9833333333333333
818,2019-12-01,3.750833333333333,744,1.0
818,2020-01-01,4.056522911051213,742,0.9973118279569892
818,2020-02-01,4.6857410071942445,695,0.9985632183908046
818,2020-03-01,6.10320703653586,739,0.9932795698924731
818,2020-04-01,4.584180555555556,720,1.0
818,2020-05-01,7.799368279569892,744,1.0
818,2020-06-01,8.246378787878788,660,0.9166666666666666
818,2020-07-01,8.26981081081081,740,0.9946236559139785
818,2020-08-01,6.827403846153847,728,0.978494623655914
818,2020-09-01,6.365988620199146,703,0.9763888888888889
818,2020-10-01,5.820904183535762,741,0.9959677419354839
818,2020-11-01,3.5849789029535866,711,0.9875
818,2020-12-01,3.5512570621468926,708,0.9516129032258065
818,2021-01-01,2.6724367088607597,632,0.8494623655913979
818,2021-02-01,4.165402124430956,659,0.9806547619047619
818,2021-03-01,5.217290233837689,727,0.9771505376344086
818,2021-04-01,6.600773638968482,698,0.9694444444444444
818,2021-05-01,8.99653314917127,724,0.9731182795698925
818,2021-06-01,8.726525821596244,639,0.8875
818,2021-07-01,7.281087267525035,699,0.9395161290322581
818,2021-08-01,5.912841379310345,725,0.9744623655913979
818,2021-09-01,7.60610071942446,695,0.9652777777777778
818,2021-10-01,3.7262816901408446,710,0.9543010752688172
818,2021-11-01,2.690085836909871,699,0.9708333333333333
818,2021-12-01,6.614252077562327,722,0.9704301075268817
818,2022-01-01,4.457016806722689,714,0.9596774193548387
818,2022-02-01,4.903584615384616,650,0.9672619047619048
818,2022-03-01,4.162219020172911,694,0.9327956989247311
818,2022-04-01,5.102709219858156,705,0.9791666666666666
818,2022-05-01,7.879601648351649,728,0.978494623655914
818,2022-06-01,7.9784113475177305,705,0.9791666666666666
818,2022-07-01,6.980758426966292,712,0.956989247311828
818,2022-08-01,5.646304347826088,138,0.18548387096774194
818,2022-09-01,5.5629295774647884,710,0.9861111111111112
818,2022-10-01,4.063543091655267,731,0.9825268817204301
818,2022-11-01,3.5820425531914895,705,0.9791666666666666
818,2022-12-01,2.9502606310013713,729,0.9798387096774194
818,2023-01-01,2.645529753265602,689,0.9260752688172043
818,2023-02-01,6.167438330170778,527,0.7842261904761905
818,2023-03-01,3.0223446327683616,708,0.9516129032258065
818,2023-04-01,5.890933521923621,707,0.9819444444444444
818,2023-05-01,5.452234206471495,649,0.8723118279569892
818,2023-06-01,8.578049490538573,687,0.9541666666666667
818,2023-07-01,7.9938525730180805,719,0.9663978494623656
818,2023-08-01,5.5259945130315495,729,0.9798387096774194
818,2023-09-01,5.318121468926554,708,0.9833333333333333
818,2023-10-01,5.314541723666211,731,0.9825268817204301
818,2023-11-01,5.4796875,704,0.9777777777777777
818,2023-12-01,3.896771978021978,728,0.978494623655914
818,2024-01-01,2.60871012482663,721,0.9690860215053764
818,2024-02-01,3.12289552238806,670,0.9626436781609196
818,2024-03-01,9.632532751091702,458,0.6155913978494624
818,2024-04-01,4.200781758957655,614,0.8527777777777777
818,2024-05-01,8.638352180936996,619,0.831989247311828
818,2024-06-01,7.221398305084746,708,0.9833333333333333
818,2024-07-01,11.456323731138546,729,0.9798387096774194
818,2024-08-01,9.693434065934065,728,0.978494623655914
818,2024-09-01,8.253323782234956,698,0.9694444444444444
818,2024-10-01,7.816834030683403,717,0.9637096774193549
818,2024-11-01,9.326690240452617,707,0.9819444444444444
818,2024-12-01,7.175316804407713,726,0.9758064516129032
818,2025-01-01,7.950180555555556,720,0.967741935483871
818,2025-02-01,10.997241910631741,649,0.9657738095238095
818,2025-03-01,9.314027777777778,720,0.967741935483871
818,2025-04-01,12.127474747474748,693,0.9625
818,2025-05-01,11.873509015256587,721,0.9690860215053764
818,2025-06-01,7.706257225433527,692,0.9611111111111111
818,2025-07-01,14.847653543307088,635,0.853494623655914
818,2025-08-01,5.6767277486911,382,0.5134408602150538
818,2025-09-01,4.151282608695652,460,0.6388888888888888
818,2025-10-01,3.5621815286624208,628,0.8440860215053764
818,2025-11-01,3.1895114942528737,696,0.9666666666666667
818,2025-12-01,3.2560755336617406,609,0.8185483870967742
818,2026-01-01,3.0302595419847327,655,0.8803763440860215
818,2026-02-01,3.7099235474006114,654,0.9732142857142857
818,2026-03-01,4.997323162274618,721,0.9690860215053764
818,2026-04-01,4.7797694524495675,694,0.9638888888888889
818,2026-05-01,7.688916666666666,720,0.967741935483871
818,2026-06-01,9.117725947521865,686,0.9527777777777777
818,2026-07-01,8.869625000000001,720,0.967741935483871
818,2026-08-01,6.351484049930652,721,0.9690860215053764
818,2026-09-01,5.29983660130719,306,0.425
826,2019-07-01,5.200816326530612,343,0.46102150537634407
826,2019-08-01,5.498761776581427,743,0.9986559139784946
826,2019-09-01,5.173986111111111,720,1.0
826,2019-10-01,4.200327868852459,732,0.9838709677419355
826,2019-11-01,2.8555718475073313,682,0.9472222222222222
826,2019-12-01,4.180790229885058,696,0.9354838709677419
826,2020-01-01,4.069037656903766,717,0.9637096774193549
826,2020-02-01,4.20414307004471,671,0.9640804597701149
826,2020-03-01,5.568802488335925,643,0.864247311827957
826,2020-04-01,4.281609195402299,696,0.9666666666666667
826,2020-05-01,5.102853223593964,729,0.9798387096774194
826,2020-06-01,5.761089108910891,707,0.9819444444444444
826,2020-07-01,4.697025139664805,716,0.9623655913978495
826,2020-08-01,4.836676096181047,707,0.9502688172043011
826,2020-09-01,5.934360795454546,704,0.9777777777777777
826,2020-10-01,5.276019151846786,731,0.9825268817204301
826,2020-11-01,4.35200288184438,694,0.9638888888888889
826,2020-12-01,3.6070901033973413,677,0.9099462365591398
826,2021-01-01,4.609090909090909,693,0.9314516129032258
826,2021-02-01,5.626707317073171,656,0.9761904761904762
826,2021-03-01,6.6483537414965985,735,0.9879032258064516
826,2021-04-01,5.388376068376068,702,0.975
826,2021-05-01,4.9446955345060895,739,0.9932795698924731
826,2021-06-01,5.38546362339515,701,0.9736111111111111
826,2021-07-01,5.859586776859505,726,0.9758064516129032
826,2021-08-01,4.736020710059172,676,0.9086021505376344
826,2021-09-01,4.949620437956204,685,0.9513888888888888
826,2021-10-01,4.69251404494382,712,0.956989247311828
826,2021-11-01,4.528672438672438,693,0.9625
826,2021-12-01,4.427103448275862,725,0.9744623655913979
826,2022-01-01,4.363990825688074,654,0.8790322580645161
826,2022-02-01,5.13657012195122,656,0.9761904761904762
826,2022-03-01,4.823009708737864,721,0.9690860215053764
826,2022-04-01,5.230697012802276,703,0.9763888888888889
826,2022-05-01,5.108899587345254,727,0.9771505376344086
826,2022-06-01,4.319882869692533,683,0.9486111111111111
826,2022-07-01,4.490584144645341,719,0.9663978494623656
826,2022-08-01,4.779102209944751,724,0.9731182795698925
826,2022-09-01,4.976301169590643,684,0.95
826,2022-10-01,4.463910355486862,647,0.8696236559139785
826,2022-11-01,4.300283159463487,671,0.9319444444444445
826,2022-12-01,5.1411323328785805,733,0.9852150537634409
826,2023-01-01,5.056179310344827,725,0.9744623655913979
826,2023-02-01,7.013481595092024,652,0.9702380952380952
826,2023-03-01,5.05043956043956,728,0.978494623655914
826,2023-04-01,4.740662739322533,679,0.9430555555555555
826,2023-05-01,4.593223593964335,729,0.9798387096774194
826,2023-06-01,4.3904860088365245,679,0.9430555555555555
826,2023-07-01,4.493856502242152,669,0.8991935483870968
826,2023-08-01,5.2670529327610875,699,0.9395161290322581
826,2023-09-01,4.201939655172414,696,0.9666666666666667
826,2023-10-01,5.680584878744651,701,0.9422043010752689
826,2023-11-01,2.802990126939351,709,0.9847222222222223
826,2023-12-01,2.949915373765867,709,0.9529569892473119
826,2024-01-01,3.7196809986130375,721,0.9690860215053764
826,2024-02-01,3.9790109890109893,637,0.9152298850574713
826,2024-03-01,4.562513661202186,732,0.9838709677419355
826,2024-04-01,4.938069908814589,658,0.9138888888888889
826,2024-05-01,5.3883241758241756,728,0.978494623655914
826,2024-06-01,3.9711581920903956,708,0.9833333333333333
826,2024-07-01,11.548770053475936,187,0.2513440860215054
826,2024-08-01,4.6323584905660375,424,0.5698924731182796
826,2024-09-01,3.732832116788321,685,0.9513888888888888
826,2024-10-01,3.8265106382978726,705,0.9475806451612904
826,2024-11-01,3.2140869565217387,690,0.9583333333333334
826,2024-12-01,1.9623229461756375,706,0.9489247311827957
826,2025-01-01,1.599540389972145,718,0.9650537634408602
826,2025-02-01,1.1487520259319286,617,0.9181547619047619
826,2025-03-01,3.2635512630014856,673,0.9045698924731183
826,2025-04-01,3.6306845238095242,672,0.9333333333333333
826,2025-05-01,4.196124469589816,707,0.9502688172043011
826,2025-06-01,6.262974137931034,696,0.9666666666666667
826,2025-07-01,5.865356125356125,702,0.9435483870967742
826,2025-08-01,3.666562009419152,637,0.8561827956989247
826,2025-09-01,3.149093799682035,629,0.8736111111111111
826,2025-10-01,3.5595926966292133,712,0.956989247311828
826,2025-11-01,3.4137845705967975,687,0.9541666666666667
826,2025-12-01,2.4504748201438846,695,0.9341397849462365
826,2026-01-01,2.5419908814589665,658,0.8844086021505376
826,2026-02-01,2.8217863105175294,599,0.8913690476190477
826,2026-03-01,2.799695652173913,690,0.9274193548387096
826,2026-04-01,4.457564296520423,661,0.9180555555555555
826,2026-05-01,5.349352112676057,710,0.9543010752688172
826,2026-06-01,5.23864553314121,694,0.9638888888888889
826,2026-07-01,3.884796511627907,688,0.9247311827956989
826,2026-08-01,3.5108635097493037,718,0.9650537634408602
826,2026-09-01,3.6784192439862546,291,0.4041666666666667
827,2009-08-01,1.968551361788618,492,0.6612903225806451
827,2009-09-01,1.7397842857142858,315,0.4375
827,2009-10-01,2.4312909375,32,0.043010752688172046
827,2010-05-01,9.66886023890785,293,0.39381720430107525
827,2010-06-01,5.648332408333333,720,1.0
827,2010-07-01,5.950450419354839,744,1.0
827,2010-08-01,5.838384965053764,744,1.0
827,2010-09-01,5.971206622222222,720,1.0
827,2010-10-01,5.1706701491935485,744,1.0
827,2010-11-01,5.221756269444445,720,1.0
827,2010-12-01,4.99855608625337,742,0.9973118279569892
827,2011-03-01,3.113587567944251,287,0.385752688172043
827,2011-05-01,6.815194,270,0.3629032258064516
827,2011-06-01,4.646902089569536,604,0.8388888888888889
827,2011-07-01,18.155794327176782,379,0.5094086021505376
827,2011-08-01,14.528024347480107,377,0.5067204301075269
827,2011-09-01,13.72827411420205,683,0.9486111111111111
827,2011-10-01,14.113666406727829,654,0.8790322580645161
827,2012-03-01,17.3867,1,0.0013440860215053765
827,2012-04-01,11.921476083333333,720,1.0
827,2012-05-01,9.792494496443814,703,0.9448924731182796
827,2012-06-01,4.626771661490683,322,0.44722222222222224
827,2012-07-01,11.811643777777778,81,0.10887096774193548
827,2012-08-01,8.9250785021398,701,0.9422043010752689
827,2012-09-01,8.67555179851852,675,0.9375
827,2012-10-01,4.9745596097701155,696,0.9354838709677419
827,2012-11-01,8.70396729527121,719,0.9986111111111111
827,2012-12-01,5.567387947192716,659,0.885752688172043
827,2013-01-01,5.039025147692308,650,0.8736559139784946
827,2013-02-01,3.971345753295669,531,0.7901785714285714
827,2013-03-01,2.4433410738721806,532,0.7150537634408602
827,2013-04-01,3.482455392405063,632,0.8777777777777778
827,2013-05-01,8.86761616566265,664,0.8924731182795699
827,2013-06-01,8.955419184952978,638,0.8861111111111111
827,2013-07-01,9.882744636627907,688,0.9247311827956989
827,2013-08-01,10.546459115168538,712,0.956989247311828
827,2013-09-01,8.529466382978724,705,0.9791666666666666
827,2013-10-01,5.4376783737373735,198,0.2661290322580645
827,2015-06-01,238.86656666666667,6,0.008333333333333333
827,2015-07-01,170.45651538461536,13,0.01747311827956989
827,2015-10-01,474.45550000000003,2,0.002688172043010753
827,2015-12-01,0.6815507167832168,286,0.3844086021505376
827,2016-01-01,11.354763333333333,6,0.008064516129032258
827,2016-02-01,5.853895333333333,15,0.021551724137931036
827,2016-03-01,4.146839448924731,744,1.0
827,2016-04-01,4.470979986052998,717,0.9958333333333333
827,2016-05-01,2.7721272776280323,742,0.9973118279569892
827,2016-06-01,2.335535588235294,340,0.4722222222222222
827,2016-09-01,0.1894,2,0.002777777777777778
827,2016-10-01,9.89382685046729,107,0.14381720430107528
827,2016-11-01,46.77631761904762,21,0.029166666666666667
827,2016-12-01,2.6233583168316827,202,0.271505376344086
827,2017-01-01,8.1731292749658,731,0.9825268817204301
827,2017-02-01,10.074014210526315,665,0.9895833333333334
827,2017-03-01,12.006062373113856,729,0.9798387096774194
827,2017-04-01,15.363726251748252,715,0.9930555555555556
827,2017-05-01,19.114005486968452,729,0.9798387096774194
827,2017-06-01,9.103539325842696,712,0.9888888888888889
827,2017-07-01,8.398143631436314,738,0.9919354838709677
827,2017-08-01,10.539863945578231,735,0.9879032258064516
827,2017-09-01,11.229719495091164,713,0.9902777777777778
827,2017-10-01,8.360703653585928,739,0.9932795698924731
827,2017-11-01,11.019747545582048,713,0.9902777777777778
827,2017-12-01,7.217123287671233,730,0.9811827956989247
827,2018-01-01,9.109115646258504,735,0.9879032258064516
827,2018-02-01,9.084711246200607,658,0.9791666666666666
827,2018-03-01,12.006960651289008,737,0.9905913978494624
827,2018-04-01,13.16393811533052,711,0.9875
827,2018-05-01,13.68259510869565,736,0.989247311827957
827,2018-06-01,15.232824858757063,708,0.9833333333333333
827,2018-07-01,12.251820652173913,736,0.989247311827957
827,2018-08-01,13.99854816824966,737,0.9905913978494624
827,2018-09-01,11.128706047819971,711,0.9875
827,2018-10-01,6.645871428571428,700,0.9408602150537635
827,2018-11-01,7.06595744680851,705,0.9791666666666666
827,2018-12-01,6.5662002743484225,729,0.9798387096774194
827,2019-01-01,7.902489795918367,735,0.9879032258064516
827,2019-02-01,7.981174652241112,647,0.9627976190476191
827,2019-03-01,8.77347354138399,737,0.9905913978494624
827,2019-04-01,9.783991537376588,709,0.9847222222222223
827,2019-05-01,8.708755129958961,731,0.9825268817204301
827,2019-06-01,8.056700581395349,688,0.9555555555555556
827,2019-07-01,8.103084239130435,736,0.989247311827957
827,2019-08-01,10.155997267759563,732,0.9838709677419355
827,2019-09-01,6.583581616481775,631,0.8763888888888889
827,2019-10-01,5.390798192771084,664,0.8924731182795699
827,2019-11-01,3.9783309957924264,713,0.9902777777777778
827,2019-12-01,2.9644021739130437,736,0.989247311827957
827,2020-01-01,4.933280802292264,698,0.9381720430107527
827,2020-02-01,5.584333333333333,690,0.9913793103448276
827,2020-03-01,4.677400820793434,731,0.9825268817204301
827,2020-04-01,6.059328244274809,655,0.9097222222222222
827,2020-05-01,7.602214673913043,736,0.989247311827957
827,2020-06-01,5.360567823343849,634,0.8805555555555555
827,2020-07-01,6.26241653418124,629,0.8454301075268817
827,2020-08-01,5.6141114457831325,664,0.8924731182795699
827,2020-09-01,2.278603238866397,494,0.6861111111111111
827,2020-10-01,5.368575539568345,695,0.9341397849462365
827,2020-11-01,4.0595070422535215,710,0.9861111111111112
827,2020-12-01,3.2113287671232875,730,0.9811827956989247
827,2021-01-01,3.5222402597402596,616,0.8279569892473119
827,2021-02-01,2.5967927382753406,661,0.9836309523809523
827,2021-03-01,2.475694249649369,713,0.9583333333333334
827,2021-04-01,5.0617326732673265,606,0.8416666666666667
827,2021-05-01,7.601647727272728,704,0.946236559139785
827,2021-06-01,6.300029761904762,672,0.9333333333333333
827,2021-07-01,6.817162367223066,659,0.885752688172043
827,2021-08-01,7.119084194977844,677,0.9099462365591398
827,2021-09-01,6.578513323983169,713,0.9902777777777778
827,2021-10-01,5.1496603260869565,736,0.989247311827957
827,2021-11-01,3.4926470588235294,714,0.9916666666666667
827,2021-12-01,4.2916428571428575,700,0.9408602150537635
827,2022-01-01,2.9696978021978024,728,0.978494623655914
827,2022-02-01,4.365780780780781,666,0.9910714285714286
827,2022-03-01,4.712095238095238,735,0.9879032258064516
827,2022-04-01,4.1795305832147935,703,0.9763888888888889
827,2022-05-01,6.010705563093623,737,0.9905913978494624
827,2022-06-01,4.6358110014104374,709,0.9847222222222223
827,2022-07-01,4.17577030812325,714,0.9596774193548387
827,2022-08-01,5.1103951367781155,658,0.8844086021505376
827,2022-09-01,5.029400584795322,684,0.95
827,2022-10-01,2.5365254237288135,708,0.9516129032258065
827,2022-11-01,1.8773495934959348,615,0.8541666666666666
827,2022-12-01,2.179277108433735,664,0.8924731182795699
827,2023-01-01,1.7281270358306189,614,0.8252688172043011
827,2023-02-01,3.8198904538341156,639,0.9508928571428571
827,2023-03-01,4.066935704514363,731,0.9825268817204301
827,2023-04-01,4.854439775910365,714,0.9916666666666667
827,2023-05-01,5.842344173441734,738,0.9919354838709677
827,2023-06-01,5.157207334273624,709,0.9847222222222223
827,2023-07-01,5.573888888888889,738,0.9919354838709677
827,2023-08-01,5.26979702300406,739,0.9932795698924731
827,2023-09-01,4.019020979020979,715,0.9930555555555556
827,2023-10-01,4.841810810810811,740,0.9946236559139785
827,2023-11-01,3.9591328671328676,715,0.9930555555555556
827,2023-12-01,4.109510869565217,736,0.989247311827957
827,2024-01-01,4.4708695652173915,736,0.989247311827957
827,2024-02-01,5.125965166908563,689,0.9899425287356322
827,2024-03-01,5.954782608695653,736,0.989247311827957
827,2024-04-01,5.980983146067416,712,0.9888888888888889
827,2024-05-01,6.149242857142857,700,0.9408602150537635
827,2024-06-01,4.649955686853767,677,0.9402777777777778
827,2024-07-01,7.8980842391304344,736,0.989247311827957
827,2024-08-01,5.90016501650165,606,0.8145161290322581
827,2024-09-01,3.242882615156018,673,0.9347222222222222
827,2024-10-01,3.29787550744249,739,0.9932795698924731
827,2024-11-01,2.748356940509915,706,0.9805555555555555
827,2024-12-01,2.6942089985486213,689,0.9260752688172043
827,2025-01-01,2.729108108108108,740,0.9946236559139785
827,2025-02-01,3.3227786259541987,655,0.9747023809523809
827,2025-03-01,3.5037228260869564,736,0.989247311827957
827,2025-04-01,4.4450702247191005,712,0.9888888888888889
827,2025-05-01,5.2295342465753425,730,0.9811827956989247
827,2025-06-01,4.717723076923077,650,0.9027777777777778
827,2025-07-01,3.979421487603306,605,0.8131720430107527
827,2025-08-01,3.036963788300836,718,0.9650537634408602
827,2025-09-01,2.7677943925233643,535,0.7430555555555556
827,2025-10-01,2.298539898132428,589,0.7916666666666666
827,2025-11-01,1.9641237113402064,679,0.9430555555555555
827,2025-12-01,2.0615208034433286,697,0.9368279569892473
827,2026-01-01,2.012969613259669,724,0.9731182795698925
827,2026-02-01,2.2470359281437124,668,0.9940476190476191
827,2026-03-01,2.9255182072829133,714,0.9596774193548387
827,2026-04-01,4.036002805049089,713,0.9902777777777778
827,2026-05-01,4.1245652173913046,736,0.989247311827957
827,2026-06-01,4.551804195804196,715,0.9930555555555556
827,2026-07-01,3.3984324324324326,555,0.7459677419354839
827,2026-08-01,3.34023988005997,667,0.896505376344086
827,2026-09-01,3.6082867132867134,286,0.3972222222222222
830,2009-08-01,4.58348126993865,163,0.21908602150537634
830,2009-09-01,4.918594926923077,468,0.65
830,2009-10-01,0.6063894745762711,59,0.0793010752688172
830,2010-09-01,0.759868118404908,163,0.2263888888888889
830,2010-10-01,0.6990845752688172,372,0.5
830,2011-03-01,5.432107558252428,206,0.2768817204301075
830,2011-04-01,5.871737493472585,383,0.5319444444444444
830,2011-05-01,5.807272423376624,385,0.5174731182795699
830,2011-06-01,4.6539291170731705,205,0.2847222222222222
830,2011-07-01,5.904358003937007,254,0.34139784946236557
830,2011-08-01,5.721722920245399,163,0.21908602150537634
830,2011-09-01,5.652981721590909,352,0.4888888888888889
830,2011-10-01,5.036199628930818,318,0.4274193548387097
830,2012-05-01,4.93451106870229,131,0.1760752688172043
830,2012-06-01,4.689017369458128,203,0.28194444444444444
830,2012-07-01,6.792441474452555,548,0.7365591397849462
830,2012-08-01,6.317356386430679,678,0.9112903225806451
830,2012-09-01,6.7864095015432095,648,0.9
830,2012-10-01,4.458429829545455,704,0.946236559139785
830,2012-11-01,5.9211167625000005,720,1.0
830,2012-12-01,3.0743259149305557,576,0.7741935483870968
830,2013-01-01,4.378074762376238,707,0.9502688172043011
830,2013-02-01,6.357514657185629,668,0.9940476190476191
830,2013-03-01,8.356752027586207,725,0.9744623655913979
830,2013-04-01,7.324153227653631,716,0.9944444444444445
830,2013-05-01,7.361421044594595,740,0.9946236559139785
830,2013-06-01,6.707836086956522,713,0.9902777777777778
830,2013-07-01,2.099414786532951,698,0.9381720430107527
830,2013-08-01,0.39001872463768117,69,0.09274193548387097
830,2015-04-01,0.0,5,0.006944444444444444
830,2016-02-01,8.661274285714287,14,0.020114942528735632
830,2016-06-01,3.69199,1,0.001388888888888889
830,2016-07-01,52.57247222222222,36,0.04838709677419355
830,2016-08-01,67.65391366666667,120,0.16129032258064516
830,2016-09-01,44.99407579411764,102,0.14166666666666666
830,2016-10-01,8.324397211363637,44,0.05913978494623656
830,2016-11-01,23.08646969074492,443,0.6152777777777778
830,2016-12-01,4.814495600550964,363,0.4879032258064516
830,2017-01-01,4.846016450704226,710,0.9543010752688172
830,2017-02-01,3.220139152249135,578,0.8601190476190477
830,2017-03-01,4.3664029751243785,603,0.8104838709677419
830,2017-04-01,4.671258791842476,711,0.9875
830,2017-05-01,6.369171875,640,0.8602150537634409
830,2017-06-01,5.467812949640288,695,0.9652777777777778
830,2017-07-01,7.220300157977883,633,0.8508064516129032
830,2017-08-01,5.613877952755906,508,0.6827956989247311
830,2017-09-01,5.973723554301833,709,0.9847222222222223
830,2017-10-01,5.6259286775631505,673,0.9045698924731183
830,2017-11-01,8.48133231240429,653,0.9069444444444444
830,2017-12-01,7.297476125511596,733,0.9852150537634409
830,2018-01-01,5.683819918144611,733,0.9852150537634409
830,2018-02-01,3.7175590551181106,635,0.9449404761904762
830,2018-03-01,4.181881188118812,707,0.9502688172043011
830,2018-04-01,6.817413793103449,638,0.8861111111111111
830,2018-05-01,6.397239263803681,652,0.8763440860215054
830,2018-06-01,8.263922734026746,673,0.9347222222222222
830,2018-07-01,7.055669398907104,732,0.9838709677419355
830,2018-08-01,8.014320652173913,736,0.989247311827957
830,2018-09-01,6.389816176470588,544,0.7555555555555555
830,2018-10-01,2.7542767295597486,636,0.8548387096774194
830,2018-11-01,5.347233606557377,488,0.6777777777777778
830,2018-12-01,4.8178769230769225,650,0.8736559139784946
830,2019-01-01,5.855967302452315,734,0.9865591397849462
830,2019-02-01,5.837755102040816,637,0.9479166666666666
830,2019-03-01,6.708429985855728,707,0.9502688172043011
830,2019-04-01,8.292027972027972,715,0.9930555555555556
830,2019-05-01,6.958898071625344,726,0.9758064516129032
830,2019-06-01,4.39831960461285,607,0.8430555555555556
830,2019-07-01,5.318539325842697,712,0.956989247311828
830,2019-08-01,7.7592207792207795,693,0.9314516129032258
830,2019-09-01,6.025750350631135,713,0.9902777777777778
830,2019-10-01,4.140715421303657,629,0.8454301075268817
830,2019-11-01,3.849126984126984,630,0.875
830,2019-12-01,4.295393258426967,712,0.956989247311828
830,2020-01-01,4.539761904761905,672,0.9032258064516129
830,2020-02-01,5.323420289855072,690,0.9913793103448276
830,2020-03-01,5.497168021680217,738,0.9919354838709677
830,2020-04-01,6.603136,625,0.8680555555555556
830,2020-05-01,7.360460081190799,739,0.9932795698924731
830,2020-06-01,4.8564,700,0.9722222222222222
830,2020-07-01,5.146630265210608,641,0.8615591397849462
830,2020-08-01,4.588275290215589,603,0.8104838709677419
830,2020-09-01,3.1615214180206794,677,0.9402777777777778
830,2020-10-01,4.043760932944607,686,0.9220430107526881
830,2020-11-01,3.1075899843505477,639,0.8875
830,2020-12-01,3.4657255520504733,634,0.8521505376344086
830,2021-01-01,4.028972503617945,691,0.928763440860215
830,2021-02-01,4.440427807486631,561,0.8348214285714286
830,2021-03-01,6.09381275440977,737,0.9905913978494624
830,2021-04-01,6.40480059084195,677,0.9402777777777778
830,2021-05-01,7.498242677824267,717,0.9637096774193549
830,2021-06-01,5.735812324929972,714,0.9916666666666667
830,2021-07-01,7.146327913279133,738,0.9919354838709677
830,2021-08-01,5.050135542168674,664,0.8924731182795699
830,2021-09-01,6.009271137026238,686,0.9527777777777777
830,2021-10-01,5.890729927007299,548,0.7365591397849462
830,2021-11-01,3.7948071216617207,674,0.9361111111111111
830,2021-12-01,3.9984142857142855,700,0.9408602150537635
830,2022-01-01,3.4481123919308354,694,0.9327956989247311
830,2022-02-01,4.300280898876404,534,0.7946428571428571
830,2022-03-01,5.103372956909361,673,0.9045698924731183
830,2022-04-01,3.1409033280507135,631,0.8763888888888889
830,2022-05-01,3.345940460081191,739,0.9932795698924731
830,2022-06-01,4.304565537555229,679,0.9430555555555555
830,2022-07-01,4.837790868924889,679,0.9126344086021505
830,2022-08-01,7.066713681241185,709,0.9529569892473119
830,2022-09-01,6.7205752212389385,678,0.9416666666666667
830,2022-10-01,2.91185552407932,706,0.9489247311827957
830,2022-11-01,3.1118993506493506,616,0.8555555555555555
830,2022-12-01,3.7575373134328363,670,0.9005376344086021
830,2023-01-01,4.295198863636364,704,0.946236559139785
830,2023-02-01,6.164864457831325,664,0.9880952380952381
830,2023-03-01,5.9098322147651015,596,0.8010752688172043
830,2023-04-01,6.007376788553259,629,0.8736111111111111
830,2023-05-01,7.358170212765958,705,0.9475806451612904
830,2023-06-01,6.775345794392523,535,0.7430555555555556
830,2023-07-01,5.689458646616541,665,0.8938172043010753
830,2023-08-01,6.313993231810491,591,0.7943548387096774
830,2023-09-01,4.40868085106383,705,0.9791666666666666
830,2023-10-01,6.446671177266577,739,0.9932795698924731
830,2023-11-01,4.703744740532959,713,0.9902777777777778
830,2023-12-01,4.290533141210375,694,0.9327956989247311
830,2024-01-01,5.846779431664412,739,0.9932795698924731
830,2024-02-01,5.602539912917272,689,0.9899425287356322
830,2024-03-01,7.387321178120617,713,0.9583333333333334
830,2024-04-01,6.355954415954416,702,0.975
830,2024-05-01,7.311016260162601,738,0.9919354838709677
830,2024-06-01,4.283598820058997,678,0.9416666666666667
830,2024-07-01,9.0509375,736,0.989247311827957
830,2024-08-01,7.526357435197816,733,0.9852150537634409
830,2024-09-01,5.924228486646884,674,0.9361111111111111
830,2024-10-01,5.128477366255144,729,0.9798387096774194
830,2024-11-01,4.1242857142857146,686,0.9527777777777777
830,2024-12-01,4.559673469387755,735,0.9879032258064516
830,2025-01-01,4.713116531165312,738,0.9919354838709677
830,2025-02-01,6.206,660,0.9821428571428571
830,2025-03-01,5.313402489626556,723,0.9717741935483871
830,2025-04-01,6.212039660056657,706,0.9805555555555555
830,2025-05-01,7.166346414073072,739,0.9932795698924731
830,2025-06-01,7.966506024096386,664,0.9222222222222223
830,2025-07-01,6.905938461538461,650,0.8736559139784946
830,2025-08-01,4.916124661246612,738,0.9919354838709677
830,2025-09-01,4.447303370786517,623,0.8652777777777778
830,2025-10-01,4.517387755102041,735,0.9879032258064516
830,2025-11-01,3.949948717948718,585,0.8125
830,2025-12-01,3.0088805970149255,670,0.9005376344086021
830,2026-01-01,2.14223113964687,623,0.8373655913978495
830,2026-02-01,3.991252302025783,543,0.8080357142857143
830,2026-03-01,4.562537067545305,607,0.8158602150537635
830,2026-04-01,4.964626865671642,670,0.9305555555555556
830,2026-05-01,6.109058988764044,712,0.956989247311828
830,2026-06-01,5.1630473372781065,676,0.9388888888888889
830,2026-07-01,4.098229813664597,644,0.8655913978494624
830,2026-08-01,4.758821752265861,662,0.8897849462365591
830,2026-09-01,6.126302816901408,284,0.39444444444444443
837,2014-01-01,5.0788618781362,279,0.375
837,2014-02-01,5.8068366547987615,646,0.9613095238095238
837,2014-03-01,7.445956036671368,709,0.9529569892473119
837,2014-04-01,9.098663748251749,715,0.9930555555555556
837,2014-05-01,10.355616772849462,744,1.0
837,2014-06-01,9.999920917251051,713,0.9902777777777778
837,2014-07-01,10.069794551956814,741,0.9959677419354839
837,2014-08-01,9.042820576662143,737,0.9905913978494624
837,2014-09-01,7.366560690277778,720,1.0
837,2014-10-01,7.446751841397849,744,1.0
837,2014-11-01,5.840424600834492,719,0.9986111111111111
837,2014-12-01,5.031817308089501,581,0.7809139784946236
837,2015-01-01,5.08397785444744,742,0.9973118279569892
837,2015-02-01,7.590545593750001,672,1.0
837,2015-03-01,8.864953452956989,744,1.0
837,2015-04-01,10.286603221288514,714,0.9916666666666667
837,2015-05-01,12.623806816576087,736,0.989247311827957
837,2015-06-01,11.231556275524476,715,0.9930555555555556
837,2015-07-01,8.728068416056548,672,0.9032258064516129
837,2015-08-01,7.372694308605342,674,0.9059139784946236
837,2015-09-01,8.650163650617111,713,0.9902777777777778
837,2015-10-01,7.253239857526881,744,1.0
837,2015-11-01,5.353169491643454,718,0.9972222222222222
837,2015-12-01,4.382378034153006,732,0.9838709677419355
837,2016-01-01,5.957661395693136,743,0.9986559139784946
837,2016-02-01,4.925227946759712,695,0.9985632183908046
837,2016-03-01,8.136052078804347,736,0.989247311827957
837,2016-04-01,11.034530323033707,712,0.9888888888888889
837,2016-05-01,10.376871532258065,744,1.0
837,2016-06-01,12.598239985007496,667,0.9263888888888889
837,2016-07-01,10.0455124142915,741,0.9959677419354839
837,2016-08-01,11.139969865410498,743,0.9986559139784946
837,2016-09-01,9.190116629526463,718,0.9972222222222222
837,2016-10-01,7.6964490823211875,741,0.9959677419354839
837,2016-11-01,6.6426528750000005,720,1.0
837,2016-12-01,5.33518139470014,717,0.9637096774193549
837,2017-01-01,7.213973179650239,629,0.8454301075268817
837,2017-02-01,6.598881071428572,672,1.0
837,2017-03-01,9.25686293552812,729,0.9798387096774194
837,2017-04-01,9.409409596100279,718,0.9972222222222222
837,2017-05-01,11.919311740890688,741,0.9959677419354839
837,2017-06-01,11.629416666666668,720,1.0
837,2017-07-01,10.772753036437246,741,0.9959677419354839
837,2017-08-01,9.486486486486486,740,0.9946236559139785
837,2017-09-01,8.455292479108635,718,0.9972222222222222
837,2017-10-01,4.925779569892473,744,1.0
837,2017-11-01,2.0463366336633664,707,0.9819444444444444
837,2017-12-01,1.6117226890756302,714,0.9596774193548387
837,2018-01-01,1.0508672086720867,738,0.9919354838709677
837,2018-02-01,1.0165263157894737,665,0.9895833333333334
837,2018-03-01,2.395550724637681,690,0.9274193548387096
837,2018-04-01,6.555266853932585,712,0.9888888888888889
837,2018-05-01,7.356089918256131,734,0.9865591397849462
837,2018-06-01,7.939375,640,0.8888888888888888
837,2018-07-01,5.386401617250674,742,0.9973118279569892
837,2018-08-01,4.253373983739837,738,0.9919354838709677
837,2018-09-01,2.529410071942446,695,0.9652777777777778
837,2018-10-01,4.0563013698630135,730,0.9811827956989247
837,2018-11-01,2.345726872246696,681,0.9458333333333333
837,2018-12-01,1.7586831275720163,729,0.9798387096774194
837,2019-01-01,2.074,740,0.9946236559139785
837,2019-02-01,2.0152537313432837,670,0.9970238095238095
837,2019-03-01,2.528002717391304,736,0.989247311827957
837,2019-04-01,2.8290277777777777,720,1.0
837,2019-05-01,3.2418758434547907,741,0.9959677419354839
837,2019-06-01,4.407902777777778,720,1.0
837,2019-07-01,4.192454160789844,709,0.9529569892473119
837,2019-08-01,4.0640053763440855,744,1.0
837,2019-09-01,2.9919549929676514,711,0.9875
837,2019-10-01,2.662348178137652,741,0.9959677419354839
837,2019-11-01,2.3162937062937066,715,0.9930555555555556
837,2019-12-01,2.151162162162162,740,0.9946236559139785
837,2020-01-01,2.0771311475409835,732,0.9838709677419355
837,2020-02-01,1.752387190684134,687,0.9870689655172413
837,2020-03-01,1.8389247311827959,744,1.0
837,2020-04-01,1.9526425591098748,719,0.9986111111111111
837,2020-05-01,2.111760752688172,744,1.0
837,2020-06-01,1.900375,720,1.0
837,2020-07-01,1.8642025862068965,464,0.6236559139784946
837,2026-09-01,18.90156488549618,262,0.3638888888888889
838,2010-10-01,4.705632848015873,504,0.6774193548387096
838,2010-12-01,3.1503363016885553,533,0.7163978494623656
838,2011-01-01,2.4308819389344265,244,0.3279569892473118
838,2011-02-01,4.870972054268292,492,0.7321428571428571
838,2011-03-01,4.1015467872,625,0.8400537634408602
838,2011-04-01,5.617198448275862,638,0.8861111111111111
838,2011-05-01,7.180991902266289,706,0.9489247311827957
838,2011-06-01,10.30887387298091,681,0.9458333333333333
838,2011-07-01,9.042495337075332,677,0.9099462365591398
838,2011-08-01,6.987560515384615,715,0.9610215053763441
838,2011-09-01,5.298169727606461,681,0.9458333333333333
838,2011-10-01,4.027487016470588,680,0.9139784946236559
838,2011-11-01,4.378007770669746,433,0.6013888888888889
838,2011-12-01,2.8419818952029523,542,0.728494623655914
838,2012-01-01,3.4833965274161733,507,0.6814516129032258
838,2012-02-01,3.290913211267606,568,0.8160919540229885
838,2012-03-01,4.205418753776435,662,0.8897849462365591
838,2012-04-01,7.375048068554396,671,0.9319444444444445
838,2012-05-01,10.088976519040903,709,0.9529569892473119
838,2012-06-01,9.463340020771513,674,0.9361111111111111
838,2012-07-01,6.070563874687066,719,0.9663978494623656
838,2012-08-01,7.303019679619565,736,0.989247311827957
838,2012-09-01,4.978127019716312,705,0.9791666666666666
838,2012-10-01,4.948761722746782,699,0.9395161290322581
838,2012-11-01,3.0692840228323695,692,0.9611111111111111
838,2012-12-01,1.6587601238202248,712,0.956989247311828
838,2013-01-01,2.5945635208806817,704,0.946236559139785
838,2013-02-01,2.922173945205479,657,0.9776785714285714
838,2013-03-01,4.373272676268861,729,0.9798387096774194
838,2013-04-01,6.169953894514768,711,0.9875
838,2013-05-01,6.9231127062841535,732,0.9838709677419355
838,2013-06-01,9.33707786713881,706,0.9805555555555555
838,2013-07-01,9.49637834883721,731,0.9825268817204301
838,2013-08-01,7.517035600224796,734,0.9865591397849462
838,2013-09-01,6.9840569786349205,630,0.875
838,2013-10-01,3.7452484871830984,710,0.9543010752688172
838,2013-11-01,2.3548675084507042,710,0.9861111111111112
838,2013-12-01,3.3327277732240432,732,0.9838709677419355
838,2014-01-01,3.0704092686980613,722,0.9704301075268817
838,2014-02-01,3.563782665667166,667,0.9925595238095238
838,2014-03-01,3.8704735918367343,735,0.9879032258064516
838,2014-04-01,6.442985607449856,698,0.9694444444444444
838,2014-05-01,8.442167368707484,735,0.9879032258064516
838,2014-06-01,8.047987461756374,706,0.9805555555555555
838,2014-07-01,7.777894813513513,740,0.9946236559139785
838,2014-08-01,6.876424800813008,738,0.9919354838709677
838,2014-09-01,5.84586158988764,712,0.9888888888888889
838,2014-10-01,4.279679783491204,739,0.9932795698924731
838,2014-11-01,2.577636530645161,682,0.9472222222222222
838,2014-12-01,1.4814732693466477,701,0.9422043010752689
838,2015-01-01,3.0077200592265942,737,0.9905913978494624
838,2015-02-01,4.21347116966967,666,0.9910714285714286
838,2015-03-01,4.6899253915989165,738,0.9919354838709677
838,2015-04-01,6.428055981741574,712,0.9888888888888889
838,2015-05-01,9.08498261891892,740,0.9946236559139785
838,2015-06-01,10.400716683473389,714,0.9916666666666667
838,2015-07-01,10.140547691474966,739,0.9932795698924731
838,2015-08-01,9.331857365986394,735,0.9879032258064516
838,2015-09-01,7.269062630985915,710,0.9861111111111112
838,2015-10-01,5.929696453929539,738,0.9919354838709677
838,2015-11-01,3.0897688367407405,675,0.9375
838,2015-12-01,1.9592767959078214,716,0.9623655913978495
838,2016-01-01,2.8958588308321964,733,0.9852150537634409
838,2016-02-01,2.698918712408759,685,0.9841954022988506
838,2016-03-01,5.38168533877551,735,0.9879032258064516
838,2016-04-01,8.515120702664797,713,0.9902777777777778
838,2016-05-01,9.691613139566396,738,0.9919354838709677
838,2016-06-01,11.213250606610409,711,0.9875
838,2016-07-01,9.883635745663957,738,0.9919354838709677
838,2016-08-01,8.053192384167795,739,0.9932795698924731
838,2016-09-01,7.010533010970464,711,0.9875
838,2016-10-01,5.249855155209743,739,0.9932795698924731
838,2016-11-01,3.529427502940341,704,0.9777777777777777
838,2016-12-01,3.678065021709634,737,0.9905913978494624
838,2017-01-01,2.773020721478382,717,0.9637096774193549
838,2017-02-01,4.006916256024096,664,0.9880952380952381
838,2017-03-01,6.587752123145401,674,0.9059139784946236
838,2017-04-01,6.616566994002809,712,0.9888888888888889
838,2017-05-01,9.249578231292517,735,0.9879032258064516
838,2017-06-01,10.345932678821878,713,0.9902777777777778
838,2017-07-01,10.2774043715847,732,0.9838709677419355
838,2017-08-01,10.020887978142076,732,0.9838709677419355
838,2017-09-01,6.859478138222849,709,0.9847222222222223
838,2017-10-01,4.120867132867133,715,0.9610215053763441
838,2017-11-01,3.4444518272425246,602,0.8361111111111111
838,2017-12-01,2.2784475524475525,715,0.9610215053763441
838,2018-01-01,3.0103125000000004,736,0.989247311827957
838,2018-02-01,3.6449615975422427,651,0.96875
838,2018-03-01,4.8274693877551025,735,0.9879032258064516
838,2018-04-01,7.759214586255259,713,0.9902777777777778
838,2018-05-01,9.056987788331073,737,0.9905913978494624
838,2018-06-01,10.776676056338028,710,0.9861111111111112
838,2018-07-01,10.26161246612466,738,0.9919354838709677
838,2018-08-01,8.458758716875872,717,0.9637096774193549
838,2018-09-01,6.12556657223796,706,0.9805555555555555
838,2018-10-01,4.277397820163488,734,0.9865591397849462
838,2018-11-01,3.34436974789916,714,0.9916666666666667
838,2018-12-01,2.8428086838534603,737,0.9905913978494624
838,2019-01-01,2.773360655737705,732,0.9838709677419355
838,2019-02-01,3.4149167927382758,661,0.9836309523809523
838,2019-03-01,5.096394557823129,735,0.9879032258064516
838,2019-04-01,6.543338008415147,713,0.9902777777777778
838,2019-05-01,8.338846153846154,728,0.978494623655914
838,2019-06-01,9.147438848920864,695,0.9652777777777778
838,2019-07-01,8.993872340425533,705,0.9475806451612904
838,2019-08-01,8.367507163323783,698,0.9381720430107527
838,2019-09-01,5.168935574229692,714,0.9916666666666667
838,2019-10-01,3.988625850340136,735,0.9879032258064516
838,2019-11-01,2.491444921316166,699,0.9708333333333333
838,2019-12-01,1.7756639566395664,738,0.9919354838709677
838,2020-01-01,2.4018435754189946,716,0.9623655913978495
838,2020-02-01,3.331316931982634,691,0.992816091954023
838,2020-03-01,3.110746268656716,737,0.9905913978494624
838,2020-04-01,5.125263157894737,703,0.9763888888888889
838,2020-05-01,5.533375174337517,717,0.9637096774193549
838,2020-06-01,6.735113314447592,706,0.9805555555555555
838,2020-07-01,6.8175,716,0.9623655913978495
838,2020-08-01,5.213504155124654,722,0.9704301075268817
838,2020-09-01,4.950820367751061,707,0.9819444444444444
838,2020-10-01,3.471314685314685,715,0.9610215053763441
838,2020-11-01,2.0935483870967744,713,0.9902777777777778
838,2020-12-01,1.985553977272727,704,0.946236559139785
838,2021-01-01,2.5876869806094183,722,0.9704301075268817
838,2021-02-01,3.1660681114551084,646,0.9613095238095238
838,2021-03-01,4.40342032967033,728,0.978494623655914
838,2021-04-01,5.855946704067321,713,0.9902777777777778
838,2021-05-01,8.676305818673884,739,0.9932795698924731
838,2021-06-01,9.441833568406206,709,0.9847222222222223
838,2021-07-01,9.687705627705627,693,0.9314516129032258
838,2021-08-01,8.854662921348314,712,0.956989247311828
838,2021-09-01,6.091936872309899,697,0.9680555555555556
838,2021-10-01,5.128904109589041,730,0.9811827956989247
838,2021-11-01,3.038083916083916,715,0.9930555555555556
838,2021-12-01,3.288299319727891,735,0.9879032258064516
838,2022-01-01,2.3728432732316227,721,0.9690860215053764
838,2022-02-01,3.742473763118441,667,0.9925595238095238
838,2022-03-01,5.342070365358593,739,0.9932795698924731
838,2022-04-01,6.739914893617022,705,0.9791666666666666
838,2022-05-01,9.824445964432284,731,0.9825268817204301
838,2022-06-01,12.344005641748941,709,0.9847222222222223
838,2022-07-01,12.263538732394366,568,0.7634408602150538
838,2022-08-01,8.463901408450704,710,0.9543010752688172
838,2022-09-01,5.636173393124066,669,0.9291666666666667
838,2022-10-01,2.8571244635193134,699,0.9395161290322581
838,2022-11-01,3.5965171898355757,669,0.9291666666666667
838,2022-12-01,2.7754222222222222,675,0.907258064516129
838,2023-01-01,2.4548034934497815,687,0.9233870967741935
838,2023-02-01,3.999151515151515,660,0.9821428571428571
838,2023-03-01,3.970973936899863,729,0.9798387096774194
838,2023-04-01,4.876011396011396,702,0.975
838,2023-05-01,6.118006134969325,652,0.8763440860215054
838,2023-06-01,6.544545454545455,671,0.9319444444444445
838,2023-07-01,6.8067769784172665,695,0.9341397849462365
838,2023-08-01,6.669929676511955,711,0.9556451612903226
838,2023-09-01,5.9890254237288145,708,0.9833333333333333
838,2023-10-01,4.925620736698499,733,0.9852150537634409
838,2023-11-01,4.169220963172804,706,0.9805555555555555
838,2023-12-01,3.245856515373353,683,0.918010752688172
838,2024-01-01,3.411127922971114,727,0.9771505376344086
838,2024-02-01,4.640962962962963,675,0.9698275862068966
838,2024-03-01,5.515890410958904,730,0.9811827956989247
838,2024-04-01,7.888882175226586,662,0.9194444444444444
838,2024-05-01,9.434383561643836,730,0.9811827956989247
838,2024-06-01,8.243968023255814,688,0.9555555555555556
838,2024-07-01,10.425578635014837,674,0.9059139784946236
838,2024-08-01,8.477377521613834,694,0.9327956989247311
838,2024-09-01,6.2031152204836415,703,0.9763888888888889
838,2024-10-01,4.254770514603616,719,0.9663978494623656
838,2024-11-01,3.1866777408637876,602,0.8361111111111111
838,2024-12-01,3.0180578512396696,726,0.9758064516129032
838,2025-01-01,2.5216269284712483,713,0.9583333333333334
838,2025-02-01,2.2433492063492064,630,0.9375
838,2025-03-01,4.841962481962482,693,0.9314516129032258
838,2025-04-01,6.581200585651537,683,0.9486111111111111
838,2025-05-01,9.999068493150684,730,0.9811827956989247
838,2025-06-01,10.6845,700,0.9722222222222222
838,2025-07-01,8.151928864569085,731,0.9825268817204301
838,2025-08-01,7.436092265943012,737,0.9905913978494624
838,2025-09-01,5.533845050215208,697,0.9680555555555556
838,2025-10-01,3.6894642857142856,728,0.978494623655914
838,2025-11-01,3.6963841807909605,708,0.9833333333333333
838,2025-12-01,2.849330601092896,732,0.9838709677419355
838,2026-01-01,2.9739972714870397,733,0.9852150537634409
838,2026-02-01,3.4499243570347957,661,0.9836309523809523
838,2026-03-01,4.105367231638418,708,0.9516129032258065
838,2026-04-01,5.746889204545455,704,0.9777777777777777
838,2026-05-01,7.793024861878452,724,0.9731182795698925
838,2026-06-01,8.664963609898107,687,0.9541666666666667
838,2026-07-01,9.064059405940593,707,0.9502688172043011
838,2026-08-01,10.653128491620112,716,0.9623655913978495
838,2026-09-01,8.631447811447812,297,0.4125
841,2016-11-01,4.394189117647059,34,0.04722222222222222
841,2016-12-01,4.68687752293578,654,0.8790322580645161
841,2017-01-01,6.902324621968616,701,0.9422043010752689
841,2017-02-01,12.163271227272727,660,0.9821428571428571
841,2017-03-01,14.275816489795917,735,0.9879032258064516
841,2017-04-01,8.092609145658262,714,0.9916666666666667
841,2017-05-01,11.639025710419485,739,0.9932795698924731
841,2017-06-01,4.9030440967283075,703,0.9763888888888889
841,2017-07-01,4.166253405994551,734,0.9865591397849462
841,2017-08-01,3.2550410958904106,730,0.9811827956989247
841,2017-09-01,3.144231843575419,716,0.9944444444444445
841,2017-10-01,2.3389779005524862,724,0.9731182795698925
841,2017-11-01,2.0434160583941607,685,0.9513888888888888
841,2017-12-01,1.970387722132472,619,0.831989247311828
841,2018-01-01,2.2421297602256702,709,0.9529569892473119
841,2018-02-01,3.0595274390243903,656,0.9761904761904762
841,2018-03-01,3.575642760487145,739,0.9932795698924731
841,2018-04-01,4.5732865168539325,712,0.9888888888888889
841,2018-05-01,4.076008583690987,699,0.9395161290322581
841,2018-06-01,5.507935393258427,712,0.9888888888888889
841,2018-07-01,4.305943012211669,737,0.9905913978494624
841,2018-08-01,3.361739130434783,667,0.896505376344086
841,2018-09-01,2.9824679029957206,701,0.9736111111111111
841,2018-10-01,2.368281690140845,710,0.9543010752688172
841,2018-11-01,1.63475988700565,708,0.9833333333333333
841,2018-12-01,2.867016348773842,734,0.9865591397849462
841,2019-01-01,2.8819482288828335,734,0.9865591397849462
841,2019-02-01,3.9861052631578953,665,0.9895833333333334
841,2019-03-01,4.610773405698779,737,0.9905913978494624
841,2019-04-01,5.31574047954866,709,0.9847222222222223
841,2019-05-01,4.038236092265943,737,0.9905913978494624
841,2019-06-01,3.694605633802817,710,0.9861111111111112
841,2019-07-01,4.176503401360544,735,0.9879032258064516
841,2019-08-01,4.485609756097561,738,0.9919354838709677
841,2019-09-01,4.167170868347339,714,0.9916666666666667
841,2019-10-01,2.540639455782313,735,0.9879032258064516
841,2019-11-01,1.9957039187227865,689,0.9569444444444445
841,2019-12-01,3.58280868385346,737,0.9905913978494624
841,2020-01-01,3.1473669064748204,695,0.9341397849462365
841,2020-02-01,3.063892128279883,686,0.985632183908046
841,2020-03-01,4.184308943089431,738,0.9919354838709677
841,2020-04-01,5.5900140056022405,714,0.9916666666666667
841,2020-05-01,3.333701015965167,689,0.9260752688172043
841,2020-06-01,2.602018779342723,639,0.8875
841,2020-07-01,3.0834016393442627,732,0.9838709677419355
841,2020-08-01,3.7496476964769645,738,0.9919354838709677
841,2020-09-01,4.143039215686275,714,0.9916666666666667
841,2020-10-01,2.2527334235453313,739,0.9932795698924731
841,2020-11-01,1.3140996784565917,622,0.8638888888888889
841,2020-12-01,2.147333333333333,735,0.9879032258064516
841,2021-01-01,2.648610354223433,734,0.9865591397849462
841,2021-02-01,3.045669172932331,665,0.9895833333333334
841,2021-03-01,3.5513061224489797,735,0.9879032258064516
841,2021-04-01,3.2396829971181558,694,0.9638888888888889
841,2021-05-01,3.8954211956521743,736,0.989247311827957
841,2021-06-01,3.6850911640953714,713,0.9902777777777778
841,2021-07-01,2.2918707015130675,727,0.9771505376344086
841,2021-08-01,2.3086620689655173,725,0.9744623655913979
841,2021-09-01,3.243941605839416,685,0.9513888888888888
841,2021-10-01,3.2818285714285715,700,0.9408602150537635
841,2021-11-01,2.6714084507042255,710,0.9861111111111112
841,2021-12-01,3.2415217391304343,736,0.989247311827957
841,2022-01-01,2.37260162601626,738,0.9919354838709677
841,2022-02-01,2.7480120481927712,664,0.9880952380952381
841,2022-03-01,3.8151084010840113,738,0.9919354838709677
841,2022-04-01,4.760657142857143,700,0.9722222222222222
841,2022-05-01,3.965652173913043,736,0.989247311827957
841,2022-06-01,3.410993006993007,715,0.9930555555555556
841,2022-07-01,4.153586956521739,736,0.989247311827957
841,2022-08-01,3.2257290132547864,679,0.9126344086021505
841,2022-09-01,3.0907293127629734,713,0.9902777777777778
841,2022-10-01,2.6045602165087955,739,0.9932795698924731
841,2022-11-01,1.664323943661972,710,0.9861111111111112
841,2022-12-01,1.7884325108853412,689,0.9260752688172043
841,2023-01-01,2.10474930362117,718,0.9650537634408602
841,2023-02-01,6.824933333333333,600,0.8928571428571429
841,2023-03-01,4.410845481049563,686,0.9220430107526881
841,2023-04-01,4.494092178770949,716,0.9944444444444445
841,2023-05-01,4.197296195652174,736,0.989247311827957
841,2023-06-01,3.6740979020979023,715,0.9930555555555556
841,2023-07-01,3.7294301221166894,737,0.9905913978494624
841,2023-08-01,3.671008174386921,734,0.9865591397849462
841,2023-09-01,2.6527817403708984,701,0.9736111111111111
841,2023-10-01,2.4943989071038253,732,0.9838709677419355
841,2023-11-01,2.4882369534555715,709,0.9847222222222223
841,2023-12-01,3.107875,720,0.967741935483871
841,2024-01-01,4.01068306010929,732,0.9838709677419355
841,2024-02-01,3.4410087719298246,684,0.9827586206896551
841,2024-03-01,2.34446549391069,739,0.9932795698924731
841,2024-04-01,2.274329004329004,693,0.9625
841,2024-05-01,2.9166523605150214,233,0.3131720430107527
841,2024-06-01,2.998801711840228,701,0.9736111111111111
841,2024-07-01,3.5785345997286298,737,0.9905913978494624
841,2024-08-01,3.1947619047619047,735,0.9879032258064516
841,2024-09-01,2.3185834502103786,713,0.9902777777777778
841,2024-10-01,2.3680517711171665,734,0.9865591397849462
841,2024-11-01,1.671187969924812,665,0.9236111111111112
841,2024-12-01,1.9861307901907357,734,0.9865591397849462
841,2025-01-01,2.085033829499323,739,0.9932795698924731
841,2025-02-01,1.9923802163833075,647,0.9627976190476191
841,2025-03-01,3.5273024523160763,734,0.9865591397849462
841,2025-04-01,3.3677401129943503,708,0.9833333333333333
841,2025-05-01,2.8590611664295875,703,0.9448924731182796
841,2025-06-01,3.169403202328967,687,0.9541666666666667
841,2025-07-01,2.8928688524590163,732,0.9838709677419355
841,2025-08-01,2.698352272727273,704,0.946236559139785
841,2025-09-01,1.8053155680224404,713,0.9902777777777778
841,2025-10-01,2.0037753721244926,739,0.9932795698924731
841,2025-11-01,2.6103508771929826,627,0.8708333333333333
841,2025-12-01,2.4244596443228454,731,0.9825268817204301
841,2026-01-01,2.8848426812585504,731,0.9825268817204301
841,2026-02-01,2.418102409638554,664,0.9880952380952381
841,2026-03-01,2.199160419790105,667,0.896505376344086
841,2026-04-01,2.534229691876751,714,0.9916666666666667
841,2026-05-01,2.021717032967033,728,0.978494623655914
841,2026-06-01,3.926,715,0.9930555555555556
841,2026-07-01,3.453137789904502,733,0.9852150537634409
841,2026-08-01,2.482674591381872,673,0.9045698924731183
841,2026-09-01,1.9818122977346277,309,0.42916666666666664
854,2016-10-01,3.6090092166666663,60,0.08064516129032258
854,2016-11-01,3.7461908870056497,708,0.9833333333333333
854,2016-12-01,6.587075759408603,744,1.0
854,2017-01-01,7.931871136671177,739,0.9932795698924731
854,2017-02-01,7.783143368421052,665,0.9895833333333334
854,2017-03-01,7.33669731707317,738,0.9919354838709677
854,2017-04-01,4.756774199438202,712,0.9888888888888889
854,2017-05-01,4.338405994550409,734,0.9865591397849462
854,2017-06-01,4.7662412342215985,713,0.9902777777777778
854,2017-07-01,5.3314538043478255,736,0.989247311827957
854,2017-08-01,4.436884353741497,735,0.9879032258064516
854,2017-09-01,6.702220670391061,716,0.9944444444444445
854,2017-10-01,3.798555708390647,727,0.9771505376344086
854,2017-11-01,2.5421971830985917,710,0.9861111111111112
854,2017-12-01,4.409121621621622,740,0.9946236559139785
854,2018-01-01,4.01899592944369,737,0.9905913978494624
854,2018-02-01,5.1616265060240965,664,0.9880952380952381
854,2018-03-01,5.398502080443828,721,0.9690860215053764
854,2018-04-01,6.431972027972027,715,0.9930555555555556
854,2018-05-01,6.80316083916084,715,0.9610215053763441
854,2018-06-01,7.508502139800285,701,0.9736111111111111
854,2018-07-01,6.694972826086956,736,0.989247311827957
854,2018-08-01,7.737418032786885,732,0.9838709677419355
854,2018-09-01,6.916164574616458,717,0.9958333333333333
854,2018-10-01,4.220245566166439,733,0.9852150537634409
854,2018-11-01,3.1193392070484585,454,0.6305555555555555
854,2018-12-01,5.023926553672316,708,0.9516129032258065
854,2019-01-01,5.029210884353741,735,0.9879032258064516
854,2019-02-01,4.946275430359938,639,0.9508928571428571
854,2019-03-01,6.962110960757781,739,0.9932795698924731
854,2019-04-01,5.316903633491311,633,0.8791666666666667
854,2019-05-01,3.862273342354533,739,0.9932795698924731
854,2019-06-01,3.645434173669468,714,0.9916666666666667
854,2019-07-01,4.536843537414966,735,0.9879032258064516
854,2019-08-01,6.425675675675675,666,0.8951612903225806
854,2019-09-01,4.740383522727273,704,0.9777777777777777
854,2019-10-01,3.606021650879567,739,0.9932795698924731
854,2019-11-01,2.634820359281437,668,0.9277777777777778
854,2019-12-01,4.785135135135135,740,0.9946236559139785
854,2020-01-01,5.295311653116531,738,0.9919354838709677
854,2020-02-01,6.941246334310851,682,0.9798850574712644
854,2020-03-01,3.5886260623229465,706,0.9489247311827957
854,2020-04-01,4.639748603351955,716,0.9944444444444445
854,2020-05-01,4.986243016759777,716,0.9623655913978495
854,2020-06-01,2.668044117647059,680,0.9444444444444444
854,2020-07-01,3.4598646820027064,739,0.9932795698924731
854,2020-08-01,4.125597826086957,736,0.989247311827957
854,2020-09-01,4.145601131541726,707,0.9819444444444444
854,2020-10-01,3.6425202156334233,742,0.9973118279569892
854,2020-11-01,3.2286271676300577,692,0.9611111111111111
854,2020-12-01,4.118571428571428,735,0.9879032258064516
854,2021-01-01,3.9234972677595628,732,0.9838709677419355
854,2021-02-01,3.395839753466872,649,0.9657738095238095
854,2021-03-01,3.327127371273713,738,0.9919354838709677
854,2021-04-01,4.039885550786838,699,0.9708333333333333
854,2021-05-01,5.347086183310533,731,0.9825268817204301
854,2021-06-01,6.161712439418417,619,0.8597222222222223
854,2021-07-01,6.692127371273712,738,0.9919354838709677
854,2021-08-01,5.934979647218453,737,0.9905913978494624
854,2021-09-01,5.929424964936887,713,0.9902777777777778
854,2021-10-01,5.30369918699187,738,0.9919354838709677
854,2021-11-01,3.5646676096181045,707,0.9819444444444444
854,2021-12-01,4.438199718706048,711,0.9556451612903226
854,2022-01-01,4.239756427604871,739,0.9932795698924731
854,2022-02-01,4.892601503759399,665,0.9895833333333334
854,2022-03-01,6.049957865168539,712,0.956989247311828
854,2022-04-01,5.971238938053097,678,0.9416666666666667
854,2022-05-01,7.614524456521739,736,0.989247311827957
854,2022-06-01,5.433319327731092,714,0.9916666666666667
854,2022-07-01,7.014248633879782,732,0.9838709677419355
854,2022-08-01,6.838123287671233,730,0.9811827956989247
854,2022-09-01,4.885223463687151,716,0.9944444444444445
854,2022-10-01,3.6558513513513513,740,0.9946236559139785
854,2022-11-01,2.8163501483679525,674,0.9361111111111111
854,2022-12-01,2.1312777777777776,720,0.967741935483871
854,2023-01-01,2.7569637883008355,718,0.9650537634408602
854,2023-02-01,4.618325791855203,663,0.9866071428571429
854,2023-03-01,4.396016260162602,738,0.9919354838709677
854,2023-04-01,5.852675635276532,669,0.9291666666666667
854,2023-05-01,6.495840220385674,726,0.9758064516129032
854,2023-06-01,5.5474598540145985,685,0.9513888888888888
854,2023-07-01,5.9147819971870605,711,0.9556451612903226
854,2023-08-01,4.6432558139534885,688,0.9247311827956989
854,2023-09-01,3.2793,700,0.9722222222222222
854,2023-10-01,3.42918956043956,728,0.978494623655914
854,2023-11-01,2.7332467532467533,693,0.9625
854,2023-12-01,2.9630989956958396,697,0.9368279569892473
854,2024-01-01,4.587439024390244,738,0.9919354838709677
854,2024-02-01,4.72796511627907,688,0.9885057471264368
854,2024-03-01,4.3533243243243245,740,0.9946236559139785
854,2024-04-01,4.032175141242938,708,0.9833333333333333
854,2024-05-01,4.477884344146686,709,0.9529569892473119
854,2024-06-01,3.732384291725105,713,0.9902777777777778
854,2024-07-01,6.554305364511691,727,0.9771505376344086
854,2024-08-01,5.050122282608696,736,0.989247311827957
854,2024-09-01,3.8822594142259415,717,0.9958333333333333
854,2024-10-01,3.90127198917456,739,0.9932795698924731
854,2024-11-01,2.73486524822695,705,0.9791666666666666
854,2024-12-01,3.8137077131258454,739,0.9932795698924731
854,2025-01-01,2.975418381344307,729,0.9798387096774194
854,2025-02-01,3.2978571428571426,658,0.9791666666666666
854,2025-03-01,4.368360433604336,738,0.9919354838709677
854,2025-04-01,4.1503651685393255,712,0.9888888888888889
854,2025-05-01,5.265659340659341,728,0.978494623655914
854,2025-06-01,6.411220196353436,713,0.9902777777777778
854,2025-07-01,5.188328804347826,736,0.989247311827957
854,2025-08-01,4.731023192360164,733,0.9852150537634409
854,2025-09-01,3.3771207865168544,712,0.9888888888888889
854,2025-10-01,2.9759727891156467,735,0.9879032258064516
854,2025-11-01,2.207603833865815,626,0.8694444444444445
854,2025-12-01,2.342289325842697,712,0.956989247311828
854,2026-01-01,2.93968970380818,709,0.9529569892473119
854,2026-02-01,2.763655589123867,662,0.9851190476190477
854,2026-03-01,3.767040673211781,713,0.9583333333333334
854,2026-04-01,5.295121255349501,701,0.9736111111111111
854,2026-05-01,4.209412568306011,732,0.9838709677419355
854,2026-06-01,3.821230769230769,715,0.9930555555555556
854,2026-07-01,2.958804347826087,736,0.989247311827957
854,2026-08-01,3.036762295081967,732,0.9838709677419355
854,2026-09-01,2.5849647887323943,284,0.39444444444444443
859,2011-05-01,6.62399,1,0.0013440860215053765
859,2011-06-01,3.2598813786396525,691,0.9597222222222223
859,2011-07-01,4.484451773727648,727,0.9771505376344086
859,2011-08-01,3.6222328342040813,735,0.9879032258064516
859,2011-09-01,4.7885530688395415,698,0.9694444444444444
859,2011-10-01,2.7601813935075654,727,0.9771505376344086
859,2011-11-01,3.3872978677009877,709,0.9847222222222223
859,2011-12-01,3.344790490739726,730,0.9811827956989247
859,2012-01-01,3.5933340708977903,724,0.9731182795698925
859,2012-02-01,3.0835400677679883,681,0.978448275862069
859,2012-03-01,5.852369417803547,733,0.9852150537634409
859,2012-04-01,12.455883185064565,697,0.9680555555555556
859,2012-05-01,15.364740421348316,712,0.956989247311828
859,2012-06-01,13.123208159420289,690,0.9583333333333334
859,2012-07-01,14.012675101763907,737,0.9905913978494624
859,2012-08-01,12.50443303686636,651,0.875
859,2012-09-01,10.25628107936508,630,0.875
859,2012-10-01,18.344375473887816,517,0.6948924731182796
859,2012-11-01,8.43456,706,0.9805555555555555
859,2012-12-01,5.842592358490566,742,0.9973118279569892
859,2013-01-01,7.200504986559139,744,1.0
859,2013-02-01,7.20188474702381,672,1.0
859,2013-03-01,9.448746935483872,744,1.0
859,2013-04-01,11.260856847222222,720,1.0
859,2013-05-01,10.740838830645162,744,1.0
859,2013-06-01,12.400582378303199,719,0.9986111111111111
859,2013-07-01,12.338628842741935,744,1.0
859,2013-08-01,12.133660913978494,744,1.0
859,2013-09-01,9.13235606993007,715,0.9930555555555556
859,2013-10-01,8.27129244623656,744,1.0
859,2013-11-01,5.498282861111111,720,1.0
859,2013-12-01,5.82621748655914,744,1.0
859,2014-01-01,11.711216623531977,688,0.9247311827956989
859,2014-02-01,5.922405669642857,672,1.0
859,2014-03-01,7.206888963660834,743,0.9986559139784946
859,2014-04-01,10.397019180555555,720,1.0
859,2014-05-01,10.19498995967742,744,1.0
859,2014-06-01,9.939997065277778,720,1.0
859,2014-07-01,11.481161322537112,741,0.9959677419354839
859,2014-08-01,8.746115266129031,744,1.0
859,2014-09-01,6.297433111111112,720,1.0
859,2014-10-01,6.076026649193548,744,1.0
859,2014-11-01,4.736042611111111,720,1.0
859,2014-12-01,3.7577877916666664,744,1.0
859,2015-01-01,4.550884365591398,744,1.0
859,2015-02-01,6.869984427710842,664,0.9880952380952381
859,2015-03-01,12.536638400537635,744,1.0
859,2015-04-01,10.924288736111112,720,1.0
859,2015-05-01,13.166692016129032,744,1.0
859,2015-06-01,14.40733688547486,716,0.9944444444444445
859,2015-07-01,10.364055197817189,733,0.9852150537634409
859,2015-08-01,8.58743797158322,739,0.9932795698924731
859,2015-09-01,8.690272419080781,718,0.9972222222222222
859,2015-10-01,5.016170900403768,743,0.9986559139784946
859,2015-11-01,4.780757076111112,720,1.0
859,2015-12-01,3.223959486239782,734,0.9865591397849462
859,2016-01-01,4.639380152638701,739,0.9932795698924731
859,2016-02-01,3.7473220736994217,692,0.9942528735632183
859,2016-03-01,7.543135353494624,744,1.0
859,2016-04-01,9.510749273611111,720,1.0
859,2016-05-01,8.373780545833332,720,0.967741935483871
859,2016-06-01,13.654047459701493,670,0.9305555555555556
859,2016-07-01,10.651164281632653,735,0.9879032258064516
859,2016-08-01,9.32446871389271,727,0.9771505376344086
859,2016-09-01,7.96225339609484,717,0.9958333333333333
859,2016-10-01,6.179149078590786,738,0.9919354838709677
859,2016-11-01,4.844664357142857,700,0.9722222222222222
859,2016-12-01,11.324319498567334,698,0.9381720430107527
859,2017-01-01,17.164448099999998,721,0.9690860215053764
859,2017-02-01,9.989965961251864,671,0.9985119047619048
859,2017-03-01,9.561460363391655,743,0.9986559139784946
859,2017-04-01,16.64439003058104,654,0.9083333333333333
859,2017-05-01,13.5111697574893,701,0.9422043010752689
859,2017-06-01,8.937819444444443,720,1.0
859,2017-07-01,10.66364247311828,744,1.0
859,2017-08-01,9.264414535666218,743,0.9986559139784946
859,2017-09-01,7.3319409282700425,711,0.9875
859,2017-10-01,5.285592991913746,742,0.9973118279569892
859,2017-11-01,3.3655649717514127,708,0.9833333333333333
859,2017-12-01,3.369958158995816,717,0.9637096774193549
859,2018-01-01,5.099261538461539,650,0.8736559139784946
859,2018-02-01,5.964943396226415,530,0.7886904761904762
859,2018-03-01,6.761953125,512,0.6881720430107527
859,2018-04-01,10.147995951417004,494,0.6861111111111111
859,2018-05-01,10.956744186046512,43,0.05779569892473118
859,2018-06-01,12.152000000000001,25,0.034722222222222224
859,2018-07-01,16.363999999999997,5,0.006720430107526882
859,2018-09-01,1.468,10,0.013888888888888888
859,2018-10-01,3.192,15,0.020161290322580645
859,2018-11-01,2.472608695652174,23,0.03194444444444444
859,2019-04-01,8.95,5,0.006944444444444444
859,2019-05-01,10.800999999999998,10,0.013440860215053764
859,2020-12-01,34.82054945054945,182,0.2446236559139785
859,2021-01-01,41.64444293478261,736,0.989247311827957
859,2021-02-01,6.278221476510067,596,0.8869047619047619
859,2021-03-01,6.843929411764706,425,0.571236559139785
859,2021-04-01,5.674351464435147,717,0.9958333333333333
859,2021-05-01,7.549638554216868,664,0.8924731182795699
859,2021-06-01,6.269715504978662,703,0.9763888888888889
859,2021-07-01,5.913678832116788,685,0.9206989247311828
859,2021-08-01,6.320013947001394,717,0.9637096774193549
859,2021-09-01,5.425933147632312,718,0.9972222222222222
859,2021-10-01,4.117294751009421,743,0.9986559139784946
859,2021-11-01,3.2224858757062145,708,0.9833333333333333
859,2021-12-01,2.3685714285714283,14,0.01881720430107527
859,2022-01-01,3.869494680851064,376,0.5053763440860215
859,2022-02-01,5.238428143712575,668,0.9940476190476191
859,2022-03-01,7.408243243243244,740,0.9946236559139785
859,2022-04-01,8.445558659217877,716,0.9944444444444445
859,2022-05-01,10.209466484268125,731,0.9825268817204301
859,2022-06-01,8.571868898186889,717,0.9958333333333333
859,2022-07-01,6.731484480431848,741,0.9959677419354839
859,2022-08-01,6.492226720647773,741,0.9959677419354839
859,2022-09-01,6.162114845938375,714,0.9916666666666667
859,2022-10-01,3.5434729729729733,740,0.9946236559139785
859,2022-11-01,3.6368994413407822,716,0.9944444444444445
859,2022-12-01,4.0453870458135865,633,0.8508064516129032
859,2023-01-01,4.439381868131868,728,0.978494623655914
859,2023-02-01,7.558532934131737,668,0.9940476190476191
859,2023-03-01,8.188882833787467,734,0.9865591397849462
859,2023-04-01,8.454881118881119,715,0.9930555555555556
859,2023-05-01,9.856527027027028,740,0.9946236559139785
859,2023-06-01,9.684496855345913,636,0.8833333333333333
859,2023-07-01,8.007059620596205,738,0.9919354838709677
859,2023-08-01,8.429768707482994,735,0.9879032258064516
859,2023-09-01,7.851220196353436,713,0.9902777777777778
859,2023-10-01,6.718342342342342,555,0.7459677419354839
859,2024-05-01,18.40555555555555,9,0.012096774193548387
859,2024-06-01,5.566248216833095,701,0.9736111111111111
859,2024-07-01,8.673440860215054,744,1.0
859,2024-08-01,8.385497630331752,633,0.8508064516129032
859,2024-09-01,4.9313472222222225,720,1.0
859,2024-10-01,5.036088709677419,744,1.0
859,2024-11-01,3.27475,720,1.0
859,2024-12-01,3.7313458950201883,743,0.9986559139784946
859,2025-01-01,5.360860215053764,744,1.0
859,2025-02-01,6.094984984984985,666,0.9910714285714286
859,2025-03-01,7.2787231182795695,744,1.0
859,2025-04-01,7.598569444444445,720,1.0
859,2025-05-01,7.3482930107526885,744,1.0
859,2025-06-01,7.646416666666667,720,1.0
859,2025-07-01,7.36619623655914,744,1.0
859,2025-08-01,7.260693481276006,721,0.9690860215053764
859,2025-09-01,5.799454277286136,678,0.9416666666666667
859,2025-10-01,5.44358870967742,744,1.0
859,2025-11-01,4.947134238310708,663,0.9208333333333333
859,2025-12-01,3.755013440860215,744,1.0
859,2026-01-01,4.794341397849463,744,1.0
859,2026-02-01,4.778184523809524,672,1.0
859,2026-03-01,6.1091689373297005,734,0.9865591397849462
859,2026-04-01,7.628902777777778,720,1.0
859,2026-05-01,8.058448,625,0.8400537634408602
859,2026-06-01,6.687805555555556,720,1.0
859,2026-07-01,7.194990990990991,555,0.7459677419354839
859,2026-08-01,6.624189189189189,740,0.9946236559139785
859,2026-09-01,4.362925925925926,270,0.375
860,2011-05-01,23.64,1,0.0013440860215053765
860,2011-06-01,7.13781578856338,710,0.9861111111111112
860,2011-07-01,7.602185988161866,729,0.9798387096774194
860,2011-08-01,3.973141129476584,726,0.9758064516129032
860,2011-09-01,5.449688440310296,709,0.9847222222222223
860,2011-10-01,4.792109829111111,720,0.967741935483871
860,2011-11-01,4.041322430535211,710,0.9861111111111112
860,2011-12-01,3.588556630027211,735,0.9879032258064516
860,2012-01-01,3.8812719645006837,731,0.9825268817204301
860,2012-02-01,3.59767407869883,684,0.9827586206896551
860,2012-03-01,5.600941150435373,735,0.9879032258064516
860,2012-04-01,9.946569209558824,680,0.9444444444444444
860,2012-05-01,11.089653977900554,724,0.9731182795698925
860,2012-06-01,8.675257283475784,702,0.975
860,2012-07-01,8.932426218281037,733,0.9852150537634409
860,2012-08-01,8.042448037138927,727,0.9771505376344086
860,2012-09-01,9.189943783357245,697,0.9680555555555556
860,2012-10-01,7.032414702857143,700,0.9408602150537635
860,2012-11-01,6.959803677777778,720,1.0
860,2012-12-01,4.240374577078652,712,0.956989247311828
860,2013-01-01,5.60310607674074,675,0.907258064516129
860,2013-02-01,6.102078139880953,672,1.0
860,2013-03-01,8.028298349766718,643,0.864247311827957
860,2013-04-01,36.12829575286783,401,0.5569444444444445
860,2013-05-01,5.108927187407407,675,0.907258064516129
860,2013-06-01,9.932111899709724,689,0.9569444444444445
860,2013-07-01,8.178582044152778,720,0.967741935483871
860,2013-08-01,7.283459269664634,656,0.8817204301075269
860,2013-09-01,4.746472309369676,587,0.8152777777777778
860,2013-10-01,4.297243231918506,589,0.7916666666666666
860,2013-11-01,3.905535905732484,471,0.6541666666666667
860,2013-12-01,4.146036614962121,528,0.7096774193548387
860,2014-01-01,2.7776756932523363,535,0.7190860215053764
860,2014-02-01,4.255499083734177,474,0.7053571428571429
860,2014-03-01,7.633670930733945,654,0.8790322580645161
860,2014-04-01,7.0051999109090906,495,0.6875
860,2014-05-01,9.119583639670932,547,0.7352150537634409
860,2014-06-01,12.162202045930718,433,0.6013888888888889
860,2014-07-01,17.471813129545456,440,0.5913978494623656
860,2014-08-01,6.625252189773242,441,0.592741935483871
860,2014-09-01,3.2963695263383297,467,0.6486111111111111
860,2014-10-01,3.9336796377350423,702,0.9435483870967742
860,2014-11-01,3.036315819668309,609,0.8458333333333333
860,2014-12-01,3.2784510482293423,593,0.7970430107526881
860,2015-01-01,2.7070766067215817,607,0.8158602150537635
860,2015-02-01,6.208866227591706,627,0.9330357142857143
860,2015-03-01,6.160827128995757,707,0.9502688172043011
860,2015-04-01,8.276074702828854,707,0.9819444444444444
860,2015-05-01,8.218933564366196,710,0.9543010752688172
860,2015-06-01,6.566336054276826,643,0.8930555555555556
860,2015-07-01,8.33581729133425,727,0.9771505376344086
860,2015-08-01,5.268792111312849,716,0.9623655913978495
860,2015-09-01,5.364311910626822,686,0.9527777777777777
860,2015-10-01,4.177129653448276,696,0.9354838709677419
860,2015-11-01,3.1203093398507464,670,0.9305555555555556
860,2015-12-01,3.060515093625369,678,0.9112903225806451
860,2016-01-01,4.436070963173913,690,0.9274193548387096
860,2016-02-01,4.564899949114332,621,0.8922413793103449
860,2016-03-01,7.640513137466307,742,0.9973118279569892
860,2016-04-01,7.6614885625,704,0.9777777777777777
860,2016-05-01,10.23809465577957,744,1.0
860,2016-06-01,8.304175492896936,718,0.9972222222222222
860,2016-07-01,6.591010796032832,731,0.9825268817204301
860,2016-08-01,6.083913627953891,694,0.9327956989247311
860,2016-09-01,6.6312528466763005,692,0.9611111111111111
860,2016-10-01,8.225827230136986,730,0.9811827956989247
860,2016-11-01,4.619555160390516,717,0.9958333333333333
860,2016-12-01,3.766553125,736,0.989247311827957
860,2017-01-01,3.504428758240224,716,0.9623655913978495
860,2017-02-01,5.603941733931241,669,0.9955357142857143
860,2017-03-01,8.015542577597842,741,0.9959677419354839
860,2017-04-01,11.580998793828893,713,0.9902777777777778
860,2017-05-01,9.41259158751696,737,0.9905913978494624
860,2017-06-01,8.385555555555555,720,1.0
860,2017-07-01,9.83840053763441,744,1.0
860,2017-08-01,8.045962314939434,743,0.9986559139784946
860,2017-09-01,6.529569444444444,720,1.0
860,2017-10-01,4.467533692722371,742,0.9973118279569892
860,2017-11-01,5.6260028449502135,703,0.9763888888888889
860,2017-12-01,4.500302197802197,728,0.978494623655914
860,2018-01-01,5.848553259141494,629,0.8454301075268817
860,2018-02-01,7.513844537815126,476,0.7083333333333334
860,2018-03-01,8.080813609467455,676,0.9086021505376344
860,2018-04-01,10.251924882629107,639,0.8875
860,2018-05-01,10.638223880597014,670,0.9005376344086021
860,2018-06-01,8.830816944024205,661,0.9180555555555555
860,2018-07-01,10.189514731369151,577,0.7755376344086021
860,2018-09-01,2.146,5,0.006944444444444444
860,2018-10-01,2.87,10,0.013440860215053764
860,2019-04-01,18.89,1,0.001388888888888889
860,2019-05-01,18.405,4,0.005376344086021506
860,2019-06-01,4.148000000000001,5,0.006944444444444444
860,2019-07-01,8.55298245614035,57,0.07661290322580645
860,2019-08-01,9.986066666666668,150,0.20161290322580644
860,2019-09-01,8.126615384615384,130,0.18055555555555555
860,2019-10-01,5.319625,80,0.10752688172043011
860,2019-11-01,5.107428571428571,35,0.04861111111111111
860,2019-12-01,4.3812,25,0.033602150537634407
860,2020-01-01,6.5655,20,0.026881720430107527
860,2020-02-01,5.734,5,0.007183908045977011
860,2020-03-01,29.846000000000004,5,0.006720430107526882
860,2020-04-01,13.315999999999999,5,0.006944444444444444
860,2020-06-01,19.648000000000003,5,0.006944444444444444
860,2020-12-01,2.997637362637363,182,0.2446236559139785
860,2021-01-01,3.9054802259887005,708,0.9516129032258065
860,2021-02-01,2.465453172205438,662,0.9851190476190477
860,2021-03-01,3.5271159029649595,742,0.9973118279569892
860,2021-04-01,3.3303916083916083,715,0.9930555555555556
860,2021-05-01,2.46353021978022,728,0.978494623655914
860,2021-06-01,14.166854724964738,709,0.9847222222222223
860,2021-07-01,6.615364806866953,699,0.9395161290322581
860,2021-08-01,37.23822010869566,736,0.989247311827957
860,2021-09-01,21.682242339832868,718,0.9972222222222222
860,2021-10-01,7.630251748251748,715,0.9610215053763441
860,2021-11-01,2.029358437935844,717,0.9958333333333333
860,2021-12-01,1.745,16,0.021505376344086023
860,2022-01-01,3.686688311688312,308,0.41397849462365593
860,2022-02-01,7.023513071895425,612,0.9107142857142857
860,2022-03-01,8.456295180722892,664,0.8924731182795699
860,2022-04-01,9.417478108581436,571,0.7930555555555555
860,2022-05-01,13.122928679817907,659,0.885752688172043
860,2022-06-01,11.299493865030675,652,0.9055555555555556
860,2022-07-01,9.875256756756757,740,0.9946236559139785
860,2022-08-01,9.729675675675676,740,0.9946236559139785
860,2022-09-01,8.294264487369984,673,0.9347222222222222
860,2022-10-01,5.846874154262517,739,0.9932795698924731
860,2022-11-01,5.009734513274336,678,0.9416666666666667
860,2022-12-01,5.006115007012623,713,0.9583333333333334
860,2023-01-01,4.739154518950437,686,0.9220430107526881
860,2023-02-01,8.756811377245509,668,0.9940476190476191
860,2023-03-01,8.50695224719101,712,0.956989247311828
860,2023-04-01,9.941483679525223,674,0.9361111111111111
860,2023-05-01,13.439341317365269,668,0.8978494623655914
860,2023-06-01,11.466624000000001,625,0.8680555555555556
860,2023-07-01,11.144590395480225,708,0.9516129032258065
860,2023-08-01,12.087832278481013,632,0.8494623655913979
860,2023-09-01,10.209498480243163,658,0.9138888888888889
860,2023-10-01,9.476166666666668,120,0.16129032258064516
860,2024-05-01,16.284000000000002,35,0.04704301075268817
860,2024-06-01,23.089152777777777,720,1.0
860,2024-07-01,20.194005376344087,744,1.0
860,2024-08-01,11.506868279569893,744,1.0
860,2024-09-01,6.065945165945165,693,0.9625
860,2024-10-01,5.846709677419355,310,0.4166666666666667
860,2024-11-01,5.272694444444444,720,1.0
860,2024-12-01,5.105490196078431,663,0.8911290322580645
860,2025-01-01,4.904585091420534,711,0.9556451612903226
860,2025-02-01,5.719318181818181,616,0.9166666666666666
860,2025-03-01,6.540795660036166,553,0.7432795698924731
860,2025-04-01,9.604708333333333,720,1.0
860,2025-05-01,10.61271870794078,743,0.9986559139784946
860,2025-06-01,12.708778735632183,696,0.9666666666666667
860,2025-07-01,12.156731343283582,670,0.9005376344086021
860,2025-08-01,10.049973009446694,741,0.9959677419354839
860,2025-09-01,7.457810320781032,717,0.9958333333333333
860,2025-10-01,7.0529435483870975,744,1.0
860,2025-11-01,5.619388971684054,671,0.9319444444444445
860,2025-12-01,4.155510752688172,744,1.0
860,2026-01-01,4.8279407806191115,743,0.9986559139784946
860,2026-02-01,5.0867708333333335,672,1.0
860,2026-03-01,6.84149193548387,744,1.0
860,2026-04-01,9.87486111111111,720,1.0
860,2026-05-01,12.759543010752688,744,1.0
860,2026-06-01,11.285208333333333,720,1.0
860,2026-07-01,7.576392757660168,718,0.9650537634408602
860,2026-08-01,8.061023738872404,674,0.9059139784946236
860,2026-09-01,8.370627062706271,303,0.42083333333333334
870,2020-02-01,11.152875939849624,532,0.764367816091954
870,2020-03-01,8.563439667128987,721,0.9690860215053764
870,2020-04-01,10.982979020979021,715,0.9930555555555556
870,2020-05-01,6.714466292134831,712,0.956989247311828
870,2020-06-01,4.2043536121673,526,0.7305555555555555
870,2020-07-01,8.87414864864865,740,0.9946236559139785
870,2020-08-01,8.721594594594594,740,0.9946236559139785
870,2020-09-01,8.52393063583815,692,0.9611111111111111
870,2020-10-01,8.988484848484848,726,0.9758064516129032
870,2020-11-01,8.953377581120945,678,0.9416666666666667
870,2020-12-01,8.620690647482014,695,0.9341397849462365
870,2021-01-01,9.267983539094649,729,0.9798387096774194
870,2021-02-01,7.957402402402402,666,0.9910714285714286
870,2021-03-01,7.5464714086471405,717,0.9637096774193549
870,2021-04-01,8.06274011299435,708,0.9833333333333333
870,2021-05-01,8.88904827586207,725,0.9744623655913979
870,2021-06-01,9.773914373088685,654,0.9083333333333333
870,2021-07-01,11.578141210374639,694,0.9327956989247311
870,2021-08-01,10.206518105849582,718,0.9650537634408602
870,2021-09-01,8.832291066282421,694,0.9638888888888889
870,2021-10-01,9.25058091286307,723,0.9717741935483871
870,2021-11-01,9.43073654390935,706,0.9805555555555555
870,2021-12-01,9.335808720112517,711,0.9556451612903226
870,2022-01-01,5.848,715,0.9610215053763441
870,2022-02-01,8.947219662058373,651,0.96875
870,2022-03-01,8.463050847457627,708,0.9516129032258065
870,2022-04-01,8.219176470588234,595,0.8263888888888888
870,2022-05-01,11.729421128798842,691,0.928763440860215
870,2022-06-01,8.009491279069767,688,0.9555555555555556
870,2022-07-01,6.308173076923077,624,0.8387096774193549
870,2022-08-01,8.113836671802774,649,0.8723118279569892
870,2022-09-01,9.404532374100718,695,0.9652777777777778
870,2022-10-01,5.9438048090523345,707,0.9502688172043011
870,2022-11-01,7.031828571428571,700,0.9722222222222222
870,2022-12-01,8.034728789986092,719,0.9663978494623656
870,2023-01-01,7.56865836791148,723,0.9717741935483871
870,2023-02-01,10.407713414634147,656,0.9761904761904762
870,2023-03-01,8.48743411927878,721,0.9690860215053764
870,2023-04-01,7.758618233618233,702,0.975
870,2023-05-01,8.628512396694216,726,0.9758064516129032
870,2023-06-01,7.422492753623189,690,0.9583333333333334
870,2023-07-01,6.234965034965035,715,0.9610215053763441
870,2023-08-01,4.769853801169591,684,0.9193548387096774
870,2023-09-01,4.476188340807175,669,0.9291666666666667
870,2023-10-01,7.545566343042071,618,0.8306451612903226
870,2023-11-01,7.065457227138643,678,0.9416666666666667
870,2023-12-01,5.414023323615161,686,0.9220430107526881
870,2024-01-01,6.755960729312763,713,0.9583333333333334
870,2024-02-01,8.748968609865472,669,0.9612068965517241
870,2024-03-01,11.213781163434904,722,0.9704301075268817
870,2024-04-01,9.82868731563422,678,0.9416666666666667
870,2024-05-01,8.939462068965517,725,0.9744623655913979
870,2024-06-01,6.126391231028667,593,0.8236111111111111
870,2024-07-01,8.602457142857142,525,0.7056451612903226
870,2024-08-01,7.071635220125787,477,0.6411290322580645
870,2024-09-01,8.606127596439169,674,0.9361111111111111
870,2024-10-01,10.374693877551021,686,0.9220430107526881
870,2024-11-01,7.223504273504273,702,0.975
870,2024-12-01,9.803605633802817,710,0.9543010752688172
870,2025-01-01,9.010013986013986,715,0.9610215053763441
870,2025-02-01,10.001784037558686,639,0.9508928571428571
870,2025-03-01,8.96025069637883,718,0.9650537634408602
870,2025-04-01,7.074956896551725,696,0.9666666666666667
870,2025-05-01,6.455504,625,0.8400537634408602
870,2025-06-01,6.661262626262626,594,0.825
870,2025-07-01,8.70652754590985,599,0.8051075268817204
870,2025-08-01,6.264977711738484,673,0.9045698924731183
870,2025-09-01,22.8742238267148,554,0.7694444444444445
870,2025-10-01,4.578468013468013,594,0.7983870967741935
870,2025-11-01,3.8544262295081966,549,0.7625
870,2025-12-01,6.661052631578948,570,0.7661290322580645
870,2026-01-01,7.227695390781563,499,0.6706989247311828
870,2026-02-01,6.348860759493671,474,0.7053571428571429
870,2026-03-01,6.020038834951457,515,0.6922043010752689
870,2026-04-01,8.60672514619883,513,0.7125
870,2026-05-01,9.386906077348067,543,0.7298387096774194
870,2026-06-01,7.131636363636364,550,0.7638888888888888
870,2026-07-01,6.5667605633802815,568,0.7634408602150538
870,2026-08-01,24.299396092362343,563,0.7567204301075269
870,2026-09-01,41.66861471861472,231,0.32083333333333336
878,2019-11-01,5.533333333333333,33,0.04583333333333333
878,2019-12-01,4.587903225806452,744,1.0
878,2020-01-01,5.576478494623656,744,1.0
878,2020-02-01,6.285919540229885,696,1.0
878,2020-03-01,6.103763440860215,744,1.0
878,2020-04-01,10.763235294117646,408,0.5666666666666667
878,2020-05-01,10.653562340966921,393,0.5282258064516129
878,2020-06-01,7.655763888888888,720,1.0
878,2020-07-01,7.439771197846568,743,0.9986559139784946
878,2020-08-01,7.321829608938548,716,0.9623655913978495
878,2020-09-01,7.440833333333333,720,1.0
878,2020-10-01,6.445456989247312,744,1.0
878,2020-11-01,5.429138888888889,720,1.0
878,2020-12-01,5.74647619047619,735,0.9879032258064516
878,2021-01-01,4.50597510373444,723,0.9717741935483871
878,2021-02-01,6.6814523449319205,661,0.9836309523809523
878,2021-03-01,8.28489010989011,728,0.978494623655914
878,2021-04-01,8.822208157524614,711,0.9875
878,2021-05-01,8.288527777777777,720,0.967741935483871
878,2021-06-01,8.920826833073322,641,0.8902777777777777
878,2021-07-01,7.688087431693989,732,0.9838709677419355
878,2021-08-01,5.875716234652114,733,0.9852150537634409
878,2021-09-01,5.323314447592068,706,0.9805555555555555
878,2021-10-01,5.5311004784688995,627,0.842741935483871
878,2021-11-01,3.9856005788712014,691,0.9597222222222223
878,2021-12-01,4.583296398891966,722,0.9704301075268817
878,2022-01-01,3.7048071625344354,726,0.9758064516129032
878,2022-02-01,5.029361344537815,595,0.8854166666666666
878,2022-03-01,6.327590529247911,718,0.9650537634408602
878,2022-04-01,8.862539007092199,705,0.9791666666666666
878,2022-05-01,11.934713286713286,715,0.9610215053763441
878,2022-06-01,6.190929899856939,699,0.9708333333333333
878,2022-07-01,7.423695054945055,728,0.978494623655914
878,2022-08-01,7.697202925045704,547,0.7352150537634409
878,2022-09-01,7.345857359635812,659,0.9152777777777777
878,2022-10-01,4.420134048257372,373,0.5013440860215054
878,2022-11-01,5.063655462184873,714,0.9916666666666667
878,2022-12-01,6.5849595687331535,742,0.9973118279569892
878,2023-01-01,5.180961538461538,728,0.978494623655914
878,2023-02-01,4.118028391167193,634,0.9434523809523809
878,2023-03-01,4.9969188445667125,727,0.9771505376344086
878,2023-04-01,7.345063649222065,707,0.9819444444444444
878,2023-05-01,7.333388203017833,729,0.9798387096774194
878,2023-06-01,7.464562146892655,708,0.9833333333333333
878,2023-07-01,8.090719131614653,737,0.9905913978494624
878,2023-08-01,8.311004784688995,627,0.842741935483871
878,2023-09-01,3.6335616438356166,511,0.7097222222222223
878,2023-10-01,5.31625,496,0.6666666666666666
878,2023-11-01,6.424508426966292,712,0.9888888888888889
878,2023-12-01,5.347560646900269,742,0.9973118279569892
878,2024-01-01,5.541283783783784,740,0.9946236559139785
878,2024-02-01,5.1724201680672275,595,0.8548850574712644
878,2024-03-01,7.075101214574898,741,0.9959677419354839
878,2024-04-01,8.441360448807854,713,0.9902777777777778
878,2024-05-01,9.470027100271002,738,0.9919354838709677
878,2024-06-01,6.673059273422562,523,0.7263888888888889
878,2024-07-01,12.351754385964911,741,0.9959677419354839
878,2024-08-01,9.515755494505495,728,0.978494623655914
878,2024-09-01,6.620111265646731,719,0.9986111111111111
878,2024-10-01,6.424387096774193,620,0.8333333333333334
878,2024-11-01,4.610273722627737,548,0.7611111111111111
878,2024-12-01,4.615733558178753,593,0.7970430107526881
878,2025-01-01,5.0095238095238095,546,0.7338709677419355
878,2025-02-01,7.610665557404326,601,0.8943452380952381
878,2025-03-01,5.383006802721089,735,0.9879032258064516
878,2025-04-01,8.985027777777779,720,1.0
878,2025-05-01,9.004986559139786,744,1.0
878,2025-06-01,11.991397459165155,551,0.7652777777777777
878,2025-07-01,8.275819672131147,732,0.9838709677419355
878,2025-08-01,8.084379263301502,733,0.9852150537634409
878,2025-09-01,5.317429775280899,712,0.9888888888888889
878,2025-10-01,4.417715458276334,731,0.9825268817204301
878,2025-11-01,3.5253230337078656,712,0.9888888888888889
878,2025-12-01,5.4874285714285715,665,0.8938172043010753
878,2026-01-01,5.123074829931973,735,0.9879032258064516
878,2026-02-01,4.669207772795216,669,0.9955357142857143
878,2026-03-01,6.136788124156545,741,0.9959677419354839
878,2026-04-01,8.42538569424965,713,0.9902777777777778
878,2026-05-01,10.514246947082768,737,0.9905913978494624
878,2026-06-01,8.066775568181818,704,0.9777777777777777
878,2026-07-01,6.326711590296496,742,0.9973118279569892
878,2026-08-01,6.065577956989247,744,1.0
878,2026-09-01,5.80032154340836,311,0.43194444444444446
879,2020-12-01,5.13,181,0.24327956989247312
879,2021-01-01,6.17912305516266,707,0.9502688172043011
879,2021-02-01,7.871467889908256,654,0.9732142857142857
879,2021-03-01,8.435325203252033,738,0.9919354838709677
879,2021-04-01,8.575941422594141,717,0.9958333333333333
879,2021-05-01,11.433957996768982,619,0.831989247311828
879,2021-06-01,9.42685534591195,159,0.22083333333333333
879,2021-07-01,20.415292207792206,616,0.8279569892473119
879,2021-08-01,19.942941176470587,697,0.9368279569892473
879,2021-09-01,26.22397222222222,720,1.0
879,2021-10-01,26.994339622641508,742,0.9973118279569892
879,2021-11-01,23.54687150837989,179,0.24861111111111112
879,2022-01-01,3.1757519788918205,379,0.5094086021505376
879,2022-02-01,6.728391502276176,659,0.9806547619047619
879,2022-03-01,9.134970760233918,684,0.9193548387096774
879,2022-04-01,10.315960729312762,713,0.9902777777777778
879,2022-05-01,13.036959553695956,717,0.9637096774193549
879,2022-06-01,14.157244755244756,715,0.9930555555555556
879,2022-07-01,12.828326474622772,729,0.9798387096774194
879,2022-08-01,18.48941655359566,737,0.9905913978494624
879,2022-09-01,15.213610719322991,709,0.9847222222222223
879,2022-10-01,9.926630581867387,739,0.9932795698924731
879,2022-11-01,6.503519882179677,679,0.9430555555555555
879,2022-12-01,8.555278969957081,699,0.9395161290322581
879,2023-01-01,7.873135135135135,740,0.9946236559139785
879,2023-02-01,11.686506024096385,581,0.8645833333333334
879,2023-03-01,15.729024390243904,738,0.9919354838709677
879,2023-04-01,14.452822695035461,705,0.9791666666666666
879,2023-05-01,10.871849791376912,719,0.9663978494623656
879,2023-06-01,10.589311334289814,697,0.9680555555555556
879,2023-07-01,13.72087912087912,728,0.978494623655914
879,2023-08-01,12.7003125,736,0.989247311827957
879,2023-09-01,8.48433988764045,712,0.9888888888888889
879,2023-10-01,7.405480943738657,551,0.7405913978494624
879,2024-05-01,13.966315789473684,19,0.025537634408602152
879,2024-06-01,6.619083333333333,720,1.0
879,2024-07-01,12.094387001477104,677,0.9099462365591398
879,2024-08-01,9.10591836734694,637,0.8561827956989247
879,2024-09-01,6.010666666666667,720,1.0
879,2024-10-01,5.847688172043011,744,1.0
879,2024-11-01,4.004416666666667,720,1.0
879,2024-12-01,4.948051075268817,744,1.0
879,2025-01-01,5.148064516129032,744,1.0
879,2025-02-01,6.511681681681681,666,0.9910714285714286
879,2025-03-01,7.154529569892474,744,1.0
879,2025-04-01,9.467847222222222,720,1.0
879,2025-05-01,10.050819892473118,744,1.0
879,2025-06-01,12.27363888888889,720,1.0
879,2025-07-01,12.26650067294751,743,0.9986559139784946
879,2025-08-01,9.444771505376345,744,1.0
879,2025-09-01,6.625888888888889,720,1.0
879,2025-10-01,5.1362993197278906,735,0.9879032258064516
879,2025-11-01,5.340708333333334,720,1.0
879,2025-12-01,4.355819892473118,744,1.0
879,2026-01-01,5.375430107526882,744,1.0
879,2026-02-01,4.753169642857143,672,1.0
879,2026-03-01,7.001975806451613,744,1.0
879,2026-04-01,10.276027777777777,720,1.0
879,2026-05-01,14.13021505376344,744,1.0
879,2026-06-01,11.170527777777778,720,1.0
879,2026-07-01,8.609111709286676,743,0.9986559139784946
879,2026-08-01,8.254102564102563,702,0.9435483870967742
879,2026-09-01,7.036870967741935,310,0.4305555555555556
880,2020-12-01,1.902,5,0.006720430107526882
880,2021-01-01,2.0385714285714287,28,0.03763440860215054
880,2022-01-01,2.724280442804428,271,0.364247311827957
880,2022-02-01,4.305578947368421,665,0.9895833333333334
880,2022-03-01,5.351754385964912,741,0.9959677419354839
880,2022-04-01,5.8065625,704,0.9777777777777777
880,2022-05-01,8.121578231292517,735,0.9879032258064516
880,2022-06-01,3.8528251121076234,669,0.9291666666666667
880,2022-07-01,3.841742043551089,597,0.8024193548387096
880,2022-08-01,5.879240162822253,737,0.9905913978494624
880,2022-09-01,4.313252279635258,658,0.9138888888888889
880,2022-10-01,1.7301433121019107,628,0.8440860215053764
880,2022-11-01,1.4982511923688393,629,0.8736111111111111
880,2022-12-01,3.578826291079812,639,0.8588709677419355
880,2023-01-01,3.0207210031347964,638,0.8575268817204301
880,2023-02-01,5.63080985915493,568,0.8452380952380952
880,2023-03-01,5.217074175824176,728,0.978494623655914
880,2023-04-01,4.892038980509745,667,0.9263888888888889
880,2023-05-01,5.166353322528363,617,0.8293010752688172
880,2023-06-01,5.036884955752213,565,0.7847222222222222
880,2023-07-01,3.355395189003436,582,0.782258064516129
880,2023-08-01,3.8597740112994345,708,0.9516129032258065
880,2023-09-01,3.583200568990043,703,0.9763888888888889
880,2023-10-01,3.5852631578947367,513,0.6895161290322581
880,2024-05-01,1.6325,16,0.021505376344086023
880,2024-06-01,4.762811839323467,473,0.6569444444444444
880,2024-07-01,8.29415620641562,717,0.9637096774193549
880,2024-08-01,5.342159090909091,616,0.8279569892473119
880,2024-09-01,3.8345885634588566,717,0.9958333333333333
880,2024-10-01,4.702305516265913,707,0.9502688172043011
880,2024-11-01,4.184705882352941,629,0.8736111111111111
880,2024-12-01,3.898502024291498,741,0.9959677419354839
880,2025-01-01,4.645362903225807,744,1.0
880,2025-02-01,5.302833078101072,653,0.9717261904761905
880,2025-03-01,5.688164739884393,692,0.9301075268817204
880,2025-04-01,6.789207232267037,719,0.9986111111111111
880,2025-05-01,6.678,680,0.9139784946236559
880,2025-06-01,6.288221225710014,669,0.9291666666666667
880,2025-07-01,7.234151785714286,672,0.9032258064516129
880,2025-08-01,5.623787878787879,726,0.9758064516129032
880,2025-09-01,3.6869522471910114,712,0.9888888888888889
880,2025-10-01,4.473443983402489,482,0.6478494623655914
880,2025-11-01,3.41052067381317,653,0.9069444444444444
880,2025-12-01,3.1003761755485892,638,0.8575268817204301
880,2026-01-01,8.996805845511483,479,0.6438172043010753
880,2026-02-01,3.6944356435643564,505,0.7514880952380952
880,2026-03-01,5.77425,680,0.9139784946236559
880,2026-04-01,6.964002869440459,697,0.9680555555555556
880,2026-05-01,7.072878787878788,660,0.8870967741935484
880,2026-06-01,5.18117816091954,696,0.9666666666666667
880,2026-07-01,5.178186813186813,546,0.7338709677419355
880,2026-08-01,4.97067880794702,604,0.8118279569892473
880,2026-09-01,4.843966244725738,237,0.32916666666666666
901,2000-01-01,13.649999999999999,2,0.002688172043010753
901,2004-03-01,1.8,2,0.002688172043010753
901,2004-04-01,6.570819881231672,682,0.9472222222222222
901,2004-05-01,12.759007413513514,222,0.29838709677419356
901,2004-06-01,9.289585333523538,701,0.9736111111111111
901,2004-07-01,8.891457009131075,679,0.9126344086021505
901,2004-08-01,10.962082076666666,720,0.967741935483871
901,2004-09-01,7.9964014066187055,695,0.9652777777777778
901,2004-10-01,5.534549035674157,712,0.956989247311828
901,2004-11-01,3.5636088797671035,687,0.9541666666666667
901,2004-12-01,2.8868217967789165,683,0.918010752688172
901,2005-01-01,1.8032738040927694,733,0.9852150537634409
901,2005-02-01,1.3965513962382445,638,0.9494047619047619
901,2005-03-01,5.1102410234501345,742,0.9973118279569892
901,2005-04-01,8.584720833055556,720,1.0
901,2005-05-01,7.6626548640625005,640,0.8602150537634409
901,2005-06-01,6.832915540555555,720,1.0
901,2005-07-01,10.275536217741935,744,1.0
901,2005-08-01,9.549864464247312,744,1.0
901,2005-09-01,6.3488877325,720,1.0
901,2005-10-01,4.114918205107527,744,1.0
901,2005-11-01,2.7834711847222224,720,1.0
901,2005-12-01,2.013709216666667,744,1.0
901,2006-01-01,1.3145159462365592,744,1.0
901,2006-02-01,2.8624996769345237,672,1.0
901,2006-03-01,5.218950560215053,744,1.0
901,2006-04-01,5.971564293450479,626,0.8694444444444445
901,2006-05-01,7.247983116263441,744,1.0
901,2006-06-01,7.879026644722222,720,1.0
901,2006-07-01,8.583309033518775,719,0.9663978494623656
901,2006-08-01,7.206853951344086,744,1.0
901,2006-09-01,6.558749088472221,720,1.0
901,2006-10-01,3.5982518413978495,744,1.0
901,2006-11-01,2.7666659619444443,720,1.0
901,2006-12-01,2.529514119541779,742,0.9973118279569892
901,2007-01-01,1.3579298607526882,744,1.0
901,2007-02-01,3.067409678571429,672,1.0
901,2007-03-01,4.259407263172043,744,1.0
901,2007-04-01,6.810831519444444,720,1.0
901,2007-05-01,8.949460954301076,744,1.0
901,2007-06-01,9.184581779444445,720,1.0
901,2007-07-01,8.521369642473118,744,1.0
901,2007-08-01,10.59287506155914,744,1.0
901,2007-09-01,6.512359752777777,720,1.0
901,2007-10-01,4.03749873360215,744,1.0
901,2007-11-01,2.5695258733727813,676,0.9388888888888889
901,2007-12-01,2.1458216016172504,742,0.9973118279569892
901,2008-01-01,2.3675265217391304,736,0.989247311827957
901,2008-02-01,2.380408909356725,684,0.9827586206896551
901,2008-03-01,5.3133611093117405,741,0.9959677419354839
901,2008-04-01,7.4457207713884985,713,0.9902777777777778
901,2008-05-01,5.778118098272553,521,0.7002688172043011
901,2008-06-01,10.985327892420537,409,0.5680555555555555
901,2008-07-01,8.44347717798913,736,0.989247311827957
901,2008-08-01,7.222775345822102,742,0.9973118279569892
901,2008-09-01,6.403260872340426,705,0.9791666666666666
901,2008-10-01,3.7919017765182184,741,0.9959677419354839
901,2008-11-01,2.9085069921896793,717,0.9958333333333333
901,2008-12-01,2.4069289673913046,736,0.989247311827957
901,2009-01-01,1.668954027586207,203,0.2728494623655914
901,2009-02-01,2.9372957210714286,560,0.8333333333333334
901,2009-03-01,4.915843279569892,744,1.0
901,2009-04-01,7.2791421515064565,697,0.9680555555555556
901,2009-05-01,16.350243812280702,399,0.5362903225806451
901,2014-07-01,11.585270155038758,129,0.17338709677419356
901,2014-08-01,10.352553138686131,137,0.18413978494623656
902,2012-04-01,8.539140981506494,385,0.5347222222222222
902,2012-05-01,10.978239830914127,722,0.9704301075268817
902,2012-06-01,16.869721068055554,720,1.0
902,2012-07-01,16.16308411707989,726,0.9758064516129032
902,2012-08-01,10.375809431081082,740,0.9946236559139785
902,2012-09-01,8.178381069735007,717,0.9958333333333333
902,2012-10-01,6.511022518110236,635,0.853494623655914
902,2012-11-01,3.443925879943503,708,0.9833333333333333
902,2012-12-01,4.165536965591397,744,1.0
902,2013-01-01,2.4954354328571426,182,0.2446236559139785
902,2013-03-01,0.0367816091954023,261,0.35080645161290325
902,2013-05-01,1.139316,35,0.04704301075268817
902,2013-06-01,1.169511964630225,311,0.43194444444444446
902,2013-07-01,1.0805569400000001,50,0.06720430107526881
902,2013-08-01,1.1611488607594938,79,0.10618279569892473
902,2013-09-01,1.1214285714285714,42,0.058333333333333334
902,2013-10-01,1.0878855555555556,27,0.036290322580645164
902,2013-11-01,1.4,1,0.001388888888888889
902,2013-12-01,1.342857142857143,7,0.009408602150537635
902,2014-01-01,1.1290322580645162,31,0.041666666666666664
902,2014-02-01,1.2189432500000001,80,0.11904761904761904
902,2014-03-01,1.18546476635514,107,0.14381720430107528
902,2014-04-01,1.3325686607142857,112,0.15555555555555556
902,2014-05-01,1.1795144186046511,43,0.05779569892473118
902,2014-06-01,1.679580170648464,293,0.40694444444444444
902,2014-07-01,2.785472843537415,735,0.9879032258064516
902,2014-08-01,4.281254043126685,742,0.9973118279569892
902,2014-09-01,4.586405328671328,715,0.9930555555555556
902,2014-10-01,4.029205573549258,741,0.9959677419354839
902,2014-11-01,2.5680998083067093,626,0.8694444444444445
902,2014-12-01,2.500301443994602,741,0.9959677419354839
902,2015-01-01,1.9518093321299637,554,0.7446236559139785
902,2015-03-01,4.92769762208068,471,0.6330645161290323
902,2015-04-01,5.563137944055944,715,0.9930555555555556
902,2015-05-01,7.381310391363024,741,0.9959677419354839
902,2015-06-01,9.358728934081347,713,0.9902777777777778
902,2015-07-01,8.974165907859078,738,0.9919354838709677
902,2015-08-01,8.349044391891892,740,0.9946236559139785
902,2015-09-01,7.627716274509804,714,0.9916666666666667
902,2015-10-01,5.716228561736771,737,0.9905913978494624
902,2015-11-01,10.884844657320873,642,0.8916666666666667
902,2015-12-01,3.219143337837838,740,0.9946236559139785
902,2016-01-01,4.158590067476384,741,0.9959677419354839
902,2016-02-01,4.492213829479769,692,0.9942528735632183
902,2016-03-01,6.958427723577236,738,0.9919354838709677
902,2016-04-01,7.767918086592179,716,0.9944444444444445
902,2016-05-01,5.939165135135136,740,0.9946236559139785
902,2016-06-01,5.959011888111888,715,0.9930555555555556
902,2016-07-01,8.66376351826793,739,0.9932795698924731
902,2016-08-01,10.390525797297297,740,0.9946236559139785
902,2016-09-01,9.114979174825175,715,0.9930555555555556
902,2016-10-01,5.524101469194313,422,0.5672043010752689
902,2016-11-01,3.978587329624479,719,0.9986111111111111
902,2016-12-01,2.8985756873315363,742,0.9973118279569892
902,2017-01-01,2.821611130551817,743,0.9986559139784946
902,2017-02-01,3.978737133757962,471,0.7008928571428571
902,2017-03-01,6.105257621082621,702,0.9435483870967742
902,2017-04-01,8.86131348189415,718,0.9972222222222222
902,2017-05-01,12.56943472409152,743,0.9986559139784946
902,2017-06-01,12.913555555555556,720,1.0
902,2017-07-01,12.615013440860215,744,1.0
902,2017-08-01,11.005518169582773,743,0.9986559139784946
902,2017-09-01,8.474291666666666,720,1.0
902,2017-10-01,5.6552425876010775,742,0.9973118279569892
902,2017-11-01,5.418525730180807,719,0.9986111111111111
902,2017-12-01,3.8547843665768196,742,0.9973118279569892
902,2018-01-01,3.4753611111111113,720,0.967741935483871
902,2018-02-01,2.7089536621823616,669,0.9955357142857143
902,2018-03-01,4.6079004037685065,743,0.9986559139784946
902,2018-04-01,7.495574229691877,714,0.9916666666666667
902,2018-05-01,10.755689189189189,740,0.9946236559139785
902,2018-06-01,11.66917597765363,716,0.9944444444444445
902,2018-07-01,10.7253125,736,0.989247311827957
902,2018-08-01,10.500243243243244,740,0.9946236559139785
902,2018-09-01,6.499297752808989,712,0.9888888888888889
902,2018-10-01,5.178022440392707,713,0.9583333333333334
902,2018-11-01,5.037943661971831,710,0.9861111111111112
902,2018-12-01,3.8195565092989985,699,0.9395161290322581
902,2019-01-01,3.4354847645429363,722,0.9704301075268817
902,2019-02-01,2.969740740740741,540,0.8035714285714286
902,2019-03-01,6.708890392422192,739,0.9932795698924731
902,2019-04-01,8.629943899018233,713,0.9902777777777778
902,2019-05-01,11.360486486486487,740,0.9946236559139785
902,2019-06-01,10.174120111731844,716,0.9944444444444445
902,2019-07-01,11.665896739130435,736,0.989247311827957
902,2019-08-01,10.153162162162163,740,0.9946236559139785
902,2019-09-01,6.918128491620112,716,0.9944444444444445
902,2019-10-01,6.314117647058823,714,0.9596774193548387
902,2019-11-01,4.870394736842105,684,0.95
902,2019-12-01,2.47781388478582,677,0.9099462365591398
902,2020-01-01,2.2445060893098785,739,0.9932795698924731
902,2020-02-01,4.926032210834554,683,0.9813218390804598
902,2020-03-01,3.2340841248303933,737,0.9905913978494624
902,2020-04-01,5.33078541374474,713,0.9902777777777778
902,2020-05-01,8.077942779291552,734,0.9865591397849462
902,2020-06-01,8.673980446927374,716,0.9944444444444445
902,2020-07-01,8.835642760487145,739,0.9932795698924731
902,2020-08-01,7.044620596205962,738,0.9919354838709677
902,2020-09-01,4.391410256410256,702,0.975
902,2020-10-01,2.7485694822888282,734,0.9865591397849462
902,2020-11-01,2.140058394160584,685,0.9513888888888888
902,2020-12-01,1.9130829420970266,639,0.8588709677419355
902,2021-01-01,1.9943247588424438,622,0.8360215053763441
902,2021-02-01,2.7243564356435646,606,0.9017857142857143
902,2021-03-01,4.617523680649526,739,0.9932795698924731
902,2021-04-01,6.136626139817629,658,0.9138888888888889
902,2021-05-01,9.891648648648648,740,0.9946236559139785
902,2021-06-01,11.286577086280056,707,0.9819444444444444
902,2021-07-01,10.903342354533153,739,0.9932795698924731
902,2021-08-01,8.421177266576455,739,0.9932795698924731
902,2021-09-01,7.2872905027932955,716,0.9944444444444445
902,2021-10-01,5.239046283309958,713,0.9583333333333334
902,2021-11-01,2.3614606741573034,712,0.9888888888888889
902,2021-12-01,1.8371099050203528,737,0.9905913978494624
902,2022-01-01,1.6417888563049854,682,0.9166666666666666
902,2022-02-01,3.3342792792792793,666,0.9910714285714286
902,2022-03-01,3.660570652173913,736,0.989247311827957
902,2022-04-01,5.558138385502471,607,0.8430555555555556
902,2022-05-01,8.831438263229307,737,0.9905913978494624
902,2022-06-01,9.68145048814505,717,0.9958333333333333
902,2022-07-01,10.474797297297298,740,0.9946236559139785
902,2022-08-01,10.939188092016238,739,0.9932795698924731
902,2022-09-01,8.441519886363636,704,0.9777777777777777
902,2022-10-01,7.607176634214187,719,0.9663978494623656
902,2022-11-01,2.694748427672956,636,0.8833333333333333
902,2022-12-01,3.57730612244898,735,0.9879032258064516
902,2023-01-01,2.4850465838509317,644,0.8655913978494624
902,2023-02-01,3.3753314121037463,347,0.5163690476190477
902,2023-03-01,5.7295522388059705,737,0.9905913978494624
902,2023-04-01,7.699648876404494,712,0.9888888888888889
902,2023-05-01,10.195290933694181,739,0.9932795698924731
902,2023-06-01,11.022422969187675,714,0.9916666666666667
902,2023-07-01,14.061544715447155,738,0.9919354838709677
902,2023-08-01,13.421716216216216,740,0.9946236559139785
902,2023-09-01,9.906187150837988,716,0.9944444444444445
902,2023-10-01,6.149890859481582,733,0.9852150537634409
902,2023-11-01,4.637276536312849,716,0.9944444444444445
902,2023-12-01,3.559023066485753,737,0.9905913978494624
902,2024-01-01,2.3259436619718312,710,0.9543010752688172
902,2024-02-01,2.70546875,640,0.9195402298850575
902,2024-03-01,4.695439783491204,739,0.9932795698924731
902,2024-04-01,8.039177215189873,632,0.8777777777777778
902,2024-05-01,13.134904891304348,736,0.989247311827957
902,2024-06-01,13.108258992805755,695,0.9652777777777778
902,2024-07-01,19.691772665764546,739,0.9932795698924731
902,2024-08-01,19.673063063063065,666,0.8951612903225806
902,2024-09-01,17.741524475524475,715,0.9930555555555556
902,2024-10-01,13.583868715083797,716,0.9623655913978495
902,2024-11-01,8.616972891566265,664,0.9222222222222223
902,2024-12-01,4.890815138282387,687,0.9233870967741935
902,2025-01-01,10.445036284470246,689,0.9260752688172043
902,2025-02-01,10.275681818181818,572,0.8511904761904762
902,2025-03-01,5.872321678321678,715,0.9610215053763441
902,2025-04-01,14.636549707602338,684,0.95
902,2025-05-01,18.145081300813008,738,0.9919354838709677
902,2025-06-01,21.564688385269122,706,0.9805555555555555
902,2025-07-01,19.831327913279132,738,0.9919354838709677
902,2025-08-01,13.20986906710311,611,0.821236559139785
902,2025-09-01,11.841619718309857,710,0.9861111111111112
902,2025-10-01,8.86553412462908,674,0.9059139784946236
902,2025-11-01,3.9281919999999997,625,0.8680555555555556
902,2025-12-01,3.2477131258457375,739,0.9932795698924731
902,2026-01-01,3.6586702849389416,737,0.9905913978494624
902,2026-02-01,7.971308270676692,665,0.9895833333333334
902,2026-03-01,9.29885290148448,741,0.9959677419354839
902,2026-04-01,12.62446327683616,708,0.9833333333333333
902,2026-05-01,16.891049046321527,734,0.9865591397849462
902,2026-06-01,13.07415770609319,558,0.775
902,2026-07-01,11.30924031007752,645,0.8669354838709677
902,2026-08-01,8.723856115107914,695,0.9341397849462365
902,2026-09-01,9.510032467532469,308,0.42777777777777776
A04,2011-06-01,5.77407401650165,303,0.42083333333333334
A04,2011-07-01,5.073420577111517,547,0.7352150537634409
A04,2011-08-01,4.041573413381995,411,0.5524193548387096
B04,2013-08-01,8.30002,1,0.0013440860215053765
B04,2013-09-01,7.627492217573221,717,0.9958333333333333
B04,2013-10-01,3.091852961956522,736,0.989247311827957
B04,2013-11-01,2.397526224489796,686,0.9527777777777777
B04,2013-12-01,1.4943612855007473,669,0.8991935483870968
B04,2014-01-01,1.4892064285714286,581,0.7809139784946236
B04,2014-02-01,2.759529345238095,672,1.0
B04,2014-03-01,3.6419001081081084,740,0.9946236559139785
B04,2014-04-01,8.397655173852574,719,0.9986111111111111
B04,2014-05-01,9.584236720647773,741,0.9959677419354839
B04,2014-06-01,11.77450649930265,717,0.9958333333333333
B04,2014-07-01,12.412328013513513,740,0.9946236559139785
B04,2014-08-01,8.47697602425876,742,0.9973118279569892
B04,2014-09-01,5.753637014492754,690,0.9583333333333334
B04,2014-10-01,5.281119325236167,741,0.9959677419354839
B04,2014-11-01,2.4636414685314683,715,0.9930555555555556
B04,2014-12-01,2.0524514685314683,715,0.9610215053763441
B04,2015-01-01,2.268830458839406,741,0.9959677419354839
B04,2015-02-01,2.5802742899850526,669,0.9955357142857143
B04,2015-03-01,4.862289810040706,737,0.9905913978494624
B04,2015-04-01,8.23223740585774,717,0.9958333333333333
B04,2015-05-01,9.831716346414073,739,0.9932795698924731
B04,2015-06-01,10.451260014430014,693,0.9625
B04,2015-07-01,10.45188152909337,739,0.9932795698924731
B04,2015-08-01,10.945185430916553,731,0.9825268817204301
B04,2015-09-01,7.513901846153845,715,0.9930555555555556
B04,2015-10-01,5.846397291105121,742,0.9973118279569892
B04,2015-11-01,2.9219111424541606,709,0.9847222222222223
B04,2015-12-01,2.7031447010869565,736,0.989247311827957
B04,2016-01-01,2.3707432571428573,700,0.9408602150537635
B04,2016-02-01,2.82211278425656,686,0.985632183908046
B04,2016-03-01,4.163925788043478,736,0.989247311827957
B04,2016-04-01,9.155874374120957,711,0.9875
B04,2016-05-01,14.068224519230771,728,0.978494623655914
B04,2016-06-01,11.773630168067228,714,0.9916666666666667
B04,2016-07-01,10.421045608108107,740,0.9946236559139785
B04,2016-08-01,8.955946172506739,742,0.9973118279569892
B04,2016-09-01,7.185748934659091,704,0.9777777777777777
B04,2016-10-01,4.392800423497268,732,0.9838709677419355
B04,2016-11-01,3.114451762237762,715,0.9930555555555556
B04,2016-12-01,2.188227290419162,668,0.8978494623655914
B04,2017-01-01,2.810212405405405,740,0.9946236559139785
B04,2017-02-01,2.165346214177979,663,0.9866071428571429
B04,2017-03-01,2.9701663664122138,655,0.8803763440860215
B04,2017-04-01,5.942347633053222,714,0.9916666666666667
B04,2017-05-01,9.882631578947368,741,0.9959677419354839
B04,2017-06-01,12.498304347826087,690,0.9583333333333334
B04,2017-07-01,7.854131455399061,639,0.8588709677419355
B04,2017-08-01,7.636666666666667,654,0.8790322580645161
D11,2009-03-01,37.22435897435897,156,0.20967741935483872
D11,2009-04-01,37.05091649694501,491,0.6819444444444445
D11,2009-05-01,42.197712418300654,612,0.8225806451612904
D11,2009-06-01,44.32958333333333,720,1.0
D11,2009-07-01,40.05380210242588,742,0.9973118279569892
D11,2009-08-01,26.093802159090906,264,0.3548387096774194
D11,2009-10-01,22.17007655172414,725,0.9744623655913979
D11,2009-11-01,25.093055624999998,480,0.6666666666666666
D11,2009-12-01,18.534875365853658,738,0.9919354838709677
D11,2010-01-01,17.696236559139784,744,1.0
D11,2010-02-01,21.775111104,625,0.9300595238095238
D11,2010-03-01,31.41321044546851,651,0.875
D11,2010-04-01,39.71944444444444,720,1.0
D11,2010-05-01,44.19758064516129,744,1.0
D11,2010-06-01,40.09874826147427,719,0.9986111111111111
D11,2010-07-01,39.491501416430594,706,0.9489247311827957
D11,2010-08-01,37.22043010752688,744,1.0
D11,2010-09-01,29.113888888888887,720,1.0
D11,2010-10-01,25.399730820995963,743,0.9986559139784946
D11,2010-11-01,21.795714285714286,700,0.9722222222222222
D11,2010-12-01,18.13992074024226,743,0.9986559139784946
D11,2011-01-01,18.360549282814613,739,0.9932795698924731
D11,2011-02-01,16.987229924357035,661,0.9836309523809523
D11,2011-03-01,18.79819304347826,598,0.803763440860215
D11,2011-04-01,40.478057990970655,443,0.6152777777777778
D11,2011-05-01,54.10084380376344,744,1.0
D11,2011-06-01,44.76848926286509,719,0.9986111111111111
D11,2011-07-01,42.06963056680162,741,0.9959677419354839
D11,2011-08-01,37.1287837431694,732,0.9838709677419355
D11,2011-09-01,33.8945257061341,701,0.9736111111111111
D11,2011-10-01,23.379579637096775,744,1.0
D11,2011-11-01,23.661343075842698,712,0.9888888888888889
D11,2011-12-01,21.175292056451614,744,1.0
D11,2012-01-01,17.38123727297668,729,0.9798387096774194
D11,2012-02-01,20.21251245689655,696,1.0
D11,2012-03-01,30.850557325268817,744,1.0
D11,2012-04-01,37.68782662356322,696,0.9666666666666667
D11,2012-05-01,46.68407853760446,718,0.9650537634408602
D11,2012-06-01,42.753692492997196,714,0.9916666666666667
D11,2012-07-01,50.594406438172044,744,1.0
D11,2012-08-01,43.04439325613079,734,0.9865591397849462
D11,2012-09-01,31.72449886111111,720,1.0
D11,2012-10-01,26.78840752956989,744,1.0
D11,2012-11-01,24.25866680613668,717,0.9958333333333333
D11,2012-12-01,20.55613993150685,730,0.9811827956989247
D11,2013-01-01,22.186635107816713,742,0.9973118279569892
D11,2013-02-01,21.37200066169896,671,0.9985119047619048
D11,2013-03-01,32.11387286290322,744,1.0
D11,2013-04-01,35.254329291666664,720,1.0
D11,2013-05-01,43.0852373414305,741,0.9959677419354839
D11,2013-06-01,50.276996527777776,720,1.0
D11,2013-07-01,47.70207271505377,744,1.0
D11,2013-08-01,43.47130663956639,738,0.9919354838709677
D11,2013-09-01,30.939210084033615,714,0.9916666666666667
D11,2013-10-01,28.809420967741936,744,1.0
D11,2013-11-01,23.53537929295775,710,0.9861111111111112
D11,2013-12-01,23.31066309555855,743,0.9986559139784946
D11,2014-01-01,22.122372834757837,702,0.9435483870967742
D11,2014-02-01,21.54329044642857,672,1.0
D11,2014-03-01,27.756674663978497,744,1.0
D11,2014-04-01,37.4422230125523,717,0.9958333333333333
D11,2014-05-01,39.78209555854644,743,0.9986559139784946
D11,2014-06-01,30.246605071428572,700,0.9722222222222222
D11,2014-07-01,18.046046823687753,743,0.9986559139784946
D11,2014-08-01,35.57844908355795,742,0.9973118279569892
D11,2014-09-01,27.09130186111111,720,1.0
D11,2014-10-01,23.267580811907983,739,0.9932795698924731
D11,2014-11-01,15.84112336111111,720,1.0
D11,2014-12-01,15.153792623989219,742,0.9973118279569892
D11,2015-01-01,16.24573447902571,739,0.9932795698924731
D11,2015-02-01,19.14096763392857,672,1.0
D11,2015-03-01,24.518531829268294,738,0.9919354838709677
D11,2015-04-01,33.20512557719054,719,0.9986111111111111
D11,2015-05-01,37.01229501355014,738,0.9919354838709677
D11,2015-06-01,63.46134692628651,719,0.9986111111111111
D11,2015-07-01,49.90454505434782,736,0.989247311827957
D11,2015-08-01,34.38737437077131,739,0.9932795698924731
D11,2015-09-01,32.56397952045134,709,0.9847222222222223
D11,2015-10-01,20.377332727272726,726,0.9758064516129032
D11,2015-11-01,18.367128980253877,709,0.9847222222222223
D11,2015-12-01,22.147531653225805,744,1.0
D11,2016-01-01,22.04358641025641,741,0.9959677419354839
D11,2016-02-01,25.22431356321839,696,1.0
D11,2016-03-01,32.282934675675676,740,0.9946236559139785
D11,2016-04-01,37.30357308333333,720,1.0
D11,2016-05-01,34.85819844384303,739,0.9932795698924731
D11,2016-06-01,26.974395334261835,718,0.9972222222222222
D11,2016-07-01,21.708662976680383,729,0.9798387096774194
D11,2016-08-01,19.95740613342318,742,0.9973118279569892
D11,2016-09-01,30.87634350678733,442,0.6138888888888889
D11,2016-10-01,17.376318130563796,337,0.4529569892473118
D11,2016-11-01,17.20912910404624,692,0.9611111111111111
D11,2016-12-01,19.623235666666666,720,0.967741935483871
D11,2017-01-01,22.726889481481482,675,0.907258064516129
D11,2017-02-01,19.249385037593985,665,0.9895833333333334
D11,2017-03-01,25.54269855989233,743,0.9986559139784946
D11,2017-04-01,31.32109745810056,716,0.9944444444444445
D11,2017-05-01,35.554078590785906,738,0.9919354838709677
D11,2017-06-01,34.20868829337094,709,0.9847222222222223
D11,2017-07-01,40.36494623655914,744,1.0
D11,2017-08-01,32.58738062755798,733,0.9852150537634409
D11,2017-09-01,32.939478138222846,709,0.9847222222222223
D11,2017-10-01,21.666717687074833,588,0.7903225806451613
D11,2017-11-01,18.799396284829722,646,0.8972222222222223
D11,2017-12-01,18.486481732070366,739,0.9932795698924731
D11,2018-01-01,17.973662162162164,740,0.9946236559139785
D11,2018-02-01,22.349253731343282,670,0.9970238095238095
D11,2018-03-01,30.341700960219477,729,0.9798387096774194
D11,2018-04-01,38.617422096317284,706,0.9805555555555555
D11,2018-05-01,41.61443877551021,588,0.7903225806451613
D11,2018-06-01,47.070420420420426,666,0.925
D11,2018-07-01,36.61360497237569,724,0.9731182795698925
D11,2018-08-01,28.621032028469752,562,0.7553763440860215
D11,2018-09-01,24.707702702702704,666,0.925
D11,2018-10-01,19.175841584158416,707,0.9502688172043011
D11,2018-11-01,17.945997191011234,712,0.9888888888888889
D11,2018-12-01,15.610955585464334,743,0.9986559139784946
D11,2019-01-01,16.392779369627508,698,0.9381720430107527
D11,2019-02-01,19.615038314176243,522,0.7767857142857143
D11,2019-04-01,44.94725118483412,633,0.8791666666666667
D11,2019-05-01,37.34337819650067,743,0.9986559139784946
D11,2019-06-01,38.26066852367688,718,0.9972222222222222
D11,2019-07-01,39.17659891598916,738,0.9919354838709677
D11,2019-08-01,34.19673387096774,744,1.0
D11,2019-09-01,22.192067988668555,706,0.9805555555555555
D11,2019-10-01,18.2628125,736,0.989247311827957
D11,2019-11-01,16.57971671388102,706,0.9805555555555555
D11,2019-12-01,15.738214285714285,728,0.978494623655914
D11,2020-01-01,17.13064738292011,726,0.9758064516129032
D11,2020-02-01,18.077386172006744,593,0.8520114942528736
D11,2020-03-01,23.399690444145357,743,0.9986559139784946
D11,2020-04-01,27.00547222222222,720,1.0
D11,2020-05-01,34.97266129032258,744,1.0
D11,2020-06-01,30.991083333333336,720,1.0
D11,2020-07-01,34.54489851150203,739,0.9932795698924731
D11,2020-08-01,28.591722745625844,743,0.9986559139784946
D11,2020-09-01,23.488958333333333,720,1.0
D11,2020-10-01,20.506075268817206,744,1.0
D11,2020-11-01,17.619125,720,1.0
D11,2020-12-01,17.81478494623656,744,1.0
D11,2021-01-01,17.272119205298015,453,0.6088709677419355
D11,2021-02-01,26.3182602118003,661,0.9836309523809523
D11,2021-03-01,22.011808367071524,741,0.9959677419354839
D11,2021-04-01,25.04661807580175,686,0.9527777777777777
D11,2021-05-01,47.46370769230769,650,0.8736559139784946
D11,2021-06-01,40.26716666666667,720,1.0
D11,2021-07-01,50.650577956989245,744,1.0
D11,2021-08-01,48.14423076923077,26,0.03494623655913978
D12,2009-04-01,36.46732024955436,561,0.7791666666666667
D12,2009-05-01,34.748655913978496,744,1.0
D12,2009-06-01,36.677314861111114,720,1.0
D12,2009-07-01,26.647849462365592,744,1.0
D12,2009-08-01,31.481732070365357,739,0.9932795698924731
D12,2009-09-01,22.033162845188286,717,0.9958333333333333
D12,2009-10-01,21.698924731182796,744,1.0
D12,2009-11-01,17.972193994413406,716,0.9944444444444445
D12,2009-12-01,15.82972972972973,740,0.9946236559139785
D12,2010-01-01,15.939434724091521,743,0.9986559139784946
D12,2010-02-01,14.659744408945686,626,0.9315476190476191
D12,2010-03-01,20.761904761904763,693,0.9314516129032258
D12,2010-04-01,26.852777777777778,720,1.0
D12,2010-05-01,28.05955074626866,737,0.9905913978494624
D12,2010-06-01,30.366843927576603,718,0.9972222222222222
D12,2010-07-01,28.295307930107526,744,1.0
D12,2010-08-01,26.911290322580644,744,1.0
D12,2010-09-01,22.51131541725601,707,0.9819444444444444
D12,2010-10-01,19.127688172043012,744,1.0
D12,2010-11-01,17.830532212885153,714,0.9916666666666667
D12,2010-12-01,15.591290322580646,744,1.0
D12,2011-01-01,14.754608830645163,744,1.0
D12,2011-02-01,16.34211151785714,672,1.0
D12,2011-03-01,21.55360123306233,738,0.9919354838709677
D12,2011-04-01,25.012022305555558,720,1.0
D12,2011-05-01,33.80201837365591,744,1.0
D12,2011-06-01,28.060853875,720,1.0
D12,2011-07-01,25.36666994623656,744,1.0
D12,2011-08-01,23.858919132231406,726,0.9758064516129032
D12,2011-09-01,21.143140744382023,712,0.9888888888888889
D12,2011-10-01,15.34924565860215,744,1.0
D12,2011-11-01,14.913926387726638,717,0.9958333333333333
D12,2011-12-01,14.001309986559141,744,1.0
D12,2012-01-01,11.557362267206479,741,0.9959677419354839
D12,2012-02-01,14.271535590277779,576,0.8275862068965517
D12,2012-03-01,25.2238015625,256,0.34408602150537637
D12,2012-04-01,22.561553941504176,718,0.9972222222222222
D12,2012-05-01,30.944884185393256,712,0.956989247311828
D12,2012-06-01,26.626226620111733,716,0.9944444444444445
D12,2012-07-01,29.891578387096775,744,1.0
D12,2012-08-01,25.655220255376346,744,1.0
D12,2012-09-01,22.308556458923512,706,0.9805555555555555
D12,2012-10-01,17.245785362903227,744,1.0
D12,2012-11-01,14.998050544554456,404,0.5611111111111111
D12,2012-12-01,13.584870028225806,744,1.0
D12,2013-01-01,11.53865170827286,689,0.9260752688172043
D12,2013-02-01,13.709460729166668,672,1.0
D12,2013-03-01,22.213448448043184,741,0.9959677419354839
D12,2013-04-01,25.949174777777777,720,1.0
D12,2013-05-01,26.538727798036465,713,0.9583333333333334
D12,2013-06-01,30.858806931659693,717,0.9958333333333333
D12,2013-07-01,27.004164354838707,744,1.0
D12,2013-08-01,26.04698694070081,742,0.9973118279569892
D12,2013-09-01,20.089836571856285,668,0.9277777777777778
D12,2013-10-01,17.83712638814016,742,0.9973118279569892
D12,2013-11-01,14.984029750000001,720,1.0
D12,2013-12-01,14.957520510752687,744,1.0
D12,2014-01-01,13.08164502688172,744,1.0
D12,2014-02-01,13.801948154761904,672,1.0
D12,2014-03-01,17.270516094594594,740,0.9946236559139785
D12,2014-04-01,22.549124527777778,720,1.0
D12,2014-05-01,23.69122020914052,733,0.9852150537634409
D12,2014-06-01,26.573365055555556,720,1.0
D12,2014-07-01,26.814829043126682,742,0.9973118279569892
D12,2014-08-01,23.501121302294194,741,0.9959677419354839
D12,2014-09-01,14.478722791023843,713,0.9902777777777778
D12,2014-10-01,15.71059232123656,744,1.0
D12,2014-11-01,13.361466105702366,719,0.9986111111111111
D12,2014-12-01,9.105351720430107,744,1.0
D12,2015-01-01,11.484313661725068,742,0.9973118279569892
D12,2015-02-01,14.22880012048193,664,0.9880952380952381
D12,2015-03-01,20.19781729110512,742,0.9973118279569892
D12,2015-04-01,26.672565702364395,719,0.9986111111111111
D12,2015-05-01,30.285432027027028,740,0.9946236559139785
D12,2015-06-01,32.49850940387481,671,0.9319444444444445
D12,2015-07-01,35.99255673854447,742,0.9973118279569892
D12,2015-08-01,25.20531060483871,744,1.0
D12,2015-09-01,19.72054778614458,664,0.9222222222222223
D12,2015-10-01,14.668001836486486,740,0.9946236559139785
D12,2015-11-01,10.893162601969058,711,0.9875
D12,2015-12-01,12.58875795414462,567,0.7620967741935484
D12,2016-01-01,11.591234711772668,739,0.9932795698924731
D12,2016-02-01,11.179293598233997,453,0.6508620689655172
D12,2016-03-01,13.534387193798448,645,0.8669354838709677
D12,2016-04-01,13.591270795608107,592,0.8222222222222222
D12,2016-05-01,20.663402776315788,684,0.9193548387096774
D12,2016-06-01,32.251364765291605,703,0.9763888888888889
D12,2016-07-01,32.988336243243246,740,0.9946236559139785
D12,2016-08-01,28.567297275204357,734,0.9865591397849462
D12,2016-09-01,27.33878742797203,715,0.9930555555555556
D12,2016-10-01,19.771996769851953,743,0.9986559139784946
D12,2016-11-01,18.035464972144847,718,0.9972222222222222
D12,2016-12-01,17.041889315363882,742,0.9973118279569892
D12,2017-01-01,21.355954491913746,742,0.9973118279569892
D12,2017-02-01,14.66659052316891,669,0.9955357142857143
D12,2017-03-01,20.059249676549864,742,0.9973118279569892
D12,2017-04-01,25.2114365323741,695,0.9652777777777778
D12,2017-05-01,31.50278606965174,603,0.8104838709677419
D12,2017-06-01,35.936686046511625,688,0.9555555555555556
D12,2017-07-01,39.360505050505054,693,0.9314516129032258
D12,2017-08-01,28.639077134986227,726,0.9758064516129032
D12,2017-09-01,18.80591666666667,720,1.0
D12,2017-10-01,15.568772169167802,733,0.9852150537634409
D12,2017-11-01,15.749010494752623,667,0.9263888888888889
D12,2017-12-01,18.087428180574555,731,0.9825268817204301
D12,2018-01-01,15.429597780859917,721,0.9690860215053764
D12,2018-02-01,17.706567164179106,670,0.9970238095238095
D12,2018-03-01,23.832623762376237,404,0.543010752688172
D12,2018-04-01,31.67159722222222,720,1.0
D12,2018-05-01,35.16502717391304,736,0.989247311827957
D12,2018-06-01,38.99268055555555,720,1.0
D12,2018-07-01,29.839646739130433,736,0.989247311827957
D12,2018-08-01,40.63024357239513,739,0.9932795698924731
D12,2018-09-01,29.945055555555555,720,1.0
D12,2018-10-01,24.597950138504157,722,0.9704301075268817
D12,2018-11-01,18.64972183588317,719,0.9986111111111111
D12,2018-12-01,16.053333333333335,741,0.9959677419354839
D12,2019-01-01,17.807373004354137,689,0.9260752688172043
D12,2019-02-01,19.65168154761905,672,1.0
D12,2019-03-01,26.13770161290323,744,1.0
D12,2019-04-01,32.1958217270195,718,0.9972222222222222
D12,2019-05-01,31.580642857142855,140,0.1881720430107527
D12,2019-06-01,29.57615277777778,720,1.0
D12,2019-07-01,35.81926928281461,739,0.9932795698924731
D12,2019-08-01,33.9870564516129,744,1.0
D12,2019-09-01,21.867328571428573,700,0.9722222222222222
D12,2019-10-01,19.286143790849675,153,0.2056451612903226
D12,2019-11-01,17.4771146953405,558,0.775
D12,2019-12-01,17.070619946091643,742,0.9973118279569892
D12,2020-01-01,16.571043360433606,738,0.9919354838709677
D12,2020-02-01,18.62313669064748,695,0.9985632183908046
D12,2020-03-01,19.126243243243245,740,0.9946236559139785
D12,2020-04-01,21.57473537604457,718,0.9972222222222222
D12,2020-05-01,29.119059139784948,744,1.0
D12,2020-06-01,29.065724233983286,718,0.9972222222222222
D12,2020-07-01,29.059609164420486,742,0.9973118279569892
D12,2020-08-01,24.966532258064515,744,1.0
D12,2020-09-01,20.647182705718272,717,0.9958333333333333
D12,2020-10-01,16.36983870967742,744,1.0
D12,2020-11-01,13.991197771587744,718,0.9972222222222222
D12,2020-12-01,14.999336941813262,739,0.9932795698924731
D12,2021-01-01,12.430094466936573,741,0.9959677419354839
D12,2021-02-01,15.652098214285715,672,1.0
D12,2021-03-01,17.311975806451613,744,1.0
D12,2021-04-01,21.522569444444443,720,1.0
D12,2021-05-01,36.53629878869448,743,0.9986559139784946
D12,2021-06-01,33.591680555555556,720,1.0
D12,2021-07-01,43.26614247311828,744,1.0
D12,2021-08-01,36.54831763122477,743,0.9986559139784946
D12,2021-09-01,24.95586834733894,714,0.9916666666666667
D12,2021-10-01,19.820554785020807,721,0.9690860215053764
D12,2021-11-01,17.440875000000002,720,1.0
D12,2021-12-01,15.323187134502923,684,0.9193548387096774
D12,2022-01-01,12.169732540861812,673,0.9045698924731183
D12,2022-02-01,14.33328869047619,672,1.0
D12,2022-03-01,21.76099730458221,742,0.9973118279569892
D12,2022-04-01,25.104847222222226,720,1.0
D12,2022-05-01,36.35908232118758,741,0.9959677419354839
D12,2022-06-01,32.54485396383866,719,0.9986111111111111
D12,2022-07-01,30.954554317548745,718,0.9650537634408602
D12,2022-08-01,33.873917808219176,730,0.9811827956989247
D12,2022-09-01,26.437680555555556,720,1.0
D12,2022-10-01,18.836502057613167,729,0.9798387096774194
D12,2022-11-01,14.70962447844228,719,0.9986111111111111
D12,2022-12-01,15.444695035460994,705,0.9475806451612904
D12,2023-01-01,12.202594086021504,744,1.0
D12,2023-02-01,18.345639880952383,672,1.0
D12,2023-03-01,22.000542740841247,737,0.9905913978494624
D12,2023-04-01,27.679250000000003,720,1.0
D12,2023-05-01,35.6650272479564,734,0.9865591397849462
D12,2023-06-01,30.951504922644165,711,0.9875
D12,2023-07-01,31.052632293080055,737,0.9905913978494624
D12,2023-08-01,26.83888440860215,744,1.0
D12,2023-09-01,22.470916666666668,720,1.0
D12,2023-10-01,20.097567934782607,736,0.989247311827957
D12,2023-11-01,16.278046181172293,563,0.7819444444444444
D12,2023-12-01,13.194090287277701,731,0.9825268817204301
D12,2024-01-01,13.992506738544476,742,0.9973118279569892
D12,2024-02-01,15.784750830564784,602,0.8649425287356322
D12,2024-03-01,21.487833109017494,743,0.9986559139784946
D12,2024-04-01,26.70337969401947,719,0.9986111111111111
D12,2024-05-01,30.298655913978497,744,1.0
D12,2024-06-01,32.40986033519553,716,0.9944444444444445
D12,2024-07-01,41.19209677419355,744,1.0
D12,2024-08-01,28.885449515905947,723,0.9717741935483871
D12,2024-09-01,24.19415277777778,720,1.0
D12,2024-10-01,20.104852150537635,744,1.0
D12,2024-11-01,15.318319444444445,720,1.0
D12,2024-12-01,15.495107526881721,744,1.0
D12,2025-01-01,15.695067750677506,738,0.9919354838709677
D12,2025-02-01,17.873831070889896,663,0.9866071428571429
D12,2025-03-01,21.22064516129032,744,1.0
D12,2025-04-01,29.743027777777776,720,1.0
D12,2025-05-01,34.202547169811325,742,0.9973118279569892
D12,2025-06-01,33.326097222222224,720,1.0
D12,2025-07-01,41.75394366197183,710,0.9543010752688172
D12,2025-08-01,22.338945147679325,711,0.9556451612903226
D12,2025-09-01,18.93375350140056,714,0.9916666666666667
D12,2025-10-01,16.94654569892473,744,1.0
D12,2025-11-01,12.12514245014245,702,0.975
D12,2025-12-01,12.58378223495702,698,0.9381720430107527
D12,2026-01-01,13.165727762803234,742,0.9973118279569892
D12,2026-02-01,13.141651785714286,672,1.0
D12,2026-03-01,15.80979702300406,739,0.9932795698924731
D12,2026-04-01,21.864708333333333,720,1.0
D12,2026-05-01,31.640994623655917,744,1.0
D12,2026-06-01,32.99274125874126,715,0.9930555555555556
D12,2026-07-01,28.34193766937669,738,0.9919354838709677
D12,2026-08-01,21.41222371967655,742,0.9973118279569892
D12,2026-09-01,19.59041935483871,310,0.4305555555555556
D13,2004-12-01,18.9,1,0.0013440860215053765
D13,2005-01-01,22.208794039087948,307,0.41263440860215056
D13,2005-02-01,24.348204853420196,307,0.4568452380952381
D13,2005-03-01,26.35690039175258,485,0.6518817204301075
D13,2005-04-01,36.68959053803339,539,0.7486111111111111
D13,2005-05-01,30.526900514705883,680,0.9139784946236559
D13,2005-06-01,33.754623595679014,648,0.9
D13,2005-07-01,35.21658672489083,687,0.9233870967741935
D13,2005-08-01,31.981089381270902,598,0.803763440860215
D13,2005-09-01,25.979877796610168,590,0.8194444444444444
D13,2005-10-01,21.606010738178636,571,0.7674731182795699
D13,2005-11-01,19.432384444444445,540,0.75
D13,2005-12-01,20.768946447166922,653,0.8776881720430108
D13,2006-01-01,17.112407258064515,744,1.0
D13,2006-02-01,18.4194652757079,671,0.9985119047619048
D13,2006-03-01,25.357723577235774,738,0.9919354838709677
D13,2006-04-01,32.258233805555555,720,1.0
D13,2006-05-01,40.35350873655914,744,1.0
D13,2006-06-01,33.88221326815643,716,0.9944444444444445
D13,2006-07-01,28.246197554347827,736,0.989247311827957
D13,2006-08-01,30.998274347240915,743,0.9986559139784946
D13,2006-09-01,24.552777777777777,720,1.0
D13,2006-10-01,18.691666861413044,736,0.989247311827957
D13,2006-11-01,15.4875,720,1.0
D13,2006-12-01,14.260822580645161,744,1.0
D13,2007-01-01,13.247661422764228,738,0.9919354838709677
D13,2007-02-01,12.738017559880241,668,0.9940476190476191
D13,2007-03-01,23.254863669354837,744,1.0
D13,2007-04-01,32.36506078431373,714,0.9916666666666667
D13,2007-05-01,44.22298227334235,739,0.9932795698924731
D13,2007-06-01,35.234282855133614,711,0.9875
D13,2007-07-01,32.40069163059163,693,0.9314516129032258
D13,2007-08-01,30.868383218707017,727,0.9771505376344086
D13,2007-09-01,22.43634937321937,702,0.975
D13,2007-10-01,17.50973265927978,722,0.9704301075268817
D13,2007-11-01,19.611507535816617,698,0.9694444444444444
D13,2007-12-01,16.544946021947872,729,0.9798387096774194
D13,2008-01-01,17.53108108108108,740,0.9946236559139785
D13,2008-02-01,16.035242290748897,681,0.978448275862069
D13,2008-03-01,21.72983870967742,744,1.0
D13,2008-04-01,34.29624478442281,719,0.9986111111111111
D13,2008-05-01,40.20967741935484,744,1.0
D13,2008-06-01,46.040277777777774,720,1.0
D13,2008-07-01,44.96774193548387,744,1.0
D13,2008-08-01,33.078167115902964,742,0.9973118279569892
D13,2008-09-01,27.294853963838666,719,0.9986111111111111
D13,2008-10-01,22.264896908602147,744,1.0
D13,2008-11-01,18.196105702364395,719,0.9986111111111111
D13,2008-12-01,16.962365591397848,744,1.0
D13,2009-01-01,15.10904190026954,742,0.9973118279569892
D13,2009-02-01,16.288690476190474,672,1.0
D13,2009-03-01,22.259513028263793,743,0.9986559139784946
D13,2009-04-01,28.925,720,1.0
D13,2009-05-01,33.552011095700415,721,0.9690860215053764
D13,2009-06-01,36.03055555555556,720,1.0
D13,2009-07-01,33.03629032258065,744,1.0
D13,2009-08-01,40.96356834019205,729,0.9798387096774194
D13,2009-09-01,17.691208321279557,719,0.9986111111111111
D13,2009-10-01,19.5,744,1.0
D13,2009-11-01,17.362410462184876,714,0.9916666666666667
D13,2009-12-01,17.204258569500677,741,0.9959677419354839
D13,2010-01-01,15.881190981182796,744,1.0
D13,2010-02-01,13.717337257824143,671,0.9985119047619048
D13,2010-03-01,20.09301511470985,741,0.9959677419354839
D13,2010-04-01,26.91431232167832,715,0.9930555555555556
D13,2010-05-01,28.973118279569892,744,1.0
D13,2010-06-01,29.513083625,720,1.0
D13,2010-07-01,26.735195154777927,743,0.9986559139784946
D13,2010-08-01,28.502688172043012,744,1.0
D13,2010-09-01,18.511111111111113,720,1.0
D13,2010-10-01,17.025537634408604,744,1.0
D13,2010-11-01,14.168055555555556,720,1.0
D13,2010-12-01,13.255376344086022,744,1.0
D13,2011-01-01,13.401102759084791,743,0.9986559139784946
D13,2011-02-01,15.166700835820897,670,0.9970238095238095
D13,2011-03-01,20.12289158108108,740,0.9946236559139785
D13,2011-04-01,28.170876256983238,716,0.9944444444444445
D13,2011-05-01,40.85693580080754,743,0.9986559139784946
D13,2011-06-01,33.47255628650904,719,0.9986111111111111
D13,2011-07-01,33.053984781420766,732,0.9838709677419355
D13,2011-08-01,27.66203129205922,743,0.9986559139784946
D13,2011-09-01,25.319790460251046,717,0.9958333333333333
D13,2011-10-01,17.887513013513516,740,0.9946236559139785
D13,2011-11-01,17.783235541666667,720,1.0
D13,2011-12-01,17.144718005390835,742,0.9973118279569892
D13,2012-01-01,14.298762465373962,722,0.9704301075268817
D13,2012-02-01,14.795373074712643,696,1.0
D13,2012-03-01,24.08036247311828,744,1.0
D13,2012-04-01,28.65459348611111,720,1.0
D13,2012-05-01,37.35640358059914,701,0.9422043010752689
D13,2012-06-01,32.49094094972067,716,0.9944444444444445
D13,2012-07-01,38.052071720430106,744,1.0
D13,2012-08-01,34.44057135935397,743,0.9986559139784946
D13,2012-09-01,25.51514522346369,716,0.9944444444444445
D13,2012-10-01,22.55824114247312,744,1.0
D13,2012-11-01,18.099694055555556,720,1.0
D13,2012-12-01,16.168040362903227,744,1.0
D13,2013-01-01,16.99219620967742,744,1.0
D13,2013-02-01,16.363110342771982,671,0.9985119047619048
D13,2013-03-01,30.763749502688174,744,1.0
D13,2013-04-01,36.20259885634589,717,0.9958333333333333
D13,2013-05-01,36.8140115188172,744,1.0
D13,2013-06-01,47.23031677777778,720,1.0
D13,2013-07-01,40.359233741588156,743,0.9986559139784946
D13,2013-08-01,38.99545341857335,743,0.9986559139784946
D13,2013-09-01,26.164930833333333,720,1.0
D13,2013-10-01,24.46676033602151,744,1.0
D13,2013-11-01,18.92379509722222,720,1.0
D13,2013-12-01,18.816620201612903,744,1.0
D13,2014-01-01,14.940748283783783,740,0.9946236559139785
D13,2014-02-01,16.64091699404762,672,1.0
D13,2014-03-01,20.69186932795699,744,1.0
D13,2014-04-01,30.417444826147428,719,0.9986111111111111
D13,2014-05-01,35.11017694892473,744,1.0
D13,2014-06-01,37.486773519498605,718,0.9972222222222222
D13,2014-07-01,35.292022207267834,743,0.9986559139784946
D13,2014-08-01,29.22049464827586,725,0.9744623655913979
D13,2014-09-01,21.053457603550296,676,0.9388888888888889
D13,2014-10-01,16.413701559139785,744,1.0
D13,2014-11-01,13.602073957446809,705,0.9791666666666666
D13,2014-12-01,17.158936725067385,742,0.9973118279569892
D13,2015-01-01,15.427622709731542,596,0.8010752688172043
D13,2015-02-01,18.710169651785716,672,1.0
D13,2015-03-01,22.68513321236559,744,1.0
D13,2015-04-01,32.767179944289694,718,0.9972222222222222
D13,2015-05-01,43.01730074324325,740,0.9946236559139785
D13,2015-06-01,41.41811740947075,718,0.9972222222222222
D13,2015-07-01,36.29173895747599,729,0.9798387096774194
D13,2015-08-01,26.693080982503364,743,0.9986559139784946
D13,2015-09-01,22.16523274373259,718,0.9972222222222222
D13,2015-10-01,16.351671490591396,744,1.0
D13,2015-11-01,11.264561683309557,701,0.9736111111111111
D13,2015-12-01,10.728144927170868,714,0.9596774193548387
D13,2016-01-01,11.568421898238748,511,0.6868279569892473
D13,2016-02-01,16.67183216954023,696,1.0
D13,2016-03-01,26.257424314516133,744,1.0
D13,2016-04-01,28.367937955882354,680,0.9444444444444444
D13,2016-05-01,32.92852471927162,659,0.885752688172043
D13,2016-06-01,29.27507376388889,720,1.0
D13,2016-07-01,33.1388913121547,724,0.9731182795698925
D13,2016-08-01,37.197013765182184,741,0.9959677419354839
D13,2016-09-01,28.10530324475524,715,0.9930555555555556
D13,2016-10-01,18.736879383561643,730,0.9811827956989247
D13,2016-11-01,18.088715425531916,658,0.9138888888888889
D13,2016-12-01,17.467653747181963,621,0.8346774193548387
D13,2017-01-01,16.122817947214074,682,0.9166666666666666
D13,2017-02-01,14.197336919642856,672,1.0
D13,2017-03-01,18.184773880597014,737,0.9905913978494624
D13,2017-04-01,0.9320188325508607,639,0.8875
D13,2017-05-01,0.7904878048780487,82,0.11021505376344086
D13,2017-06-01,40.96678571428571,84,0.11666666666666667
D13,2017-07-01,37.96135877862595,655,0.8803763440860215
D13,2017-08-01,32.0319623655914,744,1.0
D13,2017-09-01,26.392086834733895,714,0.9916666666666667
D13,2017-10-01,19.89861559139785,744,1.0
D13,2017-11-01,20.87925035360679,707,0.9819444444444444
D13,2017-12-01,20.78465053763441,744,1.0
D13,2018-01-01,19.696024258760108,742,0.9973118279569892
D13,2018-02-01,26.90495535714286,672,1.0
D13,2018-03-01,32.33119623655914,744,1.0
D13,2018-04-01,78.48730994152046,684,0.95
D13,2018-05-01,72.63125984251968,508,0.6827956989247311
D13,2018-06-01,58.55455311973018,593,0.8236111111111111
D13,2018-07-01,32.01175388967469,707,0.9502688172043011
D13,2018-08-01,36.507334235453314,739,0.9932795698924731
D13,2018-09-01,23.121197604790417,668,0.9277777777777778
D13,2018-10-01,15.260753012048191,664,0.8924731182795699
D13,2018-11-01,11.242807625649913,577,0.8013888888888889
D13,2018-12-01,10.42978465679677,743,0.9986559139784946
D13,2019-01-01,9.503342318059298,742,0.9973118279569892
D13,2019-02-01,13.77492537313433,670,0.9970238095238095
D13,2019-03-01,12.708403361344537,119,0.15994623655913978
D13,2019-04-01,47.656041189931344,437,0.6069444444444444
D13,2019-05-01,41.49935135135135,740,0.9946236559139785
D13,2019-06-01,29.979512534818944,718,0.9972222222222222
D13,2019-07-01,35.89802153432032,743,0.9986559139784946
D13,2019-08-01,31.232163978494622,744,1.0
D13,2019-09-01,19.810194444444445,720,1.0
D13,2019-10-01,16.162513440860216,744,1.0
D13,2019-11-01,13.172055555555554,720,1.0
D13,2019-12-01,11.520524137931034,725,0.9744623655913979
D13,2020-01-01,12.025490196078433,714,0.9596774193548387
D13,2020-02-01,12.695402298850574,696,1.0
D13,2020-03-01,14.476639784946238,744,1.0
D13,2020-04-01,16.974136490250697,718,0.9972222222222222
D13,2020-05-01,24.39375,744,1.0
D13,2020-06-01,22.036569444444446,720,1.0
D13,2020-07-01,23.630618279569894,744,1.0
D13,2020-08-01,21.75733870967742,744,1.0
D13,2020-09-01,18.10386111111111,720,1.0
D13,2020-10-01,14.181344086021506,744,1.0
D13,2020-11-01,12.408821705426355,645,0.8958333333333334
D13,2020-12-01,10.370572033898306,472,0.6344086021505376
D13,2021-01-01,8.722289972899729,738,0.9919354838709677
D13,2021-02-01,11.337916666666667,672,1.0
D13,2021-03-01,13.395708502024291,741,0.9959677419354839
D13,2021-04-01,19.93852777777778,720,1.0
D13,2021-05-01,32.35051282051282,741,0.9959677419354839
D13,2021-06-01,31.071805555555557,720,1.0
D13,2021-07-01,37.75237903225806,744,1.0
D13,2021-08-01,30.809514824797844,742,0.9973118279569892
D13,2021-09-01,19.70418181818182,715,0.9930555555555556
D13,2021-10-01,14.09309973045822,742,0.9973118279569892
D13,2021-11-01,12.45098611111111,720,1.0
D13,2021-12-01,12.847598870056498,708,0.9516129032258065
D13,2022-01-01,11.425283018867924,742,0.9973118279569892
D13,2022-02-01,12.440589171974521,628,0.9345238095238095
D13,2022-03-01,20.10787204450626,719,0.9663978494623656
D13,2022-04-01,23.699791666666666,720,1.0
D13,2022-05-01,38.43192204301075,744,1.0
D13,2022-06-01,31.813875000000003,720,1.0
D13,2022-07-01,28.94997286295794,737,0.9905913978494624
D13,2022-08-01,29.415934959349592,738,0.9919354838709677
D13,2022-09-01,21.415897079276775,719,0.9986111111111111
D13,2022-10-01,16.110806451612905,744,1.0
D13,2022-11-01,15.749703264094954,674,0.9361111111111111
D13,2022-12-01,12.986223776223776,715,0.9610215053763441
D13,2023-01-01,12.288360215053764,744,1.0
D13,2023-02-01,14.4367868338558,638,0.9494047619047619
D13,2023-03-01,17.748589211618256,723,0.9717741935483871
D13,2023-04-01,23.842200557103066,718,0.9972222222222222
D13,2023-05-01,34.12978494623656,744,1.0
D13,2023-06-01,28.985694444444444,720,1.0
D13,2023-07-01,32.05882436260623,706,0.9489247311827957
D13,2023-08-01,29.358132611637348,739,0.9932795698924731
D13,2023-09-01,22.799857142857142,700,0.9722222222222222
D13,2023-10-01,17.38165061898212,727,0.9771505376344086
D13,2023-11-01,17.250878787878786,660,0.9166666666666666
D13,2023-12-01,14.972779291553135,734,0.9865591397849462
D13,2024-01-01,12.299489247311827,744,1.0
D13,2024-02-01,10.926379310344828,696,1.0
D13,2024-03-01,16.34864247311828,744,1.0
D13,2024-04-01,22.100299999999997,700,0.9722222222222222
D13,2024-05-01,26.99138545953361,729,0.9798387096774194
D13,2024-06-01,25.30495833333333,720,1.0
D13,2024-07-01,38.80029689608637,741,0.9959677419354839
D13,2024-08-01,25.70981507823613,703,0.9448924731182796
D13,2024-09-01,24.890625,720,1.0
D13,2024-10-01,18.08174089068826,741,0.9959677419354839
D13,2024-11-01,13.229527777777777,720,1.0
D13,2024-12-01,12.494879032258066,744,1.0
D13,2025-01-01,12.356860304287691,723,0.9717741935483871
D13,2025-02-01,12.860588235294117,663,0.9866071428571429
D13,2025-03-01,16.25610810810811,740,0.9946236559139785
D13,2025-04-01,25.37865277777778,720,1.0
D13,2025-05-01,32.479865591397854,744,1.0
D13,2025-06-01,32.42819444444444,720,1.0
D13,2025-07-01,39.48732793522267,741,0.9959677419354839
D13,2025-08-01,25.228857526881722,744,1.0
D13,2025-09-01,20.96847222222222,720,1.0
D13,2025-10-01,14.643864864864867,740,0.9946236559139785
D13,2025-11-01,11.58751388888889,720,1.0
D13,2025-12-01,10.671938088829071,743,0.9986559139784946
D13,2026-01-01,9.021684665226783,463,0.6223118279569892
D13,2026-02-01,11.101363636363637,22,0.03273809523809524
D13,2026-05-01,40.97715328467153,274,0.3682795698924731
D13,2026-06-01,33.22713888888889,720,1.0
D13,2026-07-01,25.331572580645158,744,1.0
D13,2026-08-01,22.52322102425876,742,0.9973118279569892
D13,2026-09-01,18.4068064516129,310,0.4305555555555556
D14,2009-03-01,17.866666666666667,150,0.20161290322580644
D14,2009-04-01,20.27816411682893,719,0.9986111111111111
D14,2009-05-01,18.33467741935484,744,1.0
D14,2009-06-01,25.032802418670435,707,0.9819444444444444
D14,2009-07-01,30.02931253369272,742,0.9973118279569892
D14,2009-08-01,26.40994623655914,744,1.0
D14,2009-09-01,17.155555555555555,720,1.0
D14,2009-10-01,18.54054054054054,740,0.9946236559139785
D14,2009-11-01,14.989330410183875,707,0.9819444444444444
D14,2009-12-01,12.236541160593791,741,0.9959677419354839
D14,2010-01-01,14.545295541601256,637,0.8561827956989247
D14,2010-02-01,15.093104361022364,626,0.9315476190476191
D14,2010-03-01,20.24881633522727,704,0.946236559139785
D14,2010-04-01,28.21015480392157,714,0.9916666666666667
D14,2010-05-01,35.153183347107436,726,0.9758064516129032
D14,2010-06-01,35.51321279554937,719,0.9986111111111111
D14,2010-07-01,34.965053763440864,744,1.0
D14,2010-08-01,29.77016129032258,744,1.0
D14,2010-09-01,21.487290502793297,716,0.9944444444444445
D14,2010-10-01,17.897849462365592,744,1.0
D14,2010-11-01,15.14866760168303,713,0.9902777777777778
D14,2010-12-01,12.202473118279569,744,1.0
D14,2011-01-01,12.296585805555555,720,0.967741935483871
D14,2011-02-01,13.820840171606864,641,0.9538690476190477
D14,2011-03-01,19.744403775372124,739,0.9932795698924731
D14,2011-04-01,28.335703693820225,712,0.9888888888888889
D14,2011-05-01,45.42649663978494,744,1.0
D14,2011-06-01,39.79651754166667,720,1.0
D14,2011-07-01,38.70214939142462,723,0.9717741935483871
D14,2011-08-01,35.522529690444145,743,0.9986559139784946
D14,2011-09-01,28.364091078125,640,0.8888888888888888
D14,2011-10-01,17.59944525606469,742,0.9973118279569892
D14,2011-11-01,16.035185132496515,717,0.9958333333333333
D14,2011-12-01,14.466269193548388,744,1.0
D14,2012-01-01,11.958858432432432,740,0.9946236559139785
D14,2012-02-01,15.419749465875372,674,0.9683908045977011
D14,2012-03-01,23.043939494535522,732,0.9838709677419355
D14,2012-04-01,30.304195180555556,720,1.0
D14,2012-05-01,36.98870135309973,742,0.9973118279569892
D14,2012-06-01,31.760365815899583,717,0.9958333333333333
D14,2012-07-01,36.416366129032255,744,1.0
D14,2012-08-01,30.240432016129034,744,1.0
D14,2012-09-01,19.452215569444444,720,1.0
D14,2012-10-01,15.540584475806451,744,1.0
D14,2012-11-01,13.078791916666667,720,1.0
D14,2012-12-01,11.555068054054054,740,0.9946236559139785
D14,2013-01-01,11.068908094594596,740,0.9946236559139785
D14,2013-02-01,11.791237589285714,672,1.0
D14,2013-03-01,19.074208588709677,744,1.0
D14,2013-04-01,26.185701527777777,720,1.0
D14,2013-05-01,27.55763876177658,743,0.9986559139784946
D14,2013-06-01,33.33883194444444,720,1.0
D14,2013-07-01,31.299099340511443,743,0.9986559139784946
D14,2013-08-01,29.629674153225807,744,1.0
D14,2013-09-01,20.38767572027972,715,0.9930555555555556
D14,2013-10-01,15.507540500000001,740,0.9946236559139785
D14,2013-11-01,12.24261736111111,720,1.0
D14,2013-12-01,10.82611069986541,743,0.9986559139784946
D14,2014-01-01,11.03504998655914,744,1.0
D14,2014-02-01,10.971867395833334,672,1.0
D14,2014-03-01,14.165457148648649,740,0.9946236559139785
D14,2014-04-01,24.075180394160583,685,0.9513888888888888
D14,2014-05-01,23.425300606469,742,0.9973118279569892
D14,2014-06-01,26.494005652777776,720,1.0
D14,2014-07-01,28.18629373655914,744,1.0
D14,2014-08-01,24.18152646090535,729,0.9798387096774194
D14,2014-09-01,13.373334005416668,720,1.0
D14,2014-10-01,10.666893796765498,742,0.9973118279569892
D14,2014-11-01,6.809446074293785,708,0.9833333333333333
D14,2014-12-01,6.073064776675977,716,0.9623655913978495
D14,2015-01-01,6.568373804683196,726,0.9758064516129032
D14,2015-02-01,8.030944461295181,664,0.9880952380952381
D14,2015-03-01,12.840055592798914,736,0.989247311827957
D14,2015-04-01,17.537007199846624,652,0.9055555555555556
D14,2015-05-01,29.040009767779388,689,0.9260752688172043
D14,2015-06-01,40.243748555555555,720,1.0
D14,2015-07-01,33.84057586486487,740,0.9946236559139785
D14,2015-08-01,21.740178040540542,740,0.9946236559139785
D14,2015-09-01,20.197917930555555,720,1.0
D14,2015-10-01,14.190607782258065,744,1.0
D14,2015-11-01,9.535875363128492,716,0.9944444444444445
D14,2015-12-01,10.845365087956699,739,0.9932795698924731
D14,2016-01-01,11.527542324324324,740,0.9946236559139785
D14,2016-02-01,12.076987801724139,696,1.0
D14,2016-03-01,19.59881785425101,741,0.9959677419354839
D14,2016-04-01,24.366550625000002,720,1.0
D14,2016-05-01,26.077231880108993,734,0.9865591397849462
D14,2016-06-01,37.73341605890603,713,0.9902777777777778
D14,2016-07-01,34.26625205645161,744,1.0
D14,2016-08-01,29.223657856173677,737,0.9905913978494624
D14,2016-09-01,27.519130917941588,719,0.9986111111111111
D14,2016-10-01,17.650908911290323,744,1.0
D14,2016-11-01,15.925727556497176,708,0.9833333333333333
D14,2016-12-01,14.906866451612904,744,1.0
D14,2017-01-01,18.18964040277778,720,0.967741935483871
D14,2017-02-01,14.192434702380952,672,1.0
D14,2017-03-01,20.643248262068965,725,0.9744623655913979
D14,2017-04-01,29.520933421418636,719,0.9986111111111111
D14,2017-05-01,34.408293010752686,744,1.0
D14,2017-06-01,41.18873611111111,720,1.0
D14,2017-07-01,41.65581043956044,728,0.978494623655914
D14,2017-08-01,30.00414864864865,740,0.9946236559139785
D14,2017-09-01,21.799637377963737,717,0.9958333333333333
D14,2017-10-01,14.080431848852902,741,0.9959677419354839
D14,2017-11-01,18.270825174825173,715,0.9930555555555556
D14,2017-12-01,24.36948924731183,744,1.0
D14,2018-01-01,12.029220430107527,744,1.0
D14,2018-02-01,12.49467261904762,672,1.0
D14,2018-03-01,21.83654569892473,744,1.0
D14,2018-04-01,27.450167130919223,718,0.9972222222222222
D14,2018-05-01,43.00032345013477,742,0.9973118279569892
D14,2018-06-01,51.88280821917808,438,0.6083333333333333
D14,2018-07-01,44.87421450151057,662,0.8897849462365591
D14,2018-08-01,48.018029850746274,670,0.9005376344086021
D14,2018-09-01,26.301898395721924,374,0.5194444444444445
D14,2018-10-01,17.521788908765654,559,0.7513440860215054
D14,2018-11-01,19.138272058823528,544,0.7555555555555555
D14,2018-12-01,14.537058029689607,741,0.9959677419354839
D14,2019-01-01,19.06144399460189,741,0.9959677419354839
D14,2019-02-01,19.501266766020866,671,0.9985119047619048
D14,2019-03-01,30.737567204301076,744,1.0
D14,2019-04-01,49.024693593314765,718,0.9972222222222222
D14,2019-05-01,45.259811827956995,744,1.0
D14,2019-06-01,53.13273991655077,719,0.9986111111111111
D14,2019-07-01,46.56168181818182,440,0.5913978494623656
D14,2019-08-01,37.196801075268816,744,1.0
D14,2019-09-01,19.22195744680851,705,0.9791666666666666
D14,2019-10-01,15.181210013908206,719,0.9663978494623656
D14,2019-11-01,12.103016105417277,683,0.9486111111111111
D14,2019-12-01,15.853703703703703,351,0.4717741935483871
D14,2020-01-01,12.921239892183287,742,0.9973118279569892
D14,2020-02-01,17.028906474820143,695,0.9985632183908046
D14,2020-03-01,17.107674731182797,744,1.0
D14,2020-04-01,20.720750000000002,720,1.0
D14,2020-05-01,27.583131720430107,744,1.0
D14,2020-06-01,27.705972222222222,720,1.0
D14,2020-07-01,33.49159029649596,742,0.9973118279569892
D14,2020-08-01,26.83426075268817,744,1.0
D14,2020-09-01,21.78302777777778,720,1.0
D14,2020-10-01,18.341317204301077,744,1.0
D14,2020-11-01,14.07213888888889,720,1.0
D14,2020-12-01,13.029637377963738,717,0.9637096774193549
D14,2021-01-01,12.460376344086022,744,1.0
D14,2021-02-01,15.10075892857143,672,1.0
D14,2021-03-01,17.41534946236559,744,1.0
D14,2021-04-01,23.106754874651813,718,0.9972222222222222
D14,2021-05-01,38.33392473118279,744,1.0
D14,2021-06-01,35.634298118668596,691,0.9597222222222223
D14,2021-07-01,45.21986559139785,744,1.0
D14,2021-08-01,31.739005376344085,744,1.0
D14,2021-09-01,22.34511821974965,719,0.9986111111111111
D14,2021-10-01,16.980676589986466,739,0.9932795698924731
D14,2021-11-01,14.409030898876404,712,0.9888888888888889
D14,2021-12-01,13.591893063583814,692,0.9301075268817204
D14,2022-01-01,11.014424898511502,739,0.9932795698924731
D14,2022-02-01,13.339598214285715,672,1.0
D14,2022-03-01,20.84231393775372,739,0.9932795698924731
D14,2022-04-01,27.057180555555554,720,1.0
D14,2022-05-01,39.84973082099596,743,0.9986559139784946
D14,2022-06-01,32.38323611111111,720,1.0
D14,2022-07-01,29.468546433378197,743,0.9986559139784946
D14,2022-08-01,28.448360215053764,744,1.0
D14,2022-09-01,20.520194714881782,719,0.9986111111111111
D14,2022-10-01,15.376481732070365,739,0.9932795698924731
D14,2022-11-01,13.923152777777778,720,1.0
D14,2022-12-01,12.49452016689847,719,0.9663978494623656
D14,2023-01-01,12.429057873485869,743,0.9986559139784946
D14,2023-02-01,17.711458333333333,672,1.0
D14,2023-03-01,19.018353576248312,741,0.9959677419354839
D14,2023-04-01,24.769428172942817,717,0.9958333333333333
D14,2023-05-01,34.67187079407806,743,0.9986559139784946
D14,2023-06-01,33.628837535014,714,0.9916666666666667
D14,2023-07-01,32.535873655913974,744,1.0
D14,2023-08-01,25.79784946236559,744,1.0
D14,2023-09-01,22.686818950930626,591,0.8208333333333333
D14,2023-10-01,18.708611859838275,742,0.9973118279569892
D14,2023-11-01,15.98007530120482,664,0.9222222222222223
D14,2023-12-01,14.152671232876713,730,0.9811827956989247
D14,2024-01-01,15.254852150537635,744,1.0
D14,2024-02-01,16.69808908045977,696,1.0
D14,2024-03-01,20.91334677419355,744,1.0
D14,2024-04-01,26.924888888888887,720,1.0
D14,2024-05-01,32.671048387096775,744,1.0
D14,2024-06-01,31.89389664804469,716,0.9944444444444445
D14,2024-07-01,34.74696356275304,741,0.9959677419354839
D14,2024-08-01,27.7453007518797,532,0.7150537634408602
D14,2024-09-01,22.961402777777778,720,1.0
D14,2024-10-01,19.221130790190735,734,0.9865591397849462
D14,2024-11-01,12.078202567760341,701,0.9736111111111111
D14,2024-12-01,12.628290713324361,743,0.9986559139784946
D14,2025-01-01,12.34920698924731,744,1.0
D14,2025-02-01,14.21929292929293,594,0.8839285714285714
D14,2025-03-01,17.09594086021505,744,1.0
D14,2025-04-01,26.135250000000003,720,1.0
D14,2025-05-01,32.722530282637955,743,0.9986559139784946
D14,2025-06-01,31.845388888888888,720,1.0
D14,2025-07-01,37.473373655913974,744,1.0
D14,2025-08-01,25.361605937921727,741,0.9959677419354839
D14,2025-09-01,19.196333333333335,720,1.0
D14,2025-10-01,17.06778677462888,741,0.9959677419354839
D14,2025-11-01,11.53418181818182,660,0.9166666666666666
D14,2025-12-01,8.833962264150944,742,0.9973118279569892
D14,2026-01-01,10.209771505376343,744,1.0
D14,2026-02-01,11.89674107142857,672,1.0
D14,2026-03-01,18.142059219380887,743,0.9986559139784946
D14,2026-04-01,19.50774373259053,718,0.9972222222222222
D14,2026-05-01,32.068494623655916,744,1.0
D14,2026-06-01,36.04504166666667,720,1.0
D14,2026-07-01,30.37356182795699,744,1.0
D14,2026-08-01,23.598118279569892,744,1.0
D14,2026-09-01,21.613064516129032,310,0.4305555555555556
D15,2003-12-01,18.3572,2,0.002688172043010753
D15,2004-01-01,12.002140941512126,701,0.9422043010752689
D15,2004-02-01,14.222248164556962,632,0.9080459770114943
D15,2004-03-01,19.475740303030303,660,0.8870967741935484
D15,2004-04-01,21.98547535232384,667,0.9263888888888889
D15,2004-05-01,30.6104204057971,690,0.9274193548387096
D15,2004-06-01,20.107910660066008,606,0.8416666666666667
D15,2004-07-01,23.197145645933013,627,0.842741935483871
D15,2004-08-01,31.638522683438154,477,0.6411290322580645
D15,2004-09-01,14.160055002958579,676,0.9388888888888889
D15,2004-10-01,11.913562012747876,706,0.9489247311827957
D15,2004-11-01,12.215996907378337,637,0.8847222222222222
D15,2004-12-01,10.351668823924731,744,1.0
D15,2005-01-01,11.139889824797843,742,0.9973118279569892
D15,2005-02-01,11.943747574404762,672,1.0
D15,2005-03-01,16.846682395128553,739,0.9932795698924731
D15,2005-04-01,24.380884354253833,717,0.9958333333333333
D15,2005-05-01,18.660918288409704,742,0.9973118279569892
D15,2005-06-01,21.41747909470752,718,0.9972222222222222
D15,2005-07-01,20.345108201344086,744,1.0
D15,2005-08-01,16.423157504032257,744,1.0
D15,2005-09-01,15.682991209912537,686,0.9527777777777777
D15,2005-10-01,16.873060013812157,724,0.9731182795698925
D15,2005-11-01,15.3786870591922,718,0.9972222222222222
D15,2005-12-01,14.30407232744565,736,0.989247311827957
D15,2006-01-01,12.569932059405941,707,0.9502688172043011
D15,2006-02-01,10.215198725757576,660,0.9821428571428571
D15,2006-03-01,16.533527977839338,722,0.9704301075268817
D15,2006-04-01,27.204128363636364,715,0.9930555555555556
D15,2006-05-01,31.40966607526882,744,1.0
D15,2006-06-01,33.821922689075635,714,0.9916666666666667
D15,2006-07-01,29.494970956873313,742,0.9973118279569892
D15,2006-08-01,26.73483816462585,735,0.9879032258064516
D15,2006-09-01,22.994655238784368,691,0.9597222222222223
D15,2006-10-01,15.00089406707317,738,0.9919354838709677
D15,2006-11-01,13.374105348189415,718,0.9972222222222222
D15,2006-12-01,10.029411764705882,680,0.9139784946236559
D15,2007-01-01,6.892941181415929,678,0.9112903225806451
D15,2007-02-01,7.63877097318612,634,0.9434523809523809
D15,2007-03-01,13.394832471910114,712,0.956989247311828
D15,2007-04-01,19.958733943661972,710,0.9861111111111112
D15,2007-05-01,39.73867497942387,729,0.9798387096774194
D15,2007-06-01,64.60285924369748,714,0.9916666666666667
D15,2007-07-01,33.58425864022663,706,0.9489247311827957
D15,2007-08-01,25.719651229508198,732,0.9838709677419355
D15,2007-09-01,24.526220431654675,695,0.9652777777777778
D15,2007-10-01,17.046080905349793,729,0.9798387096774194
D15,2007-11-01,16.60281697368421,684,0.95
D15,2007-12-01,14.204951692094314,721,0.9690860215053764
D15,2008-01-01,14.71939477303989,727,0.9771505376344086
D15,2008-02-01,14.921965317919074,692,0.9942528735632183
D15,2008-03-01,26.03572916093535,727,0.9771505376344086
D15,2008-04-01,29.109004643356645,715,0.9930555555555556
D15,2008-05-01,26.981182795698924,744,1.0
D15,2008-06-01,48.28412256267409,718,0.9972222222222222
D15,2008-07-01,23.54824171195652,736,0.989247311827957
D15,2008-08-01,14.800760580357142,672,0.9032258064516129
D15,2008-09-01,10.32433425123967,605,0.8402777777777778
D15,2008-10-01,15.019283746556473,726,0.9758064516129032
D15,2008-11-01,13.108249396914445,713,0.9902777777777778
D15,2008-12-01,12.022370390309556,743,0.9986559139784946
D15,2009-01-01,13.003441666666667,744,1.0
D15,2009-02-01,14.342261904761905,672,1.0
D15,2009-03-01,20.035401103633916,743,0.9986559139784946
D15,2009-04-01,25.540277777777778,720,1.0
D15,2009-05-01,32.55305065860215,744,1.0
D15,2009-06-01,44.71753698191933,719,0.9986111111111111
D15,2009-07-01,38.27401836021505,744,1.0
D15,2009-08-01,31.483932056451614,744,1.0
D15,2009-09-01,21.41631504922644,711,0.9875
D15,2009-10-01,20.623655913978496,744,1.0
D15,2009-11-01,15.872222222222222,720,1.0
D15,2009-12-01,13.614247311827956,744,1.0
D15,2010-01-01,15.634408602150538,744,1.0
D15,2010-02-01,11.898473552715654,626,0.9315476190476191
D15,2010-03-01,14.839855849921012,633,0.8508064516129032
D15,2010-04-01,22.119444444444444,720,1.0
D15,2010-05-01,27.738896366083445,743,0.9986559139784946
D15,2010-06-01,24.33826430167598,716,0.9944444444444445
D15,2010-07-01,25.345013477088948,742,0.9973118279569892
D15,2010-08-01,21.742587601078167,742,0.9973118279569892
D15,2010-09-01,17.605594405594406,715,0.9930555555555556
D15,2010-10-01,13.918010752688172,744,1.0
D15,2010-11-01,10.219444444444445,720,1.0
D15,2010-12-01,8.645766129032257,744,1.0
D15,2011-01-01,9.038505940860215,744,1.0
D15,2011-02-01,10.348897023809524,672,1.0
D15,2011-03-01,14.015806154910097,723,0.9717741935483871
D15,2011-04-01,21.093274555555556,720,1.0
D15,2011-05-01,36.096935376344085,744,1.0
D15,2011-06-01,32.419095919220055,718,0.9972222222222222
D15,2011-07-01,29.570935747282608,736,0.989247311827957
D15,2011-08-01,24.046783997214483,718,0.9650537634408602
D15,2011-09-01,21.06639166197183,710,0.9861111111111112
D15,2011-10-01,14.4711225672043,744,1.0
D15,2011-11-01,13.308220444444444,720,1.0
D15,2011-12-01,11.413935604395604,728,0.978494623655914
D15,2012-01-01,10.027254156545208,741,0.9959677419354839
D15,2012-02-01,11.450918497109827,692,0.9942528735632183
D15,2012-03-01,16.342765793010752,744,1.0
D15,2012-04-01,22.978950458970793,719,0.9986111111111111
D15,2012-05-01,33.6665521598878,713,0.9583333333333334
D15,2012-06-01,29.16387467696629,712,0.9888888888888889
D15,2012-07-01,34.93539333783784,740,0.9946236559139785
D15,2012-08-01,30.798388950201886,743,0.9986559139784946
D15,2012-09-01,17.02311327142857,700,0.9722222222222222
D15,2012-10-01,13.582718360215054,744,1.0
D15,2012-11-01,11.069428608319445,720,1.0
D15,2012-12-01,10.24855592193809,743,0.9986559139784946
D15,2013-01-01,8.163870188172043,744,1.0
D15,2013-02-01,10.141642113095239,672,1.0
D15,2013-03-01,18.807598440860215,744,1.0
D15,2013-04-01,31.649909916083917,715,0.9930555555555556
D15,2013-05-01,28.110700242261103,743,0.9986559139784946
D15,2013-06-01,32.774613179916315,717,0.9958333333333333
D15,2013-07-01,34.360768646408836,724,0.9731182795698925
D15,2013-08-01,20.3423018984375,512,0.6881720430107527
D15,2013-09-01,11.325568182795699,186,0.25833333333333336
D15,2013-10-01,15.775922202572348,622,0.8360215053763441
D15,2013-11-01,14.01699865277778,720,1.0
D15,2013-12-01,12.833018642473117,744,1.0
D15,2014-01-01,12.231185779569893,744,1.0
D15,2014-02-01,12.095742544642857,672,1.0
D15,2014-03-01,15.629909233870967,744,1.0
D15,2014-04-01,25.478601655076496,719,0.9986111111111111
D15,2014-05-01,27.385874763832657,741,0.9959677419354839
D15,2014-06-01,28.29369422222222,720,1.0
D15,2014-07-01,30.901763603238866,741,0.9959677419354839
D15,2014-08-01,27.319468662618082,741,0.9959677419354839
D15,2014-09-01,17.208431356643356,715,0.9930555555555556
D15,2014-10-01,17.122239337365592,744,1.0
D15,2014-11-01,13.532476837349396,664,0.9222222222222223
D15,2014-12-01,11.461524685792348,732,0.9838709677419355
D15,2015-01-01,9.718219005376344,744,1.0
D15,2015-02-01,10.34312796969697,660,0.9821428571428571
D15,2015-03-01,18.45030512995896,731,0.9825268817204301
D15,2015-04-01,26.43230217877095,716,0.9944444444444445
D15,2015-05-01,33.23712373655914,744,1.0
D15,2015-06-01,44.933005084269666,712,0.9888888888888889
D15,2015-07-01,38.86592099462366,744,1.0
D15,2015-08-01,25.62340461641992,743,0.9986559139784946
D15,2015-09-01,21.446059396914446,713,0.9902777777777778
D15,2015-10-01,14.11063622311828,744,1.0
D15,2015-11-01,9.005862608695653,713,0.9902777777777778
D15,2015-12-01,10.496176711864408,590,0.793010752688172
D15,2016-01-01,9.750840549450551,546,0.7338709677419355
D15,2016-02-01,15.906839781659388,687,0.9870689655172413
D15,2016-03-01,22.42738551075269,744,1.0
D15,2016-04-01,31.75215433936022,719,0.9986111111111111
D15,2016-05-01,30.297860298507462,737,0.9905913978494624
D15,2016-06-01,27.486218232484077,628,0.8722222222222222
D15,2016-07-01,26.596983689189187,740,0.9946236559139785
D15,2016-08-01,23.262287082748948,713,0.9583333333333334
D15,2016-09-01,19.107693800383874,521,0.7236111111111111
D15,2016-10-01,17.938093148648647,740,0.9946236559139785
D15,2016-11-01,18.5264005,720,1.0
D15,2016-12-01,18.007512283783786,740,0.9946236559139785
D15,2017-01-01,20.659436586021506,744,1.0
D15,2017-02-01,14.814078338323355,668,0.9940476190476191
D15,2017-03-01,14.409917125168235,743,0.9986559139784946
D15,2017-04-01,26.470085194444447,720,1.0
D15,2017-05-01,29.298924731182797,744,1.0
D15,2017-06-01,27.962549857549856,702,0.975
D15,2017-07-01,34.28310533515732,731,0.9825268817204301
D15,2017-08-01,27.320299727520435,734,0.9865591397849462
D15,2017-09-01,21.87778254649499,699,0.9708333333333333
D15,2017-10-01,15.374666666666668,330,0.4435483870967742
D15,2017-11-01,15.664501424501424,702,0.975
D15,2017-12-01,12.685161290322581,744,1.0
D15,2018-01-01,12.17387314439946,741,0.9959677419354839
D15,2018-02-01,12.594866071428571,672,1.0
D15,2018-03-01,15.197119784656795,743,0.9986559139784946
D15,2018-04-01,23.83330532212885,714,0.9916666666666667
D15,2018-05-01,31.43772413793103,725,0.9744623655913979
D15,2018-06-01,35.42611832611833,693,0.9625
D15,2018-07-01,29.65928378378378,740,0.9946236559139785
D15,2018-08-01,32.6949118046133,737,0.9905913978494624
D15,2018-09-01,21.37546218487395,714,0.9916666666666667
D15,2018-10-01,15.413768506056527,743,0.9986559139784946
D15,2018-11-01,15.303414096916299,454,0.6305555555555555
D15,2018-12-01,12.14406460296097,743,0.9986559139784946
D15,2019-01-01,12.921226415094338,742,0.9973118279569892
D15,2019-02-01,14.580074404761904,672,1.0
D15,2019-03-01,19.122486559139784,744,1.0
D15,2019-04-01,25.426675938803893,719,0.9986111111111111
D15,2019-05-01,37.5981414701803,721,0.9690860215053764
D15,2019-06-01,32.76221140472879,719,0.9986111111111111
D15,2019-07-01,26.587688172043013,744,1.0
D15,2019-08-01,25.15006802721088,735,0.9879032258064516
D15,2019-09-01,13.44568503937008,635,0.8819444444444444
D15,2019-10-01,10.66208269525268,653,0.8776881720430108
D15,2019-11-01,8.300222531293462,719,0.9986111111111111
D15,2019-12-01,8.336397849462365,744,1.0
D15,2020-01-01,8.542070365358592,739,0.9932795698924731
D15,2020-02-01,9.37007183908046,696,1.0
D15,2020-03-01,10.280860215053764,744,1.0
D15,2020-04-01,13.27392211404729,719,0.9986111111111111
D15,2020-05-01,18.629287634408602,744,1.0
D15,2020-06-01,17.894583333333333,720,1.0
D15,2020-07-01,19.325604838709676,744,1.0
D15,2020-08-01,15.878817204301075,744,1.0
D15,2020-09-01,11.920101449275364,690,0.9583333333333334
D15,2020-10-01,9.916689098250338,743,0.9986559139784946
D15,2020-11-01,7.504250000000001,720,1.0
D15,2020-12-01,7.160417227456258,743,0.9986559139784946
D15,2021-01-01,8.705437415881562,743,0.9986559139784946
D15,2021-02-01,10.54907738095238,672,1.0
D15,2021-03-01,11.974454912516824,743,0.9986559139784946
D15,2021-04-01,16.790250347705147,719,0.9986111111111111
D15,2021-05-01,32.46031039136302,741,0.9959677419354839
D15,2021-06-01,31.01690476190476,714,0.9916666666666667
D15,2021-07-01,37.033588709677424,744,1.0
D15,2021-08-01,26.856142473118283,744,1.0
D15,2021-09-01,19.4766573816156,718,0.9972222222222222
D15,2021-10-01,14.674122448979592,735,0.9879032258064516
D15,2021-11-01,11.464139860139861,715,0.9930555555555556
D15,2021-12-01,10.666644204851751,742,0.9973118279569892
D15,2022-01-01,9.900929919137466,742,0.9973118279569892
D15,2022-02-01,12.304002998500751,667,0.9925595238095238
D15,2022-03-01,18.608064516129033,744,1.0
D15,2022-04-01,23.593853727144865,711,0.9875
D15,2022-05-01,28.285808625336927,742,0.9973118279569892
D15,2022-06-01,30.21459722222222,720,1.0
D15,2022-07-01,26.838827493261455,742,0.9973118279569892
D15,2022-08-01,24.663566621803497,743,0.9986559139784946
D15,2022-09-01,18.060417246175245,719,0.9986111111111111
D15,2022-10-01,14.471962365591397,744,1.0
D15,2022-11-01,10.775625,720,1.0
D15,2022-12-01,9.472250673854447,742,0.9973118279569892
D15,2023-01-01,8.255712365591398,744,1.0
D15,2023-02-01,12.568355754857997,669,0.9955357142857143
D15,2023-03-01,14.279798387096774,744,1.0
D15,2023-04-01,22.604293706293706,715,0.9930555555555556
D15,2023-05-01,31.51681511470985,741,0.9959677419354839
D15,2023-06-01,32.800514603616136,719,0.9986111111111111
D15,2023-07-01,29.908991935483872,744,1.0
D15,2023-08-01,23.01621803499327,743,0.9986559139784946
D15,2023-09-01,21.07551048951049,715,0.9930555555555556
D15,2023-10-01,17.526445945945945,740,0.9946236559139785
D15,2023-11-01,14.107735849056603,689,0.9569444444444445
D15,2023-12-01,11.485836734693878,735,0.9879032258064516
D15,2024-01-01,12.965564516129032,744,1.0
D15,2024-02-01,13.530689655172415,696,1.0
D15,2024-03-01,17.789717741935483,744,1.0
D15,2024-04-01,22.47617563739377,706,0.9805555555555555
D15,2024-05-01,29.503828337874662,734,0.9865591397849462
D15,2024-06-01,31.000443490701002,699,0.9708333333333333
D15,2024-07-01,45.39211305518169,743,0.9986559139784946
D15,2024-08-01,25.949340425531915,470,0.6317204301075269
D15,2024-09-01,22.299569444444444,720,1.0
D15,2024-10-01,16.878097165991903,741,0.9959677419354839
D15,2024-11-01,12.104138888888889,720,1.0
D15,2024-12-01,10.872611036339165,743,0.9986559139784946
D15,2025-01-01,11.433162853297443,743,0.9986559139784946
D15,2025-02-01,16.25783661119516,661,0.9836309523809523
D15,2025-03-01,17.862402159244265,741,0.9959677419354839
D15,2025-04-01,23.901749999999996,720,1.0
D15,2025-05-01,29.556088709677418,744,1.0
D15,2025-06-01,31.78011111111111,720,1.0
D15,2025-07-01,34.492620967741935,744,1.0
D15,2025-08-01,24.71181451612903,744,1.0
D15,2025-09-01,22.187845070422537,710,0.9861111111111112
D15,2025-10-01,16.60913862718708,743,0.9986559139784946
D15,2025-11-01,11.587510431154382,719,0.9986111111111111
D15,2025-12-01,9.741417004048584,741,0.9959677419354839
D15,2026-01-01,8.940578871201158,691,0.928763440860215
D15,2026-02-01,11.364583333333334,672,1.0
D15,2026-03-01,13.715040322580645,744,1.0
D15,2026-04-01,20.013570432357042,717,0.9958333333333333
D15,2026-05-01,30.022270861833103,731,0.9825268817204301
D15,2026-06-01,35.10504867872044,719,0.9986111111111111
D15,2026-07-01,30.899351351351353,740,0.9946236559139785
D15,2026-08-01,21.396756393001347,743,0.9986559139784946
D15,2026-09-01,18.309935483870966,310,0.4305555555555556
D16,2004-12-01,6.4,1,0.0013440860215053765
D16,2005-01-01,10.164661233333334,300,0.4032258064516129
D16,2005-02-01,10.497982369127516,298,0.44345238095238093
D16,2005-03-01,12.256933393868612,685,0.9206989247311828
D16,2005-04-01,20.238699915254237,708,0.9833333333333333
D16,2005-05-01,16.88973353108108,740,0.9946236559139785
D16,2005-06-01,19.916594100418408,717,0.9958333333333333
D16,2005-07-01,21.998346420765028,732,0.9838709677419355
D16,2005-08-01,18.264564075630254,714,0.9596774193548387
D16,2005-09-01,14.068062300578035,692,0.9611111111111111
D16,2005-10-01,10.801452876273654,687,0.9233870967741935
D16,2005-11-01,8.525381351223242,654,0.9083333333333333
D16,2005-12-01,8.3843447218845,658,0.8844086021505376
D16,2006-01-01,8.868715083798882,716,0.9623655913978495
D16,2006-02-01,10.876119402985074,670,0.9970238095238095
D16,2006-03-01,17.469055374592834,614,0.8252688172043011
D16,2006-04-01,23.772919605077576,709,0.9847222222222223
D16,2006-05-01,30.417567567567566,740,0.9946236559139785
D16,2006-06-01,28.03932584269663,712,0.9888888888888889
D16,2006-07-01,27.31917808219178,730,0.9811827956989247
D16,2006-08-01,23.277854195323247,727,0.9771505376344086
D16,2006-09-01,19.509193776520508,707,0.9819444444444444
D16,2006-10-01,12.281379310344828,725,0.9744623655913979
D16,2006-11-01,11.849719101123595,712,0.9888888888888889
D16,2006-12-01,9.426829268292684,656,0.8817204301075269
D16,2007-01-01,7.884057971014493,690,0.9274193548387096
D16,2007-02-01,9.72496025437202,629,0.9360119047619048
D16,2007-03-01,13.5,692,0.9301075268817204
D16,2007-04-01,18.58529411764706,680,0.9444444444444444
D16,2007-05-01,32.164095371669006,713,0.9583333333333334
D16,2007-06-01,31.657474600870827,689,0.9569444444444445
D16,2007-07-01,31.456737588652484,705,0.9475806451612904
D16,2007-08-01,24.29955947136564,454,0.6102150537634409
D16,2007-12-01,11.172981878088962,607,0.8158602150537635
D16,2008-01-01,13.878415300546449,732,0.9838709677419355
D16,2008-02-01,11.533812949640287,695,0.9985632183908046
D16,2008-03-01,15.44489247311828,744,1.0
D16,2008-04-01,23.80806675938804,719,0.9986111111111111
D16,2008-05-01,31.00134952766532,741,0.9959677419354839
D16,2008-06-01,31.842837273991655,719,0.9986111111111111
D16,2008-07-01,31.415426251691475,739,0.9932795698924731
D16,2008-08-01,28.89280868385346,737,0.9905913978494624
D16,2008-09-01,21.020833333333332,720,1.0
D16,2008-10-01,16.427027027027027,740,0.9946236559139785
D16,2008-11-01,11.67966573816156,718,0.9972222222222222
D16,2008-12-01,9.868102288021534,743,0.9986559139784946
D16,2009-01-01,11.557241379310344,725,0.9744623655913979
D16,2009-02-01,12.87797619047619,672,1.0
D16,2009-03-01,19.795148247978435,742,0.9973118279569892
D16,2009-04-01,26.3875,720,1.0
D16,2009-05-01,31.150740242261104,743,0.9986559139784946
D16,2009-06-01,42.82836879432624,705,0.9791666666666666
D16,2009-07-01,36.99327956989247,744,1.0
D16,2009-08-01,32.598118279569896,744,1.0
D16,2009-09-01,21.824756606397774,719,0.9986111111111111
D16,2009-10-01,20.45578231292517,735,0.9879032258064516
D16,2009-11-01,14.9860529986053,717,0.9958333333333333
D16,2009-12-01,12.373315363881401,742,0.9973118279569892
D16,2010-01-01,14.620967741935484,744,1.0
D16,2010-02-01,14.281150159744408,626,0.9315476190476191
D16,2010-03-01,19.265785609397945,681,0.9153225806451613
D16,2010-04-01,32.170833333333334,720,1.0
D16,2010-05-01,39.07422402159244,741,0.9959677419354839
D16,2010-06-01,40.635724331926866,711,0.9875
D16,2010-07-01,37.9811320754717,742,0.9973118279569892
D16,2010-08-01,31.914529914529915,702,0.9435483870967742
D16,2010-09-01,23.941732283464567,635,0.8819444444444444
D16,2010-10-01,17.661290322580644,744,1.0
D16,2010-11-01,14.1875,720,1.0
D16,2010-12-01,11.377822580645162,744,1.0
D16,2011-01-01,11.961950360110803,722,0.9704301075268817
D16,2011-02-01,14.14018662992126,635,0.9449404761904762
D16,2011-03-01,19.494786285329745,743,0.9986559139784946
D16,2011-04-01,26.98588307799443,718,0.9972222222222222
D16,2011-05-01,41.45915761776581,743,0.9986559139784946
D16,2011-06-01,32.587463694444445,720,1.0
D16,2011-07-01,30.097029582772546,743,0.9986559139784946
D16,2011-08-01,26.11584172320217,737,0.9905913978494624
D16,2011-09-01,19.642364229691875,714,0.9916666666666667
D16,2011-10-01,12.66899758108108,740,0.9946236559139785
D16,2011-11-01,12.108156242514971,668,0.9277777777777778
D16,2011-12-01,10.022735361702129,705,0.9475806451612904
D16,2012-01-01,7.136065810810811,740,0.9946236559139785
D16,2012-02-01,10.097616681034483,696,1.0
D16,2012-03-01,14.950298452054795,730,0.9811827956989247
D16,2012-04-01,22.272601800878476,683,0.9486111111111111
D16,2012-05-01,30.28324291381669,731,0.9825268817204301
D16,2012-06-01,28.596649610027857,718,0.9972222222222222
D16,2012-07-01,32.28544236167342,741,0.9959677419354839
D16,2012-08-01,27.307284239569313,743,0.9986559139784946
D16,2012-09-01,18.99475446927374,716,0.9944444444444445
D16,2012-10-01,16.83565442799462,743,0.9986559139784946
D16,2012-11-01,13.579082127955493,719,0.9986111111111111
D16,2012-12-01,12.103300389784946,744,1.0
D16,2013-01-01,10.386464919354838,744,1.0
D16,2013-02-01,12.244441741071428,672,1.0
D16,2013-03-01,19.90914738896366,743,0.9986559139784946
D16,2013-04-01,28.032200870786514,712,0.9888888888888889
D16,2013-05-01,32.113863212365594,744,1.0
D16,2013-06-01,38.3890861891516,719,0.9986111111111111
D16,2013-07-01,34.550665268817205,744,1.0
D16,2013-08-01,31.616494535666217,743,0.9986559139784946
D16,2013-09-01,22.8633107713885,713,0.9902777777777778
D16,2013-10-01,17.713979758064518,744,1.0
D16,2013-11-01,14.235223916666667,720,1.0
D16,2013-12-01,13.384125806451612,744,1.0
D16,2014-01-01,13.122678475033737,741,0.9959677419354839
D16,2014-02-01,12.750487931034483,667,0.9925595238095238
D16,2014-03-01,18.18659625,744,1.0
D16,2014-04-01,29.905948307692306,715,0.9930555555555556
D16,2014-05-01,33.68375930800543,737,0.9905913978494624
D16,2014-06-01,35.043993556187765,703,0.9763888888888889
D16,2014-07-01,37.323599031811895,723,0.9717741935483871
D16,2014-08-01,31.550123640226627,706,0.9489247311827957
D16,2014-09-01,19.176809120567377,705,0.9791666666666666
D16,2014-10-01,13.840265696721312,732,0.9838709677419355
D16,2014-11-01,9.091811988472623,694,0.9638888888888889
D16,2014-12-01,8.235179179566565,646,0.8682795698924731
D16,2015-01-01,8.554103991769548,729,0.9798387096774194
D16,2015-02-01,10.316709544764795,659,0.9806547619047619
D16,2015-03-01,17.282628016304347,736,0.989247311827957
D16,2015-04-01,29.71135441176471,714,0.9916666666666667
D16,2015-05-01,38.176748717598905,733,0.9852150537634409
D16,2015-06-01,47.12061078402367,676,0.9388888888888889
D16,2015-07-01,40.75276799717913,709,0.9529569892473119
D16,2015-08-01,25.27951435045317,662,0.8897849462365591
D16,2015-09-01,18.487663874643875,702,0.975
D16,2015-10-01,11.57608787456446,574,0.771505376344086
D16,2015-11-01,10.782547942511346,661,0.9180555555555555
D16,2015-12-01,11.842273360433603,369,0.4959677419354839
D16,2016-01-01,12.213983343108504,341,0.4583333333333333
D16,2016-02-01,11.958777046413502,237,0.34051724137931033
D16,2016-05-01,26.31044123827392,533,0.7163978494623656
D16,2016-06-01,36.868812850940664,691,0.9597222222222223
D16,2016-07-01,33.034507939481266,694,0.9327956989247311
D16,2016-08-01,29.028674637482897,731,0.9825268817204301
D16,2016-09-01,21.04509474125874,715,0.9930555555555556
D16,2016-10-01,13.419162733423544,739,0.9932795698924731
D16,2016-11-01,11.460445736325386,713,0.9902777777777778
D16,2016-12-01,11.349854109396915,713,0.9583333333333334
D17,2009-03-01,25.845771144278608,201,0.2701612903225806
D17,2009-04-01,30.331944444444446,720,1.0
D17,2009-05-01,30.77956989247312,744,1.0
D17,2009-06-01,34.96944444444444,720,1.0
D17,2009-07-01,29.194070080862534,742,0.9973118279569892
D17,2009-08-01,38.944669365722,741,0.9959677419354839
D17,2009-09-01,22.94600378581363,719,0.9986111111111111
D17,2009-10-01,21.868279569892472,744,1.0
D17,2009-11-01,19.27118881118881,715,0.9930555555555556
D17,2009-12-01,16.929391891891893,740,0.9946236559139785
D17,2010-01-01,18.327956989247312,744,1.0
D17,2010-02-01,15.495818758620691,667,0.9925595238095238
D17,2010-03-01,18.8120583805668,741,0.9959677419354839
D17,2010-04-01,25.92828212290503,716,0.9944444444444445
D17,2010-05-01,30.19880111066127,741,0.9959677419354839
D17,2010-06-01,31.835138915277774,720,1.0
D17,2010-07-01,31.236559139784948,744,1.0
D17,2010-08-01,30.332640497237566,724,0.9731182795698925
D17,2010-09-01,21.636111111111113,720,1.0
D17,2010-10-01,17.350806451612904,744,1.0
D17,2010-11-01,15.529166666666667,720,1.0
D17,2010-12-01,13.250779569892472,744,1.0
D17,2011-01-01,13.31659747311828,744,1.0
D17,2011-02-01,14.175865848214286,672,1.0
D17,2011-03-01,19.507886495956875,742,0.9973118279569892
D17,2011-04-01,24.047091555555557,720,1.0
D17,2011-05-01,48.269111895161295,744,1.0
D17,2011-06-01,35.93485513788099,689,0.9569444444444445
D17,2011-07-01,33.49809561238224,743,0.9986559139784946
D17,2011-08-01,32.335596383561644,730,0.9811827956989247
D17,2011-09-01,26.263900460251044,717,0.9958333333333333
D17,2011-10-01,19.649929690860215,744,1.0
D17,2011-11-01,18.12098737796374,717,0.9958333333333333
D17,2011-12-01,16.6208813844086,744,1.0
D17,2012-01-01,13.628645182186236,741,0.9959677419354839
D17,2012-02-01,16.569223777452414,683,0.9813218390804598
D17,2012-03-01,25.083801443994602,741,0.9959677419354839
D17,2012-04-01,29.146366027972025,715,0.9930555555555556
D17,2012-05-01,37.258438102710414,701,0.9422043010752689
D17,2012-06-01,32.24617538888889,720,1.0
D17,2012-07-01,34.79323987903226,744,1.0
D17,2012-08-01,32.92908983827493,742,0.9973118279569892
D17,2012-09-01,24.001621689944134,716,0.9944444444444445
D17,2012-10-01,21.898279569313594,743,0.9986559139784946
D17,2012-11-01,18.01702343575419,716,0.9944444444444445
D17,2012-12-01,16.794434751009423,743,0.9986559139784946
D17,2013-01-01,13.813530937500001,736,0.989247311827957
D17,2013-02-01,16.431654300595238,672,1.0
D17,2013-03-01,23.713734191374662,742,0.9973118279569892
D17,2013-04-01,33.53346753138075,717,0.9958333333333333
D17,2013-05-01,32.10080417789757,742,0.9973118279569892
D17,2013-06-01,40.06011038888889,720,1.0
D17,2013-07-01,27.804993956043955,728,0.978494623655914
D17,2013-08-01,31.182892087312414,733,0.9852150537634409
D17,2013-09-01,24.57582385793872,718,0.9972222222222222
D17,2013-10-01,22.772289917127075,724,0.9731182795698925
D17,2013-11-01,18.205928218487394,714,0.9916666666666667
D17,2013-12-01,16.733333965053763,744,1.0
D17,2014-01-01,16.187187092391305,736,0.989247311827957
D17,2014-02-01,17.027101279761904,672,1.0
D17,2014-03-01,22.32848583573487,694,0.9327956989247311
D17,2014-04-01,28.79357552155772,719,0.9986111111111111
D17,2014-05-01,30.672267372060855,723,0.9717741935483871
D17,2014-06-01,32.608826972222225,720,1.0
D17,2014-07-01,31.4396575782967,728,0.978494623655914
D17,2014-08-01,27.713111361185984,742,0.9973118279569892
D17,2014-09-01,18.834219275766017,718,0.9972222222222222
D17,2014-10-01,19.83689589635854,714,0.9596774193548387
D17,2014-11-01,18.81717351388889,720,1.0
D17,2014-12-01,17.127888400537636,744,1.0
D17,2015-01-01,17.139001102150537,744,1.0
D17,2015-02-01,18.983653622754492,668,0.9940476190476191
D17,2015-03-01,21.266035350404312,742,0.9973118279569892
D17,2015-04-01,33.20648672222222,720,1.0
D17,2015-05-01,41.29138928378378,740,0.9946236559139785
D17,2015-06-01,49.4482147632312,718,0.9972222222222222
D17,2015-07-01,43.81188047425474,738,0.9919354838709677
D17,2015-08-01,30.590799220430107,744,1.0
D17,2015-09-01,22.386379505035972,695,0.9652777777777778
D17,2015-10-01,18.339521603773587,742,0.9973118279569892
D17,2015-11-01,11.907472241477272,704,0.9777777777777777
D17,2015-12-01,14.091206363636363,660,0.8870967741935484
D17,2016-01-01,12.208026528354079,723,0.9717741935483871
D17,2016-02-01,11.474526613372092,688,0.9885057471264368
D17,2016-03-01,18.917491505376343,744,1.0
D17,2016-04-01,26.824113723723723,666,0.925
D17,2016-05-01,35.43251215258855,734,0.9865591397849462
D17,2016-06-01,47.08581905633803,710,0.9861111111111112
D17,2016-07-01,43.93471959944752,724,0.9731182795698925
D17,2016-08-01,37.81864433147632,718,0.9650537634408602
D17,2016-09-01,30.545730854341734,714,0.9916666666666667
D17,2016-10-01,19.07124021680217,738,0.9919354838709677
D17,2016-11-01,15.893260097493036,718,0.9972222222222222
D17,2016-12-01,14.547855107604017,697,0.9368279569892473
D17,2017-01-01,15.98321465991317,691,0.928763440860215
D17,2017-02-01,13.924293529411765,646,0.9613095238095238
D17,2017-03-01,17.476348960674155,712,0.956989247311828
D17,2017-04-01,27.431729260808925,717,0.9958333333333333
D17,2017-05-01,32.04630081300813,738,0.9919354838709677
D17,2017-06-01,35.49760542168675,664,0.9222222222222223
D17,2017-07-01,36.25059379217274,741,0.9959677419354839
D17,2017-08-01,28.39064383561644,730,0.9811827956989247
D17,2017-09-01,23.510196629213482,712,0.9888888888888889
D17,2017-10-01,18.851989247311828,744,1.0
D17,2017-11-01,19.071680555555556,720,1.0
D17,2017-12-01,14.978694481830418,743,0.9986559139784946
D17,2018-01-01,14.180283018867925,742,0.9973118279569892
D17,2018-02-01,12.87810606060606,660,0.9821428571428571
D17,2018-03-01,22.606882591093118,741,0.9959677419354839
D17,2018-04-01,34.63767964071857,668,0.9277777777777778
D17,2018-05-01,37.95971544715447,738,0.9919354838709677
D17,2018-06-01,36.37679190751445,692,0.9611111111111111
D17,2018-07-01,27.400430879712744,557,0.7486559139784946
D17,2018-08-01,23.173295880149816,534,0.717741935483871
D17,2018-09-01,19.677222222222223,144,0.2
D17,2018-10-01,15.0,1,0.0013440860215053765
D17,2018-11-01,12.14219387755102,588,0.8166666666666667
D17,2018-12-01,9.868037518037518,693,0.9314516129032258
D17,2019-01-01,10.407782258064517,744,1.0
D17,2019-02-01,13.098144171779142,652,0.9702380952380952
D17,2019-03-01,17.4446408839779,724,0.9731182795698925
D17,2019-04-01,25.064069444444446,720,1.0
D17,2019-05-01,21.414925775978407,741,0.9959677419354839
D17,2019-06-01,50.38537482319661,707,0.9819444444444444
D17,2019-07-01,463.668125,64,0.08602150537634409
D17,2019-08-01,27.908014842300556,539,0.7244623655913979
D17,2019-09-01,15.281500000000001,720,1.0
D17,2019-10-01,12.580349462365593,744,1.0
D17,2019-11-01,10.16523676880223,718,0.9972222222222222
D17,2019-12-01,14.843780864197532,648,0.8709677419354839
D17,2020-01-01,13.757190860215054,744,1.0
D17,2020-02-01,15.70568047337278,676,0.9712643678160919
D17,2020-03-01,17.132970430107527,744,1.0
D17,2020-04-01,23.44676429567643,717,0.9958333333333333
D17,2020-05-01,30.294637096774192,744,1.0
D17,2020-06-01,31.404305555555553,720,1.0
D17,2020-07-01,31.957604456824516,718,0.9650537634408602
D17,2020-08-01,26.877185385656293,739,0.9932795698924731
D17,2020-09-01,22.718166666666665,720,1.0
D17,2020-10-01,18.178870967741936,744,1.0
D17,2020-11-01,14.010041666666666,720,1.0
D17,2020-12-01,13.607916666666668,744,1.0
D17,2021-01-01,12.813437500000001,736,0.989247311827957
D17,2021-02-01,15.704023845007452,671,0.9985119047619048
D17,2021-03-01,21.307822580645162,744,1.0
D17,2021-04-01,26.087513888888886,720,1.0
D17,2021-05-01,36.479838709677416,744,1.0
D17,2021-06-01,34.399027777777775,720,1.0
D17,2021-07-01,43.41008064516129,744,1.0
D17,2021-08-01,31.570945945945947,740,0.9946236559139785
D17,2021-09-01,24.444847222222222,720,1.0
D17,2021-10-01,21.602122448979593,735,0.9879032258064516
D17,2021-11-01,19.774186369958276,719,0.9986111111111111
D17,2021-12-01,14.935054347826087,736,0.989247311827957
D17,2022-01-01,10.401626016260163,738,0.9919354838709677
D17,2022-02-01,13.58013392857143,672,1.0
D17,2022-03-01,21.678978494623657,744,1.0
D17,2022-04-01,25.34498603351955,716,0.9944444444444445
D17,2022-05-01,42.09465053763441,744,1.0
D17,2022-06-01,44.97545201668984,719,0.9986111111111111
D17,2022-07-01,35.2464247311828,744,1.0
D17,2022-08-01,33.17426075268818,744,1.0
D17,2022-09-01,26.04201388888889,720,1.0
D17,2022-10-01,15.663951612903226,744,1.0
D17,2022-11-01,14.637336122733611,717,0.9958333333333333
D17,2022-12-01,14.293364864864865,740,0.9946236559139785
D17,2023-01-01,12.917970430107527,744,1.0
D17,2023-02-01,18.863199404761904,672,1.0
D17,2023-03-01,20.022930107526882,744,1.0
D17,2023-04-01,23.996963788300835,718,0.9972222222222222
D17,2023-05-01,30.209283783783782,740,0.9946236559139785
D17,2023-06-01,29.852652777777777,720,1.0
D17,2023-07-01,31.702217741935485,744,1.0
D17,2023-08-01,25.330161725067384,742,0.9973118279569892
D17,2023-09-01,21.327015341701532,717,0.9958333333333333
D17,2023-10-01,19.105459533607682,729,0.9798387096774194
D17,2023-11-01,13.730553977272727,704,0.9777777777777777
D17,2023-12-01,12.511136986301368,730,0.9811827956989247
D17,2024-01-01,14.468011444921315,699,0.9395161290322581
D17,2024-02-01,15.014542728635684,667,0.9583333333333334
D17,2024-03-01,20.442803234501348,742,0.9973118279569892
D17,2024-04-01,23.701894150417825,718,0.9972222222222222
D17,2024-05-01,29.061036339165547,743,0.9986559139784946
D17,2024-06-01,30.603894297635605,719,0.9986111111111111
D17,2024-07-01,39.705263157894734,741,0.9959677419354839
D17,2024-08-01,27.468867924528304,742,0.9973118279569892
D17,2024-09-01,23.946805555555557,720,1.0
D17,2024-10-01,19.42249235474006,654,0.8790322580645161
D17,2024-11-01,4.83,1,0.001388888888888889
D17,2024-12-01,13.491036339165545,743,0.9986559139784946
D17,2025-01-01,13.689690860215054,744,1.0
D17,2025-02-01,15.368036253776435,662,0.9851190476190477
D17,2025-03-01,13.503666666666666,150,0.20161290322580644
D17,2026-07-01,22.865394990366088,519,0.6975806451612904
D17,2026-08-01,19.30916554508748,743,0.9986559139784946
D17,2026-09-01,17.16183870967742,310,0.4305555555555556
D18,2009-03-01,21.27106227106227,273,0.36693548387096775
D18,2009-04-01,24.780555555555555,720,1.0
D18,2009-05-01,28.14516129032258,744,1.0
D18,2009-06-01,34.43194444444445,720,1.0
D18,2009-07-01,28.896505376344088,744,1.0
D18,2009-08-01,23.86962365591398,744,1.0
D18,2009-09-01,17.888333333333335,720,1.0
D18,2009-10-01,19.822580645161292,744,1.0
D18,2009-11-01,15.109722222222222,720,1.0
D18,2009-12-01,12.625,744,1.0
D18,2010-01-01,12.009249072580646,744,1.0
D18,2010-02-01,11.48447204968944,644,0.9583333333333334
D18,2010-03-01,15.845602920903955,708,0.9516129032258065
D18,2010-04-01,26.59027777777778,720,1.0
D18,2010-05-01,32.473118279569896,744,1.0
D18,2010-06-01,31.12608025,720,1.0
D18,2010-07-01,29.51227911051213,742,0.9973118279569892
D18,2010-08-01,23.956756756756757,740,0.9946236559139785
D18,2010-09-01,19.170833333333334,720,1.0
D18,2010-10-01,14.780913978494624,744,1.0
D18,2010-11-01,11.727653631284916,716,0.9944444444444445
D18,2010-12-01,10.608911290322581,744,1.0
D18,2011-01-01,9.051651451612903,744,1.0
D18,2011-02-01,10.579002842261904,672,1.0
D18,2011-03-01,15.406328629032258,744,1.0
D18,2011-04-01,21.416742865090402,719,0.9986111111111111
D18,2011-05-01,34.40569078167116,742,0.9973118279569892
D18,2011-06-01,30.853268333333336,720,1.0
D18,2011-07-01,26.46076510781671,742,0.9973118279569892
D18,2011-08-01,22.02765008108108,740,0.9946236559139785
D18,2011-09-01,18.94889385257302,719,0.9986111111111111
D18,2011-10-01,10.400084,740,0.9946236559139785
D18,2011-11-01,10.126688678720445,719,0.9986111111111111
D18,2011-12-01,8.444688250336474,743,0.9986559139784946
D18,2012-01-01,6.140490161290322,744,1.0
D18,2012-02-01,9.646104746268657,670,0.9626436781609196
D18,2012-03-01,16.12907139189189,740,0.9946236559139785
D18,2012-04-01,23.692264930362118,718,0.9972222222222222
D18,2012-05-01,32.979510228494625,744,1.0
D18,2012-06-01,30.43115551048951,715,0.9930555555555556
D18,2012-07-01,34.58555133064516,744,1.0
D18,2012-08-01,28.723006895161294,744,1.0
D18,2012-09-01,19.516300736111113,720,1.0
D18,2012-10-01,16.566138075370123,743,0.9986559139784946
D18,2012-11-01,13.756868416666666,720,1.0
D18,2012-12-01,12.843301424731182,744,1.0
D18,2013-01-01,12.195410901749664,743,0.9986559139784946
D18,2013-02-01,13.46962793154762,672,1.0
D18,2013-03-01,20.714873870967743,744,1.0
D18,2013-04-01,28.475131055555554,720,1.0
D18,2013-05-01,28.58112691576087,736,0.989247311827957
D18,2013-06-01,35.21928645015106,662,0.9194444444444444
D18,2013-07-01,33.214289434724094,743,0.9986559139784946
D18,2013-08-01,30.25528076612903,744,1.0
D18,2013-09-01,21.828213,720,1.0
D18,2013-10-01,16.59024815860215,744,1.0
D18,2013-11-01,13.216013638888889,720,1.0
D18,2013-12-01,11.949516590296497,742,0.9973118279569892
D18,2014-01-01,10.233689838709678,744,1.0
D18,2014-02-01,9.576002023809524,672,1.0
D18,2014-03-01,14.83429895945946,740,0.9946236559139785
D18,2014-04-01,29.336384603709952,593,0.8236111111111111
D18,2014-05-01,31.252967271505376,744,1.0
D18,2014-06-01,33.28495879166667,720,1.0
D18,2014-07-01,36.6522187755102,735,0.9879032258064516
D18,2014-08-01,31.35136985215054,744,1.0
D18,2014-09-01,21.26163425,720,1.0
D18,2014-10-01,18.13281755376344,744,1.0
D18,2014-11-01,13.393701902777778,720,1.0
D18,2014-12-01,12.89473196743555,737,0.9905913978494624
D18,2015-01-01,11.371949287531807,393,0.5282258064516129
D18,2015-02-01,10.51976412322275,633,0.9419642857142857
D18,2015-03-01,16.297361114130435,736,0.989247311827957
D18,2015-04-01,27.036953291316525,714,0.9916666666666667
D18,2015-05-01,35.43641604054054,740,0.9946236559139785
D18,2015-06-01,53.554690847222226,720,1.0
D18,2015-07-01,41.36882021592443,741,0.9959677419354839
D18,2015-08-01,18.589240624151966,737,0.9905913978494624
D18,2015-09-01,22.30656736111111,720,1.0
D18,2015-10-01,14.723393176312248,743,0.9986559139784946
D18,2015-11-01,10.341641124999999,720,1.0
D18,2015-12-01,10.456340715421303,629,0.8454301075268817
D18,2016-01-01,8.846286491499228,647,0.8696236559139785
D18,2016-02-01,12.855341720116618,686,0.985632183908046
D18,2016-03-01,18.689072970430107,744,1.0
D18,2016-04-01,24.029884285714285,686,0.9527777777777777
D18,2016-05-01,30.184605524193547,744,1.0
D18,2016-06-01,37.13976759493671,711,0.9875
D18,2016-07-01,33.1886218878249,731,0.9825268817204301
D18,2016-08-01,28.843286330645164,744,1.0
D18,2016-09-01,24.92477473463687,716,0.9944444444444445
D18,2016-10-01,10.105599459834938,727,0.9771505376344086
D18,2016-11-01,9.869487801408452,710,0.9861111111111112
D18,2016-12-01,8.981498060356653,729,0.9798387096774194
D18,2017-01-01,10.252291032878581,733,0.9852150537634409
D18,2017-02-01,8.400171308494784,671,0.9985119047619048
D18,2017-03-01,12.598766830417228,743,0.9986559139784946
D18,2017-04-01,24.301666211699164,718,0.9972222222222222
D18,2017-05-01,32.808234501347705,742,0.9973118279569892
D18,2017-06-01,42.32917867435159,694,0.9638888888888889
D18,2017-07-01,37.89955862068965,725,0.9744623655913979
D18,2017-08-01,23.80635262449529,743,0.9986559139784946
D18,2017-09-01,23.935716272600832,719,0.9986111111111111
D18,2017-10-01,18.3090188172043,744,1.0
D18,2017-11-01,17.06359331476323,718,0.9972222222222222
D18,2017-12-01,12.0327688172043,744,1.0
D18,2018-01-01,9.600902964959568,742,0.9973118279569892
D18,2018-02-01,13.864654654654656,666,0.9910714285714286
D18,2018-03-01,20.268737997256515,729,0.9798387096774194
D18,2018-04-01,20.363375886524825,705,0.9791666666666666
D18,2018-05-01,35.35940860215054,744,1.0
D18,2018-06-01,40.782186629526464,718,0.9972222222222222
D18,2018-07-01,34.751174089068826,741,0.9959677419354839
D18,2018-08-01,32.19006821282401,733,0.9852150537634409
D18,2018-09-01,20.966853146853147,715,0.9930555555555556
D18,2018-10-01,18.99021650879567,739,0.9932795698924731
D18,2018-11-01,14.820947075208915,718,0.9972222222222222
D18,2018-12-01,12.079796747967478,738,0.9919354838709677
D18,2019-01-01,13.867311827956991,744,1.0
D18,2019-02-01,16.012440476190477,672,1.0
D18,2019-03-01,22.44617808219178,730,0.9811827956989247
D18,2019-04-01,28.164583333333333,720,1.0
D18,2019-05-01,34.43965006729475,743,0.9986559139784946
D18,2019-06-01,41.08979166666667,720,1.0
D18,2019-07-01,46.907473118279576,744,1.0
D18,2019-08-01,14.972048517520216,742,0.9973118279569892
D18,2019-09-01,1.5206983240223462,358,0.49722222222222223
D18,2020-01-01,14.596034782608694,575,0.7728494623655914
D18,2020-02-01,14.97969827586207,696,1.0
D18,2020-03-01,15.506061827956989,744,1.0
D18,2020-04-01,20.186429567642957,717,0.9958333333333333
D18,2020-05-01,28.89907258064516,744,1.0
D18,2020-06-01,26.975791666666666,720,1.0
D18,2020-07-01,28.958346994535518,732,0.9838709677419355
D18,2020-08-01,23.02584118438762,743,0.9986559139784946
D18,2020-09-01,19.177083333333332,720,1.0
D18,2020-10-01,15.778775235531628,743,0.9986559139784946
D18,2020-11-01,12.082986111111111,720,1.0
D18,2020-12-01,12.358051075268817,744,1.0
D18,2021-01-01,9.024502688172042,744,1.0
D18,2021-02-01,11.060520833333333,672,1.0
D18,2021-03-01,12.880955585464333,743,0.9986559139784946
D18,2021-04-01,18.8155,720,1.0
D18,2021-05-01,33.41983870967742,744,1.0
D18,2021-06-01,32.04511921458625,713,0.9902777777777778
D18,2021-07-01,36.85791666666667,744,1.0
D18,2021-08-01,30.04551816958277,743,0.9986559139784946
D18,2021-09-01,20.33984658298466,717,0.9958333333333333
D18,2021-10-01,15.449327956989247,744,1.0
D18,2021-11-01,11.643988842398883,717,0.9958333333333333
D18,2021-12-01,10.532162554426705,689,0.9260752688172043
D18,2022-01-01,8.636689098250336,743,0.9986559139784946
D18,2022-02-01,10.82161936560935,599,0.8913690476190477
D18,2022-03-01,17.38650442477876,678,0.9112903225806451
D18,2022-04-01,23.65724233983287,718,0.9972222222222222
D18,2022-05-01,37.02089309878214,739,0.9932795698924731
D18,2022-06-01,29.662125,720,1.0
D18,2022-07-01,26.85401076716016,743,0.9986559139784946
D18,2022-08-01,27.00931354359926,539,0.7244623655913979
D18,2022-09-01,18.75900316455696,632,0.8777777777777778
D18,2022-10-01,12.531997282608694,736,0.989247311827957
D18,2022-11-01,9.451592920353983,678,0.9416666666666667
D18,2022-12-01,8.246597633136094,676,0.9086021505376344
D18,2023-01-01,8.452739059967586,617,0.8293010752688172
D18,2023-02-01,11.838824404761905,672,1.0
D18,2023-03-01,13.752261103633916,743,0.9986559139784946
D18,2023-04-01,26.975236486486487,592,0.8222222222222222
D18,2023-05-01,32.5083064516129,744,1.0
D18,2023-06-01,31.34927777777778,720,1.0
D18,2023-07-01,33.06567204301076,744,1.0
D18,2023-08-01,24.754717741935483,744,1.0
D18,2023-09-01,19.583416666666665,720,1.0
D18,2023-10-01,14.51392857142857,728,0.978494623655914
D18,2023-11-01,12.099567164179104,670,0.9305555555555556
D18,2023-12-01,6.967463976945245,347,0.46639784946236557
D18,2024-01-01,6.2298035714285716,560,0.7526881720430108
D18,2024-02-01,11.64528057553957,695,0.9985632183908046
D18,2024-03-01,16.526379542395695,743,0.9986559139784946
D18,2024-04-01,21.864763888888888,720,1.0
D18,2024-05-01,27.818714479025708,739,0.9932795698924731
D18,2024-06-01,29.360527777777776,720,1.0
D18,2024-07-01,35.95082543978349,739,0.9932795698924731
D18,2024-08-01,24.6874964838256,711,0.9556451612903226
D18,2024-09-01,20.921625,720,1.0
D18,2024-10-01,18.9190188172043,744,1.0
D18,2024-11-01,13.420291666666667,720,1.0
D18,2024-12-01,9.336056527590847,743,0.9986559139784946
D18,2025-01-01,8.811424731182795,744,1.0
D18,2025-02-01,11.008506787330317,663,0.9866071428571429
D18,2025-03-01,15.213225806451613,744,1.0
D18,2025-04-01,22.506569444444445,720,1.0
D18,2025-05-01,30.437432795698925,744,1.0
D18,2025-06-01,32.18239888423989,717,0.9958333333333333
D18,2025-07-01,35.83704301075269,744,1.0
D18,2025-08-01,21.268045822102426,742,0.9973118279569892
D18,2025-09-01,16.09422222222222,720,1.0
D18,2025-10-01,13.633643724696357,741,0.9959677419354839
D18,2025-11-01,10.504152777777778,720,1.0
D18,2025-12-01,9.789005376344086,744,1.0
D18,2026-01-01,11.949134948096887,578,0.7768817204301075
D18,2026-02-01,9.292328358208955,670,0.9970238095238095
D18,2026-03-01,12.467809139784945,744,1.0
D18,2026-04-01,19.028125,720,1.0
D18,2026-05-01,30.353692722371967,742,0.9973118279569892
D18,2026-06-01,33.38165277777778,720,1.0
D18,2026-07-01,29.122419354838712,744,1.0
D18,2026-08-01,23.250497311827957,744,1.0
D18,2026-09-01,19.147967741935485,310,0.4305555555555556
D27,2009-01-01,10.696132596685082,181,0.24327956989247312
D27,2009-02-01,10.867559523809524,672,1.0
D27,2009-03-01,15.650424529569891,744,1.0
D27,2009-04-01,13.997747929373999,623,0.8652777777777778
D27,2009-05-01,15.74207492795389,694,0.9327956989247311
D27,2009-06-01,23.705208535564854,717,0.9958333333333333
D27,2009-07-01,21.123767903225804,744,1.0
D27,2009-08-01,19.16576086956522,736,0.989247311827957
D27,2009-09-01,14.295494901960785,714,0.9916666666666667
D27,2009-10-01,13.27310924369748,714,0.9596774193548387
D27,2009-11-01,11.158102723404255,705,0.9791666666666666
D27,2009-12-01,10.221428571428572,728,0.978494623655914
D27,2010-01-01,13.003129756427604,739,0.9932795698924731
D27,2010-02-01,12.9110321171875,640,0.9523809523809523
D27,2010-03-01,17.439058171745152,722,0.9704301075268817
D27,2010-04-01,25.658802504178272,718,0.9972222222222222
D27,2010-05-01,29.243586612382238,743,0.9986559139784946
D27,2010-06-01,32.050144803370785,712,0.9888888888888889
D27,2010-07-01,29.263157894736842,741,0.9959677419354839
D27,2010-08-01,25.798387096774192,744,1.0
D27,2010-09-01,18.70391061452514,716,0.9944444444444445
D27,2010-10-01,14.95693135935397,743,0.9986559139784946
D27,2010-11-01,12.741666666666667,720,1.0
D27,2010-12-01,11.10241935483871,744,1.0
D27,2011-01-01,11.507810161290323,744,1.0
D27,2011-02-01,12.711584432835823,670,0.9970238095238095
D27,2011-03-01,17.771341357526882,744,1.0
D27,2011-04-01,22.939699582753825,719,0.9986111111111111
D27,2011-05-01,30.584605344129553,741,0.9959677419354839
D27,2011-06-01,28.535216277777778,720,1.0
D27,2011-07-01,26.56951947580645,744,1.0
D27,2011-08-01,23.37627623655914,744,1.0
D27,2011-09-01,18.72227568055556,720,1.0
D27,2011-10-01,11.612214852150537,744,1.0
D27,2011-11-01,11.92612325,720,1.0
D27,2011-12-01,10.923109731182796,744,1.0
D27,2012-01-01,8.331820537634409,744,1.0
D27,2012-02-01,10.622013290043292,693,0.9956896551724138
D27,2012-03-01,16.80035869623656,744,1.0
D27,2012-04-01,21.74615823611111,720,1.0
D27,2012-05-01,27.928282284946235,744,1.0
D27,2012-06-01,26.406056805555554,720,1.0
D27,2012-07-01,27.199487701612902,744,1.0
D27,2012-08-01,26.69869126344086,744,1.0
D27,2012-09-01,17.840387941585536,719,0.9986111111111111
D27,2012-10-01,14.352842715053763,744,1.0
D27,2012-11-01,11.968403833333335,720,1.0
D27,2012-12-01,12.20098077956989,744,1.0
D27,2013-01-01,11.95603936827957,744,1.0
D27,2013-02-01,12.904498988095238,672,1.0
D27,2013-03-01,19.176724180107527,744,1.0
D27,2013-04-01,20.492752284122563,718,0.9972222222222222
D27,2013-05-01,25.01765846774194,744,1.0
D27,2013-06-01,30.743388361111112,720,1.0
D27,2013-07-01,27.40654982526882,744,1.0
D27,2013-08-01,25.11093119623656,744,1.0
D27,2013-09-01,16.89858661111111,720,1.0
D27,2013-10-01,15.431153077956989,744,1.0
D27,2013-11-01,12.548348777777779,720,1.0
D27,2013-12-01,12.390772217741935,744,1.0
D27,2014-01-01,11.238111276881721,744,1.0
D27,2014-02-01,11.211324077380953,672,1.0
D27,2014-03-01,14.706301267029973,734,0.9865591397849462
D27,2014-04-01,19.895975541666665,720,1.0
D27,2014-05-01,21.69177494623656,744,1.0
D27,2014-06-01,23.080266104078763,711,0.9875
D27,2014-07-01,27.36719196765499,742,0.9973118279569892
D27,2014-08-01,21.698542291105124,742,0.9973118279569892
D27,2014-09-01,12.442755069444443,720,1.0
D27,2014-10-01,13.229428975741241,742,0.9973118279569892
D27,2014-11-01,9.340601788732394,710,0.9861111111111112
D27,2014-12-01,7.495440760810811,740,0.9946236559139785
D27,2015-01-01,8.897009529569893,744,1.0
D27,2015-02-01,12.56139485074627,670,0.9970238095238095
D27,2015-03-01,16.666888333333333,744,1.0
D27,2015-04-01,23.538145313807533,717,0.9958333333333333
D27,2015-05-01,29.935957634408602,744,1.0
D27,2015-06-01,32.635955180555555,720,1.0
D27,2015-07-01,28.248117638326583,741,0.9959677419354839
D27,2015-08-01,19.013214753369272,742,0.9973118279569892
D27,2015-09-01,17.022259718055558,720,1.0
D27,2015-10-01,12.418713114247312,744,1.0
D27,2015-11-01,8.047112008344923,719,0.9986111111111111
D27,2015-12-01,10.538742582312926,735,0.9879032258064516
D27,2016-01-01,9.649638881401618,742,0.9973118279569892
D27,2016-02-01,12.467294109195402,696,1.0
D27,2016-03-01,19.89051048387097,744,1.0
D27,2016-04-01,20.544284486111113,720,1.0
D27,2016-05-01,25.04109307795699,744,1.0
D27,2016-06-01,30.530776652719663,717,0.9958333333333333
D27,2016-07-01,29.823562849462363,744,1.0
D27,2016-08-01,26.426874059139784,744,1.0
D27,2016-09-01,24.76810292307692,715,0.9930555555555556
D27,2016-10-01,16.218982201963534,713,0.9583333333333334
D27,2016-11-01,13.482586191155493,701,0.9736111111111111
D27,2016-12-01,11.816179355509355,481,0.646505376344086
D27,2017-01-01,17.27000556768559,458,0.6155913978494624
D27,2017-02-01,13.349394957692308,520,0.7738095238095238
D27,2017-03-01,11.181183870489296,654,0.8790322580645161
D27,2017-04-01,19.907061782089553,670,0.9305555555555556
D27,2017-05-01,23.619486447931525,701,0.9422043010752689
D27,2017-06-01,32.947615708274895,713,0.9902777777777778
D27,2017-07-01,30.179525801952582,717,0.9637096774193549
D27,2017-08-01,28.54423387096774,744,1.0
D27,2017-09-01,20.64145092460882,703,0.9763888888888889
D27,2017-10-01,16.498338192419826,686,0.9220430107526881
D27,2017-11-01,11.84600558659218,716,0.9944444444444445
D27,2017-12-01,10.669646739130433,736,0.989247311827957
D27,2018-01-01,9.9531241473397,733,0.9852150537634409
D27,2018-02-01,14.311590038314176,522,0.7767857142857143
D27,2018-03-01,16.914209591474247,563,0.7567204301075269
D27,2018-04-01,24.927852941176468,680,0.9444444444444444
D27,2018-05-01,34.145860215053766,744,1.0
D27,2018-06-01,41.42371592539455,697,0.9680555555555556
D27,2018-07-01,24.079986052998603,717,0.9637096774193549
D27,2018-08-01,37.904840425531916,188,0.25268817204301075
D27,2018-09-01,29.90490566037736,424,0.5888888888888889
D27,2018-10-01,23.75486559139785,744,1.0
D27,2018-11-01,23.38728956228956,594,0.825
D27,2018-12-01,8.23639601139601,702,0.9435483870967742
D27,2019-01-01,10.337849462365591,744,1.0
D27,2019-02-01,13.198973214285713,672,1.0
D27,2019-03-01,18.35883064516129,744,1.0
D27,2019-04-01,23.94802777777778,720,1.0
D27,2019-05-01,25.734005412719892,739,0.9932795698924731
D27,2019-06-01,27.535138888888888,720,1.0
D27,2019-07-01,27.99274193548387,744,1.0
D27,2019-08-01,23.30595430107527,744,1.0
D27,2019-09-01,14.317916666666665,720,1.0
D27,2019-10-01,10.876236559139786,744,1.0
D27,2019-11-01,8.179192200557102,718,0.9972222222222222
D27,2019-12-01,8.119596774193548,744,1.0
D27,2020-01-01,5.8046900269541775,742,0.9973118279569892
D27,2020-02-01,7.91705459770115,696,1.0
D27,2020-03-01,11.960394736842105,684,0.9193548387096774
D27,2020-04-01,12.650694444444444,720,1.0
D27,2020-05-01,16.059413447782546,699,0.9395161290322581
D27,2020-06-01,18.247241887905602,678,0.9416666666666667
D27,2020-07-01,20.26537940379404,738,0.9919354838709677
D27,2020-08-01,4.626652482269503,705,0.9475806451612904
D27,2020-09-01,7.072242857142856,700,0.9722222222222222
D27,2020-10-01,5.012782258064516,744,1.0
D27,2020-11-01,3.8014637904468414,649,0.9013888888888889
D27,2020-12-01,3.488328840970351,742,0.9973118279569892
D27,2021-01-01,2.8194270122783083,733,0.9852150537634409
D27,2021-02-01,4.924328358208956,670,0.9970238095238095
D27,2021-03-01,6.7108783783783785,740,0.9946236559139785
D27,2021-04-01,8.492236111111112,720,1.0
D27,2021-05-01,23.229215155615694,739,0.9932795698924731
D27,2021-06-01,30.677065368567458,719,0.9986111111111111
D27,2021-07-01,38.612930107526886,744,1.0
D27,2021-08-01,31.41649193548387,744,1.0
D27,2021-09-01,22.834846796657384,718,0.9972222222222222
D27,2021-10-01,17.128977119784658,743,0.9986559139784946
D27,2021-11-01,14.455444444444444,720,1.0
D27,2021-12-01,13.026935483870966,744,1.0
D27,2022-01-01,10.137956989247312,744,1.0
D27,2022-02-01,12.476248131539613,669,0.9955357142857143
D27,2022-03-01,19.420775623268696,722,0.9704301075268817
D27,2022-04-01,23.197521489971347,698,0.9694444444444444
D27,2022-05-01,33.598933873144404,741,0.9959677419354839
D27,2022-06-01,32.97880055788006,717,0.9958333333333333
D27,2022-07-01,27.768830645161287,744,1.0
D27,2022-08-01,28.57226441631505,711,0.9556451612903226
D27,2022-09-01,21.302726008344923,719,0.9986111111111111
D27,2022-10-01,17.001599462365593,744,1.0
D27,2022-11-01,14.615555555555556,720,1.0
D27,2022-12-01,12.140197740112995,708,0.9516129032258065
D27,2023-01-01,11.606411290322582,744,1.0
D27,2023-02-01,17.022857142857145,672,1.0
D27,2023-03-01,18.0633423180593,742,0.9973118279569892
D27,2023-04-01,22.40782729805014,718,0.9972222222222222
D27,2023-05-01,30.874771505376348,744,1.0
D27,2023-06-01,29.525444444444442,720,1.0
D27,2023-07-01,31.386505376344086,744,1.0
D27,2023-08-01,25.343575268817204,744,1.0
D27,2023-09-01,18.229610027855156,718,0.9972222222222222
D27,2023-10-01,15.452299319727892,735,0.9879032258064516
D27,2023-11-01,17.385823699421966,692,0.9611111111111111
D27,2023-12-01,10.721923601637108,733,0.9852150537634409
D27,2024-01-01,12.077244623655913,744,1.0
D27,2024-02-01,13.390287769784173,695,0.9985632183908046
D27,2024-03-01,18.222002688172044,744,1.0
D27,2024-04-01,24.194754601226993,652,0.9055555555555556
D27,2024-05-01,27.5247311827957,744,1.0
D27,2024-06-01,28.319346314325454,719,0.9986111111111111
D27,2024-07-01,35.213577235772355,738,0.9919354838709677
D27,2024-08-01,25.47188172043011,744,1.0
D27,2024-09-01,20.718833333333333,720,1.0
D27,2024-10-01,16.9089338731444,741,0.9959677419354839
D27,2024-11-01,11.79326388888889,720,1.0
D27,2024-12-01,10.892352150537635,744,1.0
D27,2025-01-01,10.833921832884098,742,0.9973118279569892
D27,2025-02-01,13.567435897435896,663,0.9866071428571429
D27,2025-03-01,16.891948924731185,744,1.0
D27,2025-04-01,25.62775,720,1.0
D27,2025-05-01,28.55467025572005,743,0.9986559139784946
D27,2025-06-01,27.289685264663806,699,0.9708333333333333
D27,2025-07-01,33.338156123822344,743,0.9986559139784946
D27,2025-08-01,20.718440860215054,744,1.0
D27,2025-09-01,17.17816155988858,718,0.9972222222222222
D27,2025-10-01,13.800255720053835,743,0.9986559139784946
D27,2025-11-01,9.816055555555556,720,1.0
D27,2025-12-01,9.63529569892473,744,1.0
D27,2026-01-01,10.628610354223433,734,0.9865591397849462
D27,2026-02-01,11.160060851926977,493,0.7336309523809523
D27,2026-03-01,13.855212298682284,683,0.918010752688172
D27,2026-04-01,19.22189151599444,719,0.9986111111111111
D27,2026-05-01,29.015161290322578,744,1.0
D27,2026-06-01,30.10874476987448,717,0.9958333333333333
D27,2026-07-01,25.50201612903226,744,1.0
D27,2026-08-01,21.153373655913978,744,1.0
D27,2026-09-01,21.175227272727273,308,0.42777777777777776
D28,2009-02-01,2.342857142857143,35,0.052083333333333336
D28,2009-03-01,8.145359627228524,617,0.8293010752688172
D28,2009-04-01,8.290458940217391,368,0.5111111111111111
D28,2009-05-01,11.505376344086022,744,1.0
D28,2009-06-01,16.857787810383748,443,0.6152777777777778
D28,2009-07-01,12.23240589198036,611,0.821236559139785
D28,2009-08-01,11.823322998204668,557,0.7486559139784946
D28,2009-09-01,8.827083847222221,720,1.0
D28,2009-10-01,8.277628032345014,742,0.9973118279569892
D28,2009-11-01,6.639592016689846,719,0.9986111111111111
D28,2009-12-01,4.550607287449393,741,0.9959677419354839
D28,2010-01-01,5.991412419354839,744,1.0
D28,2010-02-01,4.498432587646077,599,0.8913690476190477
D28,2010-03-01,5.888565717054264,516,0.6935483870967742
D28,2010-04-01,10.399426443514644,717,0.9958333333333333
D28,2010-05-01,14.104316778242676,478,0.6424731182795699
D28,2010-06-01,16.946688206785137,619,0.8597222222222223
D28,2010-07-01,18.41374663072776,742,0.9973118279569892
D28,2010-08-01,13.218623481781377,741,0.9959677419354839
D28,2010-09-01,10.102777777777778,720,1.0
D28,2010-10-01,6.475033738191633,741,0.9959677419354839
D28,2010-11-01,5.04601226993865,652,0.9055555555555556
D28,2010-12-01,3.760115606936416,692,0.9301075268817204
D28,2011-01-01,4.485981237288136,590,0.793010752688172
D28,2011-02-01,5.072706307692308,325,0.4836309523809524
D28,2011-03-01,7.102022726045884,741,0.9959677419354839
D28,2011-04-01,11.32047406162465,714,0.9916666666666667
D28,2011-05-01,19.683088306451612,744,1.0
D28,2011-06-01,18.08177597222222,720,1.0
D28,2011-07-01,15.654538290713324,743,0.9986559139784946
D28,2011-08-01,14.29930976845152,691,0.928763440860215
D28,2011-09-01,9.325416706231454,674,0.9361111111111111
D28,2011-10-01,6.556129082321188,741,0.9959677419354839
D28,2011-11-01,5.140818277777778,720,1.0
D28,2011-12-01,4.31792931174089,741,0.9959677419354839
D28,2012-01-01,3.369157574525745,738,0.9919354838709677
D28,2012-02-01,5.957602243125905,691,0.992816091954023
D28,2012-03-01,8.132785497953614,733,0.9852150537634409
D28,2012-04-01,6.455723596358119,659,0.9152777777777777
D28,2012-05-01,3.7268386718750004,384,0.5161290322580645
D28,2012-06-01,17.417754319444445,720,1.0
D28,2012-07-01,16.06311477792732,743,0.9986559139784946
D28,2012-08-01,6.632359702449567,694,0.9327956989247311
D28,2012-09-01,8.14201869241774,699,0.9708333333333333
D28,2012-10-01,2.560170638888889,36,0.04838709677419355
D28,2012-12-01,8.794397076190476,525,0.7056451612903226
D28,2013-01-01,3.4496199714060034,633,0.8508064516129032
D28,2013-02-01,5.76468769924812,665,0.9895833333333334
D28,2013-03-01,8.476536182795698,744,1.0
D28,2013-04-01,10.34295369318182,704,0.9777777777777777
D28,2013-05-01,12.553192801082544,739,0.9932795698924731
D28,2013-06-01,21.32825606628242,694,0.9638888888888889
D28,2013-07-01,17.469658215258857,734,0.9865591397849462
D28,2013-08-01,14.152922843665769,742,0.9973118279569892
D28,2013-09-01,9.674932595125348,718,0.9972222222222222
D28,2013-10-01,6.155293297297297,740,0.9946236559139785
D28,2013-11-01,5.498936684797768,717,0.9958333333333333
D28,2013-12-01,3.887287199730095,741,0.9959677419354839
D28,2014-01-01,4.407256096904441,743,0.9986559139784946
D28,2014-02-01,4.025479820895523,670,0.9970238095238095
D28,2014-03-01,5.682367432118759,741,0.9959677419354839
D28,2014-04-01,12.856953328212292,716,0.9944444444444445
D28,2014-05-01,15.33652462277092,729,0.9798387096774194
D28,2014-06-01,18.470847114285714,700,0.9722222222222222
D28,2014-07-01,16.601246096904443,743,0.9986559139784946
D28,2014-08-01,14.670312592991914,742,0.9973118279569892
D28,2014-09-01,7.584832674094707,718,0.9972222222222222
D28,2014-10-01,5.602148706199461,742,0.9973118279569892
D28,2014-11-01,3.694850450924609,703,0.9763888888888889
D28,2014-12-01,3.3843034581005584,716,0.9623655913978495
D28,2015-01-01,5.564540518053375,637,0.8561827956989247
D28,2015-02-01,6.355286801801801,666,0.9910714285714286
D28,2015-03-01,9.41977048582996,741,0.9959677419354839
D28,2015-04-01,15.140004700973574,719,0.9986111111111111
D28,2015-05-01,23.065574529569894,744,1.0
D28,2015-06-01,30.884275722222224,720,1.0
D28,2015-07-01,21.79759351977401,708,0.9516129032258065
D28,2015-08-01,12.669701061870503,695,0.9341397849462365
D28,2015-09-01,11.707552865277778,720,1.0
D28,2015-10-01,6.058358317876344,744,1.0
D28,2015-11-01,4.2940877630882355,680,0.9444444444444444
D28,2015-12-01,2.7863419829443448,557,0.7486559139784946
D28,2016-01-01,4.490507218807339,436,0.5860215053763441
D28,2016-02-01,13.137343817292006,613,0.8807471264367817
D28,2016-03-01,8.56339404664723,343,0.46102150537634407
D28,2016-04-01,14.265661081081081,481,0.6680555555555555
D28,2016-05-01,13.022901036036036,666,0.8951612903225806
D28,2016-06-01,20.057832162995595,681,0.9458333333333333
D28,2016-07-01,19.46033023323615,686,0.9220430107526881
D28,2016-08-01,15.896153909774435,665,0.8938172043010753
D28,2016-09-01,12.916962902621723,534,0.7416666666666667
D28,2016-10-01,5.775115556953643,453,0.6088709677419355
D28,2016-11-01,5.462789230769231,611,0.8486111111111111
D28,2016-12-01,4.019555545454545,550,0.739247311827957
D28,2017-01-01,4.746841296992481,532,0.7150537634408602
D28,2017-02-01,3.7908064536231887,69,0.10267857142857142
D28,2017-03-01,5.76481290410959,365,0.4905913978494624
D28,2017-04-01,9.852034191729324,532,0.7388888888888889
D28,2017-05-01,11.481822157434403,686,0.9220430107526881
D28,2017-06-01,15.325950292397662,684,0.95
D28,2017-07-01,14.129834710743802,726,0.9758064516129032
D28,2017-08-01,9.84427289048474,557,0.7486559139784946
D28,2017-09-01,44.260943113772456,668,0.9277777777777778
D28,2017-10-01,81.24354716981132,530,0.7123655913978495
D28,2017-11-01,12.556132075471698,106,0.14722222222222223
D28,2017-12-01,4.719310344827586,319,0.42876344086021506
D28,2018-01-01,5.359972183588317,719,0.9663978494623656
D28,2018-02-01,4.350179104477612,670,0.9970238095238095
D28,2018-03-01,8.1661736770692,737,0.9905913978494624
D28,2018-04-01,10.161263888888888,720,1.0
D28,2018-05-01,20.366914119359535,687,0.9233870967741935
D28,2018-06-01,23.48902985074627,536,0.7444444444444445
D28,2018-07-01,22.779115646258507,735,0.9879032258064516
D28,2018-08-01,20.163647234678624,669,0.8991935483870968
D28,2018-09-01,13.198909426987061,541,0.7513888888888889
D28,2018-10-01,8.080729483282674,329,0.4422043010752688
D28,2018-11-01,6.664714285714286,280,0.3888888888888889
D28,2018-12-01,4.998994082840237,169,0.2271505376344086
D28,2019-01-01,4.578042635658915,516,0.6935483870967742
D28,2019-02-01,4.560382059800665,602,0.8958333333333334
D28,2019-03-01,4.611034946236559,744,1.0
D28,2019-04-01,8.627398496240602,665,0.9236111111111112
D28,2019-05-01,13.53152380952381,735,0.9879032258064516
D28,2019-06-01,19.361482517482518,715,0.9930555555555556
D28,2019-07-01,19.637069892473118,744,1.0
D28,2019-08-01,15.502930107526883,744,1.0
D28,2019-09-01,6.405612998522896,677,0.9402777777777778
D28,2019-10-01,5.389700149925037,667,0.896505376344086
D28,2019-11-01,4.316994991652755,599,0.8319444444444445
D28,2019-12-01,167.04444444444445,9,0.012096774193548387
D29,2009-03-01,17.642313546423136,657,0.8830645161290323
D29,2009-04-01,25.420833333333334,720,1.0
D29,2009-05-01,28.954301075268816,744,1.0
D29,2009-06-01,31.083333333333332,720,1.0
D29,2009-07-01,30.314939434724092,743,0.9986559139784946
D29,2009-08-01,34.869623655913976,744,1.0
D29,2009-09-01,23.050139275766018,718,0.9972222222222222
D29,2009-10-01,19.237903225806452,744,1.0
D29,2009-11-01,13.736768802228413,718,0.9972222222222222
D29,2009-12-01,12.396694214876034,726,0.9758064516129032
D29,2010-01-01,12.353494623655914,744,1.0
D29,2010-02-01,11.960063897763579,626,0.9315476190476191
D29,2010-03-01,17.685185185185187,648,0.8709677419354839
D29,2010-04-01,25.865277777777777,720,1.0
D29,2010-05-01,30.23108665749656,727,0.9771505376344086
D29,2010-06-01,30.33100558659218,716,0.9944444444444445
D29,2010-07-01,31.43089430894309,738,0.9919354838709677
D29,2010-08-01,27.43709677419355,620,0.8333333333333334
D29,2010-09-01,19.544615384615383,650,0.9027777777777778
D29,2010-10-01,15.506276150627615,717,0.9637096774193549
D29,2010-11-01,12.515277777777778,720,1.0
D29,2010-12-01,9.937663817663818,702,0.9435483870967742
D29,2011-01-01,11.172955201612902,744,1.0
D29,2011-02-01,12.856048956780924,671,0.9985119047619048
D29,2011-03-01,16.79345301075269,744,1.0
D29,2011-04-01,22.27884976415094,636,0.8833333333333333
D29,2011-05-01,36.570148067567565,740,0.9946236559139785
D29,2011-06-01,32.76104409282701,711,0.9875
D29,2011-07-01,30.257867335526317,608,0.8172043010752689
D29,2011-08-01,26.856096397849463,744,1.0
D29,2011-09-01,22.938459208523593,657,0.9125
D29,2011-10-01,15.72494370923913,736,0.989247311827957
D29,2011-11-01,14.926966036161334,719,0.9986111111111111
D29,2011-12-01,13.226151495956874,742,0.9973118279569892
D29,2012-01-01,10.52924362035225,511,0.6868279569892473
D29,2012-02-01,13.441901949025489,667,0.9583333333333334
D29,2012-03-01,20.825999314685316,715,0.9610215053763441
D29,2012-04-01,27.443033740902475,687,0.9541666666666667
D29,2012-05-01,36.863987997311824,744,1.0
D29,2012-06-01,30.928446676875954,653,0.9069444444444444
D29,2012-07-01,33.204213837579616,628,0.8440860215053764
D29,2012-08-01,30.48751715053763,744,1.0
D29,2012-09-01,20.61412506419401,701,0.9736111111111111
D29,2012-10-01,17.20246607526882,744,1.0
D29,2012-11-01,14.63934751388889,720,1.0
D29,2012-12-01,12.022045170603674,381,0.5120967741935484
D29,2013-01-01,12.506055456989246,744,1.0
D29,2013-02-01,13.488435922619049,672,1.0
D29,2013-03-01,20.43153199181446,733,0.9852150537634409
D29,2013-04-01,28.376187450704222,710,0.9861111111111112
D29,2013-05-01,30.2002198923284,743,0.9986559139784946
D29,2013-06-01,35.47476244725738,711,0.9875
D29,2013-07-01,32.57482928687196,617,0.8293010752688172
D29,2013-08-01,29.260548768328444,682,0.9166666666666666
D29,2013-09-01,21.549094487179488,702,0.975
D29,2013-10-01,17.595079717741935,744,1.0
D29,2013-11-01,14.491149986072422,718,0.9972222222222222
D29,2013-12-01,13.243700631720431,744,1.0
D29,2014-01-01,12.147933198924731,744,1.0
D29,2014-02-01,11.755036564195297,553,0.8229166666666666
D29,2014-03-01,16.525938029891304,736,0.989247311827957
D29,2014-04-01,25.737021478382147,717,0.9958333333333333
D29,2014-05-01,27.485516680216804,738,0.9919354838709677
D29,2014-06-01,26.199484733893556,714,0.9916666666666667
D29,2014-07-01,27.38642477027027,740,0.9946236559139785
D29,2014-08-01,24.01302834231806,742,0.9973118279569892
D29,2014-09-01,20.303057142857142,84,0.11666666666666667
D29,2014-11-01,17.859616768759572,653,0.9069444444444444
D29,2014-12-01,14.31647510752688,744,1.0
D29,2015-01-01,12.326159663072776,742,0.9973118279569892
D29,2015-02-01,14.472292541856927,657,0.9776785714285714
D29,2015-03-01,18.61975897260274,730,0.9811827956989247
D29,2015-04-01,28.295037632311978,718,0.9972222222222222
D29,2015-05-01,35.42098957415565,681,0.9153225806451613
D29,2015-06-01,42.06825456342669,607,0.8430555555555556
D29,2015-07-01,33.47687392581144,647,0.8696236559139785
D29,2015-08-01,20.777602995594712,227,0.30510752688172044
E03,2015-07-01,7.409734609571788,397,0.5336021505376344
E03,2015-08-01,6.706690752688171,744,1.0
E03,2015-09-01,6.349550708333334,720,1.0
E03,2015-10-01,4.1060521534320324,743,0.9986559139784946
E03,2015-11-01,3.3375902924791085,718,0.9972222222222222
E03,2015-12-01,2.4823482258064518,744,1.0
E03,2016-01-01,2.408588142664872,743,0.9986559139784946
E03,2016-02-01,2.7057253545586106,691,0.992816091954023
E03,2016-03-01,3.10130897574124,742,0.9973118279569892
E03,2016-04-01,4.192196966126657,679,0.9430555555555555
E03,2016-05-01,7.958596061827956,744,1.0
E03,2016-06-01,7.675058484005563,719,0.9986111111111111
E03,2016-07-01,8.61721997311828,744,1.0
E03,2016-08-01,6.538368803763442,744,1.0
E03,2016-09-01,6.546919222222222,720,1.0
E03,2016-10-01,4.746653965053763,744,1.0
E03,2016-11-01,4.0817399164345405,718,0.9972222222222222
E03,2016-12-01,3.609451692524683,709,0.9529569892473119
E03,2017-01-01,4.709241337931035,725,0.9744623655913979
E03,2017-02-01,3.5137554585152837,458,0.6815476190476191
E03,2017-03-01,5.98430382278481,395,0.5309139784946236
E03,2020-07-01,8.377831715210355,309,0.4153225806451613
E06,2011-06-01,6.024463775087719,285,0.3958333333333333
E06,2011-07-01,3.216262616975138,724,0.9731182795698925
E06,2011-08-01,1.5534853286057693,416,0.5591397849462365
