zona,mes,media,p25,p75,n_est
Chile,2000-01-01,20.34652709120364,18.627363954250747,21.34387755102041,4.0
Chile,2000-02-01,20.295309674908435,19.47077172900421,20.47979797979798,4.0
Chile,2000-03-01,29.949765482967475,28.584876651026654,30.74973599675073,4.0
Chile,2000-04-01,46.267966797330345,44.603892918628794,47.43241409239752,4.0
Chile,2000-05-01,51.34063236086741,47.548099147862345,57.51246893454023,4.0
Chile,2000-06-01,38.88692123540173,36.48906361707863,42.78524350649351,4.0
Chile,2000-07-01,51.46474328482258,46.58509832065975,59.251466723734474,4.0
Chile,2000-08-01,41.77438761075125,38.20557851239669,45.41216216216216,4.0
Chile,2000-09-01,30.61065843948688,28.710440694134235,32.5316337835608,4.0
Chile,2000-10-01,23.42604466017478,22.46865551300141,24.45303545370428,4.0
Chile,2000-11-01,20.211361246798383,18.99252485402268,20.74489985163205,4.0
Chile,2000-12-01,21.834270035790198,20.541544947912872,22.312343326573625,4.0
Chile,2001-01-01,20.117676841261744,18.543092081299626,21.439353099730457,3.0
Chile,2001-02-01,23.46414130204867,21.40323736413429,24.61761913870175,3.0
Chile,2001-03-01,31.136562260810656,30.429809097663174,31.843315423958142,2.0
Chile,2001-04-01,33.64282339856413,31.75034620895731,36.49689450686642,3.0
Chile,2001-05-01,44.47952914075671,40.903577438534235,49.95343676106759,3.0
Chile,2001-06-01,53.505646898788314,47.05089671564391,61.50462419433632,3.0
Chile,2001-07-01,37.89449264327486,33.81867247915923,43.18007457200642,3.0
Chile,2001-08-01,34.81966491847172,31.93021680216802,38.76066268936071,3.0
Chile,2001-09-01,28.009754692703297,27.15363913125353,29.36239740218344,3.0
Chile,2001-10-01,25.07630761353282,23.663044416250642,25.86954961568593,3.0
Chile,2001-11-01,21.029963556165402,17.682828342604648,23.121976146573033,3.0
Chile,2001-12-01,24.93761392017536,22.923151263577516,25.45725806451613,4.0
Chile,2002-01-01,20.603986462946747,19.61510052286619,21.21099523954439,4.0
Chile,2002-02-01,25.610329817954874,24.236454774321164,26.88184811237928,4.0
Chile,2002-03-01,24.38414939613743,23.758851997059544,25.453435927216415,4.0
Chile,2002-04-01,34.391562948689916,33.90227328120442,36.93817744755245,4.0
Chile,2002-05-01,42.3440445991667,38.75676589986468,49.47114352335124,4.0
Chile,2002-06-01,52.67931747937226,46.47811360007459,60.639027059291685,4.0
Chile,2002-07-01,50.9876438026689,42.684165426707,62.86442700880585,4.0
Chile,2002-08-01,38.701669307317935,37.27081977105657,41.88448723540684,4.0
Chile,2002-09-01,27.713163889757865,25.003263673890608,29.487009566752793,4.0
Chile,2002-10-01,21.240383389061428,20.48086648983201,21.723414581535806,4.0
Chile,2002-11-01,20.33731218578425,19.09777685447438,21.734385639121015,4.0
Chile,2002-12-01,21.427996969324493,19.555166824794433,23.285464553132208,4.0
Chile,2003-01-01,23.62073201432396,22.53217060004608,24.72489870268515,4.0
Chile,2003-02-01,23.988621831031733,23.334594962407692,25.060697551086168,4.0
Chile,2003-03-01,29.633017455003912,28.651290322580646,30.32757387038808,4.0
Chile,2003-04-01,42.42390501046835,41.707875224354886,44.441073919107396,4.0
Chile,2003-05-01,63.27623205554109,57.586178357982874,73.06775397598182,4.0
Chile,2003-06-01,47.83093056876323,42.46903326798724,53.81581742534051,4.0
Chile,2003-07-01,48.09107751617233,40.82169091427757,57.427686563755934,4.0
Chile,2003-08-01,45.86709078159273,41.39574898785425,50.2540788862336,4.0
Chile,2003-09-01,26.476075001350146,23.603843369878007,27.856938616938617,4.0
Chile,2003-10-01,20.889451668610903,19.949392712550605,21.52710349047325,4.0
Chile,2003-11-01,18.56549461348454,17.755019710386087,19.74054226378431,4.0
Chile,2003-12-01,22.496939420766925,21.233060670651312,23.860271693535587,4.0
Chile,2004-01-01,21.35821252884071,19.28272604588394,23.11849723564494,4.0
Chile,2004-02-01,29.338442112522443,26.461051990285608,31.33480969253629,4.0
Chile,2004-03-01,31.416437408315844,28.34596070232259,33.92635102293315,4.0
Chile,2004-04-01,31.04893365952131,29.136129487974642,32.78706317402322,4.0
Chile,2004-05-01,56.45539838569286,53.870419248964026,63.57461505723671,4.0
Chile,2004-06-01,52.75889006000668,49.71569506463673,61.27462295075509,4.0
Chile,2004-07-01,44.82382780284377,42.7015140238528,50.8978483319316,4.0
Chile,2004-08-01,31.567243085403465,29.36385135135135,34.52291105121294,4.0
Chile,2004-09-01,27.718206955762103,26.01532679738562,30.089574181945505,4.0
Chile,2004-10-01,20.093499536247215,19.020233976437424,20.59127649662241,4.0
Chile,2004-11-01,21.725216924858078,20.205853053856018,22.79977855795325,4.0
Chile,2004-12-01,22.94266359580103,21.43516804350861,23.8988956183884,4.0
Chile,2005-01-01,25.565494732859058,24.305586651885342,25.85709987619843,4.0
Chile,2005-02-01,31.448139903079483,29.68012252848051,32.79574008041025,4.0
Chile,2005-03-01,29.55750230430719,28.412205972307177,30.253488951513567,4.0
Chile,2005-04-01,39.29003297530146,37.97199834046834,42.74711872045003,4.0
Chile,2005-05-01,35.84059921151105,35.473684210526315,39.204705040599904,4.0
Chile,2005-06-01,39.76872650687165,38.52039018489516,43.28684997011357,4.0
Chile,2005-07-01,43.396990495408026,40.00316768381285,49.05650724848838,3.0
Chile,2005-08-01,31.099414869638764,29.11190849533994,33.13508049828805,4.0
Chile,2005-09-01,27.283821117210664,25.156324296755464,29.61356924385353,4.0
Chile,2005-10-01,21.199096151837896,19.740436165925335,22.91832708526794,4.0
Chile,2005-11-01,21.840812717447314,19.967392571182156,24.068719929095973,4.0
Chile,2005-12-01,22.6531619846009,21.285965668514557,23.717981001124002,4.0
Chile,2006-01-01,24.389532517119193,22.845467969104952,25.325198600133493,4.0
Chile,2006-02-01,23.423170686437615,22.259035180759557,24.494421362535768,4.0
Chile,2006-03-01,27.311611540723383,25.02681010617539,27.445699524567736,4.0
Chile,2006-04-01,40.21806028233605,39.43734002766036,42.90970951054516,4.0
Chile,2006-05-01,53.26024168515141,50.44210654109739,59.56632023713087,4.0
Chile,2006-06-01,49.63211134450358,45.4406401161552,57.76853391022385,4.0
Chile,2006-07-01,35.91680616377658,33.62991456055776,41.48180696697284,4.0
Chile,2006-08-01,34.98245441485669,34.605053778268065,37.629346435150964,4.0
Chile,2006-09-01,30.72858105383632,28.216862922705314,32.89230643867215,4.0
Chile,2006-10-01,18.624870906558435,17.327196880679107,19.38595173918624,4.0
Chile,2006-11-01,20.242216024394953,18.269590717837563,21.996468223808442,4.0
Chile,2006-12-01,20.09146205468141,16.992930850986014,21.40460470740546,4.0
Chile,2007-01-01,20.30214133609019,19.521165273605853,21.08417071222494,4.0
Chile,2007-02-01,20.03954372550711,19.21631056668975,20.86689078010358,4.0
Chile,2007-03-01,25.66771936934986,25.15253291020216,26.506832330906406,4.0
Chile,2007-04-01,35.7699796210123,35.60773175292674,38.29196372221313,4.0
Chile,2007-05-01,57.208357226837194,55.36346336214757,63.079422083546206,4.0
Chile,2007-06-01,51.56879354681792,48.77868016867843,59.41232099711238,4.0
Chile,2007-07-01,42.566594817973574,38.57176360225141,49.97147564249252,4.0
Chile,2007-08-01,33.62322538501953,33.19441062756581,35.837837726183594,4.0
Chile,2007-09-01,27.528542355065827,26.096168785310734,28.97641372760096,4.0
Chile,2007-10-01,20.017683583721617,19.247498994955198,21.17099472954736,4.0
Chile,2007-11-01,21.853296566159393,19.8795358649789,22.596811295145024,4.0
Chile,2007-12-01,22.112527693044857,20.26869942329674,22.630739476552375,4.0
Chile,2008-01-01,23.774400909076135,22.18495702243462,25.206140163246673,4.0
Chile,2008-02-01,22.16302923473483,21.58539777480836,23.06113055212479,4.0
Chile,2008-03-01,23.749986246950577,22.86624487710694,25.010216907884818,4.0
Chile,2008-04-01,34.30167823958334,33.73767360763889,36.730555555555554,4.0
Chile,2008-05-01,46.917647348517264,47.38700947225981,50.87933446586022,5.0
Chile,2008-06-01,54.63435182355387,45.29620626416666,67.03722045833334,9.0
Chile,2008-07-01,46.826263944009135,37.605087215872025,53.131971893937994,10.0
Chile,2008-08-01,33.466735568063356,24.750762707133184,35.03154222742283,14.0
Chile,2008-09-01,31.2770069795447,23.386049787790647,28.376820787453806,14.0
Chile,2008-10-01,20.82544392285245,17.687611258938173,22.520648600441035,15.0
Chile,2008-11-01,18.731704510615184,15.119805580935251,21.19338155452381,14.0
Chile,2008-12-01,18.411773617422153,14.278217833729839,21.594936879862455,14.0
Chile,2009-01-01,19.940889306702303,18.226814516129032,23.2577564952957,16.0
Chile,2009-02-01,19.799570646105288,17.76218376860119,23.73577007924107,16.0
Chile,2009-03-01,22.88353455604252,21.440668479138626,26.40983413575269,17.0
Chile,2009-04-01,34.46336174956226,29.74521349439776,37.869733805555555,18.0
Chile,2009-05-01,47.63355134280392,37.95452506922043,60.23764942418252,19.0
Chile,2009-06-01,54.99956897316054,43.17862651210497,68.0883720035301,19.0
Chile,2009-07-01,57.00298019913587,37.40904504353118,64.21875953452655,19.0
Chile,2009-08-01,34.43874413819802,28.854068049395163,37.600847368558156,19.0
Chile,2009-09-01,27.09725656022848,21.34503478963208,28.339858687892303,19.0
Chile,2009-10-01,19.536465408998325,17.718040799179203,20.72613841512712,19.0
Chile,2009-11-01,15.918366925541516,13.53419754265876,17.36854218265053,20.0
Chile,2009-12-01,17.771482862930085,13.607799064014143,21.517137096774192,20.0
Chile,2010-01-01,21.725768527194518,17.329358611223117,23.373848156130826,18.0
Chile,2010-02-01,17.421791344763875,13.766908175282609,19.445779179543628,19.0
Chile,2010-03-01,21.892045926699055,18.275244618761214,23.754196638845603,18.0
Chile,2010-04-01,32.89252875166565,28.688657406944444,37.95643955446928,17.0
Chile,2010-05-01,43.042380041376745,32.28437214035618,43.46268656716418,14.0
Chile,2010-06-01,48.38158948673512,34.98575010323944,52.55658145138889,15.0
Chile,2010-07-01,38.508980039611835,31.093139364833107,43.18864660976749,14.0
Chile,2010-08-01,37.44221729459037,25.2681140625,31.81055438295221,15.0
Chile,2010-09-01,27.384150965339252,17.840974155027933,21.68983278106158,16.0
Chile,2010-10-01,21.137611740177906,16.495967741935484,18.21706989247312,17.0
Chile,2010-11-01,14.688695029005181,13.778125,16.55549940368294,16.0
Chile,2010-12-01,15.878253026441115,14.434697965349027,17.855510752688172,16.0
Chile,2011-01-01,18.103154644810004,16.0934145700319,19.49399373004014,15.0
Chile,2011-02-01,19.36284026500496,17.633162340029763,20.305370383079072,16.0
Chile,2011-03-01,21.324768481411933,19.472670295698926,22.086253315363884,17.0
Chile,2011-04-01,27.905630511626175,24.46840277777778,28.21050347222222,16.0
Chile,2011-05-01,41.678673406411896,37.76750111223118,47.92493009248412,14.0
Chile,2011-06-01,45.96808759860121,32.85105267559028,52.150705577578535,16.0
Chile,2011-07-01,45.664798443193696,31.012720993682798,50.40821012567204,19.0
Chile,2011-08-01,36.718790957306844,25.249681542319298,39.28870055090933,18.0
Chile,2011-09-01,26.764714934349836,20.755010453819445,28.313224515662906,18.0
Chile,2011-10-01,21.767384763349067,16.516129032258064,25.345060893098783,17.0
Chile,2011-11-01,19.230474208241716,15.984027777777778,20.327130224412638,18.0
Chile,2011-12-01,22.009230964065726,20.018483368380835,23.226698706151232,19.0
Chile,2012-01-01,16.617135797521154,13.346668143246234,18.170362903225808,19.0
Chile,2012-02-01,18.503468331413455,16.736550436054173,21.70920140086207,18.0
Chile,2012-03-01,20.553814251307696,17.357430823323973,23.69606993492409,18.0
Chile,2012-04-01,30.53903325650827,24.705959955663367,32.52142241032105,20.0
Chile,2012-05-01,51.023977589837926,34.93032297022443,63.11577558723247,22.0
Chile,2012-06-01,50.84215360801211,30.922067292479106,66.55300008534743,23.0
Chile,2012-07-01,74.13390971979531,39.38279132791328,90.08050642348755,25.0
Chile,2012-08-01,46.0843994020042,24.60198921692896,58.60796584677419,28.0
Chile,2012-09-01,24.518603727145678,18.986988067961285,26.564741913436695,26.0
Chile,2012-10-01,19.624809902269043,12.74832456883432,18.103476819247035,27.0
Chile,2012-11-01,17.28686542591985,12.690608180555556,19.31448851347222,29.0
Chile,2012-12-01,15.342322397522622,10.707067407075048,16.03270617022378,28.0
Chile,2013-01-01,15.927362236015565,10.61009099859155,17.84103089871612,25.0
Chile,2013-02-01,15.75667795064692,11.627765561184887,16.263962838575797,23.0
Chile,2013-03-01,20.10560052627101,15.796731720006047,22.074297578249105,32.0
Chile,2013-04-01,28.897783384205777,21.47616004892677,30.735937500000002,36.0
Chile,2013-05-01,39.32254816008649,24.745130487643145,54.63178344243174,36.0
Chile,2013-06-01,48.7780119984419,27.59088462688147,59.36704625162072,36.0
Chile,2013-07-01,46.46900895702254,26.486649151672395,59.74998280738299,39.0
Chile,2013-08-01,41.99977122103378,26.139881774945856,54.704025027710856,40.0
Chile,2013-09-01,29.864996345955795,19.300762986885427,33.06760868612896,42.0
Chile,2013-10-01,17.427894439597306,12.423051075268818,19.884726353770724,42.0
Chile,2013-11-01,13.79647444235504,10.833333333333334,16.447222222222223,41.0
Chile,2013-12-01,13.077692532457954,10.329428989751099,15.82027027027027,41.0
Chile,2014-01-01,15.211436605815683,11.112375962978806,19.237162301879536,43.0
Chile,2014-02-01,12.719757657498457,10.915441098220226,14.76965917066965,46.0
Chile,2014-03-01,17.053780131587686,13.682404875628778,19.512530061245457,46.0
Chile,2014-04-01,28.807988553644496,19.391899458333334,32.35244755244755,45.0
Chile,2014-05-01,35.760002698972194,18.883760664305072,45.01546273320467,47.0
Chile,2014-06-01,41.943493075089535,19.788888888888888,58.716012084592144,49.0
Chile,2014-07-01,42.851252132930995,19.62696580553731,60.507831155298916,47.0
Chile,2014-08-01,38.07910377057988,17.48157818679976,50.03802216157368,51.0
Chile,2014-09-01,22.73095579089683,13.121310106559289,27.3804161691465,50.0
Chile,2014-10-01,16.5222524525963,11.259955712942453,20.327958630549062,47.0
Chile,2014-11-01,11.976164328672597,8.26442180150802,15.045594707232267,46.0
Chile,2014-12-01,11.302831295130682,7.694229918533904,14.3275427841335,48.0
Chile,2015-01-01,13.312239798657375,8.224857198072542,17.349011522725547,47.0
Chile,2015-02-01,17.576954080417526,12.565842142857141,21.017937219730943,45.0
Chile,2015-03-01,16.266190602549305,11.462289381720431,19.693243243243245,45.0
Chile,2015-04-01,25.13655729183793,13.700301145936255,33.29909647234243,50.0
Chile,2015-05-01,40.621092121915424,18.397958612208505,56.0476482795699,49.0
Chile,2015-06-01,43.49162416922491,21.987405195056354,63.24277866969274,52.0
Chile,2015-07-01,40.20421557929129,19.19397454978288,61.088330411219424,52.0
Chile,2015-08-01,30.015407810865902,15.605127115805647,36.75824523965592,54.0
Chile,2015-09-01,22.82701677464798,12.913437676271187,27.73736251388889,55.0
Chile,2015-10-01,15.227608770394331,9.836237670413343,17.179398120782725,54.0
Chile,2015-11-01,11.434847664846675,7.584216249532158,14.302709592708332,54.0
Chile,2015-12-01,11.216203869579276,6.797078662077944,14.968577002513072,54.0
Chile,2016-01-01,11.567349596036399,7.380173028169014,14.430499650537636,57.0
Chile,2016-02-01,12.985138297381951,8.190063111782477,16.3433908045977,57.0
Chile,2016-03-01,18.196957586170186,12.386608641304347,24.089163237311386,61.0
Chile,2016-04-01,25.323216467423627,13.664372375582591,28.845321229050278,62.0
Chile,2016-05-01,41.10635773385064,17.434296515667576,46.54116059379217,61.0
Chile,2016-06-01,50.91260712528003,24.601582384291728,73.89179789325843,61.0
Chile,2016-07-01,39.91256852858605,19.297182194092827,55.459533607681756,61.0
Chile,2016-08-01,29.739361944380324,17.851390238910703,37.41076088852056,64.0
Chile,2016-09-01,23.148651290027804,16.142863582606928,27.240967094703052,63.0
Chile,2016-10-01,13.249411498875556,9.696170477409126,14.84370948043185,63.0
Chile,2016-11-01,11.381138697747367,8.219808918999941,14.081416180497444,63.0
Chile,2016-12-01,12.022647365512007,7.989160556285112,14.76089351247671,67.0
Chile,2017-01-01,18.37369575913806,9.354664606998654,23.423600290964778,65.0
Chile,2017-02-01,12.233299749927964,8.11333487704918,14.550752085179592,64.0
Chile,2017-03-01,14.100525691842138,10.917945552560647,16.891808346213292,65.0
Chile,2017-04-01,20.00575213083252,13.506913570023155,23.3513327722123,67.0
Chile,2017-05-01,34.94892305944479,17.03192130705073,47.04246003212151,67.0
Chile,2017-06-01,36.75971562015269,17.185911839796063,48.52250896522692,67.0
Chile,2017-07-01,39.21083160804027,20.87415250619076,54.7632922342828,68.0
Chile,2017-08-01,28.134436234986484,14.319188427316915,36.63302877776562,68.0
Chile,2017-09-01,20.064968506672887,12.646615682137835,24.525131589212208,67.0
Chile,2017-10-01,12.291512128669764,8.42620402242475,14.704957278207413,67.0
Chile,2017-11-01,10.780829154539717,7.887186629526463,13.745833333333334,69.0
Chile,2017-12-01,10.092047534071298,6.871621621621621,13.037719731927048,70.0
Chile,2018-01-01,10.681723037364087,7.971739201893366,13.719614373453517,70.0
Chile,2018-02-01,11.736690337684392,8.571961144774534,14.6286023153343,71.0
Chile,2018-03-01,13.385298159792296,10.482214326553951,15.427344831354265,68.0
Chile,2018-04-01,22.4516508742763,15.598507601948613,26.890588780713955,72.0
Chile,2018-05-01,33.109248191815595,19.59915458937198,40.88135216789927,71.0
Chile,2018-06-01,43.37362075756508,23.341811586876297,55.810977148818736,71.0
Chile,2018-07-01,40.913770928739375,18.756378321256037,51.599440375685326,72.0
Chile,2018-08-01,33.02857119009381,18.460013440860216,41.90545087483176,70.0
Chile,2018-09-01,18.69995839187584,12.918055555555554,22.848857572207827,75.0
Chile,2018-10-01,12.455354980613842,8.963454764553207,15.004057168164177,71.0
Chile,2018-11-01,9.693205462762029,7.1506450158157495,11.731455311780092,72.0
Chile,2018-12-01,9.295017838240154,7.2809917355371905,10.516129032258064,73.0
Chile,2019-01-01,10.041461090122867,7.063378693468067,11.854008089722376,71.0
Chile,2019-02-01,12.681923650174515,9.547001599147121,15.378923660502608,72.0
Chile,2019-03-01,13.58068697493494,10.623013170154914,16.466733870967744,74.0
Chile,2019-04-01,21.762144861065668,14.666389777668389,28.34197235744089,76.0
Chile,2019-05-01,31.12158364605188,17.877927765713267,39.789367429340516,75.0
Chile,2019-06-01,32.496970492797416,16.38718662952646,46.452513966480446,77.0
Chile,2019-07-01,34.81140175231593,17.36178861788618,50.27063599458728,73.0
Chile,2019-08-01,28.974456312595397,16.050507119406287,36.76421178693856,80.0
Chile,2019-09-01,17.26234071327506,11.224738056666007,20.291230822873082,78.0
Chile,2019-10-01,13.034632479956125,9.797422565408558,15.603767656567413,74.0
Chile,2019-11-01,10.732091340265146,8.057100857802192,14.167853520718632,78.0
Chile,2019-12-01,9.913133619649814,7.538565629228687,12.633841886269071,81.0
Chile,2020-01-01,10.98030359849022,8.030683403068341,14.361185983827493,81.0
Chile,2020-02-01,12.61613399586032,8.17296511627907,14.689430894308943,81.0
Chile,2020-03-01,10.942711721921807,8.434097962527114,13.189846991701245,78.0
Chile,2020-04-01,19.15435782112363,13.143507572245403,22.247222222222224,79.0
Chile,2020-05-01,31.557878491323702,16.701612903225808,42.107816711590296,81.0
Chile,2020-06-01,29.8902301580994,14.961122414839481,43.38574934237241,80.0
Chile,2020-07-01,34.56245079881463,14.799731182795698,48.90769230769231,81.0
Chile,2020-08-01,24.98452163393252,13.298245614035087,33.293010752688176,81.0
Chile,2020-09-01,19.235666424399938,12.148574255121042,22.642956764295675,80.0
Chile,2020-10-01,12.896813553588562,10.044534412955466,15.765986394557823,81.0
Chile,2020-11-01,9.706191136175002,7.64245810055866,11.637142857142857,81.0
Chile,2020-12-01,9.119988684579708,6.568151147098516,11.534412955465587,81.0
Chile,2021-01-01,10.250418545387147,7.19102215421388,12.799271371350269,86.0
Chile,2021-02-01,9.68019610593752,7.084947839046199,12.265202702702704,85.0
Chile,2021-03-01,11.383010318169436,9.478685732821539,13.757363174240426,87.0
Chile,2021-04-01,18.011345455471357,12.744979260541315,22.432799442896936,90.0
Chile,2021-05-01,33.102650155399765,18.74966352624495,42.88814016172507,89.0
Chile,2021-06-01,37.616482432789134,16.102920723226703,50.559274755927476,89.0
Chile,2021-07-01,38.06135049206428,21.431848852901485,52.48173207036536,89.0
Chile,2021-08-01,27.49078022227152,15.886672849809116,37.87440550257026,90.0
Chile,2021-09-01,17.667066883938013,11.651206120965682,21.02663557540725,90.0
Chile,2021-10-01,12.560168770231995,9.209526789024842,14.868974161944097,90.0
Chile,2021-11-01,9.294161418013786,7.057750608476875,11.346327873837865,91.0
Chile,2021-12-01,10.51219384842907,7.730094466936572,12.964188326757949,87.0
Chile,2022-01-01,8.118070264209821,6.090119826381112,9.900324010914051,86.0
Chile,2022-02-01,12.070625506163069,9.182539682539682,14.530864197530864,89.0
Chile,2022-03-01,12.852655129065596,10.11741603565749,15.101744804294379,87.0
Chile,2022-04-01,18.305037799779893,13.300274024573078,21.359155570047893,87.0
Chile,2022-05-01,36.54268806199304,19.47344887540762,50.85431203017117,90.0
Chile,2022-06-01,35.85473048586583,15.015365451763506,52.668210306406685,90.0
Chile,2022-07-01,28.149501331474827,13.955410127003493,41.033394588429125,90.0
Chile,2022-08-01,27.479217718059004,14.84885290148448,36.655450874831764,89.0
Chile,2022-09-01,18.352370096419573,11.088888888888889,22.91782729805014,89.0
Chile,2022-10-01,10.530679170082369,7.5613894302418885,12.260330290863124,90.0
Chile,2022-11-01,8.854464787882966,6.8863967574905764,10.72088344202959,91.0
Chile,2022-12-01,9.221766266616177,6.779124091655762,12.268267996445147,90.0
Chile,2023-01-01,9.144930089301157,6.426450742240216,11.807113543091655,89.0
Chile,2023-02-01,23.475318422042854,11.299107142857142,28.29191616766467,89.0
Chile,2023-03-01,10.985551388559243,8.444356537206588,13.337341427794165,91.0
Chile,2023-04-01,17.30469554196995,12.08291156416432,20.87816795532646,92.0
Chile,2023-05-01,29.52824834189106,18.282970336209914,39.96933927823912,87.0
Chile,2023-06-01,32.62662682428266,15.959728673761532,44.49305555555556,92.0
Chile,2023-07-01,33.71180102678672,15.160661183054025,46.41995162297128,91.0
Chile,2023-08-01,24.224392934726225,12.96236559139785,30.49122807017544,89.0
Chile,2023-09-01,16.289022787739626,10.068759342301943,20.647222222222222,89.0
Chile,2023-10-01,11.563121736013036,8.384408602150538,14.33739837398374,85.0
Chile,2023-11-01,8.90932795422591,6.402777777777778,11.393055555555556,85.0
Chile,2023-12-01,8.495802762856819,6.074123989218329,10.383561643835616,85.0
Chile,2024-01-01,8.796649003555723,6.171458184535558,11.386880459258158,87.0
Chile,2024-02-01,9.488598049374463,6.905763171069293,12.128563690077886,87.0
Chile,2024-03-01,10.58061308309367,7.420929116057465,13.059493015100136,87.0
Chile,2024-04-01,16.97631361489097,10.825314687766623,21.491295264623957,88.0
Chile,2024-05-01,38.29531011022727,16.491625728197548,52.339573991031386,88.0
Chile,2024-06-01,26.885208511891893,13.565607259546134,36.82089274583139,88.0
Chile,2024-07-01,40.75565064605337,22.95690101728765,57.931577312678115,88.0
Chile,2024-08-01,27.907909818592533,12.416645813783756,39.56594389259182,88.0
Chile,2024-09-01,16.633571053360257,10.763620252570302,20.918593703801683,91.0
Chile,2024-10-01,11.218440687671757,8.321151754272755,13.294742255787588,88.0
Chile,2024-11-01,10.016288687502339,6.731364275668073,10.637517630465444,93.0
Chile,2024-12-01,9.085566180076246,6.4118162172319835,10.374087941628265,94.0
Chile,2025-01-01,8.199735811751724,5.55188679245283,9.91192329332333,92.0
Chile,2025-02-01,10.460120327476005,8.293385798062879,12.340338771886277,91.0
Chile,2025-03-01,10.986623147870226,8.325,12.48582995951417,93.0
Chile,2025-04-01,18.099785348049952,12.229805013927576,22.221183800623052,93.0
Chile,2025-05-01,30.14385423157057,16.584257975034674,41.639251110949225,92.0
Chile,2025-06-01,39.395134170100214,20.22319459004058,55.4887745309979,92.0
Chile,2025-07-01,35.28103596040597,18.404463040446306,49.423956931359356,93.0
Chile,2025-08-01,23.875680944933908,12.484945872801083,30.86968756904043,92.0
Chile,2025-09-01,14.725177640026647,8.8189419573139,18.331465356814043,94.0
Chile,2025-10-01,9.759695331707066,6.452046619939899,11.806368403247632,92.0
Chile,2025-11-01,7.665284136198534,5.457424742048718,9.456006296323839,90.0
Chile,2025-12-01,7.190521022234511,4.555148532741574,8.963728878648233,90.0
Chile,2026-01-01,8.956284777332856,6.05327868852459,11.331978319783198,93.0
Chile,2026-02-01,7.211840803451326,4.8633201468576,8.436080756929638,88.0
Chile,2026-03-01,9.8532766910124,7.333787465940055,11.911111111111111,89.0
Chile,2026-04-01,17.316607431813164,12.458100558659218,21.88595271210014,93.0
Chile,2026-05-01,34.922965414984475,21.73009446693657,45.33423180592992,93.0
Chile,2026-06-01,34.301542687803526,20.017104519601745,45.748886509230125,92.0
Chile,2026-07-01,31.35592249141759,13.47774905110292,42.45663201757366,91.0
Chile,2026-08-01,23.609238560763956,10.663786651338519,29.341572063900756,91.0
Chile,2026-09-01,,,,
Chile,2026-10-01,,,,
Chile,2026-11-01,,,,
Chile,2026-12-01,,,,
norte_grande,2000-01-01,,,,
norte_grande,2000-02-01,,,,
norte_grande,2000-03-01,,,,
norte_grande,2000-04-01,,,,
norte_grande,2000-05-01,,,,
norte_grande,2000-06-01,,,,
norte_grande,2000-07-01,,,,
norte_grande,2000-08-01,,,,
norte_grande,2000-09-01,,,,
norte_grande,2000-10-01,,,,
norte_grande,2000-11-01,,,,
norte_grande,2000-12-01,,,,
norte_grande,2001-01-01,,,,
norte_grande,2001-02-01,,,,
norte_grande,2001-03-01,,,,
norte_grande,2001-04-01,,,,
norte_grande,2001-05-01,,,,
norte_grande,2001-06-01,,,,
norte_grande,2001-07-01,,,,
norte_grande,2001-08-01,,,,
norte_grande,2001-09-01,,,,
norte_grande,2001-10-01,,,,
norte_grande,2001-11-01,,,,
norte_grande,2001-12-01,,,,
norte_grande,2002-01-01,,,,
norte_grande,2002-02-01,,,,
norte_grande,2002-03-01,,,,
norte_grande,2002-04-01,,,,
norte_grande,2002-05-01,,,,
norte_grande,2002-06-01,,,,
norte_grande,2002-07-01,,,,
norte_grande,2002-08-01,,,,
norte_grande,2002-09-01,,,,
norte_grande,2002-10-01,,,,
norte_grande,2002-11-01,,,,
norte_grande,2002-12-01,,,,
norte_grande,2003-01-01,,,,
norte_grande,2003-02-01,,,,
norte_grande,2003-03-01,,,,
norte_grande,2003-04-01,,,,
norte_grande,2003-05-01,,,,
norte_grande,2003-06-01,,,,
norte_grande,2003-07-01,,,,
norte_grande,2003-08-01,,,,
norte_grande,2003-09-01,,,,
norte_grande,2003-10-01,,,,
norte_grande,2003-11-01,,,,
norte_grande,2003-12-01,,,,
norte_grande,2004-01-01,,,,
norte_grande,2004-02-01,,,,
norte_grande,2004-03-01,,,,
norte_grande,2004-04-01,,,,
norte_grande,2004-05-01,,,,
norte_grande,2004-06-01,,,,
norte_grande,2004-07-01,,,,
norte_grande,2004-08-01,,,,
norte_grande,2004-09-01,,,,
norte_grande,2004-10-01,,,,
norte_grande,2004-11-01,,,,
norte_grande,2004-12-01,,,,
norte_grande,2005-01-01,,,,
norte_grande,2005-02-01,,,,
norte_grande,2005-03-01,,,,
norte_grande,2005-04-01,,,,
norte_grande,2005-05-01,,,,
norte_grande,2005-06-01,,,,
norte_grande,2005-07-01,,,,
norte_grande,2005-08-01,,,,
norte_grande,2005-09-01,,,,
norte_grande,2005-10-01,,,,
norte_grande,2005-11-01,,,,
norte_grande,2005-12-01,,,,
norte_grande,2006-01-01,,,,
norte_grande,2006-02-01,,,,
norte_grande,2006-03-01,,,,
norte_grande,2006-04-01,,,,
norte_grande,2006-05-01,,,,
norte_grande,2006-06-01,,,,
norte_grande,2006-07-01,,,,
norte_grande,2006-08-01,,,,
norte_grande,2006-09-01,,,,
norte_grande,2006-10-01,,,,
norte_grande,2006-11-01,,,,
norte_grande,2006-12-01,,,,
norte_grande,2007-01-01,,,,
norte_grande,2007-02-01,,,,
norte_grande,2007-03-01,,,,
norte_grande,2007-04-01,,,,
norte_grande,2007-05-01,,,,
norte_grande,2007-06-01,,,,
norte_grande,2007-07-01,,,,
norte_grande,2007-08-01,,,,
norte_grande,2007-09-01,,,,
norte_grande,2007-10-01,,,,
norte_grande,2007-11-01,,,,
norte_grande,2007-12-01,,,,
norte_grande,2008-01-01,,,,
norte_grande,2008-02-01,,,,
norte_grande,2008-03-01,,,,
norte_grande,2008-04-01,,,,
norte_grande,2008-05-01,,,,
norte_grande,2008-06-01,,,,
norte_grande,2008-07-01,,,,
norte_grande,2008-08-01,,,,
norte_grande,2008-09-01,,,,
norte_grande,2008-10-01,,,,
norte_grande,2008-11-01,,,,
norte_grande,2008-12-01,,,,
norte_grande,2009-01-01,,,,
norte_grande,2009-02-01,,,,
norte_grande,2009-03-01,21.567066515150536,21.567066515150536,21.567066515150536,1.0
norte_grande,2009-04-01,41.39445027698611,41.39445027698611,41.39445027698611,1.0
norte_grande,2009-05-01,19.248184897284947,19.248184897284947,19.248184897284947,1.0
norte_grande,2009-06-01,39.29301425180556,39.29301425180556,39.29301425180556,1.0
norte_grande,2009-07-01,40.0118008077957,40.0118008077957,40.0118008077957,1.0
norte_grande,2009-08-01,27.480185410887096,27.480185410887096,27.480185410887096,1.0
norte_grande,2009-09-01,16.00977842569638,16.00977842569638,16.00977842569638,1.0
norte_grande,2009-10-01,16.739243602412788,16.739243602412788,16.739243602412788,1.0
norte_grande,2009-11-01,19.758710391438544,19.758710391438544,19.758710391438544,1.0
norte_grande,2009-12-01,32.62172199347108,32.62172199347108,32.62172199347108,1.0
norte_grande,2010-01-01,69.33041010402174,69.33041010402174,69.33041010402174,1.0
norte_grande,2010-02-01,41.032905648203595,41.032905648203595,41.032905648203595,1.0
norte_grande,2010-03-01,46.31298731174089,46.31298731174089,46.31298731174089,1.0
norte_grande,2010-04-01,37.95643955446928,37.95643955446928,37.95643955446928,1.0
norte_grande,2010-05-01,20.601490695485637,20.601490695485637,20.601490695485637,1.0
norte_grande,2010-06-01,23.303274341155987,23.303274341155987,23.303274341155987,1.0
norte_grande,2010-07-01,28.610063358783787,28.610063358783787,28.610063358783787,1.0
norte_grande,2010-08-01,20.99061574674324,20.99061574674324,20.99061574674324,1.0
norte_grande,2010-09-01,14.83871263527855,14.83871263527855,14.83871263527855,1.0
norte_grande,2010-10-01,14.489110296216218,14.489110296216218,14.489110296216218,1.0
norte_grande,2010-11-01,11.773184636314324,11.773184636314324,11.773184636314324,1.0
norte_grande,2010-12-01,10.965573471765499,10.965573471765499,10.965573471765499,1.0
norte_grande,2011-01-01,14.204552153846155,14.204552153846155,14.204552153846155,1.0
norte_grande,2011-02-01,13.793353300000001,13.793353300000001,13.793353300000001,1.0
norte_grande,2011-03-01,13.01096351671159,13.01096351671159,13.01096351671159,1.0
norte_grande,2011-04-01,13.587536133796942,13.587536133796942,13.587536133796942,1.0
norte_grande,2011-05-01,18.34397942587601,18.34397942587601,18.34397942587601,1.0
norte_grande,2011-06-01,16.416611367688024,16.416611367688024,16.416611367688024,1.0
norte_grande,2011-07-01,14.65348381561238,14.65348381561238,14.65348381561238,1.0
norte_grande,2011-08-01,7.769412858681023,7.769412858681023,7.769412858681023,1.0
norte_grande,2011-09-01,7.132175520833333,7.132175520833333,7.132175520833333,1.0
norte_grande,2011-10-01,22.623251403880072,22.623251403880072,22.623251403880072,1.0
norte_grande,2011-11-01,27.678736532028587,24.578942294565824,30.778530769491347,2.0
norte_grande,2011-12-01,25.986235841835814,24.486785713090644,27.48568597058098,2.0
norte_grande,2012-01-01,17.307538688329807,14.43772119354592,20.17735618311369,2.0
norte_grande,2012-02-01,16.059698644342483,14.49038232910365,17.629014959581312,2.0
norte_grande,2012-03-01,21.147575849002273,18.541300058829492,23.75385163917505,2.0
norte_grande,2012-04-01,18.865243096488733,15.931083353356188,21.79940283962128,2.0
norte_grande,2012-05-01,30.656441011113948,23.784080240461243,37.528801781766646,2.0
norte_grande,2012-06-01,25.311044893128674,22.154179712952065,28.467910073305283,2.0
norte_grande,2012-07-01,20.084440783602147,17.742674256048385,22.426207311155913,2.0
norte_grande,2012-08-01,21.165195511525965,19.5696824721407,23.39718059568733,3.0
norte_grande,2012-09-01,20.218754500633256,19.19898269113738,21.653746132034723,3.0
norte_grande,2012-10-01,15.58199241739705,14.77463515346796,18.32299014101989,4.0
norte_grande,2012-11-01,17.63753237325563,12.176728716904131,23.29249663525911,6.0
norte_grande,2012-12-01,21.266787236400475,10.314516129032258,21.396744138268158,5.0
norte_grande,2013-01-01,13.187080277727489,10.925870015053063,15.920322220174457,6.0
norte_grande,2013-02-01,19.085910143271796,10.179643777682948,22.495573531895737,4.0
norte_grande,2013-03-01,21.07691147380463,9.006084902414702,33.02790312089709,4.0
norte_grande,2013-04-01,14.038775344008078,10.387527151335311,13.347222222222221,5.0
norte_grande,2013-05-01,14.214155839490157,9.686465874635568,14.868027210884353,5.0
norte_grande,2013-06-01,16.36789901953677,10.016340696092977,20.58539174600649,6.0
norte_grande,2013-07-01,23.596524139542012,11.267362865211688,37.83438470803984,8.0
norte_grande,2013-08-01,20.899102936988236,13.280588077672814,26.154600989763825,8.0
norte_grande,2013-09-01,17.007905818164165,9.028664233662434,26.61896168891343,8.0
norte_grande,2013-10-01,15.823054654868493,8.746591630215638,22.071654883246868,8.0
norte_grande,2013-11-01,15.725571011919708,11.181597222222223,16.381841804800402,8.0
norte_grande,2013-12-01,16.00287532400265,11.204195627983193,21.86739594520548,9.0
norte_grande,2014-01-01,14.757593219087179,10.219339571823204,14.66891891891892,9.0
norte_grande,2014-02-01,13.804770059334732,10.994099722222222,15.268715764240508,9.0
norte_grande,2014-03-01,14.783391020808617,10.10072358236447,16.99305693901255,8.0
norte_grande,2014-04-01,16.45871018911165,11.43579365162975,20.1245809363235,8.0
norte_grande,2014-05-01,15.370926502371304,11.817664299516908,18.613405418010753,9.0
norte_grande,2014-06-01,16.245523594413285,9.792189679218968,22.609859154929577,9.0
norte_grande,2014-07-01,17.37154141486535,9.298215559065934,22.902972258064516,9.0
norte_grande,2014-08-01,19.5769267820857,11.803467149059335,24.890553107344633,9.0
norte_grande,2014-09-01,16.422791385077563,7.7235690111111115,23.238150564174894,9.0
norte_grande,2014-10-01,12.371899302420573,9.609811254387719,14.425891337551203,8.0
norte_grande,2014-11-01,10.901733662131052,8.377391472263902,11.605947889883382,7.0
norte_grande,2014-12-01,11.327677820045315,8.398896571089491,13.776448165181886,8.0
norte_grande,2015-01-01,11.895315151120494,8.107019988764357,14.141941667215775,8.0
norte_grande,2015-02-01,13.390304888864705,9.259381781437126,15.609050985074626,9.0
norte_grande,2015-03-01,14.86372363219272,9.758109907300534,15.434193086055686,8.0
norte_grande,2015-04-01,13.210666796148402,10.802275175830944,13.672304726989081,9.0
norte_grande,2015-05-01,14.640952704542734,9.10572768918919,15.99698028340081,9.0
norte_grande,2015-06-01,15.910197324874288,10.140756184397164,20.43351508645533,9.0
norte_grande,2015-07-01,14.264527949777444,9.725557253342618,17.704163575268815,9.0
norte_grande,2015-08-01,12.851232629118986,9.035943220108695,15.134370296096904,9.0
norte_grande,2015-09-01,12.111882623789407,8.29309930183452,13.180673240481172,8.0
norte_grande,2015-10-01,11.955895129193161,8.069524266464578,12.797724901015977,8.0
norte_grande,2015-11-01,11.874365417776986,7.702644371115672,13.774693023824787,7.0
norte_grande,2015-12-01,10.506696275229366,7.2625359609939215,11.189727285077389,8.0
norte_grande,2016-01-01,10.236074459131881,7.7994719160752695,11.120321747311827,9.0
norte_grande,2016-02-01,14.522734796275548,9.217008797653959,12.763881849710982,9.0
norte_grande,2016-03-01,13.263224329023439,8.920774399782072,13.93128509926737,10.0
norte_grande,2016-04-01,11.127528089474747,8.585018303440812,11.541298833820532,10.0
norte_grande,2016-05-01,12.503725591519911,9.82528213805462,14.47317405387296,10.0
norte_grande,2016-06-01,13.88287354120315,8.881849598357814,18.094468705315037,10.0
norte_grande,2016-07-01,11.898242524707468,7.993189098474342,13.531006979591837,9.0
norte_grande,2016-08-01,12.224988879176257,9.56084056347389,13.599620943267443,10.0
norte_grande,2016-09-01,12.756508147723984,10.427873852573018,13.749230223463686,9.0
norte_grande,2016-10-01,9.450853203182731,7.465817274833212,11.53774564490161,10.0
norte_grande,2016-11-01,9.543563587133455,7.039629627172563,11.383911399858265,10.0
norte_grande,2016-12-01,9.959485669082715,6.8531393152507185,11.141344778820171,10.0
norte_grande,2017-01-01,9.09392870024939,6.113961984215101,9.94709132862513,10.0
norte_grande,2017-02-01,13.824359682580468,7.094668543721973,16.050965583832337,8.0
norte_grande,2017-03-01,15.063198128057657,8.513148210818308,21.599163372469636,9.0
norte_grande,2017-04-01,13.289280207744122,8.953487384725456,14.341591358777821,10.0
norte_grande,2017-05-01,12.331893660238126,8.610422938452665,13.654675431587613,10.0
norte_grande,2017-06-01,13.599295997949493,8.384502923976608,15.878444084278769,9.0
norte_grande,2017-07-01,14.165496371577355,7.588633288227334,15.41644204851752,9.0
norte_grande,2017-08-01,13.951775828835864,8.072930306209377,14.061995984332313,10.0
norte_grande,2017-09-01,10.652128228263454,7.50858183654622,12.209199136109786,10.0
norte_grande,2017-10-01,10.361634137391484,6.3576248313090415,12.256716417910448,9.0
norte_grande,2017-11-01,9.79176081911718,6.451289398280802,11.007012622720898,9.0
norte_grande,2017-12-01,10.59721256037676,7.969086021505376,13.10840108401084,9.0
norte_grande,2018-01-01,10.846802881398428,8.778541953232462,11.618647405712274,10.0
norte_grande,2018-02-01,12.199824595733773,8.54897463572585,13.68474429392499,10.0
norte_grande,2018-03-01,14.366730013096735,11.47988904299584,14.575,9.0
norte_grande,2018-04-01,14.086950159299118,11.16609070939598,16.435821698929566,10.0
norte_grande,2018-05-01,12.168093302388977,9.62865090403338,14.64804469273743,9.0
norte_grande,2018-06-01,14.517749261636899,10.686261107313738,18.378032329284068,10.0
norte_grande,2018-07-01,12.454979652883118,10.320772928318922,15.602207040035989,10.0
norte_grande,2018-08-01,10.431179636928716,9.32122905027933,13.004043126684635,9.0
norte_grande,2018-09-01,10.652116474099504,10.071297328383263,13.047345388140087,10.0
norte_grande,2018-10-01,9.003523181830028,7.286684782608695,11.04871447902571,9.0
norte_grande,2018-11-01,9.741927553676124,7.096351128978504,12.366166907514451,10.0
norte_grande,2018-12-01,9.313780604701762,7.493224932249323,10.516129032258064,9.0
norte_grande,2019-01-01,8.067871139756521,6.690798352187989,9.341504618331337,8.0
norte_grande,2019-02-01,8.28779438678477,6.0003938708611795,11.214783240103271,8.0
norte_grande,2019-03-01,10.657827910244094,7.662099602275157,13.910171984312061,10.0
norte_grande,2019-04-01,11.237771163202112,9.387909122562675,13.611883357549669,10.0
norte_grande,2019-05-01,10.590565891200571,5.802114803625377,12.98224043715847,9.0
norte_grande,2019-06-01,12.021710483957127,9.301388888888889,14.510091743119267,9.0
norte_grande,2019-07-01,10.566262256585203,7.289788578901482,15.078298067374533,8.0
norte_grande,2019-08-01,11.302148287732429,7.9239165361472885,14.76514465823023,10.0
norte_grande,2019-09-01,9.078220002732605,7.533859945328831,11.147684352517985,8.0
norte_grande,2019-10-01,9.981220904876416,7.686252733734281,12.148748428990364,8.0
norte_grande,2019-11-01,10.133328218672808,8.382475660639777,12.708683473389355,9.0
norte_grande,2019-12-01,10.020024258341707,9.26478494623656,12.028571428571428,9.0
norte_grande,2020-01-01,9.24087631021688,7.416537166537166,9.103595296246736,10.0
norte_grande,2020-02-01,9.75173969392466,7.625735294117646,11.117015883744509,11.0
norte_grande,2020-03-01,9.482395223111897,7.753572032373711,10.53126964953503,10.0
norte_grande,2020-04-01,9.719495411486328,7.772710644798199,11.508806648777579,11.0
norte_grande,2020-05-01,10.864329153821771,8.152040169595244,13.964046759885733,10.0
norte_grande,2020-06-01,10.066792052875511,7.646758587324625,12.558755011806468,10.0
norte_grande,2020-07-01,10.07701938745609,7.355704035666187,12.721726190476192,10.0
norte_grande,2020-08-01,10.656024892936312,9.20527937016081,12.013670284938943,10.0
norte_grande,2020-09-01,9.430593351638104,7.380065408729202,11.710487701391918,10.0
norte_grande,2020-10-01,9.3680839438612,7.28462142248588,11.603349763088794,11.0
norte_grande,2020-11-01,8.418238928502022,6.074907149489322,9.81391067584026,10.0
norte_grande,2020-12-01,10.461185688288413,7.9058371420409905,13.238135290644182,10.0
norte_grande,2021-01-01,10.182308127964443,5.603971588635455,13.68516353611812,10.0
norte_grande,2021-02-01,10.086529477114437,6.9534326103620865,13.565641849352662,10.0
norte_grande,2021-03-01,8.951844382562948,7.1493799197147405,10.61548787139317,10.0
norte_grande,2021-04-01,8.876698847113065,6.62413566904324,10.801300996754753,10.0
norte_grande,2021-05-01,10.604965088379341,5.179914995640802,14.184739788513372,10.0
norte_grande,2021-06-01,10.112145536883137,5.624771092993536,13.467594335282357,10.0
norte_grande,2021-07-01,11.844989223983331,7.373879170715906,15.773078231292518,10.0
norte_grande,2021-08-01,10.651028186247386,6.815773388712148,13.77961805356426,11.0
norte_grande,2021-09-01,10.25611485801747,7.437599206349207,13.192861086651765,11.0
norte_grande,2021-10-01,10.767540223306435,7.82630677042576,14.237677785457059,11.0
norte_grande,2021-11-01,9.225356126280241,7.124305555555555,10.831497272390234,11.0
norte_grande,2021-12-01,9.3988708992638,6.786780030049623,10.940107671601616,11.0
norte_grande,2022-01-01,9.091979256430532,6.123931317392434,11.561405489175666,11.0
norte_grande,2022-02-01,9.819964928804527,7.600746268656717,12.415864678225095,11.0
norte_grande,2022-03-01,11.350179492080981,7.763833001337496,12.916975070384161,11.0
norte_grande,2022-04-01,9.451232448158501,6.918041786417799,11.67380697688239,10.0
norte_grande,2022-05-01,10.676087669260491,7.196289210105899,14.619011995262037,11.0
norte_grande,2022-06-01,9.201093402484599,6.215358913884858,12.501460560871315,10.0
norte_grande,2022-07-01,10.636748711508918,7.043342410277894,13.080754771544246,11.0
norte_grande,2022-08-01,9.725826591148866,6.592600495318546,12.988638301816835,11.0
norte_grande,2022-09-01,7.633567056588766,5.584144645340751,9.126404494382022,9.0
norte_grande,2022-10-01,7.3415775916640795,4.43564575068884,9.91311658725059,11.0
norte_grande,2022-11-01,8.3782610165068,6.771713017365192,10.288103215699927,11.0
norte_grande,2022-12-01,8.8877436334944,7.245769149609622,12.043036652742218,11.0
norte_grande,2023-01-01,10.80398979170629,7.770571614462311,12.604130924748544,10.0
norte_grande,2023-02-01,9.663442396274899,6.569715142428786,11.393072289156626,9.0
norte_grande,2023-03-01,9.913629387879066,6.150829401465919,10.959973915510018,10.0
norte_grande,2023-04-01,9.278296162057455,6.344272378832839,11.935791067115693,10.0
norte_grande,2023-05-01,9.73219857838704,7.112977099236641,11.425675675675675,9.0
norte_grande,2023-06-01,10.219970779312915,9.037994634473508,10.888407631329155,11.0
norte_grande,2023-07-01,9.99557261092478,8.684508899143045,10.90790060464836,11.0
norte_grande,2023-08-01,9.880478495226882,7.109873287922069,11.29139746211769,10.0
norte_grande,2023-09-01,8.681806861787075,6.592014599839758,10.560939835575486,10.0
norte_grande,2023-10-01,8.877482314439039,7.331304107454735,9.647243948720321,10.0
norte_grande,2023-11-01,8.136699130614163,5.6563241360148755,8.91350274908108,11.0
norte_grande,2023-12-01,8.883300692236357,6.911148886107446,9.80299863698319,10.0
norte_grande,2024-01-01,8.929161636262569,6.698935381489921,10.466463682247092,11.0
norte_grande,2024-02-01,8.526842801163907,6.7421358375679965,9.180057150451887,10.0
norte_grande,2024-03-01,10.720259692712416,7.055933612513856,13.2463548971482,11.0
norte_grande,2024-04-01,9.209951873659621,6.323121638035746,10.402011642645885,11.0
norte_grande,2024-05-01,8.69327333333343,5.770740775164978,9.723290704939792,11.0
norte_grande,2024-06-01,11.42995751427183,7.62281162464986,12.119825582550309,10.0
norte_grande,2024-07-01,10.76850240986321,8.559451889775637,11.651700680272109,10.0
norte_grande,2024-08-01,8.71042021773767,6.7967176783019045,10.124410552227296,11.0
norte_grande,2024-09-01,9.305760667803783,6.712619462740539,9.685692252983694,11.0
norte_grande,2024-10-01,8.401553808322848,6.498095431388467,9.594843395856675,10.0
norte_grande,2024-11-01,15.143624963256752,7.323130309311872,10.34771756021756,11.0
norte_grande,2024-12-01,10.84211351559216,7.4736206896551725,12.16258439186928,11.0
norte_grande,2025-01-01,10.137145804199783,7.492316461468308,11.682921893970052,11.0
norte_grande,2025-02-01,11.219049865487618,8.9781178396072,12.103034789257109,11.0
norte_grande,2025-03-01,11.672758799437565,6.892887602802315,12.766956070869096,11.0
norte_grande,2025-04-01,10.691494244009697,6.558361906846295,13.639715238982,11.0
norte_grande,2025-05-01,12.016128088365946,7.265343507193576,13.641509433962264,11.0
norte_grande,2025-06-01,10.73968525582539,6.4404040505515265,13.342537561810573,11.0
norte_grande,2025-07-01,9.769823068382276,7.744066351953842,11.023153565327279,10.0
norte_grande,2025-08-01,9.432076255809516,6.604762908402479,12.564442226557183,11.0
norte_grande,2025-09-01,10.42500045826416,6.830061593483012,12.641639922342407,11.0
norte_grande,2025-10-01,9.553664336622827,7.317073170731708,12.788978494623656,9.0
norte_grande,2025-11-01,9.143889365799867,7.4333821376281115,11.601115760111576,9.0
norte_grande,2025-12-01,9.453501826317105,6.85884855064345,10.609670845021038,10.0
norte_grande,2026-01-01,10.98403654912186,7.809889784643139,14.923741676187518,10.0
norte_grande,2026-02-01,10.430325498574458,5.740298507462686,14.53125,9.0
norte_grande,2026-03-01,10.158175311747057,5.627688172043011,8.879032258064516,9.0
norte_grande,2026-04-01,10.02528100003635,5.584852734922861,12.364394993045897,9.0
norte_grande,2026-05-01,9.04684672649958,6.042291950886766,11.318548387096774,9.0
norte_grande,2026-06-01,8.45471015564228,5.594366197183098,12.221732745961821,9.0
norte_grande,2026-07-01,7.449775629914793,4.968011126564673,8.625,9.0
norte_grande,2026-08-01,6.725880399602205,5.000926160095787,9.001495452249781,8.0
norte_grande,2026-09-01,,,,
norte_grande,2026-10-01,,,,
norte_grande,2026-11-01,,,,
norte_grande,2026-12-01,,,,
norte_chico,2000-01-01,,,,
norte_chico,2000-02-01,,,,
norte_chico,2000-03-01,,,,
norte_chico,2000-04-01,,,,
norte_chico,2000-05-01,,,,
norte_chico,2000-06-01,,,,
norte_chico,2000-07-01,,,,
norte_chico,2000-08-01,,,,
norte_chico,2000-09-01,,,,
norte_chico,2000-10-01,,,,
norte_chico,2000-11-01,,,,
norte_chico,2000-12-01,,,,
norte_chico,2001-01-01,,,,
norte_chico,2001-02-01,,,,
norte_chico,2001-03-01,,,,
norte_chico,2001-04-01,,,,
norte_chico,2001-05-01,,,,
norte_chico,2001-06-01,,,,
norte_chico,2001-07-01,,,,
norte_chico,2001-08-01,,,,
norte_chico,2001-09-01,,,,
norte_chico,2001-10-01,,,,
norte_chico,2001-11-01,,,,
norte_chico,2001-12-01,,,,
norte_chico,2002-01-01,,,,
norte_chico,2002-02-01,,,,
norte_chico,2002-03-01,,,,
norte_chico,2002-04-01,,,,
norte_chico,2002-05-01,,,,
norte_chico,2002-06-01,,,,
norte_chico,2002-07-01,,,,
norte_chico,2002-08-01,,,,
norte_chico,2002-09-01,,,,
norte_chico,2002-10-01,,,,
norte_chico,2002-11-01,,,,
norte_chico,2002-12-01,,,,
norte_chico,2003-01-01,,,,
norte_chico,2003-02-01,,,,
norte_chico,2003-03-01,,,,
norte_chico,2003-04-01,,,,
norte_chico,2003-05-01,,,,
norte_chico,2003-06-01,,,,
norte_chico,2003-07-01,,,,
norte_chico,2003-08-01,,,,
norte_chico,2003-09-01,,,,
norte_chico,2003-10-01,,,,
norte_chico,2003-11-01,,,,
norte_chico,2003-12-01,,,,
norte_chico,2004-01-01,,,,
norte_chico,2004-02-01,,,,
norte_chico,2004-03-01,,,,
norte_chico,2004-04-01,,,,
norte_chico,2004-05-01,,,,
norte_chico,2004-06-01,,,,
norte_chico,2004-07-01,,,,
norte_chico,2004-08-01,,,,
norte_chico,2004-09-01,,,,
norte_chico,2004-10-01,,,,
norte_chico,2004-11-01,,,,
norte_chico,2004-12-01,,,,
norte_chico,2005-01-01,,,,
norte_chico,2005-02-01,,,,
norte_chico,2005-03-01,,,,
norte_chico,2005-04-01,,,,
norte_chico,2005-05-01,,,,
norte_chico,2005-06-01,,,,
norte_chico,2005-07-01,,,,
norte_chico,2005-08-01,,,,
norte_chico,2005-09-01,,,,
norte_chico,2005-10-01,,,,
norte_chico,2005-11-01,,,,
norte_chico,2005-12-01,,,,
norte_chico,2006-01-01,,,,
norte_chico,2006-02-01,,,,
norte_chico,2006-03-01,,,,
norte_chico,2006-04-01,,,,
norte_chico,2006-05-01,,,,
norte_chico,2006-06-01,,,,
norte_chico,2006-07-01,,,,
norte_chico,2006-08-01,,,,
norte_chico,2006-09-01,,,,
norte_chico,2006-10-01,,,,
norte_chico,2006-11-01,,,,
norte_chico,2006-12-01,,,,
norte_chico,2007-01-01,,,,
norte_chico,2007-02-01,,,,
norte_chico,2007-03-01,,,,
norte_chico,2007-04-01,,,,
norte_chico,2007-05-01,,,,
norte_chico,2007-06-01,,,,
norte_chico,2007-07-01,,,,
norte_chico,2007-08-01,,,,
norte_chico,2007-09-01,,,,
norte_chico,2007-10-01,,,,
norte_chico,2007-11-01,,,,
norte_chico,2007-12-01,,,,
norte_chico,2008-01-01,,,,
norte_chico,2008-02-01,,,,
norte_chico,2008-03-01,,,,
norte_chico,2008-04-01,,,,
norte_chico,2008-05-01,,,,
norte_chico,2008-06-01,,,,
norte_chico,2008-07-01,,,,
norte_chico,2008-08-01,,,,
norte_chico,2008-09-01,,,,
norte_chico,2008-10-01,,,,
norte_chico,2008-11-01,,,,
norte_chico,2008-12-01,,,,
norte_chico,2009-01-01,,,,
norte_chico,2009-02-01,,,,
norte_chico,2009-03-01,,,,
norte_chico,2009-04-01,,,,
norte_chico,2009-05-01,,,,
norte_chico,2009-06-01,,,,
norte_chico,2009-07-01,,,,
norte_chico,2009-08-01,,,,
norte_chico,2009-09-01,,,,
norte_chico,2009-10-01,,,,
norte_chico,2009-11-01,,,,
norte_chico,2009-12-01,,,,
norte_chico,2010-01-01,,,,
norte_chico,2010-02-01,,,,
norte_chico,2010-03-01,,,,
norte_chico,2010-04-01,,,,
norte_chico,2010-05-01,,,,
norte_chico,2010-06-01,,,,
norte_chico,2010-07-01,,,,
norte_chico,2010-08-01,,,,
norte_chico,2010-09-01,,,,
norte_chico,2010-10-01,,,,
norte_chico,2010-11-01,,,,
norte_chico,2010-12-01,,,,
norte_chico,2011-01-01,,,,
norte_chico,2011-02-01,,,,
norte_chico,2011-03-01,,,,
norte_chico,2011-04-01,,,,
norte_chico,2011-05-01,,,,
norte_chico,2011-06-01,,,,
norte_chico,2011-07-01,,,,
norte_chico,2011-08-01,,,,
norte_chico,2011-09-01,,,,
norte_chico,2011-10-01,,,,
norte_chico,2011-11-01,,,,
norte_chico,2011-12-01,,,,
norte_chico,2012-01-01,,,,
norte_chico,2012-02-01,,,,
norte_chico,2012-03-01,,,,
norte_chico,2012-04-01,,,,
norte_chico,2012-05-01,,,,
norte_chico,2012-06-01,,,,
norte_chico,2012-07-01,,,,
norte_chico,2012-08-01,,,,
norte_chico,2012-09-01,,,,
norte_chico,2012-10-01,,,,
norte_chico,2012-11-01,,,,
norte_chico,2012-12-01,,,,
norte_chico,2013-01-01,,,,
norte_chico,2013-02-01,,,,
norte_chico,2013-03-01,,,,
norte_chico,2013-04-01,,,,
norte_chico,2013-05-01,,,,
norte_chico,2013-06-01,,,,
norte_chico,2013-07-01,,,,
norte_chico,2013-08-01,,,,
norte_chico,2013-09-01,,,,
norte_chico,2013-10-01,,,,
norte_chico,2013-11-01,,,,
norte_chico,2013-12-01,,,,
norte_chico,2014-01-01,13.75470430107527,11.65826612903226,15.85114247311828,2.0
norte_chico,2014-02-01,14.277011229926028,13.83432026369246,14.719702196159595,2.0
norte_chico,2014-03-01,11.313172043010752,10.129032258064516,12.49731182795699,2.0
norte_chico,2014-04-01,18.5294847479058,16.19252015173068,20.866449344080923,2.0
norte_chico,2014-05-01,16.105439723752077,14.666967173703995,17.543912273800156,2.0
norte_chico,2014-06-01,17.282673800417,14.778414109716412,19.271291035353535,3.0
norte_chico,2014-07-01,16.897999593002925,14.665976509289047,18.603737933978785,3.0
norte_chico,2014-08-01,17.32583290474741,15.54415930335768,18.686801008064513,3.0
norte_chico,2014-09-01,26.027303033651137,12.08132811369509,33.57143199233717,3.0
norte_chico,2014-10-01,12.554516129032258,11.517930107526881,13.591102150537633,2.0
norte_chico,2014-11-01,11.29367825089281,11.245992880661984,11.341363621123639,2.0
norte_chico,2014-12-01,9.309126513393094,8.127216015042533,10.234739846691312,3.0
norte_chico,2015-01-01,8.481198100407056,8.481198100407056,8.481198100407056,1.0
norte_chico,2015-02-01,10.774283432835821,10.774283432835821,10.774283432835821,1.0
norte_chico,2015-03-01,8.908175883825034,8.847801240703536,8.968550526946531,2.0
norte_chico,2015-04-01,13.732373434926838,13.10222023701649,14.362526632837184,2.0
norte_chico,2015-05-01,17.995546873369783,17.90097339630804,18.090120350431523,2.0
norte_chico,2015-06-01,19.29574591975323,17.774217486072423,21.319016741746836,3.0
norte_chico,2015-07-01,18.475924880371206,16.05228312109955,20.052565994850212,3.0
norte_chico,2015-08-01,12.767635895919314,11.985655655276531,13.506389006041134,3.0
norte_chico,2015-09-01,10.965974148372851,10.470543921859978,11.46097024187577,3.0
norte_chico,2015-10-01,8.350105669823721,7.872247074236258,8.736068167270018,3.0
norte_chico,2015-11-01,8.744007817472095,7.622960261772996,9.585235571827056,3.0
norte_chico,2015-12-01,9.231015086915933,7.988400836019061,10.464633848408893,3.0
norte_chico,2016-01-01,6.496723321103239,4.321184423108427,8.150386909712413,3.0
norte_chico,2016-02-01,8.491294807994281,7.141410674635099,9.709360043849829,3.0
norte_chico,2016-03-01,11.868591061075591,10.295319185699407,13.700871726566152,3.0
norte_chico,2016-04-01,11.678222186173736,9.911272756976484,13.586663377437326,3.0
norte_chico,2016-05-01,17.555610599862156,12.873709945492159,21.339536149455853,3.0
norte_chico,2016-06-01,21.14895727812244,18.72669328523922,24.476582900306028,3.0
norte_chico,2016-07-01,16.11439669535368,12.553250634428368,18.815483733838317,3.0
norte_chico,2016-08-01,15.478954245801608,14.100233517520216,16.91744505468624,3.0
norte_chico,2016-09-01,13.363210335190777,12.267720079175053,14.252166914469058,3.0
norte_chico,2016-10-01,12.72972174539539,10.227235104652223,14.292275060738158,3.0
norte_chico,2016-11-01,9.39285835688297,8.207582639491122,10.838837976500926,3.0
norte_chico,2016-12-01,10.533720851059561,9.202610952702702,11.74744751307583,3.0
norte_chico,2017-01-01,13.932342487465016,11.554111096788924,16.340995341020175,3.0
norte_chico,2017-02-01,10.911081020550299,8.976224841837354,12.632753085384492,3.0
norte_chico,2017-03-01,10.197665616603029,9.444342470603468,11.311128730581398,3.0
norte_chico,2017-04-01,14.097621553022146,12.234168968422107,15.743627587552744,3.0
norte_chico,2017-05-01,13.182117677892213,10.800036020970552,15.885795241397343,3.0
norte_chico,2017-06-01,13.866834531598181,12.867572975517891,15.787539932990494,3.0
norte_chico,2017-07-01,15.797260591677976,14.793836092996415,17.309188038127548,3.0
norte_chico,2017-08-01,12.612613230533114,11.778518699667865,13.069836630002772,3.0
norte_chico,2017-09-01,12.076847944691663,10.941587706511175,12.863188583704158,3.0
norte_chico,2017-10-01,11.483842437179389,9.856838766225636,12.694835820717536,3.0
norte_chico,2017-11-01,11.437069007800938,8.889548465829847,12.75768684503474,3.0
norte_chico,2017-12-01,10.325053575903885,8.664050952091122,11.210626185958255,3.0
norte_chico,2018-01-01,10.258371390032215,8.384113558877525,11.424142450901982,3.0
norte_chico,2018-02-01,9.918247187479908,9.73216120038154,10.2464000570288,3.0
norte_chico,2018-03-01,11.971240067189848,11.255919240569721,12.390148510488277,3.0
norte_chico,2018-04-01,12.650017385257302,11.113220522330398,13.45625,3.0
norte_chico,2018-05-01,17.617281245130123,14.343932620383356,20.19018817204301,3.0
norte_chico,2018-06-01,21.393828305401414,17.556714680324344,25.31288730489878,3.0
norte_chico,2018-07-01,16.346367224106114,14.43084115873982,18.246639784946236,3.0
norte_chico,2018-08-01,16.00926155486372,14.42298324138649,17.198601398601397,3.0
norte_chico,2018-09-01,13.74978458472327,12.875,14.538380397243362,6.0
norte_chico,2018-10-01,11.611560416883876,10.751256969334927,11.700947662269819,6.0
norte_chico,2018-11-01,10.041258115058014,9.178819444444445,10.881622023809523,6.0
norte_chico,2018-12-01,9.562421804097438,8.114989676581793,10.735578394090393,6.0
norte_chico,2019-01-01,9.247107402809824,8.053427419354838,10.825127102560073,6.0
norte_chico,2019-02-01,9.934082344969502,8.465401785714286,10.955163058084906,6.0
norte_chico,2019-03-01,11.368120163464047,9.3309811827957,12.888873793583167,6.0
norte_chico,2019-04-01,11.275571354598078,9.709641134934985,13.130364614465034,6.0
norte_chico,2019-05-01,15.48077336922426,13.373771720576006,16.939516129032256,4.0
norte_chico,2019-06-01,13.640594397086957,10.928125000000001,14.996725360297535,6.0
norte_chico,2019-07-01,16.2106882834246,13.21236559139785,18.268817204301076,5.0
norte_chico,2019-08-01,14.598902046552945,12.883427745853467,15.461181260226848,6.0
norte_chico,2019-09-01,8.428562934868012,7.15378284660115,9.136794673285507,6.0
norte_chico,2019-10-01,9.954308603375747,7.887187700309172,10.934003021476393,4.0
norte_chico,2019-11-01,9.659359424370761,8.15832851823318,10.107060441865762,4.0
norte_chico,2019-12-01,10.933450097643982,8.999374538705336,12.924658134642357,6.0
norte_chico,2020-01-01,9.635956402057388,7.493577392100388,11.451189597533974,6.0
norte_chico,2020-02-01,11.443208439082822,8.327806908991757,12.602952637514097,6.0
norte_chico,2020-03-01,7.632043668637516,6.520833333333333,8.37231182795699,5.0
norte_chico,2020-04-01,8.991067900070458,8.285118219749652,8.998611111111112,5.0
norte_chico,2020-05-01,12.564363897151278,11.074093422140962,14.60954265186642,7.0
norte_chico,2020-06-01,11.775713803051413,9.426043606455618,14.019540375825292,7.0
norte_chico,2020-07-01,11.696163866111734,9.631452600816308,14.540680668541818,7.0
norte_chico,2020-08-01,10.209774688358749,8.48452340495983,13.140362699200832,7.0
norte_chico,2020-09-01,9.713489232715144,7.472883502170767,10.827214944346633,6.0
norte_chico,2020-10-01,9.709080457801967,6.876565263107585,10.31092558983666,6.0
norte_chico,2020-11-01,8.232617634534376,6.182228094084694,8.6491452991453,7.0
norte_chico,2020-12-01,9.003942185066288,6.834677419354838,8.906343715049381,7.0
norte_chico,2021-01-01,9.663755896573557,7.25341360303357,9.616310303150463,7.0
norte_chico,2021-02-01,7.859378592534326,6.05952380952381,8.246478582629509,7.0
norte_chico,2021-03-01,8.90663357170864,6.533069260706066,9.488224226735342,7.0
norte_chico,2021-04-01,9.737426000651581,7.031195685909373,11.140241228070176,7.0
norte_chico,2021-05-01,12.131796221633662,8.752034398665128,15.48404637885332,7.0
norte_chico,2021-06-01,10.180737191247772,6.519722121568982,14.379077233535131,7.0
norte_chico,2021-07-01,12.85076316939913,8.602456154554563,17.897254497751128,7.0
norte_chico,2021-08-01,10.309600090663599,7.748317631224765,13.814961989346829,7.0
norte_chico,2021-09-01,10.247738535065455,8.088405118601749,11.91039953349685,7.0
norte_chico,2021-10-01,9.617252628141545,7.450046042253202,10.969229636176166,7.0
norte_chico,2021-11-01,7.774571321201221,6.010499929570619,8.41245613226906,7.0
norte_chico,2021-12-01,7.87756923325684,5.88239247311828,7.730094466936572,7.0
norte_chico,2022-01-01,8.544654797326222,6.932582747024204,7.995636625657175,7.0
norte_chico,2022-02-01,9.446450228228057,6.895049187339607,9.68108160435127,7.0
norte_chico,2022-03-01,11.200059535380952,8.022902305139148,11.504670555962095,6.0
norte_chico,2022-04-01,9.697402766431528,7.112376375131058,11.22453765929181,6.0
norte_chico,2022-05-01,11.630227535912502,8.269103648863036,15.61791184917888,7.0
norte_chico,2022-06-01,9.978654465487393,6.248247883982964,14.025954093056747,7.0
norte_chico,2022-07-01,9.352892553230022,6.739410341129757,12.45935743980995,7.0
norte_chico,2022-08-01,9.453507778364264,7.008141112618725,11.809861001835825,7.0
norte_chico,2022-09-01,8.677059459601008,7.086041129948807,9.779491452274199,7.0
norte_chico,2022-10-01,6.9218342997333,5.5725888076270085,7.356479627775924,7.0
norte_chico,2022-11-01,5.9979101903637515,4.993464052287582,6.2610660195799515,7.0
norte_chico,2022-12-01,7.789854179521855,6.815763642413487,8.35685953831115,7.0
norte_chico,2023-01-01,10.452229363388824,7.044358689959022,9.204835397936153,7.0
norte_chico,2023-02-01,13.908673450359803,10.480887904262154,13.871537402274342,7.0
norte_chico,2023-03-01,8.654170061065756,6.595541963129483,8.108707727982761,7.0
norte_chico,2023-04-01,9.451156735816587,7.088260135958881,10.111099488609948,7.0
norte_chico,2023-05-01,13.708262172437655,9.81614998258674,17.472446191404064,6.0
norte_chico,2023-06-01,12.378991645470595,7.97496722027972,16.584610233428037,7.0
norte_chico,2023-07-01,12.871582838104421,8.648180521522876,17.338176227174365,6.0
norte_chico,2023-08-01,11.794224954836858,7.465823945243804,13.791740496743904,7.0
norte_chico,2023-09-01,9.525085604005936,7.39139391829155,10.080982636686922,7.0
norte_chico,2023-10-01,9.582662747991312,7.208440759404664,10.149595687331537,7.0
norte_chico,2023-11-01,7.914455916381617,5.626705453267862,9.02757793764988,7.0
norte_chico,2023-12-01,7.876582470735536,6.149965220415616,8.176859469746306,7.0
norte_chico,2024-01-01,8.029233979258867,5.354514275120504,7.491826680645595,7.0
norte_chico,2024-02-01,7.70138522640326,5.613932817978107,7.405556040720595,7.0
norte_chico,2024-03-01,7.110112923935088,5.296021628641807,6.893215712238962,7.0
norte_chico,2024-04-01,7.739861641893199,5.604649563576772,8.047916666666666,7.0
norte_chico,2024-05-01,10.530630651968494,7.739585149665794,14.438186648352968,7.0
norte_chico,2024-06-01,8.332218783600316,6.00863140678236,11.254388353744883,7.0
norte_chico,2024-07-01,10.467270858268522,8.3885163706657,13.375470973538533,7.0
norte_chico,2024-08-01,7.457598964989562,5.715220393637393,9.4502688172043,7.0
norte_chico,2024-09-01,9.600199543771481,9.30945490469549,10.992435622317597,7.0
norte_chico,2024-10-01,6.239632747298468,5.417811595151832,6.838241730070225,7.0
norte_chico,2024-11-01,8.202784441667776,7.616666666666667,8.888517486846178,7.0
norte_chico,2024-12-01,7.500705190647971,7.049173414304994,8.1540427643973,7.0
norte_chico,2025-01-01,7.013046099539139,6.486051009703646,7.704384487218433,7.0
norte_chico,2025-02-01,8.975532702891178,7.6929861025927595,10.250998736292853,7.0
norte_chico,2025-03-01,8.86930360952834,6.791685712420008,9.905186008302895,7.0
norte_chico,2025-04-01,9.472272296289018,6.241997952403029,11.920169082125604,7.0
norte_chico,2025-05-01,10.944884940294836,6.609874826147427,15.630210046184423,7.0
norte_chico,2025-06-01,11.883159275404413,7.293487762237762,17.493820450885668,7.0
norte_chico,2025-07-01,9.658693297675157,6.877584780810587,12.59864974187316,7.0
norte_chico,2025-08-01,8.066180569591827,7.704301075268817,9.628879892037787,5.0
norte_chico,2025-09-01,6.671315197646003,5.3495256620966565,8.495433736809435,7.0
norte_chico,2025-10-01,7.643664418653058,6.603475422427035,8.950325816748304,7.0
norte_chico,2025-11-01,6.046561859007094,4.461588299193048,7.418770309423572,7.0
norte_chico,2025-12-01,5.882034564549273,4.508363506693,7.129582884122087,7.0
norte_chico,2026-01-01,6.455079097638107,5.214660372410176,7.148712496586165,7.0
norte_chico,2026-02-01,6.613916759814339,4.83369973744785,7.857618349967952,7.0
norte_chico,2026-03-01,6.979191499770429,5.43416679038617,8.233356792779327,6.0
norte_chico,2026-04-01,7.965767067481548,5.28125,10.3981052467086,7.0
norte_chico,2026-05-01,9.09895388071866,6.410966544773846,12.36525175834672,6.0
norte_chico,2026-06-01,10.039438616484555,7.39390756302521,11.736128871128871,6.0
norte_chico,2026-07-01,8.19362720825217,5.8532974427994615,9.83453237410072,5.0
norte_chico,2026-08-01,7.171435104037528,4.94349925026515,9.5665015839022,7.0
norte_chico,2026-09-01,,,,
norte_chico,2026-10-01,,,,
norte_chico,2026-11-01,,,,
norte_chico,2026-12-01,,,,
centro,2000-01-01,20.34652709120364,18.627363954250747,21.34387755102041,4.0
centro,2000-02-01,20.295309674908435,19.47077172900421,20.47979797979798,4.0
centro,2000-03-01,29.949765482967475,28.584876651026654,30.74973599675073,4.0
centro,2000-04-01,46.267966797330345,44.603892918628794,47.43241409239752,4.0
centro,2000-05-01,51.34063236086741,47.548099147862345,57.51246893454023,4.0
centro,2000-06-01,38.88692123540173,36.48906361707863,42.78524350649351,4.0
centro,2000-07-01,51.46474328482258,46.58509832065975,59.251466723734474,4.0
centro,2000-08-01,41.77438761075125,38.20557851239669,45.41216216216216,4.0
centro,2000-09-01,30.61065843948688,28.710440694134235,32.5316337835608,4.0
centro,2000-10-01,23.42604466017478,22.46865551300141,24.45303545370428,4.0
centro,2000-11-01,20.211361246798383,18.99252485402268,20.74489985163205,4.0
centro,2000-12-01,21.834270035790198,20.541544947912872,22.312343326573625,4.0
centro,2001-01-01,20.117676841261744,18.543092081299626,21.439353099730457,3.0
centro,2001-02-01,23.46414130204867,21.40323736413429,24.61761913870175,3.0
centro,2001-03-01,31.136562260810656,30.429809097663174,31.843315423958142,2.0
centro,2001-04-01,33.64282339856413,31.75034620895731,36.49689450686642,3.0
centro,2001-05-01,44.47952914075671,40.903577438534235,49.95343676106759,3.0
centro,2001-06-01,53.505646898788314,47.05089671564391,61.50462419433632,3.0
centro,2001-07-01,37.89449264327486,33.81867247915923,43.18007457200642,3.0
centro,2001-08-01,34.81966491847172,31.93021680216802,38.76066268936071,3.0
centro,2001-09-01,28.009754692703297,27.15363913125353,29.36239740218344,3.0
centro,2001-10-01,25.07630761353282,23.663044416250642,25.86954961568593,3.0
centro,2001-11-01,21.029963556165402,17.682828342604648,23.121976146573033,3.0
centro,2001-12-01,24.93761392017536,22.923151263577516,25.45725806451613,4.0
centro,2002-01-01,20.603986462946747,19.61510052286619,21.21099523954439,4.0
centro,2002-02-01,25.610329817954874,24.236454774321164,26.88184811237928,4.0
centro,2002-03-01,24.38414939613743,23.758851997059544,25.453435927216415,4.0
centro,2002-04-01,34.391562948689916,33.90227328120442,36.93817744755245,4.0
centro,2002-05-01,42.3440445991667,38.75676589986468,49.47114352335124,4.0
centro,2002-06-01,52.67931747937226,46.47811360007459,60.639027059291685,4.0
centro,2002-07-01,50.9876438026689,42.684165426707,62.86442700880585,4.0
centro,2002-08-01,38.701669307317935,37.27081977105657,41.88448723540684,4.0
centro,2002-09-01,27.713163889757865,25.003263673890608,29.487009566752793,4.0
centro,2002-10-01,21.240383389061428,20.48086648983201,21.723414581535806,4.0
centro,2002-11-01,20.33731218578425,19.09777685447438,21.734385639121015,4.0
centro,2002-12-01,21.427996969324493,19.555166824794433,23.285464553132208,4.0
centro,2003-01-01,23.62073201432396,22.53217060004608,24.72489870268515,4.0
centro,2003-02-01,23.988621831031733,23.334594962407692,25.060697551086168,4.0
centro,2003-03-01,29.633017455003912,28.651290322580646,30.32757387038808,4.0
centro,2003-04-01,42.42390501046835,41.707875224354886,44.441073919107396,4.0
centro,2003-05-01,63.27623205554109,57.586178357982874,73.06775397598182,4.0
centro,2003-06-01,47.83093056876323,42.46903326798724,53.81581742534051,4.0
centro,2003-07-01,48.09107751617233,40.82169091427757,57.427686563755934,4.0
centro,2003-08-01,45.86709078159273,41.39574898785425,50.2540788862336,4.0
centro,2003-09-01,26.476075001350146,23.603843369878007,27.856938616938617,4.0
centro,2003-10-01,20.889451668610903,19.949392712550605,21.52710349047325,4.0
centro,2003-11-01,18.56549461348454,17.755019710386087,19.74054226378431,4.0
centro,2003-12-01,22.496939420766925,21.233060670651312,23.860271693535587,4.0
centro,2004-01-01,21.35821252884071,19.28272604588394,23.11849723564494,4.0
centro,2004-02-01,29.338442112522443,26.461051990285608,31.33480969253629,4.0
centro,2004-03-01,31.416437408315844,28.34596070232259,33.92635102293315,4.0
centro,2004-04-01,31.04893365952131,29.136129487974642,32.78706317402322,4.0
centro,2004-05-01,56.45539838569286,53.870419248964026,63.57461505723671,4.0
centro,2004-06-01,52.75889006000668,49.71569506463673,61.27462295075509,4.0
centro,2004-07-01,44.82382780284377,42.7015140238528,50.8978483319316,4.0
centro,2004-08-01,31.567243085403465,29.36385135135135,34.52291105121294,4.0
centro,2004-09-01,27.718206955762103,26.01532679738562,30.089574181945505,4.0
centro,2004-10-01,20.093499536247215,19.020233976437424,20.59127649662241,4.0
centro,2004-11-01,21.725216924858078,20.205853053856018,22.79977855795325,4.0
centro,2004-12-01,22.94266359580103,21.43516804350861,23.8988956183884,4.0
centro,2005-01-01,25.565494732859058,24.305586651885342,25.85709987619843,4.0
centro,2005-02-01,31.448139903079483,29.68012252848051,32.79574008041025,4.0
centro,2005-03-01,29.55750230430719,28.412205972307177,30.253488951513567,4.0
centro,2005-04-01,39.29003297530146,37.97199834046834,42.74711872045003,4.0
centro,2005-05-01,35.84059921151105,35.473684210526315,39.204705040599904,4.0
centro,2005-06-01,39.76872650687165,38.52039018489516,43.28684997011357,4.0
centro,2005-07-01,43.396990495408026,40.00316768381285,49.05650724848838,3.0
centro,2005-08-01,31.099414869638764,29.11190849533994,33.13508049828805,4.0
centro,2005-09-01,27.283821117210664,25.156324296755464,29.61356924385353,4.0
centro,2005-10-01,21.199096151837896,19.740436165925335,22.91832708526794,4.0
centro,2005-11-01,21.840812717447314,19.967392571182156,24.068719929095973,4.0
centro,2005-12-01,22.6531619846009,21.285965668514557,23.717981001124002,4.0
centro,2006-01-01,24.389532517119193,22.845467969104952,25.325198600133493,4.0
centro,2006-02-01,23.423170686437615,22.259035180759557,24.494421362535768,4.0
centro,2006-03-01,27.311611540723383,25.02681010617539,27.445699524567736,4.0
centro,2006-04-01,40.21806028233605,39.43734002766036,42.90970951054516,4.0
centro,2006-05-01,53.26024168515141,50.44210654109739,59.56632023713087,4.0
centro,2006-06-01,49.63211134450358,45.4406401161552,57.76853391022385,4.0
centro,2006-07-01,35.91680616377658,33.62991456055776,41.48180696697284,4.0
centro,2006-08-01,34.98245441485669,34.605053778268065,37.629346435150964,4.0
centro,2006-09-01,30.72858105383632,28.216862922705314,32.89230643867215,4.0
centro,2006-10-01,18.624870906558435,17.327196880679107,19.38595173918624,4.0
centro,2006-11-01,20.242216024394953,18.269590717837563,21.996468223808442,4.0
centro,2006-12-01,20.09146205468141,16.992930850986014,21.40460470740546,4.0
centro,2007-01-01,20.30214133609019,19.521165273605853,21.08417071222494,4.0
centro,2007-02-01,20.03954372550711,19.21631056668975,20.86689078010358,4.0
centro,2007-03-01,25.66771936934986,25.15253291020216,26.506832330906406,4.0
centro,2007-04-01,35.7699796210123,35.60773175292674,38.29196372221313,4.0
centro,2007-05-01,57.208357226837194,55.36346336214757,63.079422083546206,4.0
centro,2007-06-01,51.56879354681792,48.77868016867843,59.41232099711238,4.0
centro,2007-07-01,42.566594817973574,38.57176360225141,49.97147564249252,4.0
centro,2007-08-01,33.62322538501953,33.19441062756581,35.837837726183594,4.0
centro,2007-09-01,27.528542355065827,26.096168785310734,28.97641372760096,4.0
centro,2007-10-01,20.017683583721617,19.247498994955198,21.17099472954736,4.0
centro,2007-11-01,21.853296566159393,19.8795358649789,22.596811295145024,4.0
centro,2007-12-01,22.112527693044857,20.26869942329674,22.630739476552375,4.0
centro,2008-01-01,23.774400909076135,22.18495702243462,25.206140163246673,4.0
centro,2008-02-01,22.16302923473483,21.58539777480836,23.06113055212479,4.0
centro,2008-03-01,23.749986246950577,22.86624487710694,25.010216907884818,4.0
centro,2008-04-01,34.30167823958334,33.73767360763889,36.730555555555554,4.0
centro,2008-05-01,46.917647348517264,47.38700947225981,50.87933446586022,5.0
centro,2008-06-01,54.63435182355387,45.29620626416666,67.03722045833334,9.0
centro,2008-07-01,46.826263944009135,37.605087215872025,53.131971893937994,10.0
centro,2008-08-01,29.523692716390304,23.715427193082206,34.44356917577796,12.0
centro,2008-09-01,24.05264625168216,21.788709413159722,27.79686071248796,12.0
centro,2008-10-01,19.886334999402155,18.162465275504033,21.219194747129116,12.0
centro,2008-11-01,20.014627712662158,16.767360822916668,21.636259124563495,12.0
centro,2008-12-01,19.909376764456812,17.248381324706088,21.860472150863256,12.0
centro,2009-01-01,22.429932111752958,19.54645906298003,24.119735658602153,13.0
centro,2009-02-01,22.274077252178532,19.510479041916167,24.75260415625,13.0
centro,2009-03-01,24.75869923414905,23.037940379403793,28.322244619623653,13.0
centro,2009-04-01,32.50680973304495,30.608333333333334,34.493139299037864,12.0
centro,2009-05-01,41.38141209933291,34.995071643817205,43.74384156132076,13.0
centro,2009-06-01,47.99575901628643,41.836342593055555,49.551504625,13.0
centro,2009-07-01,41.22112178133186,35.65389784946237,45.40938620026882,13.0
centro,2009-08-01,31.852100563706873,27.752490937500003,33.740591397849464,13.0
centro,2009-09-01,22.785251063075286,20.648328635097492,24.623032356944446,13.0
centro,2009-10-01,18.55330808118429,17.684885290148447,20.153225806451612,13.0
centro,2009-11-01,15.561678963397007,13.35032453388889,16.806944444444444,13.0
centro,2009-12-01,19.9303840275154,18.470769230769232,21.70967741935484,13.0
centro,2010-01-01,22.257883996036696,20.935609197907585,23.423739818548388,12.0
centro,2010-02-01,18.15531479943299,16.9252,19.45484949832776,13.0
centro,2010-03-01,22.513362014461947,19.801463635410766,23.777777772657448,13.0
centro,2010-04-01,30.92131712332478,27.653993055208332,33.94666471048513,12.0
centro,2010-05-01,38.89813868196876,34.30824375,43.431478968792405,11.0
centro,2010-06-01,41.86708260305224,35.87941681978873,48.06952907626156,11.0
centro,2010-07-01,36.27889405220811,32.72850005278811,41.52958432465627,11.0
centro,2010-08-01,28.25277957666382,25.456317204301076,30.418249275425325,11.0
centro,2010-09-01,18.94376364285511,17.264816103351954,20.816801609654018,11.0
centro,2010-10-01,16.725478387163097,16.573476680107525,17.913418449798385,11.0
centro,2010-11-01,15.30133779032107,14.64236111111111,16.568984969449218,11.0
centro,2010-12-01,16.93361343111583,15.646393391801075,18.848174280913977,11.0
centro,2011-01-01,17.597623082443352,16.0934145700319,19.300123427419358,11.0
centro,2011-02-01,20.74533530723556,18.96692317819593,21.056632777735942,12.0
centro,2011-03-01,21.373624158102924,19.53483423420699,22.011386938067567,12.0
centro,2011-04-01,26.17707987442112,25.277083333333334,27.8673931176288,11.0
centro,2011-05-01,44.528771854775364,41.17853938844086,48.6621275762592,12.0
centro,2011-06-01,43.56120023191837,36.09652777430556,46.344650663591,12.0
centro,2011-07-01,40.432136645925176,32.2876345340959,44.34941565826069,12.0
centro,2011-08-01,29.888569781611054,24.68225120693439,35.0447508802945,12.0
centro,2011-09-01,23.233878288176523,20.895608400125727,23.861244138757403,12.0
centro,2011-10-01,18.531172819913106,16.469954075940862,18.7022569422043,12.0
centro,2011-11-01,19.208857262255282,16.818055548611113,19.105802661193103,12.0
centro,2011-12-01,22.990943503005866,20.660618279569892,22.911374327956988,12.0
centro,2012-01-01,17.234710544160613,15.4248040410838,18.019657258064516,12.0
centro,2012-02-01,21.283469309135192,19.731110547667342,21.90679188367052,11.0
centro,2012-03-01,22.543612848431838,21.004760282258065,24.06015563217843,11.0
centro,2012-04-01,27.457810543225857,26.21655187276466,30.599247694444443,12.0
centro,2012-05-01,38.750710340400985,33.65632566969131,44.45889015516209,12.0
centro,2012-06-01,38.980068938101745,30.219359331476323,40.8979020979021,13.0
centro,2012-07-01,55.19607684684444,39.56219737405131,55.046717577535055,14.0
centro,2012-08-01,41.631660596503075,29.044654939106902,36.075370121130554,17.0
centro,2012-09-01,19.89571121295388,17.895839783453336,22.60057692983861,16.0
centro,2012-10-01,13.833153003733592,12.076161952943986,15.60205059045717,16.0
centro,2012-11-01,17.08606483503551,13.577309990201476,16.92673611111111,16.0
centro,2012-12-01,14.675732123391107,11.723030889355588,15.746490493410835,15.0
centro,2013-01-01,17.03658286443207,13.128222173786689,18.952049595141702,14.0
centro,2013-02-01,16.63961730755818,14.49030557977844,16.70693463486141,14.0
centro,2013-03-01,20.958722631131867,16.48042151723694,22.08430577822557,18.0
centro,2013-04-01,30.02728526283982,25.548780487804876,30.503703703703703,21.0
centro,2013-05-01,39.193963422162184,28.446513568224095,43.3874574158191,20.0
centro,2013-06-01,47.95865350085398,36.49159133589922,50.58417239645569,20.0
centro,2013-07-01,42.24866329574364,33.56163337250294,46.47580458999792,19.0
centro,2013-08-01,38.6884857002609,31.92792406547128,40.704301075268816,20.0
centro,2013-09-01,23.644903199300156,19.827184649112468,27.117780172413795,20.0
centro,2013-10-01,16.72753500700435,13.958614378243826,18.38159786907213,20.0
centro,2013-11-01,13.557479129211966,10.910884691264283,16.238022523566684,20.0
centro,2013-12-01,14.839048987850713,12.575834590053763,18.09348950418964,20.0
centro,2014-01-01,18.464219734358615,14.63136973454301,21.935183923705722,20.0
centro,2014-02-01,13.312179790868589,11.645513707243461,14.36326880271368,22.0
centro,2014-03-01,17.004649053626732,15.666569947490114,18.325618782880813,22.0
centro,2014-04-01,27.78350118914161,21.9478066314554,31.703439245810056,22.0
centro,2014-05-01,36.64948583571298,26.57794745493458,44.34912634408602,22.0
centro,2014-06-01,44.95204822176066,31.856492772316226,59.750030786823245,23.0
centro,2014-07-01,42.38251458959621,31.805971633085896,57.28603341845272,22.0
centro,2014-08-01,37.20538490493832,23.019896180941785,42.801126638480895,23.0
centro,2014-09-01,18.507008573431868,13.232312714516592,21.833723815574864,22.0
centro,2014-10-01,15.44897200802423,11.738048517520214,18.29245283018868,21.0
centro,2014-11-01,12.2099358025907,9.197772284122562,15.175,21.0
centro,2014-12-01,12.32440628870322,9.188810753701212,15.944669365721998,21.0
centro,2015-01-01,15.866018682510179,12.160319650067295,18.722147147556228,22.0
centro,2015-02-01,19.516670133785098,16.383839285714288,22.208333333333332,21.0
centro,2015-03-01,16.96118050822647,14.094838709677418,19.693243243243245,21.0
centro,2015-04-01,27.066020428959884,22.476345663877268,32.89221140472879,23.0
centro,2015-05-01,44.80157387361226,33.87282969589593,55.58000856632589,24.0
centro,2015-06-01,49.46449488844349,37.242256973394696,63.24277866969274,24.0
centro,2015-07-01,48.53956766568785,35.735676018371095,62.872983870967744,24.0
centro,2015-08-01,29.79748901903896,22.326295903547305,34.03753214118747,24.0
centro,2015-09-01,22.253049197414015,17.832033893773897,26.23648986834921,24.0
centro,2015-10-01,13.716273548708804,10.164737922682873,16.394680833114705,24.0
centro,2015-11-01,11.498859192446227,7.578988058404006,14.165077985345826,24.0
centro,2015-12-01,12.952126221773058,8.964875310358373,16.508172510383464,24.0
centro,2016-01-01,13.065032960102686,9.461941129032258,15.76614447761194,25.0
centro,2016-02-01,13.720773673599192,11.315637629310345,16.417867435158502,25.0
centro,2016-03-01,21.83368002559371,17.796752853500955,25.593753426870748,27.0
centro,2016-04-01,22.162006241168218,15.333909948888888,27.80741769874477,29.0
centro,2016-05-01,34.989136783614505,19.246395614550483,43.93135935397039,29.0
centro,2016-06-01,50.19712713135897,31.43174141605932,66.42036080892608,29.0
centro,2016-07-01,41.27931111700568,24.302108806989246,53.57636988840693,28.0
centro,2016-08-01,29.46233784996216,19.591016063730244,36.01754385964912,29.0
centro,2016-09-01,23.4796166488691,18.828450896267654,27.23073635634029,28.0
centro,2016-10-01,12.254093545211513,10.16238340954301,13.597258397175109,28.0
centro,2016-11-01,12.85456858941966,10.785280005172446,16.074819875196464,27.0
centro,2016-12-01,15.258390576310717,10.78149402422611,20.907133243607,29.0
centro,2017-01-01,26.796685994545392,21.547430095003268,32.42016183375358,28.0
centro,2017-02-01,13.769094654182949,11.129352724466747,16.765061210080503,28.0
centro,2017-03-01,13.895789091659712,11.626688477474074,16.199853748374984,28.0
centro,2017-04-01,17.38938245658696,14.164094707792598,20.53131761967236,28.0
centro,2017-05-01,30.719017644761376,17.563172043010752,36.89305381923028,28.0
centro,2017-06-01,34.25155787690393,17.263568733268507,45.972115029542095,28.0
centro,2017-07-01,39.19736784121404,22.850876781695423,51.71366289759147,28.0
centro,2017-08-01,27.709838630522604,15.918836405529953,35.55955471028688,28.0
centro,2017-09-01,19.050058731836778,13.65815129243812,23.819056473597414,27.0
centro,2017-10-01,11.321782041984036,8.42620402242475,13.74064835133074,27.0
centro,2017-11-01,11.510177756135366,8.03873220365212,14.159416589291242,27.0
centro,2017-12-01,11.40558304359378,8.405046300321711,14.360704816615112,28.0
centro,2018-01-01,12.051939585761755,8.632603281597774,14.268141091043285,28.0
centro,2018-02-01,13.33827524118861,9.75223880597015,16.59369817578773,29.0
centro,2018-03-01,13.042907224852607,10.232164177484478,16.26394995729605,28.0
centro,2018-04-01,20.176277573226947,16.44640234948605,24.03611111111111,29.0
centro,2018-05-01,31.182255732956627,22.331983805668017,36.152702702702705,29.0
centro,2018-06-01,43.378930442344924,25.062989297288077,56.846825238015,28.0
centro,2018-07-01,35.60513243644172,20.658935879945428,45.592193808882904,29.0
centro,2018-08-01,32.37363422664068,20.607526881720432,39.34242837653479,29.0
centro,2018-09-01,19.268742693096772,14.594142259414227,23.755244755244757,29.0
centro,2018-10-01,11.878656289494687,9.170316555431961,14.942830296463207,26.0
centro,2018-11-01,9.76456087748858,7.648648648648648,11.186369958275382,29.0
centro,2018-12-01,11.052247883495662,9.108127076086834,12.095766129032258,28.0
centro,2019-01-01,12.55812675065231,9.969706618464961,13.83787955465587,28.0
centro,2019-02-01,14.67438895382359,12.31494869402985,16.894618834080717,28.0
centro,2019-03-01,15.617317637077633,13.981764737178123,17.094679935247825,28.0
centro,2019-04-01,24.69372225039643,18.895251396648046,30.170833333333334,29.0
centro,2019-05-01,29.371494693740917,19.19211971151689,37.525691053242966,30.0
centro,2019-06-01,32.86631521827795,17.973949636782947,45.735850694444444,30.0
centro,2019-07-01,40.49239980849151,21.585483870967742,54.445756129181106,30.0
centro,2019-08-01,27.409941418366223,17.805632649262414,33.92268559434379,31.0
centro,2019-09-01,15.495121467195263,13.212972938309607,18.122312791287804,31.0
centro,2019-10-01,12.409325817891766,9.982432432432432,14.7516960651289,29.0
centro,2019-11-01,12.485643553236024,9.907652309997289,14.906266622340425,32.0
centro,2019-12-01,11.78053853447323,10.118934334395506,14.202862755083482,32.0
centro,2020-01-01,12.41751960726788,10.556889901823283,14.732826932649939,31.0
centro,2020-02-01,17.240318153672845,11.064061178285316,17.292285683527112,31.0
centro,2020-03-01,12.805539354827381,10.799051360530115,14.918610741651856,30.0
centro,2020-04-01,19.305021385370377,16.255836516697187,22.115277777777777,31.0
centro,2020-05-01,29.064008107049194,20.668209669403197,35.74472823445852,31.0
centro,2020-06-01,30.773231881946455,17.218449728450075,41.47380952380952,31.0
centro,2020-07-01,32.36781867836836,17.028686601586575,45.14407112438471,31.0
centro,2020-08-01,24.251601266969825,16.31858988436106,30.145833333333332,31.0
centro,2020-09-01,17.66328116602837,13.540454839715157,20.57241364512379,31.0
centro,2020-10-01,13.023167891491205,11.171621621621622,14.821127579192096,31.0
centro,2020-11-01,11.331278245843526,9.749237840810874,12.630461026029643,31.0
centro,2020-12-01,10.82259040272512,9.512653236991634,12.512413793103448,31.0
centro,2021-01-01,12.4710498514612,11.012508911067545,14.583655851399195,31.0
centro,2021-02-01,11.67446733287909,9.755333226676418,13.330019545131485,31.0
centro,2021-03-01,12.726362200861882,11.011298625445761,14.110921659840244,31.0
centro,2021-04-01,18.69674197267567,15.05696595558153,22.318451315728048,32.0
centro,2021-05-01,32.39728287062501,21.79832273350792,38.99053571428571,32.0
centro,2021-06-01,34.62379067995377,19.330555555555556,45.860759493670884,33.0
centro,2021-07-01,43.171236896996454,24.741935483870968,61.079837618403246,33.0
centro,2021-08-01,30.889903517728868,18.99924532312925,39.156424675396956,32.0
centro,2021-09-01,15.74804999118654,12.945586158192091,18.26810853950519,32.0
centro,2021-10-01,12.156648050140575,10.682137096774195,13.99931733327065,32.0
centro,2021-11-01,10.40732530411102,8.704798331015299,12.07002421676943,32.0
centro,2021-12-01,12.089522570484787,9.621777476255089,14.298598915037271,32.0
centro,2022-01-01,9.397809281555848,7.2646886162877635,11.178800218677281,32.0
centro,2022-02-01,13.62688760859014,12.16002132196162,14.736066514031037,32.0
centro,2022-03-01,14.451359099889851,13.132277021945107,16.066433777939086,31.0
centro,2022-04-01,18.032394337059152,14.932034070008754,20.858680555555555,32.0
centro,2022-05-01,37.22757669601387,24.89958734525447,50.28222523744912,33.0
centro,2022-06-01,36.20078072880351,21.835098335854767,49.79776847977685,33.0
centro,2022-07-01,29.539027505561883,17.73661971830986,40.3054054054054,33.0
centro,2022-08-01,28.27559798961778,18.08107018308631,35.51979032948224,32.0
centro,2022-09-01,17.77756619917315,13.966620305980529,21.575208913649025,33.0
centro,2022-10-01,10.679496856487031,8.949932341001354,12.044354838709678,33.0
centro,2022-11-01,10.322593316452927,8.99721059972106,12.109467455621301,33.0
centro,2022-12-01,11.929805366879426,9.853982300884956,14.150273224043715,33.0
centro,2023-01-01,11.067645474149652,9.536585365853659,12.935302390998594,33.0
centro,2023-02-01,27.443210721133127,20.99702380952381,31.55517826825127,33.0
centro,2023-03-01,12.747921943398433,11.414894189350365,14.234320662697028,32.0
centro,2023-04-01,17.730680375884866,14.221288515406162,20.28272980501393,33.0
centro,2023-05-01,31.87699249187157,23.046336772880466,41.326633475971036,32.0
centro,2023-06-01,30.64847619936496,20.448611111111113,41.121212121212125,33.0
centro,2023-07-01,31.721554539126146,19.708502024291498,42.915208613728126,33.0
centro,2023-08-01,20.872811488155026,14.001360544217688,25.68598382749326,33.0
centro,2023-09-01,15.276515243821054,10.893162393162394,19.780555555555555,33.0
centro,2023-10-01,11.88638234687877,8.704912516823686,14.214930176221916,32.0
centro,2023-11-01,9.091395457528247,7.020024369644965,11.023770119229379,31.0
centro,2023-12-01,10.688639335064797,7.552242720359809,13.228405972583069,32.0
centro,2024-01-01,10.773436362128535,8.74123989218329,13.144611186903138,33.0
centro,2024-02-01,11.643710567772947,8.877167630057803,13.61961367013373,33.0
centro,2024-03-01,11.885141579079255,9.285112124209185,14.051523867944898,32.0
centro,2024-04-01,14.491842273259548,11.675064541974539,16.94661967741084,32.0
centro,2024-05-01,30.82412829496388,20.382099716184413,38.26277822640782,32.0
centro,2024-06-01,27.61129573856438,16.314169716945194,39.91233598702639,30.0
centro,2024-07-01,42.92507653531715,28.989962887989204,57.097165991902834,31.0
centro,2024-08-01,23.426072785760837,16.61947559765214,30.41481662399497,30.0
centro,2024-09-01,15.711666725138636,13.586647727272727,17.957865168539325,33.0
centro,2024-10-01,10.54502789925341,8.531628532974427,12.516970372288625,31.0
centro,2024-11-01,9.305092899837502,6.970670391061453,11.4875,33.0
centro,2024-12-01,10.331693148552487,8.05114401076716,12.64945652173913,33.0
centro,2025-01-01,9.541324897554336,7.8302158273381295,11.596774193548388,33.0
centro,2025-02-01,11.776676359071887,10.243531202435312,13.021148036253777,33.0
centro,2025-03-01,11.648088657231721,9.532463603359126,13.20342975714995,32.0
centro,2025-04-01,16.383437224627524,13.01942593592313,19.209190859315857,31.0
centro,2025-05-01,29.39279466966258,21.373839100857737,37.620800424487136,30.0
centro,2025-06-01,39.28091082604492,26.848388000309072,46.24568497588972,30.0
centro,2025-07-01,38.55086859877036,27.309393178212588,51.25963401516825,32.0
centro,2025-08-01,21.033341311531185,15.61507402422611,27.02834008097166,33.0
centro,2025-09-01,13.646200387552593,10.711699164345404,17.404225352112675,33.0
centro,2025-10-01,10.005503512394116,8.184281842818429,11.875,33.0
centro,2025-11-01,8.437754658391837,6.679148729636195,10.601390239657661,32.0
centro,2025-12-01,8.874073428592668,7.42089552238806,10.0420054200542,33.0
centro,2026-01-01,11.004486851537257,9.294197031039136,12.673387096774194,33.0
centro,2026-02-01,8.657834063507943,6.926756352765321,11.047619047619047,29.0
centro,2026-03-01,10.257681314603309,8.39250686397692,12.003991751362499,31.0
centro,2026-04-01,16.009666694024308,12.823033707865168,18.8578125,33.0
centro,2026-05-01,35.53414116337997,24.53428236166008,43.07490694789082,34.0
centro,2026-06-01,35.19589214673835,24.015767359575406,45.830583227835135,35.0
centro,2026-07-01,24.939389889335065,14.847970597024652,32.317328217485056,34.0
centro,2026-08-01,19.590506334054137,13.185483870967742,24.08097165991903,33.0
centro,2026-09-01,,,,
centro,2026-10-01,,,,
centro,2026-11-01,,,,
centro,2026-12-01,,,,
sur,2000-01-01,,,,
sur,2000-02-01,,,,
sur,2000-03-01,,,,
sur,2000-04-01,,,,
sur,2000-05-01,,,,
sur,2000-06-01,,,,
sur,2000-07-01,,,,
sur,2000-08-01,,,,
sur,2000-09-01,,,,
sur,2000-10-01,,,,
sur,2000-11-01,,,,
sur,2000-12-01,,,,
sur,2001-01-01,,,,
sur,2001-02-01,,,,
sur,2001-03-01,,,,
sur,2001-04-01,,,,
sur,2001-05-01,,,,
sur,2001-06-01,,,,
sur,2001-07-01,,,,
sur,2001-08-01,,,,
sur,2001-09-01,,,,
sur,2001-10-01,,,,
sur,2001-11-01,,,,
sur,2001-12-01,,,,
sur,2002-01-01,,,,
sur,2002-02-01,,,,
sur,2002-03-01,,,,
sur,2002-04-01,,,,
sur,2002-05-01,,,,
sur,2002-06-01,,,,
sur,2002-07-01,,,,
sur,2002-08-01,,,,
sur,2002-09-01,,,,
sur,2002-10-01,,,,
sur,2002-11-01,,,,
sur,2002-12-01,,,,
sur,2003-01-01,,,,
sur,2003-02-01,,,,
sur,2003-03-01,,,,
sur,2003-04-01,,,,
sur,2003-05-01,,,,
sur,2003-06-01,,,,
sur,2003-07-01,,,,
sur,2003-08-01,,,,
sur,2003-09-01,,,,
sur,2003-10-01,,,,
sur,2003-11-01,,,,
sur,2003-12-01,,,,
sur,2004-01-01,,,,
sur,2004-02-01,,,,
sur,2004-03-01,,,,
sur,2004-04-01,,,,
sur,2004-05-01,,,,
sur,2004-06-01,,,,
sur,2004-07-01,,,,
sur,2004-08-01,,,,
sur,2004-09-01,,,,
sur,2004-10-01,,,,
sur,2004-11-01,,,,
sur,2004-12-01,,,,
sur,2005-01-01,,,,
sur,2005-02-01,,,,
sur,2005-03-01,,,,
sur,2005-04-01,,,,
sur,2005-05-01,,,,
sur,2005-06-01,,,,
sur,2005-07-01,,,,
sur,2005-08-01,,,,
sur,2005-09-01,,,,
sur,2005-10-01,,,,
sur,2005-11-01,,,,
sur,2005-12-01,,,,
sur,2006-01-01,,,,
sur,2006-02-01,,,,
sur,2006-03-01,,,,
sur,2006-04-01,,,,
sur,2006-05-01,,,,
sur,2006-06-01,,,,
sur,2006-07-01,,,,
sur,2006-08-01,,,,
sur,2006-09-01,,,,
sur,2006-10-01,,,,
sur,2006-11-01,,,,
sur,2006-12-01,,,,
sur,2007-01-01,,,,
sur,2007-02-01,,,,
sur,2007-03-01,,,,
sur,2007-04-01,,,,
sur,2007-05-01,,,,
sur,2007-06-01,,,,
sur,2007-07-01,,,,
sur,2007-08-01,,,,
sur,2007-09-01,,,,
sur,2007-10-01,,,,
sur,2007-11-01,,,,
sur,2007-12-01,,,,
sur,2008-01-01,,,,
sur,2008-02-01,,,,
sur,2008-03-01,,,,
sur,2008-04-01,,,,
sur,2008-05-01,,,,
sur,2008-06-01,,,,
sur,2008-07-01,,,,
sur,2008-08-01,57.12499267810165,52.03888150005262,62.211103856150686,2.0
sur,2008-09-01,74.62317134671997,59.69086031174663,89.55548238169332,2.0
sur,2008-10-01,24.581879616653623,18.875646515034198,29.862897782258067,3.0
sur,2008-11-01,11.034165298333335,10.867707038055556,11.200623558611111,2.0
sur,2008-12-01,9.426154735214201,9.255337838670357,9.596971631758045,2.0
sur,2009-01-01,9.155037151482812,8.126885639395725,9.691690585140321,3.0
sur,2009-02-01,9.076708686454552,8.75204298503897,9.640325714285714,3.0
sur,2009-03-01,15.196643631211558,14.247846918010751,16.190329442785078,3.0
sur,2009-04-01,37.77286888371903,28.208404680555557,46.847054596651446,5.0
sur,2009-05-01,69.56618666493232,63.76130359264498,68.83939298387097,5.0
sur,2009-06-01,76.35078580530424,75.37982248895435,81.42794857938718,5.0
sur,2009-07-01,101.43404796369431,106.00866666666667,111.24526048387098,5.0
sur,2009-08-01,42.55572917733717,36.665404414535665,47.090609676985196,5.0
sur,2009-09-01,40.52596647973321,30.25695932618683,51.2481837865497,5.0
sur,2009-10-01,22.65211882263192,19.497008577524895,23.7248928511822,5.0
sur,2009-11-01,16.051133599205112,13.835083345279132,17.248369423523545,6.0
sur,2009-12-01,10.618823817905076,8.434460234633498,11.956283851570381,6.0
sur,2010-01-01,10.927763086607856,9.343956608442502,10.126924345026882,5.0
sur,2010-02-01,10.792407501936228,8.95383254601227,11.553681258620689,5.0
sur,2010-03-01,13.767533295209203,10.84392410217099,16.71383528370545,4.0
sur,2010-04-01,37.540185935987346,34.06025796996615,45.76307940820422,4.0
sur,2010-05-01,77.0561521910662,54.643247419390626,99.46905696274177,2.0
sur,2010-06-01,80.62755310876541,57.41709823914812,108.89078095071756,3.0
sur,2010-07-01,55.72391131074631,43.196184568410786,68.25163805308183,2.0
sur,2010-08-01,76.62068944293675,55.64138687216137,100.92568891910943,3.0
sur,2010-09-01,53.73157568468582,39.813169607256945,70.70193338117808,4.0
sur,2010-10-01,32.17400540560284,17.535615362903226,34.41713588394062,5.0
sur,2010-11-01,13.732805033559202,12.719486896092533,15.289251760140633,4.0
sur,2010-12-01,14.204181802254555,13.48799958695806,15.690304115566036,4.0
sur,2011-01-01,21.256304537142356,20.249933482669313,22.91385095961138,3.0
sur,2011-02-01,15.689355751084216,13.528268180654761,18.833404426626323,3.0
sur,2011-03-01,23.256652692514052,20.84604322828079,26.105914747957602,4.0
sur,2011-04-01,36.23866835839738,25.941169125865805,45.808316109797545,4.0
sur,2011-05-01,30.81218600658602,30.81218600658602,30.81218600658602,1.0
sur,2011-06-01,65.44612914230362,54.91754737276142,81.98010919560821,3.0
sur,2011-07-01,61.29867447566096,33.122277066657325,93.72117381282244,6.0
sur,2011-08-01,58.90119739870191,35.556885064102566,78.38144391008174,5.0
sur,2011-09-01,39.16523076786909,20.744643568055555,55.424466153846154,5.0
sur,2011-10-01,31.262053933524207,28.68124495323999,35.67642528939557,4.0
sur,2011-11-01,15.071193884307588,13.843184581727842,15.57309170048571,4.0
sur,2011-12-01,18.062318919501347,13.721842354609928,19.991138654569895,5.0
sur,2012-01-01,14.858795249262988,10.96717901542777,17.09043494623656,5.0
sur,2012-02-01,13.364974055254024,10.724738192592593,15.915956823132182,5.0
sur,2012-03-01,15.93875269855675,13.320757833040936,17.149913774193546,5.0
sur,2012-04-01,40.59274206974628,34.61530062239221,37.95975675731802,6.0
sur,2012-05-01,74.52576260867431,63.11577558723247,90.0309817032668,8.0
sur,2012-06-01,76.50081837533732,60.33397704468781,96.41044744314598,8.0
sur,2012-07-01,115.60375395242846,77.22184970711297,129.08929615168537,9.0
sur,2012-08-01,64.89117082262345,54.64188104059293,76.22189900252869,8.0
sur,2012-09-01,36.92800771380367,30.299073792071937,40.0338150209205,7.0
sur,2012-10-01,35.17306423313406,16.784541345680317,30.142145605242657,7.0
sur,2012-11-01,17.4452665359391,11.985852941043895,21.335674809957396,7.0
sur,2012-12-01,12.889388637220556,7.4952166687904525,14.967371469999545,8.0
sur,2013-01-01,16.10988282639504,9.790396531986532,16.43262984798387,5.0
sur,2013-02-01,10.621061997195493,8.551284636070854,11.584744232488822,5.0
sur,2013-03-01,15.324271300158196,11.058200899569584,18.0576,9.0
sur,2013-04-01,31.859349029741125,25.904895104895104,40.37868162692847,9.0
sur,2013-05-01,47.815619164439724,28.549737956989247,65.55694519804666,10.0
sur,2013-06-01,70.2695423976369,48.20389831944445,94.87577639751552,9.0
sur,2013-07-01,63.1925462404176,43.991561698445864,76.60609650639917,11.0
sur,2013-08-01,58.75444310425153,45.21826264533156,68.3204606890803,11.0
sur,2013-09-01,37.836760157129106,31.505670026847145,46.57398733680556,12.0
sur,2013-10-01,17.168039209028546,11.29135845009011,20.071917505741034,12.0
sur,2013-11-01,11.02136694301063,7.037423160557337,13.541869466186938,11.0
sur,2013-12-01,8.07998093874693,4.969086021505376,7.368421052631579,9.0
sur,2014-01-01,10.13008463139096,7.130961937459863,12.278761838219456,10.0
sur,2014-02-01,10.169621761952797,6.804411024569307,12.677151194600416,11.0
sur,2014-03-01,17.722699987810827,13.42041422561688,24.461004293844013,12.0
sur,2014-04-01,34.39566201771528,27.519111937375335,42.701063458856346,10.0
sur,2014-05-01,45.37162704501157,35.5331105000829,55.88503824874232,11.0
sur,2014-06-01,50.71089663332839,36.86309277738002,65.88248946224078,11.0
sur,2014-07-01,59.057362377429016,46.92108392109329,74.15134273553163,10.0
sur,2014-08-01,49.92093001575024,31.67261583333333,61.393373655913976,13.0
sur,2014-09-01,28.41683625913288,20.21563684722222,33.956685236768806,13.0
sur,2014-10-01,18.732295888094534,11.673228894878706,25.288091397849463,13.0
sur,2014-11-01,11.459059406920987,7.886295805555556,12.825657982954546,13.0
sur,2014-12-01,10.192891339753974,7.398312234482758,12.531937123655915,13.0
sur,2015-01-01,11.488821123893159,6.996899224806201,12.777982607526882,13.0
sur,2015-02-01,18.895425856787107,9.886709372480455,21.18240659988923,12.0
sur,2015-03-01,15.524430289623915,10.433019563172042,16.519710753288415,11.0
sur,2015-04-01,26.49023359886356,15.721794012433392,38.192177268907564,13.0
sur,2015-05-01,53.69078046744773,38.16401360954301,66.57306613048824,11.0
sur,2015-06-01,51.54108480602671,29.040696125000004,65.5636651046025,13.0
sur,2015-07-01,43.64859657457813,25.43612176075269,62.36386389115647,13.0
sur,2015-08-01,36.89788200065791,24.751119387479758,47.66692378098716,15.0
sur,2015-09-01,28.52726584087331,17.242516224263674,38.84049959610028,17.0
sur,2015-10-01,17.764853967636792,11.890861767965344,22.33460002174188,16.0
sur,2015-11-01,11.616895766550272,7.768570571827057,14.237857,17.0
sur,2015-12-01,9.726851742371622,5.529125586134053,12.404776066199524,16.0
sur,2016-01-01,11.95658427583408,5.227994744623656,14.529420188383044,17.0
sur,2016-02-01,12.727755215204011,5.947363849493487,17.537966634195403,17.0
sur,2016-03-01,17.41327584395991,10.43654647834912,23.22455880177221,18.0
sur,2016-04-01,33.97040694804223,21.35878422752809,41.30978902506964,17.0
sur,2016-05-01,57.24604256902889,26.196619666650363,80.62745616288393,16.0
sur,2016-06-01,70.05344753529528,39.56423242816092,92.92941792719547,17.0
sur,2016-07-01,46.38303884065912,20.89624680269157,69.90841464845715,19.0
sur,2016-08-01,35.641848106432754,23.244139038740567,44.99772437721901,20.0
sur,2016-09-01,24.915166055706827,16.986637326114224,30.30339240690769,20.0
sur,2016-10-01,15.355933365566802,11.028308752085888,17.374308881312594,19.0
sur,2016-11-01,10.628874377171623,8.284648573485985,13.422995284130948,20.0
sur,2016-12-01,9.509438842288201,5.714440955854684,10.835447944097663,22.0
sur,2017-01-01,13.675104364235581,7.88570630376344,17.016205,21.0
sur,2017-02-01,10.445031890029624,6.904693835962524,12.709425960354528,22.0
sur,2017-03-01,13.86602792303599,10.24909788537654,17.14261741510458,22.0
sur,2017-04-01,23.348689470904255,15.214591128268276,30.68941794044985,23.0
sur,2017-05-01,48.50051474417036,32.06104104563174,61.90671830242726,23.0
sur,2017-06-01,44.896988611890045,29.83679525222552,57.296657381615596,25.0
sur,2017-07-01,47.68462553444828,31.10931174089069,65.57027027027027,25.0
sur,2017-08-01,33.3548285309634,21.53849698548679,41.44117050864605,24.0
sur,2017-09-01,26.086696786252656,16.777049180327868,32.419220055710305,25.0
sur,2017-10-01,13.573246066880909,9.72911051212938,15.382481751824818,25.0
sur,2017-11-01,10.276681441077134,8.17840849098975,12.07778682107107,26.0
sur,2017-12-01,8.871147323316276,6.743518668602036,9.913423314961166,27.0
sur,2018-01-01,9.78837424714091,7.140449861143641,11.07450023613831,26.0
sur,2018-02-01,10.631517140873344,7.649261740903884,11.993757322602008,26.0
sur,2018-03-01,13.300121250983642,10.432900432900434,15.053908355795148,25.0
sur,2018-04-01,28.332100729790056,20.354926991111192,29.318658316900063,26.0
sur,2018-05-01,41.92956798531968,27.974376949625007,51.1029810298103,26.0
sur,2018-06-01,49.78260449056405,33.56661315728748,66.54778260843239,26.0
sur,2018-07-01,54.1565508221817,33.96294846944374,74.51606992402498,26.0
sur,2018-08-01,40.38776994791011,27.56140350877193,46.52297297297297,25.0
sur,2018-09-01,21.034912503336212,14.87501113818713,26.440752616548227,26.0
sur,2018-10-01,13.108959157561742,9.342242996019596,15.165400430976625,26.0
sur,2018-11-01,9.129639489666854,7.048147103416664,12.041295104827658,23.0
sur,2018-12-01,7.855476285658037,6.243425131944166,8.80215979775199,26.0
sur,2019-01-01,8.62144081023315,6.2693877551020405,10.149394347240916,25.0
sur,2019-02-01,13.23141678490916,10.404389880952381,16.33666535742341,26.0
sur,2019-03-01,12.869504754408268,9.851555480682839,14.389780063464274,26.0
sur,2019-04-01,24.15158336136922,18.315176354615325,27.95090039988615,27.0
sur,2019-05-01,40.81431843756321,28.25116575058569,47.47836792702274,28.0
sur,2019-06-01,39.1106601980192,23.480599224640557,51.11766893453601,28.0
sur,2019-07-01,34.62590912146532,18.537481099204523,48.92615752986051,26.0
sur,2019-08-01,37.90630453917831,22.985175202156334,47.75376196990424,29.0
sur,2019-09-01,21.6362031499641,13.1115760111576,26.252824858757062,29.0
sur,2019-10-01,14.527937007601508,9.852150537634408,16.78494623655914,29.0
sur,2019-11-01,9.219231881312215,7.104311543810849,10.883040935672515,29.0
sur,2019-12-01,7.873335529483378,6.156821284086934,9.11115320171924,30.0
sur,2020-01-01,10.969074505060785,6.209677419354839,14.139622625983346,30.0
sur,2020-02-01,9.547411071944962,6.681096681096681,10.97844827586207,29.0
sur,2020-03-01,9.975059548115166,8.75033921302578,11.38515406162465,29.0
sur,2020-04-01,22.76752560979852,15.908896072796933,28.08156033910224,28.0
sur,2020-05-01,43.754434529926655,26.719086021505376,54.06530612244898,29.0
sur,2020-06-01,36.84566429530802,25.273296503485376,45.808997563522446,28.0
sur,2020-07-01,45.915077535864086,24.327493261455526,63.704054054054055,29.0
sur,2020-08-01,33.43081937650718,18.789473684210527,43.65264586160109,29.0
sur,2020-09-01,25.64150764387467,16.26536312849162,36.608333333333334,29.0
sur,2020-10-01,14.552684581616393,10.157894736842104,18.531628532974427,29.0
sur,2020-11-01,9.098940992639566,6.576868829337094,10.479166666666666,29.0
sur,2020-12-01,7.305302961345195,5.663487738419619,7.510752688172043,29.0
sur,2021-01-01,8.915197423989296,6.1506078330805245,10.797159517120669,34.0
sur,2021-02-01,8.524920740418244,6.90404945976155,9.47236448156319,34.0
sur,2021-03-01,11.522757690384788,9.490141258428007,12.885682096571749,35.0
sur,2021-04-01,20.544415556434473,15.126786716065544,24.333745469646633,36.0
sur,2021-05-01,41.6421025376948,27.293648305224593,49.49215305000524,36.0
sur,2021-06-01,48.20262127934251,27.964120796930214,63.56080473433946,34.0
sur,2021-07-01,44.635945286963384,28.86978193231292,57.29532930107527,34.0
sur,2021-08-01,31.71705446096034,21.346500596065965,39.62403538094681,36.0
sur,2021-09-01,22.29807454585097,14.979805013927576,25.71092564491654,36.0
sur,2021-10-01,13.950694513504565,8.676200424889792,16.854960233264187,35.0
sur,2021-11-01,8.5708551762857,6.6213624565900275,9.836604558257843,36.0
sur,2021-12-01,10.553393975562159,8.28810101538002,11.994377812491845,32.0
sur,2022-01-01,6.64462842045125,4.928533962758983,7.624280454077695,31.0
sur,2022-02-01,12.540719728261564,9.498918857781563,17.079041636897674,35.0
sur,2022-03-01,12.087059637277425,9.875794316226116,13.609005842321519,35.0
sur,2022-04-01,22.01044535307174,15.153146115073142,29.60135009310987,35.0
sur,2022-05-01,46.41045792818152,30.59711872826627,56.91266148637234,35.0
sur,2022-06-01,41.24747647925981,23.363213635138337,57.84571694599627,35.0
sur,2022-07-01,33.824381240160925,17.543257796587433,46.14642375168691,35.0
sur,2022-08-01,33.90657904683161,20.28858422365572,41.9168682795699,34.0
sur,2022-09-01,21.83896506098694,14.338580941170072,26.901947148817804,35.0
sur,2022-10-01,11.681499304622749,8.33252713189589,14.635656763802494,35.0
sur,2022-11-01,8.325822364342677,6.745213872063641,9.341219891219891,36.0
sur,2022-12-01,7.422617060416904,4.9857155929721815,8.6151981555334,34.0
sur,2023-01-01,7.1390180625639745,4.93701180532873,8.325402434003198,35.0
sur,2023-02-01,27.232996600822425,9.808575426439232,44.63435017565844,36.0
sur,2023-03-01,9.69093730452797,8.06081081081081,11.078061911170929,37.0
sur,2023-04-01,18.401364361762248,13.283333333333333,21.173541963015648,37.0
sur,2023-05-01,33.48403526134303,26.01209465211671,39.507422161444396,35.0
sur,2023-06-01,40.53799060614635,25.047649537343027,52.93679113157596,36.0
sur,2023-07-01,41.2802611421909,27.563004471525282,56.167360047805616,36.0
sur,2023-08-01,32.96607206696438,20.27476208602969,42.22556893704434,35.0
sur,2023-09-01,18.668450993581853,11.921483286908078,22.752162905434115,34.0
sur,2023-10-01,12.484562888355086,9.193581081081081,15.152910958904108,32.0
sur,2023-11-01,9.052444561477916,6.691319444444444,11.615438108484005,32.0
sur,2023-12-01,6.569141682723448,5.2202075310226785,7.6045345248349125,32.0
sur,2024-01-01,7.4016962308879295,5.279829935628725,9.42724507325827,32.0
sur,2024-02-01,8.552915302333053,5.784545392584515,9.467270397763672,32.0
sur,2024-03-01,9.584623124543166,7.753036437246964,10.780219780219781,33.0
sur,2024-04-01,21.114407447110267,17.753501400560225,24.952173913043477,33.0
sur,2024-05-01,54.65357194003561,40.33379120879121,67.56478873239436,33.0
sur,2024-06-01,29.47998699207931,17.12070176259919,36.94634841281642,36.0
sur,2024-07-01,51.49443974668335,39.74060503604169,60.4868219890499,35.0
sur,2024-08-01,38.62213448522031,25.383950953229103,46.967892156862746,35.0
sur,2024-09-01,20.98649397970518,14.15214320633445,26.893180435722172,35.0
sur,2024-10-01,13.198922572450611,9.166355132558444,15.184682212876547,36.0
sur,2024-11-01,9.486786724253653,6.306834030683403,10.363363363363364,37.0
sur,2024-12-01,8.115384049571139,5.343797864416102,8.711620550888401,38.0
sur,2025-01-01,7.168198837660999,4.243981110308975,7.742425309131871,36.0
sur,2025-02-01,9.66089704521886,5.843605539984712,10.058024457892083,35.0
sur,2025-03-01,10.104825155060054,7.830196522223199,10.760730586927263,38.0
sur,2025-04-01,20.893312360014768,15.33117797901117,24.60286820272912,39.0
sur,2025-05-01,37.91739187114503,27.8041652057036,46.643099699761876,39.0
sur,2025-06-01,49.45653145748731,35.687780203728025,60.28187552213868,39.0
sur,2025-07-01,39.83277224896948,23.775880005331125,52.11978465679677,39.0
sur,2025-08-01,28.440243051732164,17.982097794682367,35.96624176118304,38.0
sur,2025-09-01,16.883485645485308,9.479141028796455,20.598332181383356,38.0
sur,2025-10-01,9.071171578005513,5.763845226052448,11.457756588815084,39.0
sur,2025-11-01,6.937292998794782,5.139141753405581,7.518479505726342,38.0
sur,2025-12-01,5.504791337494001,3.8116531165311653,5.899018232819074,37.0
sur,2026-01-01,7.773279595099373,4.96398791032714,9.82613046910239,38.0
sur,2026-02-01,5.638512973974332,4.4140625,6.403548946771359,38.0
sur,2026-03-01,9.538718062967945,7.398529005252143,11.130299802202472,38.0
sur,2026-04-01,21.316707290277513,15.417897916748402,25.643236074270558,39.0
sur,2026-05-01,41.89730599088341,27.837293107520914,51.04241626111729,39.0
sur,2026-06-01,40.07983162374356,28.188284518828453,47.501984816875286,38.0
sur,2026-07-01,38.3709022196795,23.60745369901832,48.404564406528266,39.0
sur,2026-08-01,28.800470666549376,18.736056676622717,36.59400955282397,38.0
sur,2026-09-01,,,,
sur,2026-10-01,,,,
sur,2026-11-01,,,,
sur,2026-12-01,,,,
austral,2000-01-01,,,,
austral,2000-02-01,,,,
austral,2000-03-01,,,,
austral,2000-04-01,,,,
austral,2000-05-01,,,,
austral,2000-06-01,,,,
austral,2000-07-01,,,,
austral,2000-08-01,,,,
austral,2000-09-01,,,,
austral,2000-10-01,,,,
austral,2000-11-01,,,,
austral,2000-12-01,,,,
austral,2001-01-01,,,,
austral,2001-02-01,,,,
austral,2001-03-01,,,,
austral,2001-04-01,,,,
austral,2001-05-01,,,,
austral,2001-06-01,,,,
austral,2001-07-01,,,,
austral,2001-08-01,,,,
austral,2001-09-01,,,,
austral,2001-10-01,,,,
austral,2001-11-01,,,,
austral,2001-12-01,,,,
austral,2002-01-01,,,,
austral,2002-02-01,,,,
austral,2002-03-01,,,,
austral,2002-04-01,,,,
austral,2002-05-01,,,,
austral,2002-06-01,,,,
austral,2002-07-01,,,,
austral,2002-08-01,,,,
austral,2002-09-01,,,,
austral,2002-10-01,,,,
austral,2002-11-01,,,,
austral,2002-12-01,,,,
austral,2003-01-01,,,,
austral,2003-02-01,,,,
austral,2003-03-01,,,,
austral,2003-04-01,,,,
austral,2003-05-01,,,,
austral,2003-06-01,,,,
austral,2003-07-01,,,,
austral,2003-08-01,,,,
austral,2003-09-01,,,,
austral,2003-10-01,,,,
austral,2003-11-01,,,,
austral,2003-12-01,,,,
austral,2004-01-01,,,,
austral,2004-02-01,,,,
austral,2004-03-01,,,,
austral,2004-04-01,,,,
austral,2004-05-01,,,,
austral,2004-06-01,,,,
austral,2004-07-01,,,,
austral,2004-08-01,,,,
austral,2004-09-01,,,,
austral,2004-10-01,,,,
austral,2004-11-01,,,,
austral,2004-12-01,,,,
austral,2005-01-01,,,,
austral,2005-02-01,,,,
austral,2005-03-01,,,,
austral,2005-04-01,,,,
austral,2005-05-01,,,,
austral,2005-06-01,,,,
austral,2005-07-01,,,,
austral,2005-08-01,,,,
austral,2005-09-01,,,,
austral,2005-10-01,,,,
austral,2005-11-01,,,,
austral,2005-12-01,,,,
austral,2006-01-01,,,,
austral,2006-02-01,,,,
austral,2006-03-01,,,,
austral,2006-04-01,,,,
austral,2006-05-01,,,,
austral,2006-06-01,,,,
austral,2006-07-01,,,,
austral,2006-08-01,,,,
austral,2006-09-01,,,,
austral,2006-10-01,,,,
austral,2006-11-01,,,,
austral,2006-12-01,,,,
austral,2007-01-01,,,,
austral,2007-02-01,,,,
austral,2007-03-01,,,,
austral,2007-04-01,,,,
austral,2007-05-01,,,,
austral,2007-06-01,,,,
austral,2007-07-01,,,,
austral,2007-08-01,,,,
austral,2007-09-01,,,,
austral,2007-10-01,,,,
austral,2007-11-01,,,,
austral,2007-12-01,,,,
austral,2008-01-01,,,,
austral,2008-02-01,,,,
austral,2008-03-01,,,,
austral,2008-04-01,,,,
austral,2008-05-01,,,,
austral,2008-06-01,,,,
austral,2008-07-01,,,,
austral,2008-08-01,,,,
austral,2008-09-01,,,,
austral,2008-10-01,,,,
austral,2008-11-01,,,,
austral,2008-12-01,,,,
austral,2009-01-01,,,,
austral,2009-02-01,,,,
austral,2009-03-01,,,,
austral,2009-04-01,,,,
austral,2009-05-01,,,,
austral,2009-06-01,,,,
austral,2009-07-01,,,,
austral,2009-08-01,,,,
austral,2009-09-01,,,,
austral,2009-10-01,,,,
austral,2009-11-01,,,,
austral,2009-12-01,,,,
austral,2010-01-01,,,,
austral,2010-02-01,,,,
austral,2010-03-01,,,,
austral,2010-04-01,,,,
austral,2010-05-01,,,,
austral,2010-06-01,,,,
austral,2010-07-01,,,,
austral,2010-08-01,,,,
austral,2010-09-01,,,,
austral,2010-10-01,,,,
austral,2010-11-01,,,,
austral,2010-12-01,,,,
austral,2011-01-01,,,,
austral,2011-02-01,,,,
austral,2011-03-01,,,,
austral,2011-04-01,,,,
austral,2011-05-01,,,,
austral,2011-06-01,,,,
austral,2011-07-01,,,,
austral,2011-08-01,,,,
austral,2011-09-01,,,,
austral,2011-10-01,,,,
austral,2011-11-01,,,,
austral,2011-12-01,,,,
austral,2012-01-01,,,,
austral,2012-02-01,,,,
austral,2012-03-01,,,,
austral,2012-04-01,,,,
austral,2012-05-01,,,,
austral,2012-06-01,,,,
austral,2012-07-01,,,,
austral,2012-08-01,,,,
austral,2012-09-01,,,,
austral,2012-10-01,,,,
austral,2012-11-01,,,,
austral,2012-12-01,,,,
austral,2013-01-01,,,,
austral,2013-02-01,,,,
austral,2013-03-01,43.89612188365651,43.89612188365651,43.89612188365651,1.0
austral,2013-04-01,52.819193324061196,52.819193324061196,52.819193324061196,1.0
austral,2013-05-01,82.50549447802197,82.50549447802197,82.50549447802197,1.0
austral,2013-06-01,66.20208623087622,66.20208623087622,66.20208623087622,1.0
austral,2013-07-01,125.67654494382022,125.67654494382022,125.67654494382022,1.0
austral,2013-08-01,92.7294371934605,92.7294371934605,92.7294371934605,1.0
austral,2013-09-01,95.66370705663881,92.96639391829154,98.36102019498608,2.0
austral,2013-10-01,32.40997928785475,29.957038824255243,34.86291975145426,2.0
austral,2013-11-01,23.73313254192133,21.217059923993105,26.249205159849556,2.0
austral,2013-12-01,7.552902569671872,4.787631108881967,10.468470057453798,3.0
austral,2014-01-01,11.589392737528645,10.837046095540279,12.34173937951701,2.0
austral,2014-02-01,13.789052235237314,12.305852496158149,15.272251974316477,2.0
austral,2014-03-01,28.402867383512543,26.836155913978494,29.969578853046595,2.0
austral,2014-04-01,57.479062522343064,42.851417149300396,83.36996993030357,3.0
austral,2014-05-01,68.26477433401143,52.46808892037198,99.25299731182795,3.0
austral,2014-06-01,88.4854849537698,59.70937268205136,129.08785116437394,3.0
austral,2014-07-01,94.66067799651762,57.27394710230332,138.127688172043,3.0
austral,2014-08-01,69.7228365094086,51.06452754637097,101.42429711021505,3.0
austral,2014-09-01,44.695899331320454,32.14209031642512,64.2095642361111,3.0
austral,2014-10-01,28.171126626953114,19.174169980752254,39.657485639354405,3.0
austral,2014-11-01,15.542547612619643,10.38006009948502,21.09599027309613,3.0
austral,2014-12-01,10.888993528720576,7.531758948994844,14.072197810661738,3.0
austral,2015-01-01,7.874821867230185,6.506774924501192,9.337743583891255,3.0
austral,2015-02-01,11.540361547619046,11.02762125,12.053101845238094,2.0
austral,2015-03-01,22.766304143635992,16.8891879358841,31.333516247049566,3.0
austral,2015-04-01,47.8585366351345,34.840970218808195,68.84822161936842,3.0
austral,2015-05-01,52.27916259253749,27.582507574443085,75.2732983914944,3.0
austral,2015-06-01,67.76782110519203,50.251083745305976,98.87769503748207,3.0
austral,2015-07-01,58.14310149600404,44.407636993328545,84.68572292948993,3.0
austral,2015-08-01,66.08668465670878,48.131138921439394,97.00493064228316,3.0
austral,2015-09-01,35.55207971247422,27.440605334728033,51.256717302323594,3.0
austral,2015-10-01,29.388388969025858,22.871914205571308,41.698753978061944,3.0
austral,2015-11-01,11.556447958267055,9.291676199003957,15.295538119349008,3.0
austral,2015-12-01,9.149245431399633,7.172233390342693,11.43750039103476,3.0
austral,2016-01-01,5.945443395610526,4.950248796372779,6.874096047716865,3.0
austral,2016-02-01,8.194401620620127,6.68617945030426,10.122507818861227,3.0
austral,2016-03-01,12.942690133537175,9.954505044267773,17.32859113444555,3.0
austral,2016-04-01,67.84479147213331,49.39137979610431,99.02332760090684,3.0
austral,2016-05-01,133.0540287402736,99.65799116446445,195.9233783675146,3.0
austral,2016-06-01,128.38406624312648,128.1456612824024,128.62247120385055,2.0
austral,2016-07-01,121.07042909331904,119.11206021467571,123.02879797196235,2.0
austral,2016-08-01,83.69382656680783,83.6535889423713,83.73406419124436,2.0
austral,2016-09-01,49.24474655139739,38.33521993898421,70.77842558041958,3.0
austral,2016-10-01,22.379291316484963,18.072890791053972,30.631563494484283,3.0
austral,2016-11-01,11.248895852779121,8.598086606466733,14.280880710306407,3.0
austral,2016-12-01,7.540124333982511,5.790576038266584,8.586021349040063,3.0
austral,2017-01-01,8.023170127622146,6.394028846324523,9.701117050588149,3.0
austral,2017-02-01,8.092570525106934,6.6836062036967085,8.954040403635823,3.0
austral,2017-03-01,18.74589369804907,14.409218392377472,24.896863828110437,3.0
austral,2017-04-01,47.092386471346174,36.51476872282386,67.2918949521173,3.0
austral,2017-05-01,67.68940739250199,50.01246020918599,98.10077775541964,3.0
austral,2017-06-01,108.7192215616646,108.14643797629972,109.29200514702949,2.0
austral,2017-07-01,67.27112077076943,49.7361010456569,97.6321185720357,3.0
austral,2017-08-01,53.13156653378948,38.65242226445234,76.95653347415362,3.0
austral,2017-09-01,17.541029207232267,10.852573018080669,24.229485396383865,2.0
austral,2017-10-01,16.93527042240697,12.427804691483937,23.690641482667054,3.0
austral,2017-11-01,10.86791009603065,8.457667730060384,13.228931638811513,4.0
austral,2017-12-01,7.071983554574371,5.141536975697173,8.40649285207719,3.0
austral,2018-01-01,5.508476934804144,4.527341252546353,6.5052261012076436,3.0
austral,2018-02-01,6.107532932879255,5.140403876930823,7.165790417282954,3.0
austral,2018-03-01,15.76051699199063,12.541316759975118,21.58499591809347,3.0
austral,2018-04-01,28.98816015025193,25.88757575267535,39.27266387726639,4.0
austral,2018-05-01,48.484438571990545,33.99693056208116,71.42582051541524,4.0
austral,2018-06-01,90.302581778556,42.853779361767884,144.6666519339187,4.0
austral,2018-07-01,82.89586165863781,45.483010424862314,131.06461275139065,4.0
austral,2018-08-01,55.390485159821075,36.801925193927445,84.340565160302,4.0
austral,2018-09-01,26.943935988701398,22.911852607151648,36.48773296256027,4.0
austral,2018-10-01,20.987782715585524,15.425804812483609,28.380911470815974,4.0
austral,2018-11-01,11.772498845562543,9.482314919832964,15.658527013407445,4.0
austral,2018-12-01,5.908105439910826,5.165644110657044,7.018629343629343,4.0
austral,2019-01-01,6.438638647429739,5.5360291015871095,7.554431408190807,4.0
austral,2019-02-01,8.072981633442824,4.8753294979547634,10.018011416925187,4.0
austral,2019-03-01,14.572954652292905,10.370697358885359,19.730189969800996,4.0
austral,2019-04-01,26.420293415728917,16.755817307692308,39.98272902341053,4.0
austral,2019-05-01,38.23370747304794,26.92849200287537,56.0414657349364,4.0
austral,2019-06-01,57.78495627859736,42.54927294927295,84.76983915958594,4.0
austral,2019-07-01,65.15078925910356,34.402139193115985,104.55151181608645,4.0
austral,2019-08-01,42.087648561366436,29.373783217493237,62.89203778677462,4.0
austral,2019-09-01,28.866695293093407,19.55164728944952,43.17921795137661,4.0
austral,2019-10-01,15.928794981233494,11.54491650330622,21.88892375559127,4.0
austral,2019-11-01,10.09185365338402,9.258371690573039,11.800458805409074,4.0
austral,2019-12-01,8.501401323262748,7.5437081558125385,9.839207700851535,4.0
austral,2020-01-01,6.291186746516734,5.162896491497663,7.310380949695466,4.0
austral,2020-02-01,8.663420636688905,6.845645899993727,10.587545198285191,4.0
austral,2020-03-01,11.776109048858277,9.877523553162852,15.113467537348491,4.0
austral,2020-04-01,31.34452470530617,22.174756218982573,45.46840277777778,4.0
austral,2020-05-01,47.43286657313639,36.7866265985909,67.82640191786533,4.0
austral,2020-06-01,55.61792672221809,33.43854380267166,86.04936447226086,4.0
austral,2020-07-01,70.49388654929113,35.899687958883995,114.17180416093723,4.0
austral,2020-08-01,31.106044851471683,23.216388582460013,45.2182276975831,4.0
austral,2020-09-01,23.775251805019533,18.92878404547726,33.607897939722456,4.0
austral,2020-10-01,14.39810855207144,13.67851064373748,18.292323591617,4.0
austral,2020-11-01,7.312963723929399,6.410245673111346,8.76949566479658,4.0
austral,2020-12-01,5.9313857272796815,5.0238961164579,6.347061028052041,4.0
austral,2021-01-01,5.586841134175523,4.24678195835815,6.1486038191444585,4.0
austral,2021-02-01,5.059977197444158,3.9972901608897042,6.02849653079892,3.0
austral,2021-03-01,10.160817865741258,7.8711683053788315,12.564310615641581,4.0
austral,2021-04-01,25.23948347189359,23.775453277545328,28.76388888888889,5.0
austral,2021-05-01,54.83372404458419,32.82154738022078,85.81432717852981,4.0
austral,2021-06-01,78.80122097490944,48.57122905027933,118.54874651810584,5.0
austral,2021-07-01,47.35640040209115,38.056603773584904,43.529014844804315,5.0
austral,2021-08-01,38.63770903979364,29.399350237660492,54.25504032258065,4.0
austral,2021-09-01,24.70407575054163,23.37777777777778,31.337047353760447,4.0
austral,2021-10-01,13.472886578071936,13.947010869565217,16.416666666666668,5.0
austral,2021-11-01,9.656515264785076,10.186274509803921,11.306293706293706,5.0
austral,2021-12-01,6.2913941630254,5.522327469553451,6.699594046008119,5.0
austral,2022-01-01,6.323261855249877,5.441136671177267,6.751793400286944,5.0
austral,2022-02-01,6.2888275675069085,5.62519380881095,7.31332988214413,4.0
austral,2022-03-01,13.772361300558776,13.18091942749201,17.355864179470206,4.0
austral,2022-04-01,23.109835339318185,21.027148103031266,30.875347222222224,4.0
austral,2022-05-01,59.279327502827414,30.332140502275163,94.1789929304714,4.0
austral,2022-06-01,85.35535752401162,56.809859154929576,128.40725244072524,5.0
austral,2022-07-01,48.08484626108788,33.00140765765766,70.61190246433016,4.0
austral,2022-08-01,42.96978133920409,32.81586021505376,43.68817204301075,5.0
austral,2022-09-01,30.579191429515838,22.91782729805014,33.70868347338936,5.0
austral,2022-10-01,14.318764943776717,11.44116810006096,19.171389646050834,4.0
austral,2022-11-01,7.808717155986434,6.346794420423532,9.775586895670578,4.0
austral,2022-12-01,6.3224495218337555,5.974317817014446,7.648979591836735,5.0
austral,2023-01-01,4.398835412585166,4.077592196783735,4.680407636286605,4.0
austral,2023-02-01,4.739453103955189,3.5843457775616696,5.545641879744645,4.0
austral,2023-03-01,14.694301919271055,13.89851150202977,18.805212620027437,5.0
austral,2023-04-01,33.425599460108195,21.21508379888268,43.09874826147427,5.0
austral,2023-05-01,41.42265032350336,30.0719131614654,47.36522911051213,5.0
austral,2023-06-01,66.36193426859123,36.567185289957564,99.14722222222223,5.0
austral,2023-07-01,69.53847935575149,40.7792732166891,98.66756756756757,5.0
austral,2023-08-01,32.99782752540945,20.83468604384692,49.1804054054054,4.0
austral,2023-09-01,31.47540468700735,21.485232067510548,42.93165969316597,5.0
austral,2023-10-01,11.785409413323743,6.330983344424726,17.889778363254575,4.0
austral,2023-11-01,10.219127276776554,8.752158879590889,12.833959584862438,4.0
austral,2023-12-01,6.481289514023353,4.889887435457373,8.067476383265857,4.0
austral,2024-01-01,4.626342029248066,3.5175345725483536,5.823925227663388,4.0
austral,2024-02-01,5.678833457590264,3.794294294294294,7.065359477124183,5.0
austral,2024-03-01,14.050649375326635,11.011889088132557,18.21937770543087,4.0
austral,2024-04-01,35.58253950159056,25.02094972067039,49.8133704735376,5.0
austral,2024-05-01,82.1413778019066,45.141129032258064,126.68194070080862,5.0
austral,2024-06-01,60.7309677093559,34.64116828929068,92.30458970792768,5.0
austral,2024-07-01,54.51171460348721,39.2724795640327,72.7292817679558,5.0
austral,2024-08-01,50.66427166611316,37.76985195154778,60.10901749663526,5.0
austral,2024-09-01,18.215582096856973,20.78690807799443,22.411436541143654,5.0
austral,2024-10-01,14.368183928929774,14.044763979158416,16.186239869448826,4.0
austral,2024-11-01,9.88726155163923,8.179916317991632,11.934357541899441,5.0
austral,2024-12-01,6.588913627036405,4.520974289580514,7.634146341463414,5.0
austral,2025-01-01,4.171377672619616,3.3687845303867405,4.955163043478261,5.0
austral,2025-02-01,7.7741911855364165,5.961730449251248,9.134228187919463,5.0
austral,2025-03-01,14.909657553544449,11.172739541160594,18.860655737704917,5.0
austral,2025-04-01,35.32839172129736,21.345885634588562,49.41935483870968,5.0
austral,2025-05-01,40.77617253717395,32.58663028649386,48.34912043301759,5.0
austral,2025-06-01,63.16032785679134,38.90014684287812,88.42259414225941,5.0
austral,2025-07-01,65.74426953594909,36.62059620596206,90.33109017496635,5.0
austral,2025-08-01,55.529881205140825,29.597840755735493,75.04172274562585,5.0
austral,2025-09-01,26.17908388407996,16.93732590529248,38.201949860724234,5.0
austral,2025-10-01,18.61150827641307,16.559877363586246,21.562808244387192,4.0
austral,2025-11-01,7.907337982469778,6.99148104848634,9.591439580650338,4.0
austral,2025-12-01,4.971976385084628,4.674945709702413,5.1482479784366575,3.0
austral,2026-01-01,3.8751748805529,3.817174515235457,4.39622641509434,5.0
austral,2026-02-01,5.82619260901826,3.4086687306501546,7.159940209267564,5.0
austral,2026-03-01,12.636698310054626,11.16260162601626,16.46153846153846,5.0
austral,2026-04-01,20.957201492460232,16.8442280945758,26.667132867132867,5.0
austral,2026-05-01,53.93294131427518,33.43606998654105,88.75235531628533,5.0
austral,2026-06-01,66.13076933503467,63.80065874849425,77.50335740184559,4.0
austral,2026-07-01,100.24209680090352,76.59253753813671,133.56689189189188,4.0
austral,2026-08-01,60.705805150355374,29.172274562584118,97.97150610583446,5.0
austral,2026-09-01,,,,
austral,2026-10-01,,,,
austral,2026-11-01,,,,
austral,2026-12-01,,,,
