estacion,temporada,hora_local,obs,n
222,invierno,0,10.430235977785147,754
222,invierno,1,9.867558265019866,755
222,invierno,2,9.363398402231077,753
222,invierno,3,9.437667890941643,754
222,invierno,4,9.927261508807947,755
222,invierno,5,10.71702577581457,755
222,invierno,6,12.628434330503978,754
222,invierno,7,14.98253579064,750
222,invierno,8,14.721382610666668,750
222,invierno,9,11.546989434576044,743
222,invierno,10,9.167593826563758,745
222,invierno,11,8.392237840086603,739
222,invierno,12,7.787254346856368,738
222,invierno,13,7.07256644892473,744
222,invierno,14,6.248616199503355,745
222,invierno,15,6.014426683927614,746
222,invierno,16,5.634859046515958,752
222,invierno,17,6.3397899561885795,753
222,invierno,18,7.797465102663116,751
222,invierno,19,9.33564434253652,753
222,invierno,20,10.564972173642383,755
222,invierno,21,10.987006347675964,753
222,invierno,22,10.899189360519308,751
222,invierno,23,10.818657370198938,754
222,otoño,0,17.519349549048258,746
222,otoño,1,16.139365594585563,748
222,otoño,2,14.570162813932887,745
222,otoño,3,13.716270433270777,746
222,otoño,4,13.75886266536814,747
222,otoño,5,14.321966823186077,747
222,otoño,6,15.626349043199463,747
222,otoño,7,16.89442755145722,748
222,otoño,8,16.77211310077957,744
222,otoño,9,14.591745887386667,750
222,otoño,10,12.654277631426648,743
222,otoño,11,11.502458386339166,743
222,otoño,12,10.054544708707942,743
222,otoño,13,9.181978736845638,745
222,otoño,14,7.575627704127199,739
222,otoño,15,7.047462910918918,740
222,otoño,16,6.99822030923284,743
222,otoño,17,7.97140000428188,745
222,otoño,18,9.451361140772118,746
222,otoño,19,12.683809169129852,747
222,otoño,20,15.85560426236631,748
222,otoño,21,18.37579532171123,748
222,otoño,22,19.27201324561828,744
222,otoño,23,18.816357232660426,748
222,primavera,0,10.47118667179472,682
222,primavera,1,9.269106168108664,681
222,primavera,2,8.083389753900292,682
222,primavera,3,7.805255653953011,681
222,primavera,4,8.384993090917767,681
222,primavera,5,9.665892451527165,681
222,primavera,6,11.441919734294117,680
222,primavera,7,12.603933620943954,678
222,primavera,8,11.348117769038462,676
222,primavera,9,8.724474881610044,677
222,primavera,10,7.5129922135893645,677
222,primavera,11,7.0807433118926975,671
222,primavera,12,7.358761716671619,673
222,primavera,13,7.423892681870286,663
222,primavera,14,6.29405430646211,673
222,primavera,15,5.494700220906389,673
222,primavera,16,4.417339716997028,673
222,primavera,17,4.100326254343152,679
222,primavera,18,4.211247385339233,678
222,primavera,19,5.250605063592375,682
222,primavera,20,6.950509100243004,679
222,primavera,21,9.35603761064516,682
222,primavera,22,11.122030610883652,679
222,primavera,23,11.273174805308823,680
222,verano,0,14.880113477948719,702
222,verano,1,13.846795061253562,702
222,verano,2,12.8360817379,700
222,verano,3,12.21835351717664,702
222,verano,4,12.227165994257144,700
222,verano,5,12.347168816438849,695
222,verano,6,12.961522552824208,694
222,verano,7,13.345801122028986,690
222,verano,8,12.79071579475,700
222,verano,9,11.415793661652797,697
222,verano,10,9.934629721926724,696
222,verano,11,8.71941144428161,696
222,verano,12,7.958024459642858,700
222,verano,13,6.604940330771429,700
222,verano,14,6.14945400295389,694
222,verano,15,5.2084785835072465,690
222,verano,16,4.118649273935622,699
222,verano,17,3.834937829971347,698
222,verano,18,4.428452917505698,702
222,verano,19,5.535490528231206,705
222,verano,20,7.750964337332382,701
222,verano,21,10.515388662365439,706
222,verano,22,13.059533662091038,703
222,verano,23,14.765183883410002,700
236,invierno,0,5.45859203891709,1182
236,invierno,1,4.811651260795935,1181
236,invierno,2,4.994825770144191,1179
236,invierno,3,5.458062553011026,1179
236,invierno,4,8.566669152542373,1180
236,invierno,5,12.346933115449914,1178
236,invierno,6,13.613075773809523,1176
236,invierno,7,13.48647581415175,1173
236,invierno,8,12.994611448157668,1167
236,invierno,9,13.700441732283466,1143
236,invierno,10,10.538638601583113,1137
236,invierno,11,6.516377002629273,1141
236,invierno,12,4.92171445814978,1135
236,invierno,13,4.291237783595113,1146
236,invierno,14,4.530291872822299,1148
236,invierno,15,5.155080087260035,1146
236,invierno,16,8.827734286941581,1164
236,invierno,17,19.55874705029838,1173
236,invierno,18,27.48334563559322,1180
236,invierno,19,31.960861015228424,1182
236,invierno,20,29.42873507185123,1183
236,invierno,21,20.887878582278482,1185
236,invierno,22,12.108444535472973,1184
236,invierno,23,7.414074488588334,1183
236,otoño,0,6.612475464751959,1149
236,otoño,1,5.600788951219513,1148
236,otoño,2,5.464011986086956,1150
236,otoño,3,6.786165430060817,1151
236,otoño,4,10.030454520069807,1146
236,otoño,5,12.70024595113438,1146
236,otoño,6,13.005917441253263,1149
236,otoño,7,11.601211537117905,1145
236,otoño,8,11.169041266490764,1137
236,otoño,9,9.750437255434782,1104
236,otoño,10,6.501005474452555,1096
236,otoño,11,4.683964772313296,1098
236,otoño,12,3.898105229522952,1111
236,otoño,13,3.6560940803571427,1120
236,otoño,14,3.737989669937556,1121
236,otoño,15,4.323459982126899,1119
236,otoño,16,6.58700722614841,1132
236,otoño,17,11.921392460732983,1146
236,otoño,18,15.05462403478261,1150
236,otoño,19,17.927888079930494,1151
236,otoño,20,19.43032484375,1152
236,otoño,21,16.415152730434784,1150
236,otoño,22,12.099154539130435,1150
236,otoño,23,8.70423528770706,1147
236,primavera,0,7.177540078565329,1171
236,primavera,1,5.581287076791809,1172
236,primavera,2,5.468897997442456,1173
236,primavera,3,8.849675645851155,1169
236,primavera,4,13.225457729220222,1167
236,primavera,5,14.424258323301807,1163
236,primavera,6,14.287926048109965,1164
236,primavera,7,13.280415460809648,1161
236,primavera,8,11.32599480349345,1145
236,primavera,9,7.23344025,1120
236,primavera,10,4.99774609430605,1124
236,primavera,11,4.132484344950849,1119
236,primavera,12,3.5878718872113677,1126
236,primavera,13,3.8203497642919966,1137
236,primavera,14,3.798634557305337,1143
236,primavera,15,4.5316957130434785,1150
236,primavera,16,6.171031760624458,1153
236,primavera,17,8.824614810996565,1164
236,primavera,18,12.21906377245509,1169
236,primavera,19,15.996693643344711,1172
236,primavera,20,19.932123882252558,1172
236,primavera,21,19.225722759795573,1174
236,primavera,22,15.172162190963343,1173
236,primavera,23,10.876846706484642,1172
236,verano,0,9.067026512844036,1090
236,verano,1,7.578346194317141,1091
236,verano,2,6.2200809614678905,1090
236,verano,3,8.459545559633028,1090
236,verano,4,12.20433719266055,1090
236,verano,5,12.396682295684114,1089
236,verano,6,10.984526896235078,1089
236,verano,7,9.972503213627991,1086
236,verano,8,7.389125081156717,1072
236,verano,9,4.797879379178606,1047
236,verano,10,3.76312544295302,1043
236,verano,11,3.288434177251185,1055
236,verano,12,2.827876146728972,1070
236,verano,13,2.8263138305243443,1068
236,verano,14,2.792329131455399,1065
236,verano,15,3.301174667913938,1069
236,verano,16,4.148893465437788,1085
236,verano,17,5.024621911764705,1088
236,verano,18,6.1637777310155535,1093
236,verano,19,7.681485512820513,1092
236,verano,20,8.095682774725274,1092
236,verano,21,8.625561678899084,1090
236,verano,22,9.818091801470588,1088
236,verano,23,9.622168612132352,1088
251,invierno,0,11.687590618336886,469
251,invierno,1,10.720703624733476,469
251,invierno,2,9.78094017094017,468
251,invierno,3,9.451130063965884,469
251,invierno,4,9.908993576017131,467
251,invierno,5,10.674081196581197,468
251,invierno,6,13.228397435897437,468
251,invierno,7,13.45137339055794,466
251,invierno,8,10.737154989384289,471
251,invierno,9,10.906829787234043,470
251,invierno,10,13.21247311827957,465
251,invierno,11,12.26865671641791,469
251,invierno,12,9.445460385438972,467
251,invierno,13,8.17542735042735,468
251,invierno,14,8.338513800424629,471
251,invierno,15,8.160063829787234,470
251,invierno,16,8.823283582089552,469
251,invierno,17,8.913931623931624,468
251,invierno,18,10.03198717948718,468
251,invierno,19,11.906055437100212,469
251,invierno,20,11.961641791044777,469
251,invierno,21,12.315373134328357,469
251,invierno,22,11.860597014925373,469
251,invierno,23,11.88968085106383,470
251,otoño,0,16.913839285714285,448
251,otoño,1,15.812629213483145,445
251,otoño,2,14.248635346756153,447
251,otoño,3,13.545245535714287,448
251,otoño,4,13.654742729306488,447
251,otoño,5,15.156532438478747,447
251,otoño,6,17.213946188340806,446
251,otoño,7,17.9882774049217,447
251,otoño,8,17.381322869955156,446
251,otoño,9,17.223541202672607,449
251,otoño,10,18.160244988864143,449
251,otoño,11,15.986748878923768,446
251,otoño,12,13.742651685393257,445
251,otoño,13,9.767360178970918,447
251,otoño,14,8.229318181818183,440
251,otoño,15,7.87777027027027,444
251,otoño,16,7.498707482993197,441
251,otoño,17,8.69406392694064,438
251,otoño,18,10.69032183908046,435
251,otoño,19,13.444827586206896,435
251,otoño,20,16.266605922551253,439
251,otoño,21,18.61160997732426,441
251,otoño,22,18.93701986754967,453
251,otoño,23,18.131804008908688,449
251,primavera,0,9.961494505494505,455
251,primavera,1,8.99453744493392,454
251,primavera,2,8.277516483516484,455
251,primavera,3,7.941453744493392,454
251,primavera,4,8.572781456953642,453
251,primavera,5,9.873333333333333,453
251,primavera,6,12.078101545253864,453
251,primavera,7,12.412926829268292,451
251,primavera,8,12.105575221238938,452
251,primavera,9,11.048539823008849,452
251,primavera,10,8.662860310421285,451
251,primavera,11,7.811393805309734,452
251,primavera,12,7.265398230088496,452
251,primavera,13,7.371814159292035,452
251,primavera,14,7.2946357615894035,453
251,primavera,15,7.177174392935983,453
251,primavera,16,5.8158552631578955,456
251,primavera,17,7.277863436123348,454
251,primavera,18,6.761604395604396,455
251,primavera,19,7.230220750551877,453
251,primavera,20,8.884115044247787,452
251,primavera,21,11.150087719298245,456
251,primavera,22,12.560243362831857,452
251,primavera,23,11.707052401746724,458
251,verano,0,14.580589519650655,458
251,verano,1,14.637401746724892,458
251,verano,2,14.041885964912282,456
251,verano,3,13.470087336244541,458
251,verano,4,13.277846153846154,455
251,verano,5,14.115594713656387,454
251,verano,6,15.134583333333333,456
251,verano,7,16.38628260869565,460
251,verano,8,16.9099128540305,459
251,verano,9,15.726928104575164,459
251,verano,10,12.18936956521739,460
251,verano,11,9.97273127753304,454
251,verano,12,8.412703296703297,455
251,verano,13,7.551969365426696,457
251,verano,14,7.84352422907489,454
251,verano,15,6.236666666666666,453
251,verano,16,6.658951965065502,458
251,verano,17,6.958637362637362,455
251,verano,18,5.608187772925764,458
251,verano,19,7.210695652173913,460
251,verano,20,8.44491304347826,460
251,verano,21,11.523179824561403,456
251,verano,22,13.851839826839827,462
251,verano,23,14.88,461
309,invierno,0,4.22108193707354,1319
309,invierno,1,4.195922466338881,1322
309,invierno,2,4.2849912791666664,1320
309,invierno,3,4.259254474186223,1321
309,invierno,4,4.300625255849057,1325
309,invierno,5,4.403303641132076,1325
309,invierno,6,4.768117991291291,1332
309,invierno,7,4.982547014617691,1334
309,invierno,8,4.859359415158371,1326
309,invierno,9,4.854005681506849,1314
309,invierno,10,4.96327400957121,1306
309,invierno,11,5.066582833333333,1305
309,invierno,12,4.914635460806697,1314
309,invierno,13,4.553808225781846,1311
309,invierno,14,4.379557328615149,1307
309,invierno,15,4.120911555851063,1316
309,invierno,16,4.33558252159091,1320
309,invierno,17,5.254701846501129,1329
309,invierno,18,5.644670371987952,1328
309,invierno,19,5.416094461567445,1327
309,invierno,20,5.3269598255463455,1327
309,invierno,21,5.1876340794427716,1328
309,invierno,22,4.827967298796993,1330
309,invierno,23,4.482080612321563,1331
309,otoño,0,3.5924438911764702,1326
309,otoño,1,3.6720818064807834,1327
309,otoño,2,3.7444387253574116,1329
309,otoño,3,3.7458851200301204,1328
309,otoño,4,3.691121703689759,1328
309,otoño,5,3.837835721719457,1326
309,otoño,6,4.286741329305136,1324
309,otoño,7,4.343105476190476,1323
309,otoño,8,4.17953737756654,1315
309,otoño,9,4.194885915331808,1311
309,otoño,10,4.403002184973302,1311
309,otoño,11,4.715839130168453,1306
309,otoño,12,4.4399416201224176,1307
309,otoño,13,4.2993684543031225,1313
309,otoño,14,3.9507260061396776,1303
309,otoño,15,3.7042542746960483,1316
309,otoño,16,3.427211777929985,1314
309,otoño,17,3.565796899923954,1315
309,otoño,18,3.989845644604863,1316
309,otoño,19,4.195774703857792,1322
309,otoño,20,4.497612405191874,1329
309,otoño,21,4.3731756066314995,1327
309,otoño,22,4.1591660504138455,1329
309,otoño,23,3.837672499698341,1326
309,primavera,0,4.842014000775795,1289
309,primavera,1,4.80702841989122,1287
309,primavera,2,4.856546209875583,1286
309,primavera,3,4.965782654173167,1282
309,primavera,4,4.954936657531056,1288
309,primavera,5,5.048558102088167,1293
309,primavera,6,5.317351071759259,1296
309,primavera,7,5.158257264219475,1294
309,primavera,8,5.145230427237354,1285
309,primavera,9,5.329606063843137,1275
309,primavera,10,5.464957578926598,1267
309,primavera,11,5.444997977653631,1253
309,primavera,12,5.1849963232484075,1256
309,primavera,13,4.778261915267786,1251
309,primavera,14,4.664369968433735,1245
309,primavera,15,4.226116679676114,1235
309,primavera,16,4.051499307429719,1245
309,primavera,17,4.174013216242039,1256
309,primavera,18,4.564523062862745,1275
309,primavera,19,5.146395906093749,1280
309,primavera,20,5.599316459828393,1282
309,primavera,21,5.596339567688131,1289
309,primavera,22,5.342851662674962,1286
309,primavera,23,4.945637182165109,1284
309,verano,0,3.5829534691075513,1311
309,verano,1,3.4121658072796937,1305
309,verano,2,3.336865560536398,1305
309,verano,3,3.2667533779648052,1307
309,verano,4,3.219593097542243,1302
309,verano,5,3.3836207835877863,1310
309,verano,6,3.6125065804597702,1305
309,verano,7,3.582185774555298,1293
309,verano,8,3.388857327830189,1272
309,verano,9,3.2909441859177213,1264
309,verano,10,3.531961911787975,1264
309,verano,11,3.6514820988123513,1263
309,verano,12,3.5181326167854317,1263
309,verano,13,3.3525573196656056,1256
309,verano,14,2.7824406290836654,1255
309,verano,15,2.402040063555913,1243
309,verano,16,2.247149071544058,1237
309,verano,17,2.1176911255233493,1242
309,verano,18,2.169110415348101,1264
309,verano,19,2.4402688107835533,1289
309,verano,20,3.060645176201373,1311
309,verano,21,3.679292854669704,1317
309,verano,22,4.046757448824867,1319
309,verano,23,3.798652312215478,1318
310,invierno,0,7.893993713273676,1341
310,invierno,1,7.613086534798808,1342
310,invierno,2,7.562450770373134,1340
310,invierno,3,7.504880312127976,1344
310,invierno,4,7.549597679836309,1344
310,invierno,5,8.255582503937593,1346
310,invierno,6,9.778376296735905,1348
310,invierno,7,9.656075762010348,1353
310,invierno,8,8.635479975353686,1343
310,invierno,9,7.813503477034221,1315
310,invierno,10,7.733673016679418,1307
310,invierno,11,7.807958112128146,1311
310,invierno,12,7.229630873515982,1314
310,invierno,13,6.857327644318181,1320
310,invierno,14,6.759763856548069,1321
310,invierno,15,6.656608883383686,1324
310,invierno,16,7.042883192702904,1343
310,invierno,17,8.472183638455828,1347
310,invierno,18,9.568810738678545,1347
310,invierno,19,10.03873963043801,1347
310,invierno,20,10.389190071015566,1349
310,invierno,21,10.105400209043736,1349
310,invierno,22,9.622645502220578,1351
310,invierno,23,8.792227388558693,1346
310,otoño,0,6.139241355435621,1297
310,otoño,1,5.91534153770239,1297
310,otoño,2,5.891145825731895,1298
310,otoño,3,5.683495652036894,1301
310,otoño,4,5.897613271714066,1301
310,otoño,5,6.864189853348731,1299
310,otoño,6,8.279824103384616,1300
310,otoño,7,7.538577785,1300
310,otoño,8,6.222334041795666,1292
310,otoño,9,5.976184485926505,1279
310,otoño,10,5.759775988950276,1267
310,otoño,11,5.932095992009494,1264
310,otoño,12,5.84961526637727,1267
310,otoño,13,5.968322331102362,1270
310,otoño,14,5.855244697100313,1276
310,otoño,15,5.584206238858483,1279
310,otoño,16,5.574214565758755,1285
310,otoño,17,6.093824898219814,1292
310,otoño,18,6.852238194984568,1296
310,otoño,19,7.499867481481482,1296
310,otoño,20,7.7695856874034,1294
310,otoño,21,7.796409247108713,1297
310,otoño,22,7.276366014252696,1298
310,otoño,23,6.736120367000772,1297
310,primavera,0,6.339304910054989,1273
310,primavera,1,6.201637541416139,1264
310,primavera,2,6.228904784098101,1264
310,primavera,3,6.22122841554854,1267
310,primavera,4,6.54573902822327,1272
310,primavera,5,7.411775772074883,1282
310,primavera,6,7.531959960255419,1292
310,primavera,7,6.515997245807211,1276
310,primavera,8,5.884064246867566,1261
310,primavera,9,5.938171296882494,1251
310,primavera,10,6.081171043844321,1259
310,primavera,11,6.325956685770751,1265
310,primavera,12,6.090026971077655,1262
310,primavera,13,6.156101486302983,1274
310,primavera,14,6.030297716757599,1283
310,primavera,15,5.93667085460883,1291
310,primavera,16,5.879980947560031,1291
310,primavera,17,5.9769501485714285,1295
310,primavera,18,6.338892355564142,1294
310,primavera,19,6.8513723454475315,1296
310,primavera,20,7.26804390034749,1295
310,primavera,21,7.251952973374613,1292
310,primavera,22,6.8905503989843755,1280
310,primavera,23,6.610416657919623,1269
310,verano,0,5.257587732051282,1248
310,verano,1,4.963724293473006,1241
310,verano,2,4.893509976167472,1242
310,verano,3,4.827721849437751,1245
310,verano,4,4.977855773531778,1243
310,verano,5,5.791110310763052,1245
310,verano,6,5.934363992430279,1255
310,verano,7,5.153790881891026,1248
310,verano,8,4.932178766639741,1238
310,verano,9,4.778814841545307,1236
310,verano,10,4.992651674839486,1246
310,verano,11,5.504984699360511,1251
310,verano,12,5.681455278052674,1253
310,verano,13,5.642263813015873,1260
310,verano,14,5.661125275849803,1265
310,verano,15,5.528346272827804,1266
310,verano,16,5.460353135669291,1270
310,verano,17,5.231411707344854,1273
310,verano,18,5.018022740331491,1267
310,verano,19,4.896080653927729,1273
310,verano,20,5.313519098740158,1270
310,verano,21,5.84902215722135,1274
310,verano,22,6.1777419801901745,1262
310,verano,23,5.7480429968127495,1255
503,invierno,0,8.96356908496732,1530
503,invierno,1,8.252242123939986,1533
503,invierno,2,7.7860353813892536,1526
503,invierno,3,7.512722756065574,1525
503,invierno,4,7.2964513108638736,1528
503,invierno,5,7.457433055737705,1525
503,invierno,6,8.403075424281983,1532
503,invierno,7,9.367361451929366,1529
503,invierno,8,9.544607496697491,1514
503,invierno,9,10.350736106612686,1482
503,invierno,10,11.054594073071717,1478
503,invierno,11,10.705401517379679,1496
503,invierno,12,10.029758259136212,1505
503,invierno,13,9.688724990825689,1526
503,invierno,14,9.549718654618474,1494
503,invierno,15,9.911200828282828,1485
503,invierno,16,11.453544620962425,1517
503,invierno,17,13.583648802083333,1536
503,invierno,18,13.88791457142857,1540
503,invierno,19,13.432163198959689,1538
503,invierno,20,12.739045270006507,1537
503,invierno,21,11.702276212516297,1534
503,invierno,22,10.597554743005855,1537
503,invierno,23,9.751308683181225,1534
503,otoño,0,8.863591037371133,1552
503,otoño,1,8.395764883720929,1548
503,otoño,2,8.053397224015493,1549
503,otoño,3,7.840607102199224,1546
503,otoño,4,7.715564748062015,1548
503,otoño,5,8.061445152300712,1543
503,otoño,6,8.827039903100776,1548
503,otoño,7,9.333512099087354,1534
503,otoño,8,9.919865079155674,1516
503,otoño,9,10.13862435250836,1495
503,otoño,10,9.527257249666222,1498
503,otoño,11,8.809389322259136,1505
503,otoño,12,8.55125885019711,1522
503,otoño,13,8.596895988063661,1508
503,otoño,14,8.673515200398143,1507
503,otoño,15,8.89691483509235,1516
503,otoño,16,9.840241454899417,1541
503,otoño,17,10.861981104651163,1548
503,otoño,18,11.10909609032258,1550
503,otoño,19,10.875461079508726,1547
503,otoño,20,10.576828766149871,1548
503,otoño,21,10.291913627577319,1552
503,otoño,22,9.840497543520309,1551
503,otoño,23,9.441373820876288,1552
503,primavera,0,7.767760399481193,1542
503,primavera,1,7.350109720207254,1544
503,primavera,2,6.931736780804151,1542
503,primavera,3,6.579797389896373,1544
503,primavera,4,6.5925698771022,1546
503,primavera,5,7.092749894634777,1547
503,primavera,6,7.671276884590587,1551
503,primavera,7,8.286081504240052,1533
503,primavera,8,8.725656011363636,1496
503,primavera,9,8.257844775619558,1493
503,primavera,10,7.59453830091214,1491
503,primavera,11,7.227224409030544,1506
503,primavera,12,7.262160230718523,1517
503,primavera,13,7.184438649099399,1499
503,primavera,14,7.068895255735492,1482
503,primavera,15,7.313866620462046,1515
503,primavera,16,7.644922930899609,1534
503,primavera,17,8.21014111132686,1545
503,primavera,18,9.222117335492229,1544
503,primavera,19,9.545452517799353,1545
503,primavera,20,9.101723822121604,1546
503,primavera,21,8.767934384964356,1543
503,primavera,22,8.487515398184177,1542
503,primavera,23,8.180337447112265,1541
503,verano,0,8.091227642480211,1516
503,verano,1,7.746971605940594,1515
503,verano,2,7.240627000660066,1515
503,verano,3,6.925187939933994,1515
503,verano,4,6.805526868073219,1516
503,verano,5,7.027271584980237,1518
503,verano,6,7.300276883245383,1516
503,verano,7,7.469663825333333,1500
503,verano,8,7.055543102442333,1474
503,verano,9,6.51946822862958,1474
503,verano,10,6.37862238424983,1473
503,verano,11,6.550320091216216,1480
503,verano,12,6.838491760214334,1493
503,verano,13,7.011840497319034,1492
503,verano,14,7.095433309165527,1462
503,verano,15,7.132887813377926,1495
503,verano,16,7.41179263053536,1513
503,verano,17,7.845456646942801,1521
503,verano,18,8.64085252790545,1523
503,verano,19,9.132022685977617,1519
503,verano,20,9.106099960604071,1523
503,verano,21,8.828661723097113,1524
503,verano,22,8.732472805646749,1523
503,verano,23,8.54252064418146,1521
504,invierno,0,6.7088095703125,1536
504,invierno,1,6.572089694970608,1531
504,invierno,2,6.485997562745098,1530
504,invierno,3,6.437672497710922,1529
504,invierno,4,6.415515170811519,1528
504,invierno,5,6.379562395819725,1531
504,invierno,6,6.542212729765013,1532
504,invierno,7,6.365038623606558,1525
504,invierno,8,6.2898797090788605,1509
504,invierno,9,7.946902584478021,1456
504,invierno,10,9.84183930631868,1456
504,invierno,11,10.254159829644534,1491
504,invierno,12,9.34479683877415,1501
504,invierno,13,8.533495,1515
504,invierno,14,7.852760866313699,1511
504,invierno,15,7.301379376079734,1505
504,invierno,16,6.7520955352669745,1517
504,invierno,17,6.711952873608382,1527
504,invierno,18,7.175197146500982,1529
504,invierno,19,7.63130422987013,1540
504,invierno,20,7.51354492083063,1541
504,invierno,21,7.407765171763176,1537
504,invierno,22,7.153425616036506,1534
504,invierno,23,6.899533985035784,1537
504,otoño,0,6.533601120723047,1549
504,otoño,1,6.426405498381877,1545
504,otoño,2,6.419006626131954,1546
504,otoño,3,6.433830868131868,1547
504,otoño,4,6.477516828921885,1549
504,otoño,5,6.6300320890897355,1549
504,otoño,6,6.655736930232558,1548
504,otoño,7,6.49198528534371,1542
504,otoño,8,7.5713649290020095,1493
504,otoño,9,9.569152921232877,1460
504,otoño,10,10.116738859649123,1482
504,otoño,11,9.298409686706746,1497
504,otoño,12,8.196206279131008,1519
504,otoño,13,7.2682021945731305,1511
504,otoño,14,6.7046638750000005,1512
504,otoño,15,6.37430582333553,1517
504,otoño,16,6.324184145098039,1530
504,otoño,17,6.243330265279584,1538
504,otoño,18,6.110223617970265,1547
504,otoño,19,6.184460279535184,1549
504,otoño,20,6.393349680645162,1550
504,otoño,21,6.620051040051679,1548
504,otoño,22,6.536658391472868,1548
504,otoño,23,6.554255172258064,1550
504,primavera,0,5.577394806367772,1539
504,primavera,1,5.465377045454545,1540
504,primavera,2,5.4167755652173915,1541
504,primavera,3,5.35094883463035,1542
504,primavera,4,5.290335486714193,1543
504,primavera,5,5.285280001941747,1545
504,primavera,6,5.4736892845106935,1543
504,primavera,7,6.595869525867715,1527
504,primavera,8,8.200311898570456,1469
504,primavera,9,8.421953317106151,1479
504,primavera,10,7.394389657258064,1488
504,primavera,11,6.210436975919733,1495
504,primavera,12,5.515319875329816,1516
504,primavera,13,5.014178069379587,1499
504,primavera,14,4.674372501670007,1497
504,primavera,15,4.723535139749505,1517
504,primavera,16,4.923922142670158,1528
504,primavera,17,5.00542624755062,1531
504,primavera,18,5.212308926988266,1534
504,primavera,19,5.332181528914879,1539
504,primavera,20,5.660803172839506,1539
504,primavera,21,5.713014935756002,1541
504,primavera,22,5.74105053151397,1539
504,primavera,23,5.710802484080571,1539
504,verano,0,5.828029783978989,1523
504,verano,1,5.712051614323259,1522
504,verano,2,5.435666097704918,1525
504,verano,3,5.2436750174770035,1522
504,verano,4,5.109458381389253,1526
504,verano,5,4.907958725174228,1521
504,verano,6,4.854753491124261,1521
504,verano,7,5.513653356100795,1508
504,verano,8,6.678506108321964,1466
504,verano,9,6.765440865887208,1454
504,verano,10,6.131572931667792,1481
504,verano,11,5.456930221998658,1491
504,verano,12,4.748528942307693,1508
504,verano,13,4.31719107436919,1506
504,verano,14,4.0847641724,1500
504,verano,15,4.251265229310345,1508
504,verano,16,4.486747705478548,1515
504,verano,17,4.608762851021753,1517
504,verano,18,4.767473371899737,1516
504,verano,19,4.52220815942029,1518
504,verano,20,4.7348795103947365,1520
504,verano,21,5.013367448253131,1517
504,verano,22,5.500770047493403,1516
504,verano,23,5.74825010118421,1520
505,invierno,0,6.458027504810776,1559
505,invierno,1,6.0458331772482365,1559
505,invierno,2,5.773824350211538,1560
505,invierno,3,5.678108620910841,1559
505,invierno,4,5.817780673444515,1559
505,invierno,5,6.224440398973702,1559
505,invierno,6,7.390307477535302,1558
505,invierno,7,8.366619575016097,1553
505,invierno,8,9.0421747977965,1543
505,invierno,9,8.496500171696848,1491
505,invierno,10,8.084950013495277,1482
505,invierno,11,8.369565662018593,1506
505,invierno,12,8.903142387033398,1527
505,invierno,13,9.050550251948051,1540
505,invierno,14,9.028546863427446,1523
505,invierno,15,9.257673994708995,1512
505,invierno,16,10.690706464052287,1530
505,invierno,17,12.362288277419355,1550
505,invierno,18,11.340909955012854,1556
505,invierno,19,10.33279185686778,1558
505,invierno,20,9.451427554557124,1558
505,invierno,21,8.56776506743738,1557
505,invierno,22,7.721599563543004,1558
505,invierno,23,6.977483549141025,1560
505,otoño,0,6.512966047711154,1551
505,otoño,1,6.125283717783505,1552
505,otoño,2,5.889160406451613,1550
505,otoño,3,5.791227161290323,1550
505,otoño,4,5.985319851612903,1550
505,otoño,5,6.7639865287653524,1547
505,otoño,6,7.7693997663854635,1541
505,otoño,7,8.378410408560311,1542
505,otoño,8,8.283673414795246,1514
505,otoño,9,7.811795188933874,1482
505,otoño,10,7.775026940700808,1484
505,otoño,11,7.922119201725282,1507
505,otoño,12,7.952312475312706,1519
505,otoño,13,8.069812398160316,1522
505,otoño,14,8.053941687210072,1509
505,otoño,15,8.332684724047306,1522
505,otoño,16,9.139899228775112,1543
505,otoño,17,10.468500187096774,1550
505,otoño,18,10.393768517085752,1551
505,otoño,19,9.961165296010297,1554
505,otoño,20,9.3382474002574,1554
505,otoño,21,8.529873019961364,1553
505,otoño,22,7.721910354381444,1552
505,otoño,23,7.069809536082474,1552
505,primavera,0,5.886241306597671,1546
505,primavera,1,5.549678046571798,1546
505,primavera,2,5.364290783171521,1545
505,primavera,3,5.331145569210866,1546
505,primavera,4,5.631290303225807,1550
505,primavera,5,6.67748295483871,1550
505,primavera,6,7.379149567462879,1549
505,primavera,7,7.226811745098039,1530
505,primavera,8,6.923166288590604,1490
505,primavera,9,7.199985452091768,1482
505,primavera,10,7.3362338660477455,1508
505,primavera,11,7.327522388157894,1520
505,primavera,12,7.1647790998043055,1533
505,primavera,13,7.130085209973753,1524
505,primavera,14,6.976520601722996,1509
505,primavera,15,7.185347660550458,1526
505,primavera,16,7.594505549019607,1530
505,primavera,17,8.498395712435233,1544
505,primavera,18,9.388807782805431,1547
505,primavera,19,8.848398979328167,1548
505,primavera,20,8.255395009696185,1547
505,primavera,21,7.549372141009056,1546
505,primavera,22,6.831640446601942,1545
505,primavera,23,6.30548810355987,1545
505,verano,0,6.163613486842105,1520
505,verano,1,5.768519005270091,1518
505,verano,2,5.487875190789474,1520
505,verano,3,5.341131240971766,1523
505,verano,4,5.396606517739817,1522
505,verano,5,6.058137077024358,1519
505,verano,6,6.399405982849605,1516
505,verano,7,5.984684193762441,1507
505,verano,8,5.664379610655739,1464
505,verano,9,5.648026090225564,1463
505,verano,10,5.66606249012934,1469
505,verano,11,5.544268102288021,1486
505,verano,12,5.681092714570858,1503
505,verano,13,5.698133544583055,1499
505,verano,14,5.954839582772544,1486
505,verano,15,6.242686671114075,1499
505,verano,16,6.597374411375662,1512
505,verano,17,7.415435800922873,1517
505,verano,18,8.276354546649145,1522
505,verano,19,8.203372282894737,1520
505,verano,20,7.956068032894737,1520
505,verano,21,7.5748947797501645,1521
505,verano,22,7.1036023076923085,1521
505,verano,23,6.619365749999999,1520
509,invierno,0,11.99737997529775,2267
509,invierno,1,11.5760021992067,2269
509,invierno,2,11.218835369421122,2263
509,invierno,3,11.003334706843267,2265
509,invierno,4,11.086840646954986,2266
509,invierno,5,11.677812066225167,2265
509,invierno,6,12.63120921790913,2267
509,invierno,7,12.741932769536424,2265
509,invierno,8,12.607222988594787,2263
509,invierno,9,12.547240921029282,2254
509,invierno,10,12.111596399639964,2222
509,invierno,11,11.223470165252344,2239
509,invierno,12,10.16137508874944,2231
509,invierno,13,9.421148502250224,2222
509,invierno,14,9.403344909008602,2209
509,invierno,15,10.166173922766053,2227
509,invierno,16,12.502323875389408,2247
509,invierno,17,15.218281280616738,2270
509,invierno,18,16.268052176574194,2271
509,invierno,19,16.166198283450704,2272
509,invierno,20,15.559858499780026,2273
509,invierno,21,14.453416905726872,2270
509,invierno,22,13.353734602112675,2272
509,invierno,23,12.434279044973545,2268
509,otoño,0,11.148451814065934,2275
509,otoño,1,10.895076716798593,2274
509,otoño,2,10.823886974438079,2269
509,otoño,3,10.691505488331131,2271
509,otoño,4,10.943851858465608,2268
509,otoño,5,11.77171192,2275
509,otoño,6,12.36576400177305,2256
509,otoño,7,12.222908777679363,2258
509,otoño,8,11.66735283643617,2256
509,otoño,9,10.802716162477559,2228
509,otoño,10,9.422925682718272,2222
509,otoño,11,8.28480130357143,2240
509,otoño,12,7.367054034349776,2230
509,otoño,13,6.640464319301389,2233
509,otoño,14,6.600680419703104,2223
509,otoño,15,7.011364986493739,2236
509,otoño,16,8.614683060070671,2264
509,otoño,17,10.92505289543058,2276
509,otoño,18,12.070770793239683,2278
509,otoño,19,12.532431676328502,2277
509,otoño,20,12.855064566153846,2275
509,otoño,21,12.388445483304043,2276
509,otoño,22,11.869912491428572,2275
509,otoño,23,11.432417055360283,2276
509,primavera,0,8.839668880864766,2174
509,primavera,1,8.543154055223194,2173
509,primavera,2,8.52761184774609,2174
509,primavera,3,8.735230970142398,2177
509,primavera,4,9.490873485307622,2178
509,primavera,5,10.99003465396971,2179
509,primavera,6,11.367447379421222,2177
509,primavera,7,10.510597982957163,2171
509,primavera,8,9.263772475150953,2153
509,primavera,9,8.038132618035883,2118
509,primavera,10,7.071270885460495,2139
509,primavera,11,6.328852585707613,2141
509,primavera,12,5.686770043356643,2145
509,primavera,13,5.313558712751051,2141
509,primavera,14,5.361690808789153,2139
509,primavera,15,5.8832838295507175,2159
509,primavera,16,6.874989983095348,2171
509,primavera,17,8.44630445891544,2176
509,primavera,18,9.783542985773291,2179
509,primavera,19,10.321039448829739,2179
509,primavera,20,10.505117504359799,2179
509,primavera,21,10.233002164981617,2176
509,primavera,22,9.64439258563536,2172
509,primavera,23,9.148239238599723,2171
509,verano,0,7.476828763653052,2179
509,verano,1,7.462019140101056,2177
509,verano,2,7.531771427719137,2179
509,verano,3,7.7238140142267095,2179
509,verano,4,8.285359691601652,2179
509,verano,5,9.026746897753325,2181
509,verano,6,8.858762646626893,2179
509,verano,7,7.831102141214351,2174
509,verano,8,6.675977980912476,2148
509,verano,9,5.762153773049645,2115
509,verano,10,5.012755161971831,2130
509,verano,11,4.4947868503050215,2131
509,verano,12,4.006380204502815,2132
509,verano,13,3.751888318758815,2127
509,verano,14,3.7518709620431117,2134
509,verano,15,3.9952751423933206,2156
509,verano,16,4.449599332718043,2167
509,verano,17,5.154152972910928,2178
509,verano,18,6.391151706959707,2184
509,verano,19,7.483433650757228,2179
509,verano,20,7.8109323434343425,2178
509,verano,21,7.84354006932966,2178
509,verano,22,7.882905249310027,2174
509,verano,23,7.6429081847776255,2181
513,invierno,0,10.70845812874528,2383
513,invierno,1,9.892316629548445,2281
513,invierno,2,9.804451388667552,2259
513,invierno,3,9.589533010642828,2349
513,invierno,4,10.448868272757753,2386
513,invierno,5,11.692418764533668,2391
513,invierno,6,12.80511966374269,2394
513,invierno,7,13.637152469924812,2394
513,invierno,8,13.598798647083507,2383
513,invierno,9,13.192357761061947,2373
513,invierno,10,12.443368271923891,2365
513,invierno,11,11.55342950093181,2361
513,invierno,12,10.813577994399662,2357
513,invierno,13,10.300218816123571,2363
513,invierno,14,10.424948949004659,2361
513,invierno,15,11.992103004180743,2368
513,invierno,16,15.45847441736931,2372
513,invierno,17,18.30614972559698,2387
513,invierno,18,19.146409874216463,2393
513,invierno,19,18.001741238075315,2390
513,invierno,20,15.964135410535118,2392
513,invierno,21,14.139895223578597,2392
513,invierno,22,12.662874532163743,2394
513,invierno,23,11.633129472392124,2387
513,otoño,0,9.533226293195876,2425
513,otoño,1,8.765179095996556,2323
513,otoño,2,8.84956109211329,2295
513,otoño,3,8.93158044639433,2399
513,otoño,4,9.779606605371901,2420
513,otoño,5,10.771989030103093,2425
513,otoño,6,11.60046914037985,2422
513,otoño,7,12.10517826531457,2416
513,otoño,8,11.916183155990016,2404
513,otoño,9,11.326650557470785,2396
513,otoño,10,10.199529026828452,2390
513,otoño,11,8.843269408214585,2386
513,otoño,12,7.832586516958159,2390
513,otoño,13,6.965485093527441,2387
513,otoño,14,6.6541471910878665,2390
513,otoño,15,7.33764534508962,2399
513,otoño,16,9.459783653338864,2411
513,otoño,17,11.76010964543577,2421
513,otoño,18,13.379158233062654,2426
513,otoño,19,14.045214665706052,2429
513,otoño,20,13.536582850144093,2429
513,otoño,21,12.553197041491554,2427
513,otoño,22,11.35322642710396,2424
513,otoño,23,10.336001306265459,2426
513,primavera,0,7.641178488468234,2298
513,primavera,1,7.116435903914623,2202
513,primavera,2,7.178700274209324,2188
513,primavera,3,7.677478733844806,2281
513,primavera,4,8.82064104553687,2319
513,primavera,5,9.901786299439413,2319
513,primavera,6,10.442046352877542,2311
513,primavera,7,9.640184227479322,2297
513,primavera,8,8.54767451763422,2291
513,primavera,9,7.247169349452955,2285
513,primavera,10,6.162451131093544,2277
513,primavera,11,5.293195095830031,2271
513,primavera,12,4.772634730823426,2271
513,primavera,13,4.556130604027288,2272
513,primavera,14,4.289680105134066,2275
513,primavera,15,4.473968158010517,2282
513,primavera,16,5.343152630870136,2287
513,primavera,17,6.853559803350739,2298
513,primavera,18,8.428102336525129,2308
513,primavera,19,9.707092536655113,2308
513,primavera,20,10.209833880355594,2306
513,primavera,21,9.972322917463076,2302
513,primavera,22,9.249048111580322,2297
513,primavera,23,8.28011003339138,2297
513,verano,0,6.714611430616826,2294
513,verano,1,6.31326056238698,2212
513,verano,2,6.400120710795974,2186
513,verano,3,6.736511833685601,2271
513,verano,4,7.340211845189378,2297
513,verano,5,7.73285356402439,2296
513,verano,6,7.887394640768223,2291
513,verano,7,7.702530882440739,2278
513,verano,8,7.179079104747252,2275
513,verano,9,6.057480995194004,2268
513,verano,10,5.042055068874172,2265
513,verano,11,4.125621726237842,2262
513,verano,12,3.5630660318978427,2271
513,verano,13,3.213351712345133,2260
513,verano,14,3.0400881755265723,2258
513,verano,15,3.0371383552256637,2260
513,verano,16,3.1363890128296656,2272
513,verano,17,3.7392715402188186,2285
513,verano,18,4.835424274166304,2297
513,verano,19,5.850228727316225,2299
513,verano,20,6.652116738033072,2298
513,verano,21,7.192162556377884,2297
513,verano,22,7.306345055371901,2299
513,verano,23,7.080407496568073,2299
514,invierno,0,5.766267848973717,2397
514,invierno,1,5.621641535444113,2353
514,invierno,2,5.2381390632042555,2350
514,invierno,3,5.238092051703898,2283
514,invierno,4,5.623077005818182,2365
514,invierno,5,6.616359657716436,2391
514,invierno,6,7.397842918053245,2404
514,invierno,7,8.491842541024573,2401
514,invierno,8,9.751565407624632,2387
514,invierno,9,10.385483829886981,2389
514,invierno,10,10.205757611368421,2375
514,invierno,11,9.697045563474576,2360
514,invierno,12,9.08904870113876,2371
514,invierno,13,8.796660918097684,2375
514,invierno,14,8.866658260075885,2372
514,invierno,15,10.047271300962747,2389
514,invierno,16,12.038372244991653,2396
514,invierno,17,12.54725012160468,2393
514,invierno,18,11.38365152072259,2408
514,invierno,19,10.074624976328904,2408
514,invierno,20,8.815420215272576,2403
514,invierno,21,7.660705866362126,2408
514,invierno,22,6.782937460241466,2402
514,invierno,23,6.172411207496445,2391
514,otoño,0,5.201876118985386,2395
514,otoño,1,5.0648552515771526,2346
514,otoño,2,4.774891913916774,2331
514,otoño,3,4.949673829496277,2283
514,otoño,4,5.6361561596446705,2364
514,otoño,5,6.3374110275188285,2390
514,otoño,6,7.078788784872545,2393
514,otoño,7,8.153658442988698,2389
514,otoño,8,9.0465724631113,2372
514,otoño,9,9.513309722123894,2373
514,otoño,10,9.148031300716998,2371
514,otoño,11,8.449945905280947,2367
514,otoño,12,7.730182636294738,2375
514,otoño,13,7.341771329246633,2376
514,otoño,14,7.398564414122645,2389
514,otoño,15,7.480741709117524,2391
514,otoño,16,8.689273796697323,2392
514,otoño,17,9.952813096290122,2399
514,otoño,18,9.951032005045871,2398
514,otoño,19,9.358475227851791,2402
514,otoño,20,8.101707469225323,2401
514,otoño,21,6.929558165930862,2401
514,otoño,22,6.0484563910796165,2399
514,otoño,23,5.583709985314977,2397
514,primavera,0,3.4942861267108167,2265
514,primavera,1,3.431132510216119,2221
514,primavera,2,3.4706636227088037,2215
514,primavera,3,3.745570284545878,2147
514,primavera,4,4.714395115502478,2219
514,primavera,5,5.166382716615249,2269
514,primavera,6,5.9664334531539485,2267
514,primavera,7,6.398335549823009,2260
514,primavera,8,6.637201354194407,2253
514,primavera,9,6.388471519554566,2245
514,primavera,10,5.687280812913141,2245
514,primavera,11,5.19698972731729,2244
514,primavera,12,5.002004607297417,2246
514,primavera,13,4.6269815072053575,2240
514,primavera,14,4.716541731555556,2250
514,primavera,15,4.759773233486487,2257
514,primavera,16,5.058582289322109,2257
514,primavera,17,5.885882787798408,2262
514,primavera,18,6.604674724107537,2269
514,primavera,19,6.538677281814178,2271
514,primavera,20,5.825964543689534,2274
514,primavera,21,4.853757166710758,2268
514,primavera,22,4.133744040965456,2258
514,primavera,23,3.7119166389995577,2259
514,verano,0,3.9194027624231778,2278
514,verano,1,3.8234174895823974,2227
514,verano,2,3.8370214890872307,2224
514,verano,3,4.0131840100600185,2166
514,verano,4,4.487390241180927,2244
514,verano,5,4.970981999692982,2280
514,verano,6,5.503122102407002,2285
514,verano,7,6.311482345816907,2283
514,verano,8,6.700474693315743,2274
514,verano,9,6.4034312707760535,2255
514,verano,10,5.917712348651885,2255
514,verano,11,5.421801345831495,2267
514,verano,12,5.147760315649868,2262
514,verano,13,4.849463853876107,2260
514,verano,14,4.762437763808681,2258
514,verano,15,4.699152116394167,2263
514,verano,16,4.609622259647577,2270
514,verano,17,4.722927328121159,2278
514,verano,18,5.195705299561019,2278
514,verano,19,5.838191171641791,2278
514,verano,20,5.85055435140105,2284
514,verano,21,5.332053642732049,2284
514,verano,22,4.706982736082384,2282
514,verano,23,4.2046406188459855,2279
515,invierno,0,6.396373291507337,2249
515,invierno,1,6.198662345198721,2189
515,invierno,2,6.233483842097583,2193
515,invierno,3,6.047585927216312,2256
515,invierno,4,6.255286309982409,2274
515,invierno,5,6.8325423471234075,2277
515,invierno,6,7.606284748005261,2281
515,invierno,7,8.377108393045775,2272
515,invierno,8,9.163446361337467,2258
515,invierno,9,9.476742925845196,2248
515,invierno,10,9.126157011964287,2240
515,invierno,11,8.62829628401698,2238
515,invierno,12,7.899558859495536,2240
515,invierno,13,7.69774956726058,2245
515,invierno,14,7.9405606961607145,2240
515,invierno,15,8.889979461482636,2246
515,invierno,16,10.08870314172949,2255
515,invierno,17,10.496383338736749,2264
515,invierno,18,10.292022246815986,2277
515,invierno,19,9.535907004131868,2275
515,invierno,20,8.114326628809838,2277
515,invierno,21,7.1582419915710505,2266
515,invierno,22,6.682141658880564,2269
515,invierno,23,6.450908366387665,2270
515,otoño,0,5.992771322067161,2293
515,otoño,1,6.028269395328859,2235
515,otoño,2,6.120672867296447,2223
515,otoño,3,6.181733852591695,2312
515,otoño,4,6.44064217468844,2327
515,otoño,5,7.051830230613997,2329
515,otoño,6,7.7739490631400345,2328
515,otoño,7,8.803393879553264,2328
515,otoño,8,9.608076227215518,2320
515,otoño,9,9.59988740789154,2305
515,otoño,10,8.911052754395842,2309
515,otoño,11,7.907848099739809,2306
515,otoño,12,6.931086691859252,2302
515,otoño,13,6.176721276930435,2300
515,otoño,14,5.777629616428881,2299
515,otoño,15,6.060575689865217,2300
515,otoño,16,7.088277879047619,2310
515,otoño,17,7.890188066652305,2321
515,otoño,18,8.171208283075602,2328
515,otoño,19,8.061621025987973,2328
515,otoño,20,7.470355185388913,2327
515,otoño,21,6.81425758957795,2322
515,otoño,22,6.3580600375485545,2317
515,otoño,23,6.086943155843036,2319
515,primavera,0,3.620303381430524,2195
515,primavera,1,3.544693471514232,2143
515,primavera,2,3.618827669521153,2151
515,primavera,3,3.855997891395664,2214
515,primavera,4,4.3091212473306415,2229
515,primavera,5,4.983625203136201,2232
515,primavera,6,5.605736941737573,2233
515,primavera,7,6.094615615371454,2221
515,primavera,8,5.717951000203344,2213
515,primavera,9,5.192937309601449,2208
515,primavera,10,4.406873980539682,2205
515,primavera,11,3.8342285589633316,2209
515,primavera,12,3.25745476217352,2213
515,primavera,13,2.89639884567299,2214
515,primavera,14,2.729245243321234,2204
515,primavera,15,2.945733677093708,2209
515,primavera,16,3.5417720855958317,2207
515,primavera,17,4.348452061452617,2216
515,primavera,18,5.0847208287320145,2224
515,primavera,19,5.20037974589502,2229
515,primavera,20,4.928481053273543,2230
515,primavera,21,4.4589280565031615,2214
515,primavera,22,4.0979039190839694,2227
515,primavera,23,3.6996247714285713,2212
515,verano,0,4.24842258036036,2220
515,verano,1,4.1410628819528,2161
515,verano,2,3.9371014535763726,2167
515,verano,3,4.022380457338709,2232
515,verano,4,4.258426239236574,2253
515,verano,5,4.739860621057308,2251
515,verano,6,5.20146229497331,2248
515,verano,7,5.760244123550401,2242
515,verano,8,5.869804688421993,2237
515,verano,9,5.371455580649351,2233
515,verano,10,4.378733851164569,2224
515,verano,11,3.394978385184187,2226
515,verano,12,2.8639808500179695,2226
515,verano,13,2.486638079856759,2234
515,verano,14,2.3378970877617977,2225
515,verano,15,2.4327468634634366,2229
515,verano,16,2.651790430824844,2238
515,verano,17,3.0797391591834002,2241
515,verano,18,3.859123179250335,2241
515,verano,19,4.764598313989338,2251
515,verano,20,5.187564034666666,2250
515,verano,21,5.094134221019956,2255
515,verano,22,4.786844353098404,2256
515,verano,23,4.427982881737194,2245
529,invierno,0,11.877357056603774,265
529,invierno,1,10.674337961509433,265
529,invierno,2,9.421802796992482,266
529,invierno,3,9.104509330827067,266
529,invierno,4,8.851877894736841,266
529,invierno,5,9.449622030075188,266
529,invierno,6,11.275937744360903,266
529,invierno,7,16.017292481203008,266
529,invierno,8,14.106766044360903,266
529,invierno,9,15.471697320754716,265
529,invierno,10,15.612166311787073,263
529,invierno,11,14.909883041825095,263
529,invierno,12,14.384731297709923,262
529,invierno,13,13.576152384615384,260
529,invierno,14,13.492335463601531,261
529,invierno,15,15.591337597637796,254
529,invierno,16,18.24247061776062,259
529,invierno,17,20.23872105263158,266
529,invierno,18,20.62209715355805,267
529,invierno,19,19.16165394736842,266
529,invierno,20,17.834210225563908,266
529,invierno,21,16.22830128301887,265
529,invierno,22,14.40716879245283,265
529,invierno,23,13.03509357735849,265
529,otoño,0,12.851612028152493,341
529,otoño,1,11.23489602170088,341
529,otoño,2,9.870673480938416,341
529,otoño,3,9.315834565395894,341
529,otoño,4,8.984162560703812,341
529,otoño,5,9.945746691495602,341
529,otoño,6,12.47096633372434,341
529,otoño,7,15.213822662941178,340
529,otoño,8,15.303528658235294,340
529,otoño,9,14.63964375739645,338
529,otoño,10,13.02485085147929,338
529,otoño,11,11.332246862721894,338
529,otoño,12,10.498222922485207,338
529,otoño,13,9.740297288955224,335
529,otoño,14,9.890088442042043,333
529,otoño,15,11.187460632238805,335
529,otoño,16,13.590235780473375,338
529,otoño,17,16.89232940943953,339
529,otoño,18,18.27676441117647,340
529,otoño,19,18.70557126099707,341
529,otoño,20,18.34692019824047,341
529,otoño,21,17.495894035190613,341
529,otoño,22,15.927272316129033,341
529,otoño,23,14.27389942463343,341
529,primavera,0,7.953569867346938,196
529,primavera,1,7.052549986734694,196
529,primavera,2,6.353570391836734,196
529,primavera,3,6.166324974489795,196
529,primavera,4,6.3811212,196
529,primavera,5,8.666324987755102,196
529,primavera,6,12.20050860102041,196
529,primavera,7,12.419998666666666,195
529,primavera,8,9.67460956476684,193
529,primavera,9,7.9046612746113984,193
529,primavera,10,7.162884567010309,194
529,primavera,11,6.629228194871795,195
529,primavera,12,6.415023730569948,193
529,primavera,13,5.8458308125,192
529,primavera,14,5.948689738219896,191
529,primavera,15,6.889060260416667,192
529,primavera,16,8.182810238541666,192
529,primavera,17,9.871427173469387,196
529,primavera,18,11.744896204081632,196
529,primavera,19,12.303059774489796,196
529,primavera,20,12.441835530612245,196
529,primavera,21,11.285202857142856,196
529,primavera,22,10.744668740101524,197
529,primavera,23,9.379080806122449,196
529,verano,0,6.613221775206611,242
529,verano,1,6.02520495785124,242
529,verano,2,5.609463536625514,243
529,verano,3,5.457022700826446,242
529,verano,4,5.276857500826446,242
529,verano,5,6.619750969547325,243
529,verano,6,8.35308424691358,243
529,verano,7,7.547517876033058,242
529,verano,8,6.0016577327800835,241
529,verano,9,4.863068886307054,241
529,verano,10,4.5361330243697475,238
529,verano,11,4.509320533050848,236
529,verano,12,4.277822924686192,239
529,verano,13,4.450831923333333,240
529,verano,14,4.666664993248945,237
529,verano,15,4.934452081512605,238
529,verano,16,5.708711865560166,241
529,verano,17,6.737188048760331,242
529,verano,18,8.202467053497942,243
529,verano,19,9.404936524279835,243
529,verano,20,9.735800977777778,243
529,verano,21,9.226747092181071,243
529,verano,22,8.574072393415637,243
529,verano,23,7.442146840495868,242
532,invierno,0,11.949549689440994,644
532,invierno,1,9.295776397515528,644
532,invierno,2,7.41083850931677,644
532,invierno,3,6.872115085536547,643
532,invierno,4,8.383555900621118,644
532,invierno,5,10.311071428571429,644
532,invierno,6,12.520822981366459,644
532,invierno,7,13.852406832298138,644
532,invierno,8,12.177249999999999,640
532,invierno,9,10.007154088050315,636
532,invierno,10,8.959632000000001,625
532,invierno,11,7.840932069510269,633
532,invierno,12,6.899856,625
532,invierno,13,6.279346092503987,627
532,invierno,14,6.469400630914827,634
532,invierno,15,8.448399366085578,631
532,invierno,16,14.486771159874607,638
532,invierno,17,18.080264385692068,643
532,invierno,18,19.9911007751938,645
532,invierno,19,20.41083850931677,644
532,invierno,20,19.733804347826087,644
532,invierno,21,18.548015503875966,645
532,invierno,22,16.49446511627907,645
532,invierno,23,14.375922480620154,645
532,otoño,0,13.757492211838006,642
532,otoño,1,11.89557632398754,642
532,otoño,2,10.68601246105919,642
532,otoño,3,10.884532710280373,642
532,otoño,4,13.00063862928349,642
532,otoño,5,15.82260124610592,642
532,otoño,6,17.26626168224299,642
532,otoño,7,14.881466458658346,641
532,otoño,8,11.963767660910518,637
532,otoño,9,9.932292993630572,628
532,otoño,10,8.12198051948052,616
532,otoño,11,6.633727714748785,617
532,otoño,12,5.359479674796748,615
532,otoño,13,4.558745980707395,622
532,otoño,14,4.760299684542587,634
532,otoño,15,6.329375000000001,640
532,otoño,16,10.256453125,640
532,otoño,17,14.138489096573208,642
532,otoño,18,15.958956386292835,642
532,otoño,19,17.31134375,640
532,otoño,20,17.804640624999998,640
532,otoño,21,17.83696875,640
532,otoño,22,16.87846875,640
532,otoño,23,15.599063962558501,641
532,primavera,0,8.749753086419753,648
532,primavera,1,7.659259259259259,648
532,primavera,2,7.506682098765432,648
532,primavera,3,8.712268518518519,648
532,primavera,4,10.754876543209877,648
532,primavera,5,12.301975308641977,648
532,primavera,6,10.884497681607419,647
532,primavera,7,8.423235294117648,646
532,primavera,8,6.748913385826772,635
532,primavera,9,5.664652996845426,634
532,primavera,10,4.538274760383387,626
532,primavera,11,3.6927559055118113,635
532,primavera,12,2.9654245283018867,636
532,primavera,13,2.6857433489827858,639
532,primavera,14,2.8177847113884558,641
532,primavera,15,3.5108878504672894,642
532,primavera,16,4.719071207430341,646
532,primavera,17,7.31758887171561,647
532,primavera,18,8.476527777777777,648
532,primavera,19,8.702361111111111,648
532,primavera,20,9.645115919629058,647
532,primavera,21,10.185665634674923,646
532,primavera,22,10.451978361669243,647
532,primavera,23,9.861344667697063,647
532,verano,0,5.301792,625
532,verano,1,5.592864,625
532,verano,2,6.221648,625
532,verano,3,7.918733974358974,624
532,verano,4,9.946987179487179,624
532,verano,5,11.50152,625
532,verano,6,9.289791332263242,623
532,verano,7,6.725385852090032,622
532,verano,8,5.236482982171799,617
532,verano,9,3.758877887788779,606
532,verano,10,2.8548349834983497,606
532,verano,11,2.3521875000000003,608
532,verano,12,1.9841734860883795,611
532,verano,13,1.9117723577235772,615
532,verano,14,1.9062459546925565,618
532,verano,15,2.101559485530547,622
532,verano,16,2.216003210272873,623
532,verano,17,3.032568218298555,623
532,verano,18,3.9146794871794874,624
532,verano,19,3.5175480769230765,624
532,verano,20,3.698782051282051,624
532,verano,21,3.98198717948718,624
532,verano,22,4.739152,625
532,verano,23,5.033456,625
539,invierno,0,15.29184060275019,1309
539,invierno,1,14.786565999236641,1310
539,invierno,2,14.210746145614035,1311
539,invierno,3,13.902928778625954,1310
539,invierno,4,13.90234956554878,1312
539,invierno,5,14.918676938160306,1310
539,invierno,6,17.10568738091603,1310
539,invierno,7,19.621953629402757,1306
539,invierno,8,19.99397324825986,1293
539,invierno,9,19.348115902285265,1269
539,invierno,10,15.887139544313726,1275
539,invierno,11,13.294549850664582,1279
539,invierno,12,11.115732316692668,1282
539,invierno,13,9.46461312975913,1287
539,invierno,14,8.97295882712403,1290
539,invierno,15,9.3480914064391,1289
539,invierno,16,9.976014320463321,1295
539,invierno,17,12.467926796623177,1303
539,invierno,18,15.21335025114504,1310
539,invierno,19,17.610464771623672,1318
539,invierno,20,18.923201399467274,1314
539,invierno,21,18.753258858769932,1317
539,invierno,22,17.525491143181817,1320
539,invierno,23,16.271103669452888,1316
539,otoño,0,14.02271756174334,1239
539,otoño,1,13.910104843548387,1240
539,otoño,2,13.722990982105264,1235
539,otoño,3,13.696572904684976,1238
539,otoño,4,14.13203874077357,1241
539,otoño,5,15.627211235483871,1240
539,otoño,6,17.977885002336823,1241
539,otoño,7,19.359600886050284,1233
539,otoño,8,17.504946877786953,1211
539,otoño,9,15.529702899165276,1198
539,otoño,10,12.580702066886872,1211
539,otoño,11,11.06163616798354,1215
539,otoño,12,10.009006400082713,1209
539,otoño,13,9.673529747654321,1215
539,otoño,14,8.5599613486733,1206
539,otoño,15,8.021468814770115,1218
539,otoño,16,8.443052785542857,1225
539,otoño,17,9.910215878345499,1233
539,otoño,18,12.15460486154465,1243
539,otoño,19,14.027174486037127,1239
539,otoño,20,15.097599696284329,1238
539,otoño,21,15.064816133979015,1239
539,otoño,22,14.84772104516129,1240
539,otoño,23,14.50509151410153,1241
539,primavera,0,10.604916224586288,1269
539,primavera,1,10.557575824505928,1265
539,primavera,2,10.355885451536643,1269
539,primavera,3,10.461147651217596,1273
539,primavera,4,11.372030282574569,1274
539,primavera,5,12.976506293563578,1274
539,primavera,6,14.056124643137254,1275
539,primavera,7,12.426048406847134,1256
539,primavera,8,11.291859943865278,1247
539,primavera,9,10.069038887109688,1249
539,primavera,10,7.9280295840637445,1255
539,primavera,11,7.197266427316294,1252
539,primavera,12,6.02269137281399,1258
539,primavera,13,5.772244015974441,1252
539,primavera,14,5.470119646116894,1249
539,primavera,15,5.581721942583732,1254
539,primavera,16,5.959011595087163,1262
539,primavera,17,6.722496440063092,1268
539,primavera,18,7.7462791724409445,1270
539,primavera,19,9.344599511811023,1270
539,primavera,20,10.536304681853888,1273
539,primavera,21,11.05025534956795,1273
539,primavera,22,10.990460327572663,1273
539,primavera,23,10.803701866457187,1273
539,verano,0,11.257269091202582,1239
539,verano,1,10.945226680096695,1241
539,verano,2,11.030805477034649,1241
539,verano,3,11.116863116572807,1243
539,verano,4,11.504183920418006,1244
539,verano,5,12.267094400966183,1242
539,verano,6,12.920194518936341,1241
539,verano,7,12.143472594792515,1229
539,verano,8,10.569094982744454,1217
539,verano,9,8.824236217854219,1221
539,verano,10,7.321533177434853,1228
539,verano,11,6.8974055175224125,1227
539,verano,12,6.4102124712084345,1233
539,verano,13,6.037954352922078,1232
539,verano,14,7.056880985212418,1224
539,verano,15,7.045642008769483,1219
539,verano,16,7.913107056336877,1223
539,verano,17,6.37267343987034,1234
539,verano,18,7.057322937388483,1233
539,verano,19,7.598407837590361,1245
539,verano,20,8.97648189236948,1245
539,verano,21,9.80531775807229,1245
539,verano,22,10.556676648953301,1242
539,verano,23,11.173279093975903,1245
540,invierno,0,10.980668419618528,1101
540,invierno,1,10.908575258855587,1101
540,invierno,2,10.83972540417802,1101
540,invierno,3,10.855201063636365,1100
540,invierno,4,10.892908263636365,1100
540,invierno,5,11.595891180744777,1101
540,invierno,6,12.273344400000001,1100
540,invierno,7,12.148682082191781,1095
540,invierno,8,11.011792209842154,1077
540,invierno,9,9.720389658671586,1084
540,invierno,10,8.457322605893186,1086
540,invierno,11,7.358484205693297,1089
540,invierno,12,6.232731165137615,1090
540,invierno,13,5.5632377137546465,1076
540,invierno,14,5.291746477382098,1039
540,invierno,15,5.246318653295129,1047
540,invierno,16,5.845203689302326,1075
540,invierno,17,7.0546479169708025,1096
540,invierno,18,8.534865020947176,1098
540,invierno,19,10.260266262534184,1097
540,invierno,20,11.656281668185962,1097
540,invierno,21,11.834231239744758,1097
540,invierno,22,11.38596025,1100
540,invierno,23,10.93304441923775,1102
540,otoño,0,9.883012337305225,1091
540,otoño,1,10.167465869963369,1092
540,otoño,2,10.218261567369385,1091
540,otoño,3,10.22057490375802,1091
540,otoño,4,10.647731689623509,1089
540,otoño,5,11.460105886134068,1089
540,otoño,6,11.576304434742648,1088
540,otoño,7,10.570732402042712,1077
540,otoño,8,9.034126495327103,1070
540,otoño,9,7.6528345218198695,1077
540,otoño,10,6.543094322820037,1078
540,otoño,11,5.537189615027829,1078
540,otoño,12,4.996709208913649,1077
540,otoño,13,4.609507009433963,1060
540,otoño,14,4.426587108081791,1027
540,otoño,15,4.471432694947569,1049
540,otoño,16,4.768319451162791,1075
540,otoño,17,5.661564,1085
540,otoño,18,7.029450110294118,1088
540,otoño,19,7.8865193400549956,1091
540,otoño,20,8.758621596330276,1090
540,otoño,21,9.140650045787545,1092
540,otoño,22,9.251981253430925,1093
540,otoño,23,9.525297301006404,1093
540,primavera,0,6.918316236766121,1039
540,primavera,1,7.055470780346821,1038
540,primavera,2,7.247140983606558,1037
540,primavera,3,7.397109527938343,1038
540,primavera,4,8.259417764932563,1038
540,primavera,5,8.775866418918918,1036
540,primavera,6,8.049559671179884,1034
540,primavera,7,6.7873819801980195,1010
540,primavera,8,5.629368941641939,1011
540,primavera,9,4.739046120857699,1026
540,primavera,10,4.206744182879377,1028
540,primavera,11,3.808461166180758,1029
540,primavera,12,3.609913369140625,1024
540,primavera,13,3.4653167234468936,998
540,primavera,14,3.4295149393939397,990
540,primavera,15,3.454719250493097,1014
540,primavera,16,3.562230021379981,1029
540,primavera,17,3.8481261011560695,1038
540,primavera,18,4.452744395773295,1041
540,primavera,19,5.218851081573897,1042
540,primavera,20,5.816207076775432,1042
540,primavera,21,6.403118502879078,1042
540,primavera,22,6.582136026871401,1042
540,primavera,23,6.5879636180422265,1042
540,verano,0,5.583301788300836,1077
540,verano,1,5.802733343122677,1076
540,verano,2,5.9732053460465115,1075
540,verano,3,6.187425559459459,1073
540,verano,4,6.695643776536313,1074
540,verano,5,6.98169623605948,1076
540,verano,6,6.0109090578898225,1071
540,verano,7,4.863612859884837,1042
540,verano,8,4.078174662226451,1051
540,verano,9,3.5871770217186025,1059
540,verano,10,3.3475497886792454,1060
540,verano,11,3.16572045754717,1060
540,verano,12,3.079858506137866,1059
540,verano,13,2.9634136190935387,1037
540,verano,14,2.9236241692913385,1016
540,verano,15,2.9088112147619047,1050
540,verano,16,2.9473246273584905,1060
540,verano,17,3.0556602910447763,1072
540,verano,18,3.2927236396648047,1074
540,verano,19,3.756304256505576,1076
540,verano,20,4.1420084191449815,1076
540,verano,21,4.5770437983271375,1076
540,verano,22,5.062906621964783,1079
540,verano,23,5.437889087198516,1078
547,invierno,0,9.413724951994093,1354
547,invierno,1,8.90590985651214,1359
547,invierno,2,8.665722809104368,1351
547,invierno,3,8.524812508801775,1352
547,invierno,4,8.620989965107647,1347
547,invierno,5,9.045180240636565,1351
547,invierno,6,10.170770330547336,1352
547,invierno,7,11.048784492947291,1347
547,invierno,8,10.221208253363228,1338
547,invierno,9,9.324520660862982,1321
547,invierno,10,9.43031398088685,1308
547,invierno,11,8.860885210522273,1302
547,invierno,12,8.099664465477113,1289
547,invierno,13,7.918458996293437,1295
547,invierno,14,7.62102730890937,1302
547,invierno,15,7.4902420628969795,1291
547,invierno,16,7.643705609823485,1303
547,invierno,17,8.46500401878287,1331
547,invierno,18,10.163440055886737,1342
547,invierno,19,10.445557715773809,1344
547,invierno,20,10.63931971714922,1347
547,invierno,21,10.2557768,1350
547,invierno,22,10.02431423338257,1354
547,invierno,23,9.774702691165553,1347
547,otoño,0,6.747599720947447,1351
547,otoño,1,6.6012670578635015,1348
547,otoño,2,6.504205541071428,1344
547,otoño,3,6.53066052928095,1349
547,otoño,4,6.851266293026706,1348
547,otoño,5,7.491776103113417,1349
547,otoño,6,8.565770214974055,1349
547,otoño,7,8.72347364035741,1343
547,otoño,8,7.8451872441773105,1331
547,otoño,9,7.1177363665399245,1315
547,otoño,10,6.385126819083969,1310
547,otoño,11,5.269898055214724,1304
547,otoño,12,5.409762820251178,1274
547,otoño,13,5.059607910907643,1256
547,otoño,14,3.6014024900079935,1251
547,otoño,15,3.302015500482703,1243
547,otoño,16,3.848373175621491,1247
547,otoño,17,4.728926973573104,1279
547,otoño,18,5.747183387123494,1328
547,otoño,19,6.974958532644018,1354
547,otoño,20,7.187459224429728,1359
547,otoño,21,7.1872326907216495,1358
547,otoño,22,7.152933755702723,1359
547,otoño,23,7.002408646755162,1356
547,primavera,0,5.0256748146496815,1256
547,primavera,1,4.747644371371291,1247
547,primavera,2,4.633588932746196,1249
547,primavera,3,4.590665080256821,1246
547,primavera,4,5.0522495180803215,1245
547,primavera,5,6.10175516501992,1255
547,primavera,6,6.8195848309523805,1260
547,primavera,7,6.116825553317346,1251
547,primavera,8,5.341523133497134,1221
547,primavera,9,4.673704830883567,1211
547,primavera,10,3.9809169257024792,1210
547,primavera,11,3.4830417964497045,1183
547,primavera,12,3.075646255840708,1130
547,primavera,13,3.643019039442947,1113
547,primavera,14,2.686657117652411,1099
547,primavera,15,2.2601201518953067,1108
547,primavera,16,2.733458441808416,1117
547,primavera,17,3.267021298418278,1138
547,primavera,18,3.988234448754153,1204
547,primavera,19,4.854464106532258,1240
547,primavera,20,5.435081937699681,1252
547,primavera,21,5.647000529817605,1261
547,primavera,22,5.56602769561753,1255
547,primavera,23,5.368718680511182,1252
547,verano,0,4.800044561262665,1283
547,verano,1,4.492571778203125,1280
547,verano,2,4.319288469976544,1279
547,verano,3,4.343393545305164,1278
547,verano,4,4.686229557198444,1285
547,verano,5,5.182494904739705,1287
547,verano,6,5.225814352167182,1292
547,verano,7,4.797936064034402,1279
547,verano,8,4.0604592675718845,1252
547,verano,9,3.3253688328163267,1225
547,verano,10,2.639306654415475,1189
547,verano,11,3.05348423570808,1151
547,verano,12,2.306961896236559,1116
547,verano,13,3.365011151335773,1093
547,verano,14,2.318835260363806,1072
547,verano,15,2.0920628312149536,1070
547,verano,16,1.6426069591078067,1076
547,verano,17,1.9697261348708488,1084
547,verano,18,2.451336498751115,1121
547,verano,19,3.5584747602649007,1208
547,verano,20,4.478890325586854,1278
547,verano,21,5.169376507076206,1286
547,verano,22,5.400641002336449,1284
547,verano,23,5.203858898448409,1289
548,invierno,0,8.819724573885848,1279
548,invierno,1,8.40493378125,1280
548,invierno,2,8.256768778386844,1277
548,invierno,3,8.165164432263117,1277
548,invierno,4,8.21949569303054,1277
548,invierno,5,8.779213843137255,1275
548,invierno,6,9.642592735109718,1276
548,invierno,7,9.821523526645768,1276
548,invierno,8,9.466033676703645,1262
548,invierno,9,9.681762407559573,1217
548,invierno,10,9.624018480392156,1224
548,invierno,11,8.927960008090615,1236
548,invierno,12,7.767111976,1250
548,invierno,13,7.129335756605285,1249
548,invierno,14,7.085930365853659,1230
548,invierno,15,7.451167784963621,1237
548,invierno,16,8.39403401906275,1259
548,invierno,17,9.961433666404407,1271
548,invierno,18,10.941812014162076,1271
548,invierno,19,10.88019290423862,1274
548,invierno,20,10.784390761381475,1274
548,invierno,21,10.407064674509805,1275
548,invierno,22,9.721535050900549,1277
548,invierno,23,9.256149327073553,1278
548,otoño,0,7.829804758893281,1265
548,otoño,1,7.702835316455697,1264
548,otoño,2,7.694716439873418,1264
548,otoño,3,7.758600632411068,1265
548,otoño,4,8.160226764240507,1264
548,otoño,5,9.051693002364066,1269
548,otoño,6,9.671459039370077,1270
548,otoño,7,9.469109904837431,1261
548,otoño,8,9.156085591311344,1243
548,otoño,9,8.797219204265792,1219
548,otoño,10,8.099142746536268,1227
548,otoño,11,7.080924367954911,1242
548,otoño,12,6.267108487530169,1243
548,otoño,13,6.08025744141252,1246
548,otoño,14,5.7281469,1230
548,otoño,15,5.992832714859437,1245
548,otoño,16,6.782375652173913,1265
548,otoño,17,7.9765196941176475,1275
548,otoño,18,8.645850023492562,1277
548,otoño,19,8.706954089481947,1274
548,otoño,20,8.711063202819108,1277
548,otoño,21,8.59834329937304,1276
548,otoño,22,8.407545423861851,1274
548,otoño,23,8.195195938485805,1268
548,primavera,0,6.348128417659949,1181
548,primavera,1,6.155375582174281,1182
548,primavera,2,5.965159643793395,1181
548,primavera,3,5.947448080440305,1181
548,primavera,4,6.304046635279188,1182
548,primavera,5,7.168176751827412,1182
548,primavera,6,7.469215522438612,1181
548,primavera,7,7.304967927241379,1160
548,primavera,8,6.854750545796848,1142
548,primavera,9,6.302491670504871,1129
548,primavera,10,5.915103041119861,1143
548,primavera,11,4.970381761560828,1159
548,primavera,12,4.451850029127052,1157
548,primavera,13,4.302245086945169,1149
548,primavera,14,4.278772502530542,1146
548,primavera,15,4.495428990566038,1166
548,primavera,16,5.0365301946420065,1176
548,primavera,17,5.930502970433305,1177
548,primavera,18,7.03830516081425,1179
548,primavera,19,7.436018944480136,1183
548,primavera,20,7.478802945663852,1184
548,primavera,21,7.283438095519865,1183
548,primavera,22,6.98829109157481,1183
548,primavera,23,6.599502972831784,1183
548,verano,0,7.009595901477833,1218
548,verano,1,6.569523502875924,1217
548,verano,2,6.15923614379622,1217
548,verano,3,5.9386859523418245,1217
548,verano,4,5.887073017666393,1217
548,verano,5,6.113006874074074,1215
548,verano,6,6.007074235838151,1211
548,verano,7,5.8195870836974795,1190
548,verano,8,5.297424153122327,1169
548,verano,9,4.916161253556127,1167
548,verano,10,4.851289529166667,1176
548,verano,11,4.253890039482471,1198
548,verano,12,3.9494760908939015,1197
548,verano,13,3.9348313137055837,1182
548,verano,14,3.8988089443507588,1186
548,verano,15,3.9369023983388702,1204
548,verano,16,4.236238161449753,1214
548,verano,17,5.0311877850574716,1218
548,verano,18,6.367701486885246,1220
548,verano,19,7.466174742014743,1221
548,verano,20,7.968115863114754,1220
548,verano,21,8.084828099261689,1219
548,verano,22,7.883882220032841,1218
548,verano,23,7.54587580115037,1217
609,invierno,0,11.756057468677493,431
609,invierno,1,9.956457632946636,431
609,invierno,2,8.718927963959391,394
609,invierno,3,8.111462896744186,430
609,invierno,4,8.450689832093023,430
609,invierno,5,10.701573296744186,430
609,invierno,6,13.324461697674419,430
609,invierno,7,14.445052097902098,429
609,invierno,8,15.317984727272727,429
609,invierno,9,14.33134156542056,428
609,invierno,10,13.16817474882629,426
609,invierno,11,12.524017747169811,424
609,invierno,12,12.03739016864608,421
609,invierno,13,11.305619880952381,420
609,invierno,14,11.359926515513127,419
609,invierno,15,12.890971113801452,413
609,invierno,16,17.044044959619953,421
609,invierno,17,21.88334111111111,423
609,invierno,18,22.870180654205605,428
609,invierno,19,21.99906361111111,432
609,invierno,20,20.373553573085847,431
609,invierno,21,18.19076589327146,431
609,invierno,22,15.849460253488372,430
609,invierno,23,13.584432709976797,431
609,otoño,0,11.338709812169313,378
609,otoño,1,9.651440836898395,374
609,otoño,2,8.573690943999999,375
609,otoño,3,8.262049949468086,376
609,otoño,4,8.95668129287599,379
609,otoño,5,11.944198780474933,379
609,otoño,6,14.662326190476191,378
609,otoño,7,14.363208687002654,377
609,otoño,8,13.749006342105263,380
609,otoño,9,12.73732822454308,383
609,otoño,10,11.795076266318539,383
609,otoño,11,10.4368903125,384
609,otoño,12,9.274836422163588,379
609,otoño,13,8.516665575197889,379
609,otoño,14,8.554018986387433,382
609,otoño,15,9.230413734217507,377
609,otoño,16,12.27702649867374,377
609,otoño,17,17.93326892670157,382
609,otoño,18,22.232578825065275,383
609,otoño,19,23.038127161458334,384
609,otoño,20,21.33653987046632,386
609,otoño,21,18.97560174934726,383
609,otoño,22,16.199976684073107,383
609,otoño,23,13.593010430287206,383
609,primavera,0,7.955791920088299,453
609,primavera,1,6.5734692561743335,413
609,primavera,2,6.358100001900238,421
609,primavera,3,6.84144787593819,453
609,primavera,4,9.007909292307692,455
609,primavera,5,11.133618,455
609,primavera,6,10.909929756637167,452
609,primavera,7,9.596042002212391,452
609,primavera,8,8.182006715555556,450
609,primavera,9,7.012439177605322,451
609,primavera,10,5.849335219866071,448
609,primavera,11,5.020069906458797,449
609,primavera,12,4.50296693258427,445
609,primavera,13,4.204479446818182,440
609,primavera,14,4.30802155,444
609,primavera,15,4.705552845089286,448
609,primavera,16,5.992218395575221,452
609,primavera,17,9.073006397379912,458
609,primavera,18,13.00558811790393,458
609,primavera,19,14.552324061135371,458
609,primavera,20,14.338870043859648,456
609,primavera,21,12.995538951754385,456
609,primavera,22,11.005517094713657,454
609,primavera,23,9.254379053215077,451
609,verano,0,7.411427110849057,424
609,verano,1,6.9887819331742245,419
609,verano,2,7.316724541766109,419
609,verano,3,8.240284142493639,393
609,verano,4,11.136424936708861,395
609,verano,5,12.385074343434344,396
609,verano,6,9.88649913202934,409
609,verano,7,8.791418747016706,419
609,verano,8,8.3331947014218,422
609,verano,9,7.092555985915492,426
609,verano,10,5.58872527972028,429
609,verano,11,4.3210109976133655,419
609,verano,12,3.9297456120481926,415
609,verano,13,3.0458839990291264,412
609,verano,14,3.1150310968523005,413
609,verano,15,3.444049009569378,418
609,verano,16,3.773743845238095,420
609,verano,17,4.551069677565632,419
609,verano,18,6.561498066825776,419
609,verano,19,9.583828872901679,417
609,verano,20,10.061355539906103,426
609,verano,21,9.32574120235849,424
609,verano,22,8.630532613207547,424
609,verano,23,8.09089695518868,424
703,invierno,0,9.93755014162077,1271
703,invierno,1,8.585862201257862,1272
703,invierno,2,7.654036485849057,1272
703,invierno,3,6.906014622047244,1270
703,invierno,4,6.595582344610543,1271
703,invierno,5,7.303506648308419,1271
703,invierno,6,9.583046826771653,1270
703,invierno,7,11.510643210361067,1274
703,invierno,8,11.746970268562402,1266
703,invierno,9,11.18562457278481,1264
703,invierno,10,10.347219610492846,1258
703,invierno,11,9.448927860576923,1248
703,invierno,12,8.643982909163988,1244
703,invierno,13,7.911607062146892,1239
703,invierno,14,7.883523160453809,1234
703,invierno,15,9.223482606596942,1243
703,invierno,16,14.197471500399041,1253
703,invierno,17,20.183305240726124,1267
703,invierno,18,20.896056937647987,1267
703,invierno,19,19.787274598425196,1270
703,invierno,20,18.272082275590552,1270
703,invierno,21,16.096739699604743,1265
703,invierno,22,13.650370173364854,1269
703,invierno,23,11.635122535433071,1270
703,otoño,0,10.191426168521463,1258
703,otoño,1,9.29228072279587,1259
703,otoño,2,8.561288133439238,1259
703,otoño,3,8.061373566322478,1259
703,otoño,4,8.151151712926248,1261
703,otoño,5,9.220086292760541,1257
703,otoño,6,10.65845338106603,1257
703,otoño,7,10.843962712808272,1257
703,otoño,8,10.240576009577016,1253
703,otoño,9,9.226663231511253,1244
703,otoño,10,8.315419279352227,1235
703,otoño,11,7.3966638636363635,1232
703,otoño,12,6.486072812755519,1223
703,otoño,13,6.001463609083536,1233
703,otoño,14,6.051210105263158,1235
703,otoño,15,7.253179065800163,1231
703,otoño,16,10.919743362903226,1240
703,otoño,17,17.100952257806245,1249
703,otoño,18,20.760063272292992,1256
703,otoño,19,19.746746125696102,1257
703,otoño,20,17.777458838504373,1257
703,otoño,21,15.379742726550079,1258
703,otoño,22,13.319353666666668,1260
703,otoño,23,11.652380277998411,1259
703,primavera,0,6.533697355932204,1180
703,primavera,1,5.871183824027073,1182
703,primavera,2,5.600327588832487,1182
703,primavera,3,5.708126291278578,1181
703,primavera,4,6.698504653716216,1184
703,primavera,5,8.499027533783783,1184
703,primavera,6,8.436280160608623,1183
703,primavera,7,6.594423855932203,1180
703,primavera,8,5.198599061433447,1172
703,primavera,9,4.143837188034188,1170
703,primavera,10,3.611095625,1168
703,primavera,11,3.322602551546392,1164
703,primavera,12,3.0726035634167386,1159
703,primavera,13,2.9339706173913043,1150
703,primavera,14,3.096227951807229,1162
703,primavera,15,3.7194835283993113,1162
703,primavera,16,4.631330247440274,1172
703,primavera,17,8.082179446337308,1174
703,primavera,18,13.816280815632965,1177
703,primavera,19,14.914598406408095,1186
703,primavera,20,13.354968116554055,1184
703,primavera,21,11.152387986463621,1182
703,primavera,22,9.061600822033897,1180
703,primavera,23,7.402717351945854,1182
703,verano,0,6.0061100085763295,1166
703,verano,1,5.948516309012875,1165
703,verano,2,6.092118326180258,1165
703,verano,3,6.352558419243986,1164
703,verano,4,7.1582820240137215,1166
703,verano,5,7.532575806174957,1166
703,verano,6,6.224150677530018,1166
703,verano,7,4.630111987951807,1162
703,verano,8,3.783763393939394,1155
703,verano,9,3.384907306689835,1151
703,verano,10,3.0963054315605927,1147
703,verano,11,2.7418915891132576,1139
703,verano,12,2.546323810359965,1139
703,verano,13,2.4957569115044245,1130
703,verano,14,2.6456567368421053,1140
703,verano,15,3.012396537785589,1138
703,verano,16,3.190638312937063,1144
703,verano,17,3.9446667155172417,1160
703,verano,18,6.439179250645995,1161
703,verano,19,9.972351324161652,1163
703,verano,20,9.715598823024054,1164
703,verano,21,8.787059862542955,1164
703,verano,22,7.772278566523606,1165
703,verano,23,6.757681184549356,1165
802,invierno,0,8.387604049493813,889
802,invierno,1,7.272924634420698,889
802,invierno,2,6.426052036199095,884
802,invierno,3,5.908937853107345,885
802,invierno,4,6.177961711711712,888
802,invierno,5,8.493520809898762,889
802,invierno,6,11.231337078651684,890
802,invierno,7,13.003014623172104,889
802,invierno,8,12.64454133635334,883
802,invierno,9,10.970261363636364,880
802,invierno,10,9.272739726027398,876
802,invierno,11,7.96927023945268,877
802,invierno,12,7.170755148741419,874
802,invierno,13,6.713169590643275,855
802,invierno,14,6.767301401869159,856
802,invierno,15,8.221981566820277,868
802,invierno,16,11.017660292463443,889
802,invierno,17,13.972786516853933,890
802,invierno,18,14.517037037037037,891
802,invierno,19,14.2214253647587,891
802,invierno,20,13.759101123595507,890
802,invierno,21,12.826212290502792,895
802,invierno,22,11.237040358744395,892
802,invierno,23,9.597191011235955,890
802,otoño,0,9.239101291390728,906
802,otoño,1,8.397592991169978,906
802,otoño,2,7.934093752759383,906
802,otoño,3,7.821444260485651,906
802,otoño,4,8.162331968854282,899
802,otoño,5,9.703112022099448,905
802,otoño,6,11.228067196467991,906
802,otoño,7,11.660135862068966,899
802,otoño,8,10.880404779161948,883
802,otoño,9,9.679584112256586,873
802,otoño,10,8.28347679954442,878
802,otoño,11,6.979768388195232,881
802,otoño,12,6.640789266895761,873
802,otoño,13,6.224037634902411,871
802,otoño,14,6.25107371169126,881
802,otoño,15,7.263854417040359,892
802,otoño,16,9.194889623059868,902
802,otoño,17,11.52617756097561,902
802,otoño,18,12.451098837988827,895
802,otoño,19,12.205149623893806,904
802,otoño,20,11.9487009602649,906
802,otoño,21,11.439313517699114,904
802,otoño,22,10.74311661129568,903
802,otoño,23,10.103357250554325,902
802,primavera,0,7.2650967963898925,831
802,primavera,1,7.065296332931243,829
802,primavera,2,7.165610229191797,829
802,primavera,3,7.609938630602409,830
802,primavera,4,9.106413671497585,828
802,primavera,5,10.26930739539394,825
802,primavera,6,10.008086309854015,822
802,primavera,7,8.787157846068796,814
802,primavera,8,7.2609812916354555,801
802,primavera,9,5.90744681618929,803
802,primavera,10,4.743289838709678,806
802,primavera,11,4.082842068905473,804
802,primavera,12,3.778495284450063,791
802,primavera,13,3.5082012510585305,803
802,primavera,14,3.867080104708798,807
802,primavera,15,4.077245578817734,812
802,primavera,16,4.596000936739659,822
802,primavera,17,5.449961430317848,818
802,primavera,18,7.1141932469135805,810
802,primavera,19,7.320001517747858,817
802,primavera,20,7.1525958343483556,821
802,primavera,21,7.2529967879854365,824
802,primavera,22,7.407892285368804,827
802,primavera,23,7.295095235223161,829
802,verano,0,6.3480514507361265,883
802,verano,1,6.453458965909091,880
802,verano,2,6.720917332576618,881
802,verano,3,7.12782,883
802,verano,4,7.643915830508474,885
802,verano,5,7.839811857798166,872
802,verano,6,7.1610498279816515,872
802,verano,7,6.6227372885283895,863
802,verano,8,6.4175605868263474,835
802,verano,9,5.402459215219976,841
802,verano,10,4.363351730904818,851
802,verano,11,3.624143992848629,839
802,verano,12,3.55377594011976,835
802,verano,13,3.2367585114045623,833
802,verano,14,3.360996350295858,845
802,verano,15,3.418019134502924,855
802,verano,16,3.5571311162790695,860
802,verano,17,3.7944267365967366,858
802,verano,18,4.9161977662037035,864
802,verano,19,5.689985813953489,860
802,verano,20,5.624423492571428,875
802,verano,21,5.623495681506848,876
802,verano,22,6.258800898748578,879
802,verano,23,6.464872468253969,882
804,invierno,0,9.100106145021645,1386
804,invierno,1,7.788972325883201,1387
804,invierno,2,6.804922548991354,1388
804,invierno,3,6.332129223182146,1389
804,invierno,4,6.614289771942446,1390
804,invierno,5,8.702721358789626,1388
804,invierno,6,10.933374762848752,1362
804,invierno,7,11.869267264248705,1351
804,invierno,8,11.637874223813112,1327
804,invierno,9,10.594223599361532,1253
804,invierno,10,9.078723628810975,1312
804,invierno,11,7.955048879882092,1357
804,invierno,12,7.370254034707159,1383
804,invierno,13,7.2209739432471265,1392
804,invierno,14,7.704716472282217,1389
804,invierno,15,8.405034971264367,1392
804,invierno,16,10.457739547088426,1391
804,invierno,17,13.85888588579586,1401
804,invierno,18,15.936274209770113,1392
804,invierno,19,16.5024511286844,1391
804,invierno,20,16.276221179450072,1382
804,invierno,21,14.892921346850109,1381
804,invierno,22,12.910239112798264,1383
804,invierno,23,10.828633908236995,1384
804,otoño,0,7.969685647467037,1441
804,otoño,1,7.444928861613352,1438
804,otoño,2,7.0907781145038165,1441
804,otoño,3,7.05578203601108,1444
804,otoño,4,7.664839431739432,1443
804,otoño,5,9.148136348314607,1424
804,otoño,6,10.324168678700362,1385
804,otoño,7,9.897055266570606,1388
804,otoño,8,8.979124296187683,1364
804,otoño,9,7.997873101963746,1324
804,otoño,10,7.185604076754386,1368
804,otoño,11,6.6660432517780945,1406
804,otoño,12,6.416825573025856,1431
804,otoño,13,6.2247634978932584,1424
804,otoño,14,6.482680084556255,1431
804,otoño,15,6.7776174717770035,1435
804,otoño,16,7.693980079916608,1439
804,otoño,17,9.265493633841887,1442
804,otoño,18,10.28703476091476,1443
804,otoño,19,10.735257817929117,1439
804,otoño,20,10.512181000697836,1433
804,otoño,21,10.22592106219427,1431
804,otoño,22,9.64556369665272,1434
804,otoño,23,8.842948069637883,1436
804,primavera,0,6.822960812279463,1417
804,primavera,1,6.669322876499647,1417
804,primavera,2,6.572391129328622,1415
804,primavera,3,6.869986063469676,1418
804,primavera,4,8.15720677096547,1419
804,primavera,5,9.44721851768953,1385
804,primavera,6,8.91388213468501,1381
804,primavera,7,7.472524549595886,1361
804,primavera,8,6.018483778471139,1282
804,primavera,9,5.355120678326996,1315
804,primavera,10,5.1405801224188785,1356
804,primavera,11,4.944279891715117,1376
804,primavera,12,4.786449971077368,1383
804,primavera,13,4.804379757641921,1374
804,primavera,14,4.852193124999999,1376
804,primavera,15,4.950807568428675,1381
804,primavera,16,5.0762777943925235,1391
804,primavera,17,5.356587690987125,1398
804,primavera,18,5.791867714592275,1398
804,primavera,19,6.036942553977273,1408
804,primavera,20,6.480548629865535,1413
804,primavera,21,6.7230836685512365,1415
804,primavera,22,6.880184427259887,1416
804,primavera,23,6.828341581329561,1414
804,verano,0,4.60458925708061,1377
804,verano,1,4.815998347667638,1372
804,verano,2,5.047942784356725,1368
804,verano,3,5.475866136098981,1374
804,verano,4,6.403234566106646,1369
804,verano,5,6.700583884897361,1364
804,verano,6,5.874446210022108,1357
804,verano,7,5.07970946996997,1332
804,verano,8,4.826101231270359,1228
804,verano,9,4.842470600312256,1281
804,verano,10,4.813019672205439,1324
804,verano,11,4.759908749066468,1339
804,verano,12,4.684500418222554,1339
804,verano,13,4.771649128474831,1331
804,verano,14,4.778471719101124,1335
804,verano,15,4.8600971808669655,1338
804,verano,16,4.7769474375000005,1344
804,verano,17,4.619028373056995,1351
804,verano,18,4.466244575110457,1358
804,verano,19,4.360028128318584,1356
804,verano,20,4.164256512630015,1346
804,verano,21,4.099593354383359,1346
804,verano,22,4.337734989652624,1353
804,verano,23,4.470171610218978,1370
807,invierno,0,8.97359223327516,1719
807,invierno,1,8.042552807446189,1719
807,invierno,2,7.334451214991284,1721
807,invierno,3,7.110347775072464,1725
807,invierno,4,7.868287995930232,1720
807,invierno,5,10.340629637850467,1712
807,invierno,6,12.957722140762462,1705
807,invierno,7,14.698155178571428,1680
807,invierno,8,13.83935131736527,1670
807,invierno,9,12.904003327091136,1602
807,invierno,10,11.9528206773399,1624
807,invierno,11,11.178375402231357,1703
807,invierno,12,10.732743032069969,1715
807,invierno,13,11.008698581395349,1720
807,invierno,14,11.569387647402218,1713
807,invierno,15,12.341858172293364,1718
807,invierno,16,14.531450909617613,1726
807,invierno,17,16.508755446118194,1726
807,invierno,18,16.448690556199306,1726
807,invierno,19,15.652656591173056,1722
807,invierno,20,14.643291609128145,1709
807,invierno,21,13.186001327069876,1703
807,invierno,22,11.618481247356053,1702
807,invierno,23,10.14594879824047,1705
807,otoño,0,8.876782185307228,1660
807,otoño,1,8.399584131683765,1657
807,otoño,2,8.049341050331526,1659
807,otoño,3,8.20686799879663,1662
807,otoño,4,9.401047937387116,1661
807,otoño,5,11.07992688599151,1649
807,otoño,6,12.620306927911274,1623
807,otoño,7,12.416844137931035,1624
807,otoño,8,11.349399171085858,1584
807,otoño,9,10.794346919948355,1549
807,otoño,10,10.03866265225564,1596
807,otoño,11,9.485692248170732,1640
807,otoño,12,8.992173135421687,1660
807,otoño,13,8.771250172205438,1655
807,otoño,14,8.84075815235792,1654
807,otoño,15,9.447658645607701,1662
807,otoño,16,10.88354975944811,1667
807,otoño,17,12.22215527837515,1674
807,otoño,18,12.766500514626866,1675
807,otoño,19,12.648084076463562,1674
807,otoño,20,12.079706344683393,1674
807,otoño,21,11.405062175764845,1667
807,otoño,22,10.51310943610609,1659
807,otoño,23,9.608471762415663,1660
807,primavera,0,8.780730089663761,1606
807,primavera,1,8.360069662120273,1613
807,primavera,2,8.114310590937306,1611
807,primavera,3,8.581049787313432,1608
807,primavera,4,10.333483756689484,1607
807,primavera,5,11.677421642723298,1601
807,primavera,6,12.189874033354311,1589
807,primavera,7,11.086812041719343,1582
807,primavera,8,9.657736347184986,1492
807,primavera,9,8.564758647406435,1523
807,primavera,10,7.62164919898926,1583
807,primavera,11,6.847419139114161,1603
807,primavera,12,6.3212206169279,1595
807,primavera,13,6.234169460913071,1599
807,primavera,14,6.168026289818863,1601
807,primavera,15,6.603780234890966,1605
807,primavera,16,7.143807192427064,1611
807,primavera,17,8.262300427238806,1608
807,primavera,18,9.550143870967743,1612
807,primavera,19,10.391691642901426,1613
807,primavera,20,10.73001752173913,1610
807,primavera,21,10.51931160123839,1615
807,primavera,22,9.899122862647607,1609
807,primavera,23,9.24107635505897,1611
807,verano,0,6.948354563823352,1653
807,verano,1,6.7671533520871145,1653
807,verano,2,6.895447176435046,1655
807,verano,3,7.404476955837871,1653
807,verano,4,8.55795930109489,1644
807,verano,5,9.524993323133415,1634
807,verano,6,9.885948856703568,1626
807,verano,7,8.70279102610317,1609
807,verano,8,7.759847567567568,1517
807,verano,9,7.34592762381254,1579
807,verano,10,6.372136693588163,1622
807,verano,11,5.547126089634147,1640
807,verano,12,5.081307251066423,1641
807,verano,13,4.988201037912088,1638
807,verano,14,4.797055497254424,1639
807,verano,15,4.913656478419453,1645
807,verano,16,4.916756413317191,1652
807,verano,17,5.282445211433757,1653
807,verano,18,6.246032130434783,1656
807,verano,19,7.26008488050694,1657
807,verano,20,7.697287984290029,1655
807,verano,21,7.642287027157513,1657
807,verano,22,7.458210469128329,1652
807,verano,23,7.1813166,1655
818,invierno,0,6.519717261904762,672
818,invierno,1,5.4797343750000005,640
818,invierno,2,4.831751152073733,651
818,invierno,3,7.604704992435703,661
818,invierno,4,4.452118902439024,656
818,invierno,5,5.105564024390244,656
818,invierno,6,6.646836581709145,667
818,invierno,7,8.17781388478582,677
818,invierno,8,8.497032640949556,674
818,invierno,9,7.840521472392639,652
818,invierno,10,6.995334370139969,643
818,invierno,11,6.945734597156398,633
818,invierno,12,6.626146496815287,628
818,invierno,13,6.490161290322581,620
818,invierno,14,6.5382096774193545,620
818,invierno,15,7.7126399999999995,625
818,invierno,16,9.621934984520124,646
818,invierno,17,11.994947526236881,667
818,invierno,18,12.955366568914956,682
818,invierno,19,12.334410480349344,687
818,invierno,20,11.524283625730993,684
818,invierno,21,10.437723935389133,681
818,invierno,22,9.315168869309838,681
818,invierno,23,7.909,680
818,otoño,0,6.200014705882353,680
818,otoño,1,5.57234375,640
818,otoño,2,5.098721461187215,657
818,otoño,3,10.187255192878338,674
818,otoño,4,5.195022222222222,675
818,otoño,5,5.916046852122987,683
818,otoño,6,7.022394775036285,689
818,otoño,7,7.420798258345428,689
818,otoño,8,6.855446559297219,683
818,otoño,9,6.2315133531157265,674
818,otoño,10,5.718072837632777,659
818,otoño,11,5.552342064714946,649
818,otoño,12,5.581619937694704,642
818,otoño,13,4.95377535101404,641
818,otoño,14,4.995076452599388,654
818,otoño,15,5.394422492401215,658
818,otoño,16,6.905275707898658,671
818,otoño,17,9.027597684515195,691
818,otoño,18,9.782319884726226,694
818,otoño,19,9.606782106782108,693
818,otoño,20,9.302824207492796,694
818,otoño,21,8.738369408369408,693
818,otoño,22,7.914636627906978,688
818,otoño,23,7.067492668621701,682
818,primavera,0,4.523720190779015,629
818,primavera,1,4.0986078098471985,589
818,primavera,2,3.931655737704918,610
818,primavera,3,7.864385113268609,618
818,primavera,4,5.735774193548387,620
818,primavera,5,6.795859872611465,628
818,primavera,6,7.350078492935636,637
818,primavera,7,5.974389857369255,631
818,primavera,8,4.825105691056911,615
818,primavera,9,4.559242174629325,607
818,primavera,10,4.382059800664452,602
818,primavera,11,4.872148760330579,605
818,primavera,12,4.326315789473685,608
818,primavera,13,3.899391447368421,608
818,primavera,14,4.051285008237232,607
818,primavera,15,4.247079934747145,613
818,primavera,16,4.328555377207063,623
818,primavera,17,5.115260663507109,633
818,primavera,18,6.148598130841122,642
818,primavera,19,6.661470588235295,646
818,primavera,20,6.804449612403101,645
818,primavera,21,6.43138198757764,644
818,primavera,22,5.59203125,640
818,primavera,23,4.880556438791733,629
818,verano,0,4.17443894389439,606
818,verano,1,4.272701754385965,570
818,verano,2,5.349143327841845,607
818,verano,3,7.104569105691057,615
818,verano,4,5.556298076923077,624
818,verano,5,6.300382775119617,627
818,verano,6,5.481832797427653,622
818,verano,7,4.2752072968490875,603
818,verano,8,3.956598639455782,588
818,verano,9,4.04666083916084,572
818,verano,10,4.24934628975265,566
818,verano,11,3.9550442477876104,565
818,verano,12,4.155929824561404,570
818,verano,13,4.134677137870855,573
818,verano,14,3.788596187175043,577
818,verano,15,3.8978313253012047,581
818,verano,16,3.982986577181208,596
818,verano,17,3.9152072968490876,603
818,verano,18,3.9762006578947373,608
818,verano,19,4.424983660130719,612
818,verano,20,4.733980582524271,618
818,verano,21,4.787438825448613,613
818,verano,22,4.544149108589952,617
818,verano,23,4.374655737704918,610
826,invierno,0,4.1754375,640
826,invierno,1,3.790686427457098,641
826,invierno,2,3.560111464968153,628
826,invierno,3,7.352546875,640
826,invierno,4,3.1876489028213166,638
826,invierno,5,3.4476056338028167,639
826,invierno,6,4.299061032863849,639
826,invierno,7,5.084274570982839,641
826,invierno,8,4.515283911671925,634
826,invierno,9,4.1324000000000005,600
826,invierno,10,4.125470085470085,585
826,invierno,11,5.250965517241379,580
826,invierno,12,4.319317406143345,586
826,invierno,13,4.30671821305842,582
826,invierno,14,3.882667814113597,581
826,invierno,15,4.142408026755852,598
826,invierno,16,5.116195121951219,615
826,invierno,17,6.942974683544304,632
826,invierno,18,7.09096062992126,635
826,invierno,19,6.746879875195008,641
826,invierno,20,6.507321981424148,646
826,invierno,21,6.061088646967341,643
826,invierno,22,5.415931677018634,644
826,invierno,23,4.752633228840125,638
826,otoño,0,4.506540284360189,633
826,otoño,1,4.1669206349206345,630
826,otoño,2,4.01279674796748,615
826,otoño,3,8.964120443740095,631
826,otoño,4,3.6915372424722666,631
826,otoño,5,3.9332805071315375,631
826,otoño,6,4.355363924050633,632
826,otoño,7,4.3118341307815,627
826,otoño,8,4.018998384491115,619
826,otoño,9,4.241233108108108,592
826,otoño,10,3.925563258232236,577
826,otoño,11,4.334876325088339,566
826,otoño,12,4.237026086956521,575
826,otoño,13,3.7482623509369675,587
826,otoño,14,3.290774410774411,594
826,otoño,15,3.321647254575707,601
826,otoño,16,3.9479802955665027,609
826,otoño,17,5.189579967689822,619
826,otoño,18,6.16068253968254,630
826,otoño,19,6.4192890995260665,633
826,otoño,20,6.460189274447949,634
826,otoño,21,6.169921135646688,634
826,otoño,22,5.665015873015873,630
826,otoño,23,5.056693037974683,632
826,primavera,0,4.571277258566979,642
826,primavera,1,4.461611893583724,639
826,primavera,2,4.292193958664547,629
826,primavera,3,8.239029733959311,639
826,primavera,4,5.133853354134166,641
826,primavera,5,4.968043818466353,639
826,primavera,6,4.857210031347963,638
826,primavera,7,4.1314761904761905,630
826,primavera,8,3.7779833333333332,600
826,primavera,9,3.405403087478559,583
826,primavera,10,4.105520833333333,576
826,primavera,11,3.489702797202797,572
826,primavera,12,2.9849137931034484,580
826,primavera,13,2.637071917808219,584
826,primavera,14,2.8594127516778522,596
826,primavera,15,2.746905158069884,601
826,primavera,16,2.7904523424878835,619
826,primavera,17,3.2003955696202535,632
826,primavera,18,4.0428818897637795,635
826,primavera,19,4.550455259026688,637
826,primavera,20,5.030708661417322,635
826,primavera,21,5.174623824451411,638
826,primavera,22,5.054827586206897,638
826,primavera,23,4.793375196232339,637
826,verano,0,4.041876019575857,613
826,verano,1,4.076127450980392,612
826,verano,2,4.1884966216216215,592
826,verano,3,8.78616393442623,610
826,verano,4,4.8687112561174555,613
826,verano,5,4.307741407528642,611
826,verano,6,3.916219312602291,611
826,verano,7,3.65895,600
826,verano,8,3.655808695652174,575
826,verano,9,3.6756127886323267,563
826,verano,10,3.307795698924731,558
826,verano,11,3.261005385996409,557
826,verano,12,2.9076756756756756,555
826,verano,13,2.7546289752650175,566
826,verano,14,2.721615120274914,582
826,verano,15,3.059563758389262,596
826,verano,16,2.6332996632996633,594
826,verano,17,2.6601324503311257,604
826,verano,18,2.896204620462046,606
826,verano,19,3.4742370129870133,616
826,verano,20,4.153156199677939,621
826,verano,21,4.384181523500811,617
826,verano,22,4.327181964573269,621
826,verano,23,4.123569131832798,622
827,invierno,0,5.625667831929233,1187
827,invierno,1,4.705469277307367,1181
827,invierno,2,4.326938681452992,1170
827,invierno,3,3.795598872515125,1157
827,invierno,4,4.009264206390328,1158
827,invierno,5,5.212834832963279,1171
827,invierno,6,6.903298901687763,1185
827,invierno,7,7.667284385726424,1177
827,invierno,8,7.748349035450644,1165
827,invierno,9,6.982688431650136,1109
827,invierno,10,6.297316276586238,1119
827,invierno,11,6.091614581206294,1144
827,invierno,12,6.197976673471146,1161
827,invierno,13,5.906949728963153,1167
827,invierno,14,6.2849972124999995,1176
827,invierno,15,6.822772600253807,1182
827,invierno,16,8.6304377879468,1203
827,invierno,17,11.689923386115701,1210
827,invierno,18,11.927154369717137,1202
827,invierno,19,12.012513545802161,1203
827,invierno,20,10.604948671118532,1198
827,invierno,21,9.2763469275,1200
827,invierno,22,8.18604184619883,1197
827,invierno,23,6.854521536912752,1192
827,otoño,0,6.639985428082192,1168
827,otoño,1,5.910971923142613,1171
827,otoño,2,5.435548960817718,1174
827,otoño,3,5.153294544915254,1180
827,otoño,4,5.394096962360993,1169
827,otoño,5,6.4459100424978315,1153
827,otoño,6,7.516135527288733,1136
827,otoño,7,7.530933388591801,1122
827,otoño,8,7.043300201627487,1106
827,otoño,9,6.503483337556561,1105
827,otoño,10,5.959502215100966,1139
827,otoño,11,5.5804130173913045,1150
827,otoño,12,5.241674170086207,1160
827,otoño,13,5.203683842013889,1152
827,otoño,14,5.2939122853448275,1160
827,otoño,15,5.810271678327646,1172
827,otoño,16,7.27759831409168,1178
827,otoño,17,9.226233717428087,1182
827,otoño,18,10.397447723206751,1185
827,otoño,19,10.276270801694915,1180
827,otoño,20,9.851789943075616,1177
827,otoño,21,9.178183341337906,1166
827,otoño,22,8.288534475213675,1170
827,otoño,23,7.4607307193877554,1176
827,primavera,0,6.109319924908425,1092
827,primavera,1,5.528190821917808,1095
827,primavera,2,5.113704360219981,1091
827,primavera,3,5.14719591773309,1094
827,primavera,4,5.7967392110192835,1089
827,primavera,5,7.077053296786042,1089
827,primavera,6,7.0822869796860575,1083
827,primavera,7,6.653086027402474,1051
827,primavera,8,5.8720592522080475,1019
827,primavera,9,5.147302503176131,1039
827,primavera,10,4.709163860961538,1040
827,primavera,11,4.8542792908745245,1052
827,primavera,12,3.9987411550903897,1051
827,primavera,13,3.9407245432098765,1053
827,primavera,14,3.904466975494816,1061
827,primavera,15,4.134043428704567,1073
827,primavera,16,4.752458814538676,1073
827,primavera,17,5.831875639069767,1075
827,primavera,18,7.7123013207024025,1082
827,primavera,19,8.232036997229917,1083
827,primavera,20,8.356083800369685,1082
827,primavera,21,8.082363473296502,1086
827,primavera,22,7.570246975760369,1085
827,primavera,23,6.936439882568807,1090
827,verano,0,5.718007483673469,980
827,verano,1,5.429268697125257,974
827,verano,2,5.251770979529171,977
827,verano,3,5.29665937254902,969
827,verano,4,5.6173082489583335,960
827,verano,5,5.818240466244726,948
827,verano,6,5.771333761105208,941
827,verano,7,5.459702227467812,932
827,verano,8,4.9360002657266815,922
827,verano,9,4.508188868675996,929
827,verano,10,3.9906963773784354,946
827,verano,11,3.2024285251046027,956
827,verano,12,2.875133873032529,953
827,verano,13,2.7007136718426503,966
827,verano,14,2.657502099182004,978
827,verano,15,2.853115761178862,984
827,verano,16,3.1120943157894736,988
827,verano,17,3.583503314777328,988
827,verano,18,4.507368805247225,991
827,verano,19,5.5871341336032385,988
827,verano,20,5.995771610152285,985
827,verano,21,6.104529836382113,984
827,verano,22,6.003851864424057,981
827,verano,23,5.859153294779938,977
830,invierno,0,4.815877167,1000
830,invierno,1,3.6272605762538386,977
830,invierno,2,3.0867102510245905,976
830,invierno,3,2.7707810967741935,961
830,invierno,4,2.9500790240585775,956
830,invierno,5,4.330452680937818,981
830,invierno,6,5.5770676277666,994
830,invierno,7,6.812367590196079,1020
830,invierno,8,5.472617821357286,1002
830,invierno,9,4.6912720875527425,948
830,invierno,10,4.431559129967776,931
830,invierno,11,4.598083317124735,946
830,invierno,12,4.837421395833333,960
830,invierno,13,4.9742681291322315,968
830,invierno,14,5.349033224137931,986
830,invierno,15,6.060963297914597,1007
830,invierno,16,7.480164111436951,1023
830,invierno,17,9.31300650909091,1045
830,invierno,18,10.853190652340018,1047
830,invierno,19,11.321233137440759,1055
830,invierno,20,11.057366515238094,1050
830,invierno,21,10.296373993326977,1049
830,invierno,22,8.460272573628489,1039
830,invierno,23,6.527358628683693,1018
830,otoño,0,5.466696932067932,1001
830,otoño,1,4.922774369261477,1002
830,otoño,2,4.488875294884655,997
830,otoño,3,4.3195261683467745,992
830,otoño,4,4.852172981963927,998
830,otoño,5,5.762387215353939,1003
830,otoño,6,6.6604996333666335,1001
830,otoño,7,6.357291939243028,1004
830,otoño,8,5.544717363825364,962
830,otoño,9,5.272130841423949,927
830,otoño,10,5.45629571278826,954
830,otoño,11,5.481150317476732,967
830,otoño,12,5.243104852307693,975
830,otoño,13,4.910390353846154,975
830,otoño,14,5.119750395748987,988
830,otoño,15,5.415005654654655,999
830,otoño,16,6.319380381046396,1013
830,otoño,17,7.668743466995074,1015
830,otoño,18,8.650844454810496,1029
830,otoño,19,8.972014186159845,1026
830,otoño,20,8.816687116324536,1023
830,otoño,21,8.290052756360078,1022
830,otoño,22,7.22073915603533,1019
830,otoño,23,6.366229105522683,1014
830,primavera,0,5.688714167185878,963
830,primavera,1,5.129933666384778,946
830,primavera,2,4.807048357173447,934
830,primavera,3,5.018401186221745,929
830,primavera,4,6.591206984957627,944
830,primavera,5,6.455537572320499,961
830,primavera,6,7.044506471279917,961
830,primavera,7,5.432408943889479,941
830,primavera,8,5.062361995706215,885
830,primavera,9,4.85864960090703,882
830,primavera,10,4.687765653198653,891
830,primavera,11,4.203433917206704,895
830,primavera,12,3.7104712465246634,892
830,primavera,13,3.5947205520134227,894
830,primavera,14,3.595151549557522,904
830,primavera,15,3.7584777775219296,912
830,primavera,16,3.8788619145021643,924
830,primavera,17,4.589218068710359,946
830,primavera,18,5.68219498953975,956
830,primavera,19,6.710628516152263,972
830,primavera,20,7.459856550813009,984
830,primavera,21,7.416120298067141,983
830,primavera,22,7.083389272727273,979
830,primavera,23,6.313132556423432,973
830,verano,0,5.6458245286343605,908
830,verano,1,5.67922531098901,910
830,verano,2,5.573542265864333,914
830,verano,3,5.766205567360351,913
830,verano,4,6.03741188876772,917
830,verano,5,5.956225188925081,921
830,verano,6,5.426486742391305,920
830,verano,7,5.346639158469945,915
830,verano,8,5.289389416475972,874
830,verano,9,5.29850003908046,870
830,verano,10,5.019466658862877,897
830,verano,11,3.9162454720982143,896
830,verano,12,3.1446898169642856,896
830,verano,13,2.90998890470852,892
830,verano,14,2.9591468732083794,907
830,verano,15,2.831290108287293,905
830,verano,16,2.614502881188119,909
830,verano,17,3.040152399560922,911
830,verano,18,3.8355448710382514,915
830,verano,19,4.324344315904139,918
830,verano,20,4.75581255409836,915
830,verano,21,5.278194333699231,911
830,verano,22,5.46662017032967,910
830,verano,23,5.559095653128431,911
837,invierno,0,7.894661687372014,586
837,invierno,1,7.027995870511073,587
837,invierno,2,6.2478811027397265,584
837,invierno,3,5.710033298634812,586
837,invierno,4,5.44060936068376,585
837,invierno,5,5.768661667785349,587
837,invierno,6,6.620741118845501,589
837,invierno,7,8.477212023809523,588
837,invierno,8,9.864730782312925,588
837,invierno,9,9.477734359932088,589
837,invierno,10,8.760026868739205,579
837,invierno,11,7.512730664957264,585
837,invierno,12,6.61103311663808,583
837,invierno,13,6.135541697952219,586
837,invierno,14,5.954152938461538,585
837,invierno,15,6.016341831918506,589
837,invierno,16,6.649527916382253,586
837,invierno,17,8.257535617597293,591
837,invierno,18,9.798423701188455,589
837,invierno,19,10.582824759322035,590
837,invierno,20,10.844810405451447,587
837,invierno,21,10.698673457601352,592
837,invierno,22,10.191557028987994,583
837,invierno,23,8.997440763202727,587
837,otoño,0,6.89338990625,640
837,otoño,1,6.457428043818466,639
837,otoño,2,6.05993655015674,638
837,otoño,3,5.863748888888889,639
837,otoño,4,5.900015023474179,639
837,otoño,5,6.394262857142857,637
837,otoño,6,7.427673755868544,639
837,otoño,7,8.687494655172413,638
837,otoño,8,8.676410563380282,639
837,otoño,9,7.87898973155416,637
837,otoño,10,7.355946866141732,635
837,otoño,11,6.692976998420222,633
837,otoño,12,6.330063470031546,634
837,otoño,13,6.061799213836478,636
837,otoño,14,5.734804669278997,638
837,otoño,15,6.052357276995305,639
837,otoño,16,6.598388984399376,641
837,otoño,17,7.509955319812793,641
837,otoño,18,8.216009984375,640
837,otoño,19,8.544534180967238,641
837,otoño,20,8.568340266040689,639
837,otoño,21,8.244076761453396,633
837,otoño,22,7.789352119741101,618
837,otoño,23,7.232889585055645,629
837,primavera,0,5.996554087272727,550
837,primavera,1,5.8804167840290384,551
837,primavera,2,5.7124402339382945,551
837,primavera,3,5.42148131701087,552
837,primavera,4,5.863138875,552
837,primavera,5,6.588278184782609,552
837,primavera,6,7.475442113924051,553
837,primavera,7,7.7129144303797466,553
837,primavera,8,6.803362212341198,551
837,primavera,9,5.833903289330922,553
837,primavera,10,5.388838007246377,552
837,primavera,11,4.919970413357401,554
837,primavera,12,4.669511844202899,552
837,primavera,13,4.470431065099458,553
837,primavera,14,4.241961243682311,554
837,primavera,15,4.490789582278481,553
837,primavera,16,4.63953873465704,554
837,primavera,17,5.191232588768116,552
837,primavera,18,5.3243347472924185,554
837,primavera,19,5.929354675090253,554
837,primavera,20,6.316394221014493,552
837,primavera,21,6.200831424187726,554
837,primavera,22,6.133931544256121,531
837,primavera,23,6.1088189530685915,554
837,verano,0,3.5093240230496456,564
837,verano,1,3.5074974539007093,564
837,verano,2,3.4183718173758866,564
837,verano,3,3.430262823843416,562
837,verano,4,3.6813510763765542,563
837,verano,5,4.184330620567375,564
837,verano,6,4.671745496453901,564
837,verano,7,4.665343049382717,567
837,verano,8,4.161158756660746,563
837,verano,9,4.0415836249999995,568
837,verano,10,4.1249904719298245,570
837,verano,11,3.8374745774647887,568
837,verano,12,3.6759291210526315,570
837,verano,13,3.451877344522968,566
837,verano,14,3.2917281010602837,564
837,verano,15,3.4211712588652485,564
837,verano,16,4.066391962831858,565
837,verano,17,4.060117141093475,567
837,verano,18,3.8806805440140844,568
837,verano,19,3.964795623901582,569
837,verano,20,4.141302645502645,567
837,verano,21,3.761965142857143,560
837,verano,22,3.5837549751908395,524
837,verano,23,3.552757652329749,558
838,invierno,0,8.603486920502093,1434
838,invierno,1,7.467020958872651,1437
838,invierno,2,6.472170967988865,1437
838,invierno,3,5.861175159902372,1434
838,invierno,4,6.098065748022207,1441
838,invierno,5,8.051975068619248,1434
838,invierno,6,10.606820196175637,1412
838,invierno,7,11.45543137483778,1387
838,invierno,8,10.82387630210145,1380
838,invierno,9,9.724250459541985,1310
838,invierno,10,8.359115292936803,1345
838,invierno,11,6.923097287945792,1402
838,invierno,12,5.887516653393982,1429
838,invierno,13,5.365423375781908,1426
838,invierno,14,5.333791904926108,1421
838,invierno,15,5.6260185340350874,1425
838,invierno,16,6.93627137110956,1433
838,invierno,17,9.36309599778086,1442
838,invierno,18,11.837642564975678,1439
838,invierno,19,13.177888604586519,1439
838,invierno,20,13.711732954038998,1436
838,invierno,21,13.10347595965035,1430
838,invierno,22,11.669055689698668,1427
838,invierno,23,10.005048582925122,1429
838,otoño,0,7.395094297931035,1450
838,otoño,1,6.968294866574966,1454
838,otoño,2,6.727242144032922,1458
838,otoño,3,6.604633842465754,1460
838,otoño,4,6.978723820565907,1449
838,otoño,5,8.166469530742049,1415
838,otoño,6,9.179797441283734,1371
838,otoño,7,8.783015724415204,1368
838,otoño,8,7.823490754256106,1351
838,otoño,9,6.864787028410795,1334
838,otoño,10,5.649616901452434,1377
838,otoño,11,4.653959211322081,1422
838,otoño,12,3.932181439381153,1422
838,otoño,13,3.5305330617937853,1416
838,otoño,14,3.3875825012262157,1419
838,otoño,15,3.4817248083791403,1419
838,otoño,16,4.04491205409951,1427
838,otoño,17,5.345885883553088,1441
838,otoño,18,6.717067759310345,1450
838,otoño,19,7.864658989648032,1449
838,otoño,20,8.3272485261708,1452
838,otoño,21,8.55018623150685,1460
838,otoño,22,8.423978301510989,1456
838,otoño,23,8.049413890883978,1448
838,primavera,0,6.225867715109489,1370
838,primavera,1,6.126735972813411,1372
838,primavera,2,6.119792274891147,1378
838,primavera,3,6.34128664286754,1374
838,primavera,4,7.395806418795356,1378
838,primavera,5,8.710180821114369,1364
838,primavera,6,8.268656146647016,1357
838,primavera,7,6.6584167286144575,1328
838,primavera,8,4.882800064629177,1227
838,primavera,9,3.523032919623234,1274
838,primavera,10,2.7086013080149813,1335
838,primavera,11,2.212095099697885,1324
838,primavera,12,1.9822569928754716,1325
838,primavera,13,1.8915299101759757,1307
838,primavera,14,1.8409207408882082,1306
838,primavera,15,1.8631141375669473,1307
838,primavera,16,1.959757349464832,1308
838,primavera,17,2.1800165467669173,1330
838,primavera,18,2.709472051893096,1347
838,primavera,19,3.5607804201187827,1347
838,primavera,20,4.379267134825539,1347
838,primavera,21,5.222335149963154,1357
838,primavera,22,5.810444994974358,1365
838,primavera,23,6.025109112554744,1370
838,verano,0,3.8488033249891385,1381
838,verano,1,4.208331344318673,1387
838,verano,2,4.560883684920635,1386
838,verano,3,4.900309074258858,1383
838,verano,4,5.510180087157288,1386
838,verano,5,5.740485216236163,1355
838,verano,6,5.0114878491124255,1352
838,verano,7,3.9613296187173748,1341
838,verano,8,3.176254189728732,1246
838,verano,9,2.621403683038371,1277
838,verano,10,2.178249347901515,1320
838,verano,11,1.837588858506006,1332
838,verano,12,1.6660591153042823,1331
838,verano,13,1.5954102498334595,1321
838,verano,14,1.5250298633333335,1326
838,verano,15,1.477995531101949,1334
838,verano,16,1.3541929404981132,1325
838,verano,17,1.3432410136755952,1344
838,verano,18,1.513200049704579,1354
838,verano,19,1.9042482684171598,1352
838,verano,20,2.1831711266568483,1358
838,verano,21,2.575824523464912,1368
838,verano,22,3.070505229570284,1373
838,verano,23,3.4957551361393326,1378
841,invierno,0,2.1122577092511015,908
841,invierno,1,1.8238495575221239,904
841,invierno,2,1.6426961325966851,905
841,invierno,3,1.5696685082872928,905
841,invierno,4,1.6109261300992281,907
841,invierno,5,1.902207505518764,906
841,invierno,6,2.3398342541436468,905
841,invierno,7,2.931760797342193,903
841,invierno,8,3.491165371809101,901
841,invierno,9,3.4780318543799775,879
841,invierno,10,3.3889814814814816,864
841,invierno,11,3.2001960784313725,867
841,invierno,12,3.071479357798165,872
841,invierno,13,3.2153157290470724,871
841,invierno,14,3.5014188422247448,881
841,invierno,15,4.143257661748014,881
841,invierno,16,5.695224215246637,892
841,invierno,17,7.5319512195121945,902
841,invierno,18,7.3289012208657045,901
841,invierno,19,6.152833333333334,900
841,invierno,20,5.020254706533776,903
841,invierno,21,4.047765486725663,904
841,invierno,22,3.187086092715232,906
841,invierno,23,2.523664459161148,906
841,otoño,0,3.297689627539503,886
841,otoño,1,2.9655298532731376,886
841,otoño,2,2.7468510935738446,887
841,otoño,3,2.6998202031602707,886
841,otoño,4,2.772000677200903,886
841,otoño,5,2.9780800903954803,885
841,otoño,6,3.3335915801354403,886
841,otoño,7,3.8565027386363635,880
841,otoño,8,4.308034833524684,871
841,otoño,9,4.176590284023669,845
841,otoño,10,3.8627402582159625,852
841,otoño,11,3.6311388235294118,850
841,otoño,12,3.6231504577464793,852
841,otoño,13,3.9286602314814814,864
841,otoño,14,4.325778586206896,870
841,otoño,15,4.830974109589041,876
841,otoño,16,5.911577548022599,885
841,otoño,17,7.519896126126127,888
841,otoño,18,8.42825666290868,887
841,otoño,19,8.078217432432433,888
841,otoño,20,6.93257968503937,889
841,otoño,21,5.601320855855856,888
841,otoño,22,4.5140036045197744,885
841,otoño,23,3.7709240519187355,886
841,primavera,0,1.5809476132190943,817
841,primavera,1,1.4082517747858017,817
841,primavera,2,1.3096231051344744,818
841,primavera,3,1.346903304773562,817
841,primavera,4,1.5411943696450427,817
841,primavera,5,1.8241216911764706,816
841,primavera,6,2.146986117936118,814
841,primavera,7,2.3786166256157637,812
841,primavera,8,2.1545821744627056,791
841,primavera,9,1.9920126582278481,790
841,primavera,10,1.9277109974424553,782
841,primavera,11,1.930550576184379,781
841,primavera,12,2.0018743439490447,785
841,primavera,13,2.0921313400758534,791
841,primavera,14,2.1109032290362952,799
841,primavera,15,2.2996728094059407,808
841,primavera,16,2.6377167197062423,817
841,primavera,17,3.499285342298289,818
841,primavera,18,4.986046511627907,817
841,primavera,19,5.6061933904528765,817
841,primavera,20,4.996699386503067,815
841,primavera,21,3.8025794621026896,818
841,primavera,22,2.717230392156863,816
841,primavera,23,1.9593430844553243,817
841,verano,0,3.0171421088435375,882
841,verano,1,2.5655908853575484,881
841,verano,2,2.271393798185941,882
841,verano,3,2.1604802038505095,883
841,verano,4,2.25074912797282,883
841,verano,5,2.4045920927601814,884
841,verano,6,2.6696744154370036,881
841,verano,7,2.99331196814562,879
841,verano,8,2.7757528638497653,852
841,verano,9,2.643074130952381,840
841,verano,10,2.666414739336493,844
841,verano,11,2.6357698345153664,846
841,verano,12,2.8598280641330165,842
841,verano,13,2.878115748218527,842
841,verano,14,2.701716848837209,860
841,verano,15,2.7060185960874565,869
841,verano,16,3.0583397042093288,879
841,verano,17,3.6798262840909093,880
841,verano,18,4.70932402494331,882
841,verano,19,5.985741018099548,884
841,verano,20,6.491645096045198,885
841,verano,21,5.807883861834655,883
841,verano,22,4.692577556561086,884
841,verano,23,3.737133563348416,884
854,invierno,0,4.5734216335540845,906
854,invierno,1,3.7331381215469612,905
854,invierno,2,3.116103752759382,906
854,invierno,3,2.670805739514349,906
854,invierno,4,2.6010915104740904,907
854,invierno,5,3.3385840707964602,904
854,invierno,6,4.698451327433628,904
854,invierno,7,5.500954495005549,901
854,invierno,8,5.202798634812287,879
854,invierno,9,4.372272202998846,867
854,invierno,10,3.6851314285714287,875
854,invierno,11,3.3530113636363637,880
854,invierno,12,3.064785067873303,884
854,invierno,13,3.3633144154370034,881
854,invierno,14,3.7269841269841266,882
854,invierno,15,4.422598870056497,885
854,invierno,16,5.844860956618465,899
854,invierno,17,8.133723756906077,905
854,invierno,18,9.433252480705622,907
854,invierno,19,9.779669239250275,907
854,invierno,20,9.35875413450937,907
854,invierno,21,8.30112334801762,908
854,invierno,22,7.130011037527594,906
854,invierno,23,5.780297684674752,907
854,otoño,0,5.264029014396456,903
854,otoño,1,4.43520794672586,901
854,otoño,2,3.8988283481152997,902
854,otoño,3,3.5590754212860314,902
854,otoño,4,3.724024046563193,902
854,otoño,5,4.541825343680709,902
854,otoño,6,5.267305939933259,899
854,otoño,7,4.851966733780761,894
854,otoño,8,4.17615763367463,879
854,otoño,9,3.5786984624145783,878
854,otoño,10,3.2912590486976216,883
854,otoño,11,3.039232627986348,879
854,otoño,12,3.004427221584386,871
854,otoño,13,3.2484343363844395,874
854,otoño,14,3.3796126606538897,887
854,otoño,15,3.6218394494382022,890
854,otoño,16,4.400022960088692,902
854,otoño,17,6.315506375690608,905
854,otoño,18,8.169106211453744,908
854,otoño,19,9.276429690949227,906
854,otoño,20,9.183105308370045,908
854,otoño,21,8.49110769570011,907
854,otoño,22,7.353824066298343,905
854,otoño,23,6.214256961325967,905
854,primavera,0,4.389069688757396,845
854,primavera,1,3.720532447337278,845
854,primavera,2,3.2456139799054378,846
854,primavera,3,3.170866105450237,844
854,primavera,4,4.167080973871734,842
854,primavera,5,5.187165188836104,842
854,primavera,6,4.936289548156956,841
854,primavera,7,3.806434168674699,830
854,primavera,8,3.1886998606658445,811
854,primavera,9,2.6583375724815723,814
854,primavera,10,2.4055780694275275,821
854,primavera,11,2.3439113312731767,809
854,primavera,12,2.2483023230958232,814
854,primavera,13,2.2241382441140023,807
854,primavera,14,2.224949415961306,827
854,primavera,15,2.2411540107784433,835
854,primavera,16,2.4256355232419544,839
854,primavera,17,3.1858191940476193,840
854,primavera,18,4.553161698337292,842
854,primavera,19,5.672134558858502,841
854,primavera,20,6.343876308700834,839
854,primavera,21,6.496736135552913,841
854,primavera,22,6.112005477488152,844
854,primavera,23,5.213775274556213,845
854,verano,0,5.670720067264574,892
854,verano,1,5.071496756726458,892
854,verano,2,4.6959787346024635,893
854,verano,3,4.572193557174888,892
854,verano,4,5.176568389013453,892
854,verano,5,5.384290693258427,890
854,verano,6,4.685455314543405,887
854,verano,7,4.065806318390805,870
854,verano,8,3.8662299265734266,858
854,verano,9,3.7155761449942464,869
854,verano,10,3.606137785467128,867
854,verano,11,3.464214924681344,863
854,verano,12,3.2502836647398845,865
854,verano,13,2.990366156501726,869
854,verano,14,2.868673108695652,874
854,verano,15,2.7771981099773244,882
854,verano,16,2.7646186182432433,888
854,verano,17,2.915610927130045,892
854,verano,18,3.6858634860022397,893
854,verano,19,5.25240774244121,893
854,verano,20,6.307496748603352,895
854,verano,21,6.4978594071588365,894
854,verano,22,6.522828004484305,892
854,verano,23,6.220742306830907,893
859,invierno,0,7.973422130282293,1169
859,invierno,1,6.8682173574978576,1167
859,invierno,2,6.885947080171674,1165
859,invierno,3,6.3082004417241375,1160
859,invierno,4,7.147629519931271,1164
859,invierno,5,6.543048836503856,1167
859,invierno,6,7.754877719862661,1165
859,invierno,7,9.081876143814434,1164
859,invierno,8,9.647928991386737,1161
859,invierno,9,9.261141274221453,1156
859,invierno,10,8.96340296967071,1154
859,invierno,11,8.792471328781332,1157
859,invierno,12,8.040680017241378,1160
859,invierno,13,7.652119531304347,1150
859,invierno,14,6.605487710754554,1153
859,invierno,15,6.605827041637931,1160
859,invierno,16,8.187513311015492,1162
859,invierno,17,9.673082354506437,1165
859,invierno,18,12.524854832478631,1170
859,invierno,19,13.078394056603774,1166
859,invierno,20,12.76177526311264,1163
859,invierno,21,12.266995238869862,1168
859,invierno,22,10.951379728571428,1162
859,invierno,23,9.277487658073946,1163
859,otoño,0,9.378514155620154,1032
859,otoño,1,8.912947724124514,1028
859,otoño,2,8.723350675808032,1021
859,otoño,3,9.882266321253672,1021
859,otoño,4,8.461228783789062,1024
859,otoño,5,9.006266858886718,1024
859,otoño,6,10.310512495583906,1019
859,otoño,7,10.631490386904762,1008
859,otoño,8,10.589836176646706,1002
859,otoño,9,9.688255506916997,1012
859,otoño,10,9.616352458333335,1008
859,otoño,11,9.940579692382812,1024
859,otoño,12,8.58886515474045,1021
859,otoño,13,6.9363877925170065,1029
859,otoño,14,6.310695164111328,1024
859,otoño,15,5.903042299512196,1025
859,otoño,16,6.95161553384913,1034
859,otoño,17,8.474085717891683,1034
859,otoño,18,10.786533613969173,1038
859,otoño,19,11.629831102613746,1033
859,otoño,20,11.940212022308438,1031
859,otoño,21,11.762567170212765,1034
859,otoño,22,11.198320588349514,1030
859,otoño,23,10.20583809574468,1034
859,primavera,0,6.031768322996183,1048
859,primavera,1,5.650144782617001,1047
859,primavera,2,5.4645745426911905,1033
859,primavera,3,7.011277704633205,1036
859,primavera,4,7.292825105465004,1043
859,primavera,5,7.102824939047618,1050
859,primavera,6,8.142297308753568,1051
859,primavera,7,8.15370922552783,1042
859,primavera,8,7.168661323076923,1040
859,primavera,9,6.344573603557692,1040
859,primavera,10,5.79856611958614,1039
859,primavera,11,5.4939152387500005,1040
859,primavera,12,4.5648363227360305,1038
859,primavera,13,3.8456979925287356,1044
859,primavera,14,3.0824168637151104,1039
859,primavera,15,3.5797370763688763,1041
859,primavera,16,3.4259231411708253,1042
859,primavera,17,3.6816674297698944,1043
859,primavera,18,4.792058814235181,1046
859,primavera,19,6.22186860009542,1048
859,primavera,20,7.02075954270734,1049
859,primavera,21,7.366011246133334,1050
859,primavera,22,7.55649109226361,1047
859,primavera,23,6.7528926539712915,1045
859,verano,0,7.673685513636364,990
859,verano,1,7.521906568686869,990
859,verano,2,7.6503250824615385,975
859,verano,3,9.593279750255885,977
859,verano,4,8.510904993914806,986
859,verano,5,8.458957704040404,990
859,verano,6,8.765791511178861,984
859,verano,7,8.244393415983605,976
859,verano,8,7.814521519877676,981
859,verano,9,7.827393193285859,983
859,verano,10,7.866724115682281,982
859,verano,11,6.601407437258883,985
859,verano,12,5.089354970476673,986
859,verano,13,4.817523713830439,979
859,verano,14,5.294618233723296,983
859,verano,15,5.474939501828397,979
859,verano,16,6.694847716468781,977
859,verano,17,5.926715406656505,984
859,verano,18,5.914945708324873,985
859,verano,19,6.464090964984863,991
859,verano,20,7.085130325656566,990
859,verano,21,7.6468943125,992
859,verano,22,7.920060669715447,984
859,verano,23,7.916331492900608,986
860,invierno,0,9.250879292327367,1173
860,invierno,1,8.546666959317788,1158
860,invierno,2,8.754385811335078,1146
860,invierno,3,8.814392656472632,1151
860,invierno,4,9.193978960951965,1145
860,invierno,5,8.785042469061684,1151
860,invierno,6,9.651476832986184,1158
860,invierno,7,10.437600400687876,1163
860,invierno,8,10.26273722638298,1175
860,invierno,9,10.274704525148683,1177
860,invierno,10,10.715305390058479,1197
860,invierno,11,10.558059907943143,1196
860,invierno,12,10.702676703160535,1196
860,invierno,13,9.645739759282094,1184
860,invierno,14,9.324948062148337,1173
860,invierno,15,9.819348207598292,1170
860,invierno,16,10.658925819881054,1177
860,invierno,17,12.051654901861252,1182
860,invierno,18,13.760517471511148,1211
860,invierno,19,13.835826768451401,1214
860,invierno,20,13.477015560182876,1203
860,invierno,21,12.392297678661087,1195
860,invierno,22,11.280111614153327,1187
860,invierno,23,10.206490956043956,1183
860,otoño,0,9.019355358917073,1025
860,otoño,1,8.599499661651917,1017
860,otoño,2,8.829338371933268,1019
860,otoño,3,8.500636859861933,1014
860,otoño,4,9.725038605731225,1012
860,otoño,5,8.781554538763494,1019
860,otoño,6,9.460477438438735,1012
860,otoño,7,9.623099686614937,1031
860,otoño,8,9.403828344390245,1025
860,otoño,9,9.33417554430502,1036
860,otoño,10,9.29779450479452,1022
860,otoño,11,8.615945500293254,1023
860,otoño,12,7.7299666858267715,1016
860,otoño,13,7.002211941533135,1011
860,otoño,14,6.947397996610339,1006
860,otoño,15,7.356228921148036,993
860,otoño,16,7.9030162646169355,992
860,otoño,17,8.493678621492537,1005
860,otoño,18,10.20788925913556,1018
860,otoño,19,10.395257037937743,1028
860,otoño,20,10.304676877316602,1036
860,otoño,21,10.304475488867377,1033
860,otoño,22,10.035648258536586,1025
860,otoño,23,9.504295382882011,1034
860,primavera,0,6.445825162834008,988
860,primavera,1,6.096869565577119,979
860,primavera,2,6.0329495140166145,963
860,primavera,3,6.803549830564103,975
860,primavera,4,8.223068954203045,985
860,primavera,5,7.37029823,1000
860,primavera,6,7.675745244047619,1008
860,primavera,7,7.265925826805144,1011
860,primavera,8,6.905480833070088,1013
860,primavera,9,6.366111591715977,1014
860,primavera,10,6.002906796292585,998
860,primavera,11,5.644835227005077,985
860,primavera,12,4.967942818134172,954
860,primavera,13,4.012537184892934,934
860,primavera,14,4.850665223759563,915
860,primavera,15,4.475832362706522,920
860,primavera,16,4.575295915340541,925
860,primavera,17,5.0549017651578945,950
860,primavera,18,5.54986206373967,968
860,primavera,19,6.6103356678102925,991
860,primavera,20,7.016740706193806,1001
860,primavera,21,7.12275029718593,995
860,primavera,22,7.21562019251497,1002
860,primavera,23,6.761704963763764,999
860,verano,0,5.261878466931818,968
860,verano,1,5.336258490495868,968
860,verano,2,5.312979619338159,967
860,verano,3,6.195773423888315,967
860,verano,4,7.344314041311984,968
860,verano,5,6.159220332304527,972
860,verano,6,5.865667214036884,976
860,verano,7,5.50170006557377,976
860,verano,8,5.328473049643947,983
860,verano,9,5.35208748923077,975
860,verano,10,5.584051731059811,953
860,verano,11,4.730014392875,928
860,verano,12,3.2810175844494385,890
860,verano,13,2.744071200529344,869
860,verano,14,2.4772028641067285,862
860,verano,15,2.9831886603588518,836
860,verano,16,3.0469305923272727,825
860,verano,17,3.066039256115108,834
860,verano,18,3.1211846460115606,865
860,verano,19,3.406490324519337,905
860,verano,20,3.8806800708423324,926
860,verano,21,4.200131403191489,940
860,verano,22,4.62681246218585,947
860,verano,23,5.074827221546392,970
870,invierno,0,6.8284782608695656,552
870,invierno,1,5.783147113594041,537
870,invierno,2,5.210673076923078,520
870,invierno,3,4.989137254901961,510
870,invierno,4,4.6830297029702965,505
870,invierno,5,5.0609090909090915,506
870,invierno,6,6.177977315689981,529
870,invierno,7,7.4474321880650995,553
870,invierno,8,7.961053571428571,560
870,invierno,9,7.963548387096774,558
870,invierno,10,8.772870370370372,540
870,invierno,11,9.068911439114391,542
870,invierno,12,8.343064220183487,545
870,invierno,13,8.277077205882351,544
870,invierno,14,8.524574074074074,540
870,invierno,15,8.686223021582734,556
870,invierno,16,10.20236559139785,558
870,invierno,17,11.970068376068376,585
870,invierno,18,12.634517766497462,591
870,invierno,19,12.167691001697793,589
870,invierno,20,10.990916808149406,589
870,invierno,21,9.749387755102042,588
870,invierno,22,8.876173469387755,588
870,invierno,23,7.86440414507772,579
870,otoño,0,7.4281031613976705,601
870,otoño,1,6.562429752066116,605
870,otoño,2,5.9373388429752065,605
870,otoño,3,5.609765886287625,598
870,otoño,4,5.581959459459459,592
870,otoño,5,5.867428571428571,595
870,otoño,6,6.686243739565943,599
870,otoño,7,7.387524916943521,602
870,otoño,8,8.129335604770016,587
870,otoño,9,8.596133567662566,569
870,otoño,10,8.851436170212766,564
870,otoño,11,9.50812834224599,561
870,otoño,12,8.593615107913669,556
870,otoño,13,8.939498207885304,558
870,otoño,14,8.463061946902656,565
870,otoño,15,9.311825938566551,586
870,otoño,16,9.995803722504231,591
870,otoño,17,11.611862416107382,596
870,otoño,18,12.726133333333333,600
870,otoño,19,12.17375816993464,612
870,otoño,20,11.206617405582923,609
870,otoño,21,10.291069692058347,617
870,otoño,22,9.361746293245469,607
870,otoño,23,8.387520798668884,601
870,primavera,0,8.23616257088847,529
870,primavera,1,7.602452107279693,522
870,primavera,2,7.49658203125,512
870,primavera,3,7.105759368836292,507
870,primavera,4,7.490058823529411,510
870,primavera,5,8.198948412698412,504
870,primavera,6,8.47982421875,512
870,primavera,7,8.361346153846153,520
870,primavera,8,8.812469879518071,498
870,primavera,9,9.301355236139631,487
870,primavera,10,9.014938524590164,488
870,primavera,11,8.189447983014862,471
870,primavera,12,8.278266384778012,473
870,primavera,13,8.771186440677965,472
870,primavera,14,8.02077709611452,489
870,primavera,15,9.80503984063745,502
870,primavera,16,10.451484375,512
870,primavera,17,10.8743536121673,526
870,primavera,18,11.59804066543438,541
870,primavera,19,11.2248802946593,543
870,primavera,20,10.860367647058823,544
870,primavera,21,10.085257352941177,544
870,primavera,22,9.680018450184502,542
870,primavera,23,8.78153409090909,528
870,verano,0,8.207932960893855,537
870,verano,1,7.64703564727955,533
870,verano,2,7.079113207547169,530
870,verano,3,6.961913696060037,533
870,verano,4,7.198370786516854,534
870,verano,5,7.126767485822306,529
870,verano,6,7.133432835820895,536
870,verano,7,7.365725190839695,524
870,verano,8,7.3926877470355725,506
870,verano,9,7.587304526748971,486
870,verano,10,7.9710625,480
870,verano,11,7.310146750524109,477
870,verano,12,7.114472049689441,483
870,verano,13,7.467670103092784,485
870,verano,14,7.831113360323887,494
870,verano,15,8.485795677799606,509
870,verano,16,8.884,525
870,verano,17,9.800430711610488,534
870,verano,18,10.77932075471698,530
870,verano,19,10.689720670391061,537
870,verano,20,10.350477064220184,545
870,verano,21,9.732104283054005,537
870,verano,22,9.323247232472324,542
870,verano,23,8.772838827838829,546
878,invierno,0,5.947467320261437,612
878,invierno,1,4.965539215686274,612
878,invierno,2,4.363676470588236,612
878,invierno,3,3.9860848287112556,613
878,invierno,4,3.905253682487725,611
878,invierno,5,4.935302782324059,611
878,invierno,6,6.530852459016394,610
878,invierno,7,8.443016393442623,610
878,invierno,8,9.790838815789474,608
878,invierno,9,8.25526845637584,596
878,invierno,10,7.420599315068493,584
878,invierno,11,7.0484375,576
878,invierno,12,6.519411764705882,578
878,invierno,13,6.416558773424191,587
878,invierno,14,6.672155887230514,603
878,invierno,15,8.020576606260295,607
878,invierno,16,10.923507340946166,613
878,invierno,17,13.816552845528456,615
878,invierno,18,13.078371335504885,614
878,invierno,19,12.001386623164764,613
878,invierno,20,11.208690671031096,611
878,invierno,21,10.148903436988542,611
878,invierno,22,8.684844517184942,611
878,invierno,23,7.243698854337151,611
878,otoño,0,6.882048780487805,615
878,otoño,1,6.291188925081433,614
878,otoño,2,5.701512195121951,615
878,otoño,3,5.384462540716612,614
878,otoño,4,5.456227642276422,615
878,otoño,5,6.181761827079935,613
878,otoño,6,7.456884176182707,613
878,otoño,7,9.368986928104574,612
878,otoño,8,9.815834710743802,605
878,otoño,9,8.502576271186442,590
878,otoño,10,7.789173989455184,569
878,otoño,11,7.287508650519031,578
878,otoño,12,6.138027444253859,583
878,otoño,13,5.6726767676767675,594
878,otoño,14,5.886045751633986,612
878,otoño,15,6.797630718954248,612
878,otoño,16,9.06,614
878,otoño,17,11.953522727272727,616
878,otoño,18,12.698346839546192,617
878,otoño,19,12.2002755267423,617
878,otoño,20,11.20883495145631,618
878,otoño,21,10.148622366288492,617
878,otoño,22,8.964116693679092,617
878,otoño,23,7.92739059967585,617
878,primavera,0,5.03005928853755,506
878,primavera,1,4.635948616600791,506
878,primavera,2,4.377411067193676,506
878,primavera,3,4.527687747035573,506
878,primavera,4,5.24974358974359,507
878,primavera,5,6.005483234714005,507
878,primavera,6,7.056166007905139,506
878,primavera,7,7.1845742574257425,505
878,primavera,8,6.329535353535353,495
878,primavera,9,5.587787056367432,479
878,primavera,10,4.773750000000001,480
878,primavera,11,4.308058455114822,479
878,primavera,12,3.8408299595141697,494
878,primavera,13,3.4782435129740517,501
878,primavera,14,3.514,505
878,primavera,15,3.956043307086614,508
878,primavera,16,4.324201183431953,507
878,primavera,17,5.707799607072691,509
878,primavera,18,7.2362278978389,509
878,primavera,19,7.66392927308448,509
878,primavera,20,7.626738703339883,509
878,primavera,21,6.838644400785855,509
878,primavera,22,6.387308447937132,509
878,primavera,23,5.530826771653543,508
878,verano,0,6.056082644628099,605
878,verano,1,5.666897689768977,606
878,verano,2,5.502062706270627,606
878,verano,3,5.437157024793389,605
878,verano,4,5.357396351575456,603
878,verano,5,5.259101497504159,601
878,verano,6,5.827549668874172,604
878,verano,7,6.4922,600
878,verano,8,6.537008547008547,585
878,verano,9,6.22612676056338,568
878,verano,10,5.229285714285714,560
878,verano,11,3.9641696113074203,566
878,verano,12,3.2359862778730704,583
878,verano,13,2.8285858585858588,594
878,verano,14,2.976404682274248,598
878,verano,15,2.8352649006622515,604
878,verano,16,2.9540661157024792,605
878,verano,17,3.593223684210526,608
878,verano,18,5.139472817133443,607
878,verano,19,6.956161449752884,607
878,verano,20,7.381815181518152,606
878,verano,21,7.434644628099174,605
878,verano,22,7.271123966942148,605
878,verano,23,6.64700826446281,605
879,invierno,0,10.608762278978388,509
879,invierno,1,9.355972495088407,509
879,invierno,2,8.633725490196078,510
879,invierno,3,8.241235294117647,510
879,invierno,4,8.672720156555773,511
879,invierno,5,10.351272015655578,511
879,invierno,6,12.537210216110019,509
879,invierno,7,14.01992125984252,508
879,invierno,8,13.468698224852071,507
879,invierno,9,12.481980198019802,505
879,invierno,10,11.674055666003976,503
879,invierno,11,10.391715976331362,507
879,invierno,12,11.131807465618861,509
879,invierno,13,9.327803921568629,510
879,invierno,14,9.7706640625,512
879,invierno,15,11.411617933723196,513
879,invierno,16,13.44816046966732,511
879,invierno,17,16.95217221135029,511
879,invierno,18,18.67821917808219,511
879,invierno,19,18.186614481409002,511
879,invierno,20,17.10091976516634,511
879,invierno,21,15.160885826771652,508
879,invierno,22,14.033122529644269,506
879,invierno,23,12.400216535433072,508
879,otoño,0,9.997812499999998,448
879,otoño,1,9.19578125,448
879,otoño,2,8.608191964285714,448
879,otoño,3,8.281185682326623,447
879,otoño,4,8.832359550561797,445
879,otoño,5,10.387887640449437,445
879,otoño,6,13.362714932126696,442
879,otoño,7,12.220449438202248,445
879,otoño,8,12.204799107142858,448
879,otoño,9,11.455647321428572,448
879,otoño,10,10.15670403587444,446
879,otoño,11,11.133288590604026,447
879,otoño,12,8.861777777777778,450
879,otoño,13,7.716141906873614,451
879,otoño,14,7.342654867256638,452
879,otoño,15,7.2318362831858405,452
879,otoño,16,8.41701986754967,453
879,otoño,17,11.515516483516484,455
879,otoño,18,13.735350877192982,456
879,otoño,19,14.115054704595186,457
879,otoño,20,14.228656387665199,454
879,otoño,21,13.091666666666667,450
879,otoño,22,12.558906250000001,448
879,otoño,23,11.24711111111111,450
879,primavera,0,10.910641975308643,405
879,primavera,1,10.207881773399015,406
879,primavera,2,9.83088452088452,407
879,primavera,3,10.117450980392157,408
879,primavera,4,11.292156862745097,408
879,primavera,5,13.008230958230959,407
879,primavera,6,13.474187192118228,406
879,primavera,7,12.174814814814816,405
879,primavera,8,10.682761194029851,402
879,primavera,9,9.578019801980197,404
879,primavera,10,10.200493827160493,405
879,primavera,11,8.556451612903226,403
879,primavera,12,8.531804511278196,399
879,primavera,13,8.251641791044776,402
879,primavera,14,7.649273182957393,399
879,primavera,15,7.83145,400
879,primavera,16,8.427518610421837,403
879,primavera,17,9.022202970297029,404
879,primavera,18,10.668222222222223,405
879,primavera,19,12.22232098765432,405
879,primavera,20,12.733325123152708,406
879,primavera,21,12.510246913580247,405
879,primavera,22,12.554427860696517,402
879,primavera,23,11.58329207920792,404
879,verano,0,8.339544235924933,373
879,verano,1,7.955645161290323,372
879,verano,2,7.710428954423592,373
879,verano,3,7.3832707774798925,373
879,verano,4,7.963726541554959,373
879,verano,5,8.573072776280323,371
879,verano,6,8.57078167115903,371
879,verano,7,8.412830188679244,371
879,verano,8,7.9959239130434785,368
879,verano,9,7.4756986301369865,365
879,verano,10,7.7507182320442,362
879,verano,11,5.140412087912088,364
879,verano,12,4.324378378378379,370
879,verano,13,3.508081081081081,370
879,verano,14,3.3750806451612902,372
879,verano,15,3.4691689008042896,373
879,verano,16,3.2419946091644203,371
879,verano,17,3.1568533333333333,375
879,verano,18,3.598101604278075,374
879,verano,19,5.189626666666666,375
879,verano,20,6.54340425531915,376
879,verano,21,7.189893048128342,374
879,verano,22,8.178629032258064,372
879,verano,23,8.360345744680851,376
880,invierno,0,3.563937823834197,386
880,invierno,1,3.2114999999999996,380
880,invierno,2,2.9414285714285713,378
880,invierno,3,2.66156914893617,376
880,invierno,4,2.573994708994709,378
880,invierno,5,3.038894736842105,380
880,invierno,6,3.547735368956743,393
880,invierno,7,4.193888888888889,396
880,invierno,8,4.8324390243902435,410
880,invierno,9,6.138082524271844,412
880,invierno,10,7.663349397590362,415
880,invierno,11,9.115970515970515,407
880,invierno,12,7.627451456310679,412
880,invierno,13,6.569511002444988,409
880,invierno,14,5.465,410
880,invierno,15,6.074698795180723,415
880,invierno,16,8.100728155339805,412
880,invierno,17,7.214509803921569,408
880,invierno,18,6.600537897310513,409
880,invierno,19,6.412128712871287,404
880,invierno,20,5.1421144278606965,402
880,invierno,21,4.871654320987655,405
880,invierno,22,4.496819338422392,393
880,invierno,23,4.007519379844961,387
880,otoño,0,4.697089337175793,347
880,otoño,1,4.285772594752187,343
880,otoño,2,4.006135693215339,339
880,otoño,3,3.795811209439528,339
880,otoño,4,3.8752366863905325,338
880,otoño,5,4.245411764705882,340
880,otoño,6,4.854376811594203,345
880,otoño,7,5.328695652173914,345
880,otoño,8,6.295668604651163,344
880,otoño,9,8.505750708215299,353
880,otoño,10,10.190057306590258,349
880,otoño,11,9.564022662889519,353
880,otoño,12,7.389771428571429,350
880,otoño,13,6.092144927536232,345
880,otoño,14,6.524198250728864,343
880,otoño,15,6.666801152737753,347
880,otoño,16,6.211260744985673,349
880,otoño,17,6.649267605633802,355
880,otoño,18,6.5626050420168065,357
880,otoño,19,7.059211267605634,355
880,otoño,20,6.564289772727273,352
880,otoño,21,6.218603988603989,351
880,otoño,22,5.8310571428571425,350
880,otoño,23,5.308991354466859,347
880,primavera,0,2.8967905405405405,296
880,primavera,1,2.7121379310344826,290
880,primavera,2,2.5585159010600704,283
880,primavera,3,2.5187943262411348,282
880,primavera,4,2.7347098976109216,293
880,primavera,5,3.116456953642384,302
880,primavera,6,3.4820967741935487,310
880,primavera,7,3.8440952380952385,315
880,primavera,8,4.417672955974843,318
880,primavera,9,5.6293630573248405,314
880,primavera,10,4.757147435897436,312
880,primavera,11,4.202402597402597,308
880,primavera,12,3.1818394648829433,299
880,primavera,13,2.615856164383562,292
880,primavera,14,4.815374149659864,294
880,primavera,15,3.96901023890785,293
880,primavera,16,2.8195709570957095,303
880,primavera,17,3.3076298701298703,308
880,primavera,18,3.5975796178343953,314
880,primavera,19,3.8954430379746836,316
880,primavera,20,4.063967741935484,310
880,primavera,21,3.789935483870968,310
880,primavera,22,3.6477049180327867,305
880,primavera,23,3.1591029900332224,301
880,verano,0,4.395547703180212,283
880,verano,1,4.1615,280
880,verano,2,4.044332129963899,277
880,verano,3,3.830250896057348,279
880,verano,4,3.8058333333333336,276
880,verano,5,3.7839272727272726,275
880,verano,6,3.8266666666666667,270
880,verano,7,4.692607142857143,280
880,verano,8,6.559721254355401,287
880,verano,9,6.687872340425532,282
880,verano,10,6.609032258064516,279
880,verano,11,4.64558394160584,274
880,verano,12,3.990530303030303,264
880,verano,13,3.7359607843137255,255
880,verano,14,3.9712156862745096,255
880,verano,15,3.5453149606299212,254
880,verano,16,3.4094615384615388,260
880,verano,17,4.077761194029851,268
880,verano,18,3.9928838951310857,267
880,verano,19,3.8840072202166063,277
880,verano,20,4.213978873239436,284
880,verano,21,4.321584507042253,284
880,verano,22,4.791,280
880,verano,23,4.625140845070423,284
901,invierno,0,7.062912583664459,453
901,invierno,1,4.57085968807947,453
901,invierno,2,4.64834247615894,453
901,invierno,3,4.082338574392936,453
901,invierno,4,3.728980854646018,452
901,invierno,5,4.110373754525386,453
901,invierno,6,6.88697371214128,453
901,invierno,7,10.203338941202674,449
901,invierno,8,11.11488759511111,450
901,invierno,9,10.093331960666665,450
901,invierno,10,8.579332466666667,450
901,invierno,11,7.017554569333333,450
901,invierno,12,6.2984361714285715,448
901,invierno,13,5.951218505986697,451
901,invierno,14,6.039466826164079,451
901,invierno,15,7.111331856888889,450
901,invierno,16,10.520749039293598,453
901,invierno,17,15.092526898021978,455
901,invierno,18,16.69030759427313,454
901,invierno,19,16.085021162995595,454
901,invierno,20,15.161537516483516,455
901,invierno,21,13.39096847356828,454
901,invierno,22,11.302862840088105,454
901,invierno,23,8.90594615,454
901,otoño,0,6.751494530472103,466
901,otoño,1,4.6550955355408385,453
901,otoño,2,4.456960360085837,466
901,otoño,3,3.9375166375,464
901,otoño,4,3.73486627262931,464
901,otoño,5,4.22230440625,464
901,otoño,6,6.198517415879828,466
901,otoño,7,8.544259948164147,463
901,otoño,8,8.238144016810345,464
901,otoño,9,6.846877465806452,465
901,otoño,10,5.374040435913978,465
901,otoño,11,4.291933881209503,463
901,otoño,12,3.622164246943232,458
901,otoño,13,3.2665986015217388,460
901,otoño,14,3.32303742962963,459
901,otoño,15,4.302002155364807,466
901,otoño,16,6.719080413219617,469
901,otoño,17,10.2543753108742,469
901,otoño,18,12.470841752136753,468
901,otoño,19,12.77925360042735,468
901,otoño,20,12.70640974145299,468
901,otoño,21,11.727633004273503,468
901,otoño,22,10.020520956034483,464
901,otoño,23,7.97509152,465
901,primavera,0,5.602498518999999,400
901,primavera,1,4.2260033260047285,423
901,primavera,2,3.7761570593818985,453
901,primavera,3,3.399334522345133,452
901,primavera,4,3.44613567196468,453
901,primavera,5,4.647459400441501,453
901,primavera,6,6.127553496666666,450
901,primavera,7,5.9902425667405765,451
901,primavera,8,4.161914360801782,449
901,primavera,9,2.9093326797777777,450
901,primavera,10,2.160310051662971,451
901,primavera,11,1.845010809977827,451
901,primavera,12,1.7105723678414098,454
901,primavera,13,1.628318310619469,452
901,primavera,14,1.7484579211453746,454
901,primavera,15,2.093156411699779,453
901,primavera,16,2.994701197571744,453
901,primavera,17,4.728601946784923,451
901,primavera,18,7.243140039823008,452
901,primavera,19,8.61570628318584,452
901,primavera,20,9.021458672566371,452
901,primavera,21,8.836724446902656,452
901,primavera,22,7.839158298672566,452
901,primavera,23,6.418583071238937,452
901,verano,0,3.596613795833333,384
901,verano,1,2.278280990692124,419
901,verano,2,2.099761245714286,420
901,verano,3,2.0585709738095237,420
901,verano,4,2.2779092026128267,421
901,verano,5,2.9561896400000003,420
901,verano,6,3.3968813944844127,417
901,verano,7,2.7546978626506022,415
901,verano,8,2.0289470301435406,418
901,verano,9,1.488942130528846,416
901,verano,10,1.175059770263789,417
901,verano,11,1.0646776326968974,419
901,verano,12,1.0484474225118483,422
901,verano,13,1.0611902961904762,420
901,verano,14,1.0680189639618138,419
901,verano,15,1.2644717845605702,421
901,verano,16,1.4066915204275534,421
901,verano,17,1.6521247819477436,421
901,verano,18,2.4003187988123518,421
901,verano,19,3.469120424465558,421
901,verano,20,3.6709515628571427,420
901,verano,21,3.3309514964285714,420
901,verano,22,3.1161127812796208,422
901,verano,23,2.7304027859857483,421
902,invierno,0,7.463348045886076,1264
902,invierno,1,6.169488330696202,1264
902,invierno,2,5.2796588598574825,1263
902,invierno,3,4.742571440570523,1262
902,invierno,4,4.720235549485352,1263
902,invierno,5,6.047769942902459,1261
902,invierno,6,10.30326717563291,1264
902,invierno,7,15.002270476040849,1273
902,invierno,8,14.853389076433121,1256
902,invierno,9,12.569394895833334,1248
902,invierno,10,10.824249325657894,1216
902,invierno,11,9.732354424489795,1225
902,invierno,12,9.024193962873285,1239
902,invierno,13,8.511793905372896,1247
902,invierno,14,8.978152833333333,1260
902,invierno,15,10.267428085782367,1259
902,invierno,16,13.769929335968378,1265
902,invierno,17,18.363948374112073,1267
902,invierno,18,19.496445199684295,1267
902,invierno,19,18.700838321513,1269
902,invierno,20,16.763922776025236,1268
902,invierno,21,14.32370503164557,1264
902,invierno,22,11.848603232594938,1264
902,invierno,23,9.394891916072842,1263
902,otoño,0,6.161053952870855,1146
902,otoño,1,5.216461282969433,1145
902,otoño,2,4.594071117903931,1145
902,otoño,3,4.269176433566433,1144
902,otoño,4,4.570226966783217,1144
902,otoño,5,6.448731365208696,1150
902,otoño,6,9.431333633122838,1156
902,otoño,7,11.522069720767888,1146
902,otoño,8,10.294955889483065,1122
902,otoño,9,8.305129116321009,1109
902,otoño,10,7.195121772727273,1100
902,otoño,11,6.369833153153153,1110
902,otoño,12,5.861511183265125,1124
902,otoño,13,5.610736074270557,1131
902,otoño,14,5.823274118165785,1134
902,otoño,15,6.48094531166813,1139
902,otoño,16,8.763629816753927,1146
902,otoño,17,12.103543275403997,1151
902,otoño,18,13.669554761483088,1153
902,otoño,19,13.712908265377276,1153
902,otoño,20,12.81550594968777,1153
902,otoño,21,11.185656547826087,1150
902,otoño,22,9.452186238053866,1151
902,otoño,23,7.617435797743056,1152
902,primavera,0,5.3154325696103895,1155
902,primavera,1,4.659419096883117,1155
902,primavera,2,4.308583844020797,1154
902,primavera,3,4.376001481352993,1153
902,primavera,4,5.5334125868055555,1152
902,primavera,5,9.346929652777778,1152
902,primavera,6,11.545376936466493,1149
902,primavera,7,9.85613274938704,1142
902,primavera,8,7.41550854578097,1114
902,primavera,9,5.804968049225159,1097
902,primavera,10,4.969085328223625,1109
902,primavera,11,4.5453487093639575,1132
902,primavera,12,4.238880685462555,1135
902,primavera,13,4.183949665994742,1141
902,primavera,14,4.247242535433071,1143
902,primavera,15,4.706402632083697,1147
902,primavera,16,5.147660615698179,1153
902,primavera,17,6.522094735757576,1155
902,primavera,18,8.568602331606218,1158
902,primavera,19,9.395277253886011,1158
902,primavera,20,9.585764926787252,1161
902,primavera,21,9.163240835344828,1160
902,primavera,22,7.871049429965457,1158
902,primavera,23,6.3197884601211065,1156
902,verano,0,3.4395129349514564,1030
902,verano,1,3.2353170699029126,1030
902,verano,2,3.144395182524272,1030
902,verano,3,3.3135488124634858,1027
902,verano,4,4.221304750972763,1028
902,verano,5,5.945307304874274,1034
902,verano,6,6.412439471661863,1041
902,verano,7,5.038253070243902,1025
902,verano,8,3.7724826338308457,1005
902,verano,9,3.1869943764824122,995
902,verano,10,2.794602481344032,997
902,verano,11,2.586223391044776,1005
902,verano,12,2.4380103108531745,1008
902,verano,13,2.392652961287129,1010
902,verano,14,2.3745000245579564,1018
902,verano,15,2.404832907206318,1013
902,verano,16,2.5764606825661116,1021
902,verano,17,2.7605611328125,1024
902,verano,18,3.3057405642023348,1028
902,verano,19,4.201999951409134,1029
902,verano,20,4.685570844660194,1030
902,verano,21,4.571282247813412,1029
902,verano,22,4.329641491739554,1029
902,verano,23,3.8126944215189873,1027
A04,invierno,0,2.1042797356603775,53
A04,invierno,1,1.8031772775925927,54
A04,invierno,2,1.5689812,54
A04,invierno,3,1.5189211462962962,54
A04,invierno,4,1.5605973,53
A04,invierno,5,2.0815367592592593,54
A04,invierno,6,5.267368481481482,54
A04,invierno,7,5.556509055555556,54
A04,invierno,8,5.815141259259259,54
A04,invierno,9,5.693977647058823,51
A04,invierno,10,5.0095808163265305,49
A04,invierno,11,3.6225972916666667,48
A04,invierno,12,3.6124793921568625,51
A04,invierno,13,4.463312115384616,52
A04,invierno,14,4.724874423076923,52
A04,invierno,15,6.086243529411765,51
A04,invierno,16,8.374334615384615,52
A04,invierno,17,9.94268611111111,54
A04,invierno,18,10.651597407407406,54
A04,invierno,19,9.307861679245283,53
A04,invierno,20,7.230683962264151,53
A04,invierno,21,5.4122390384615375,52
A04,invierno,22,3.6456567115384617,52
A04,invierno,23,2.627313320754717,53
B04,invierno,0,5.13868782122905,358
B04,invierno,1,3.891609245810056,358
B04,invierno,2,3.1768264245810056,358
B04,invierno,3,2.8778102793296094,358
B04,invierno,4,3.1444227374301676,358
B04,invierno,5,6.476258370786517,356
B04,invierno,6,12.29891944134078,358
B04,invierno,7,15.915819131652661,357
B04,invierno,8,13.877371480446929,358
B04,invierno,9,11.284503932584268,356
B04,invierno,10,9.566643690140845,355
B04,invierno,11,9.385879016853933,356
B04,invierno,12,8.47490643258427,356
B04,invierno,13,8.253494079320113,353
B04,invierno,14,9.195432329545454,352
B04,invierno,15,11.344942606232294,353
B04,invierno,16,15.838363977272728,352
B04,invierno,17,18.336308514285715,350
B04,invierno,18,18.719405325779036,353
B04,invierno,19,17.14842179775281,356
B04,invierno,20,15.28896849162011,358
B04,invierno,21,12.532152988826816,358
B04,invierno,22,9.444102801120447,357
B04,invierno,23,6.828956648044692,358
B04,otoño,0,3.9278845329670333,364
B04,otoño,1,3.187648736263736,364
B04,otoño,2,2.8618512087912085,364
B04,otoño,3,2.658155934065934,364
B04,otoño,4,3.402511181318681,364
B04,otoño,5,7.760153104395604,364
B04,otoño,6,11.097714082191782,365
B04,otoño,7,11.13595380821918,365
B04,otoño,8,9.942813763736263,364
B04,otoño,9,8.23790532967033,364
B04,otoño,10,7.111530961538462,364
B04,otoño,11,6.247586565934066,364
B04,otoño,12,5.680647044198895,362
B04,otoño,13,5.190316181318682,364
B04,otoño,14,5.665482318435754,358
B04,otoño,15,7.2184329059829055,351
B04,otoño,16,10.234399206798868,353
B04,otoño,17,13.225386894586896,351
B04,otoño,18,14.005034112676057,355
B04,otoño,19,12.715842916666666,360
B04,otoño,20,10.769933736263736,364
B04,otoño,21,8.691375631868132,364
B04,otoño,22,6.775724986225895,363
B04,otoño,23,4.959233112947659,363
B04,primavera,0,2.749191163434903,361
B04,primavera,1,2.215685152354571,361
B04,primavera,2,1.967055595567867,361
B04,primavera,3,1.9772372299168977,361
B04,primavera,4,2.9210774238227146,361
B04,primavera,5,7.274917285318559,361
B04,primavera,6,8.990083573407201,361
B04,primavera,7,6.018197955801106,362
B04,primavera,8,4.622655152354571,361
B04,primavera,9,3.9581459999999997,360
B04,primavera,10,3.494194636871508,358
B04,primavera,11,3.2788684033613444,357
B04,primavera,12,2.7618804986149583,361
B04,primavera,13,2.7257059943977593,357
B04,primavera,14,3.0279546518105853,359
B04,primavera,15,3.4645829799426937,349
B04,primavera,16,5.012833045977011,348
B04,primavera,17,7.061111498559077,347
B04,primavera,18,9.367308848314607,356
B04,primavera,19,9.415496544943819,356
B04,primavera,20,8.440967423822714,361
B04,primavera,21,6.47885273480663,362
B04,primavera,22,4.707576648199446,361
B04,primavera,23,3.448616222222222,360
B04,verano,0,1.5826195942028987,345
B04,verano,1,1.43394125,344
B04,verano,2,1.3879124418604651,344
B04,verano,3,1.3765329941860465,344
B04,verano,4,1.6775114244186047,344
B04,verano,5,2.6910174782608696,345
B04,verano,6,3.018629420289855,345
B04,verano,7,2.5864913953488373,344
B04,verano,8,2.247354086956522,345
B04,verano,9,2.0123180869565216,345
B04,verano,10,1.9306678901734102,346
B04,verano,11,1.801542703488372,344
B04,verano,12,1.5896027441860465,344
B04,verano,13,1.5908623099415207,342
B04,verano,14,1.544745238095238,336
B04,verano,15,1.712272488023952,334
B04,verano,16,2.1840412352941176,340
B04,verano,17,2.5847856304985335,341
B04,verano,18,3.597876343930636,346
B04,verano,19,4.725276282420749,347
B04,verano,20,4.555002238372093,344
B04,verano,21,3.3558371720116615,343
B04,verano,22,2.661519069767442,344
B04,verano,23,1.883953386627907,344
D11,invierno,0,31.80948939609236,1126
D11,invierno,1,29.115520355871887,1124
D11,invierno,2,26.680264544642856,1120
D11,invierno,3,25.725284463176575,1127
D11,invierno,4,26.998386014171835,1129
D11,invierno,5,31.250072672566372,1130
D11,invierno,6,35.016801579876436,1133
D11,invierno,7,36.771431355181576,1129
D11,invierno,8,38.025269273049645,1128
D11,invierno,9,40.3073790070922,1128
D11,invierno,10,42.63523788256228,1124
D11,invierno,11,44.325884089285715,1120
D11,invierno,12,43.631460991957105,1119
D11,invierno,13,41.416450499553974,1121
D11,invierno,14,39.45561323907226,1121
D11,invierno,15,39.502420328305234,1127
D11,invierno,16,42.759566028368795,1128
D11,invierno,17,46.93554149779736,1135
D11,invierno,18,47.25729335387324,1136
D11,invierno,19,46.40575976253298,1137
D11,invierno,20,44.76599362676056,1136
D11,invierno,21,42.47939704485488,1137
D11,invierno,22,39.7514432627866,1134
D11,invierno,23,35.57594208849557,1130
D11,otoño,0,29.928458962962964,1080
D11,otoño,1,28.126652162661735,1082
D11,otoño,2,26.192108196114706,1081
D11,otoño,3,25.926858670360108,1083
D11,otoño,4,28.698484326568266,1084
D11,otoño,5,32.54105031307551,1086
D11,otoño,6,35.98930803867403,1086
D11,otoño,7,38.83717896774194,1085
D11,otoño,8,41.25572747697974,1086
D11,otoño,9,43.01672595194085,1082
D11,otoño,10,42.8887372601476,1084
D11,otoño,11,40.08334072490706,1076
D11,otoño,12,35.96489107806692,1076
D11,otoño,13,31.39774673148148,1080
D11,otoño,14,29.192566827906976,1075
D11,otoño,15,29.379574172862455,1076
D11,otoño,16,33.47139320667284,1079
D11,otoño,17,39.984111330275226,1090
D11,otoño,18,42.32115358386801,1091
D11,otoño,19,41.31924963269054,1089
D11,otoño,20,39.668555867768596,1089
D11,otoño,21,37.8558960697888,1089
D11,otoño,22,35.65558755985267,1086
D11,otoño,23,32.639531004608294,1085
D11,primavera,0,20.819918548841894,993
D11,primavera,1,19.736749575356416,982
D11,primavera,2,18.950927341046278,994
D11,primavera,3,19.662206028084253,997
D11,primavera,4,23.961575084241822,1009
D11,primavera,5,27.23798830207305,1013
D11,primavera,6,28.503378094768014,1013
D11,primavera,7,28.65731976284585,1012
D11,primavera,8,28.651487693069306,1010
D11,primavera,9,28.04207848214286,1008
D11,primavera,10,26.761001171171173,999
D11,primavera,11,23.533618282828282,990
D11,primavera,12,19.624369405515832,979
D11,primavera,13,17.018915204918034,976
D11,primavera,14,16.64498194871795,975
D11,primavera,15,16.621453302752293,981
D11,primavera,16,18.892513619817997,989
D11,primavera,17,23.76074991089109,1010
D11,primavera,18,27.978477343137257,1020
D11,primavera,19,28.873454549902153,1022
D11,primavera,20,28.12100504407444,1021
D11,primavera,21,27.135602345436705,1019
D11,primavera,22,25.145487586547972,1011
D11,primavera,23,22.369228278606965,1005
D11,verano,0,17.81117063045587,1031
D11,verano,1,17.236968365497074,1026
D11,verano,2,17.250571337153772,1047
D11,verano,3,18.52463361191162,1041
D11,verano,4,21.831412011439465,1049
D11,verano,5,24.341600952380954,1050
D11,verano,6,26.245896914285716,1050
D11,verano,7,27.66116661274976,1051
D11,verano,8,27.49853961063628,1053
D11,verano,9,25.827561391801716,1049
D11,verano,10,21.584186318965518,1044
D11,verano,11,16.721084604427332,1039
D11,verano,12,13.450425812619502,1046
D11,verano,13,12.326157504798465,1042
D11,verano,14,12.005443511961722,1045
D11,verano,15,12.110812835721108,1047
D11,verano,16,13.343480994263862,1046
D11,verano,17,16.06508618095238,1050
D11,verano,18,20.193761368821292,1052
D11,verano,19,23.085421133333334,1050
D11,verano,20,22.687681514285714,1050
D11,verano,21,22.129555114285715,1050
D11,verano,22,20.860058114832537,1045
D11,verano,23,18.967762410800383,1037
D12,invierno,0,24.547873735527116,1641
D12,invierno,1,22.299219975609756,1640
D12,invierno,2,19.82076321863581,1642
D12,invierno,3,19.02237154362416,1639
D12,invierno,4,18.889906180597926,1639
D12,invierno,5,20.98172610231425,1642
D12,invierno,6,24.833424683313034,1642
D12,invierno,7,29.772076985383677,1642
D12,invierno,8,34.34563518902439,1640
D12,invierno,9,35.29108114163614,1638
D12,invierno,10,35.72955347613219,1634
D12,invierno,11,36.80249591661558,1631
D12,invierno,12,37.01630530424093,1627
D12,invierno,13,35.19442851442603,1629
D12,invierno,14,32.833061399631674,1629
D12,invierno,15,31.744768028169013,1633
D12,invierno,16,34.6576462309102,1637
D12,invierno,17,38.92930455319149,1645
D12,invierno,18,39.8315554948391,1647
D12,invierno,19,38.353951245443504,1646
D12,invierno,20,36.405636168791744,1647
D12,invierno,21,34.00384334549879,1644
D12,invierno,22,31.001973367844094,1642
D12,invierno,23,27.687501151736747,1641
D12,otoño,0,22.698084109589043,1533
D12,otoño,1,20.561681604453177,1527
D12,otoño,2,18.160864986928104,1530
D12,otoño,3,17.874799505928856,1518
D12,otoño,4,18.81693906229508,1525
D12,otoño,5,21.824012545454543,1540
D12,otoño,6,26.121931937783536,1543
D12,otoño,7,30.71356023300971,1545
D12,otoño,8,32.17555909326425,1544
D12,otoño,9,32.32203009727626,1542
D12,otoño,10,31.72169516590761,1537
D12,otoño,11,30.07614756686236,1533
D12,otoño,12,26.13524094140882,1519
D12,otoño,13,21.301527358991375,1507
D12,otoño,14,18.02150246133154,1487
D12,otoño,15,17.26839792225201,1492
D12,otoño,16,20.590972218543047,1510
D12,otoño,17,28.28355214935065,1540
D12,otoño,18,32.8568734841629,1547
D12,otoño,19,33.74565733204134,1548
D12,otoño,20,32.95423352698515,1549
D12,otoño,21,31.249814700193422,1551
D12,otoño,22,28.591812742561448,1546
D12,otoño,23,25.544801091617938,1539
D12,primavera,0,18.48558965147453,1492
D12,primavera,1,16.670349904697073,1469
D12,primavera,2,14.865889732214765,1490
D12,primavera,3,14.957075705016722,1495
D12,primavera,4,17.02881303475936,1496
D12,primavera,5,20.868258093645483,1495
D12,primavera,6,24.20026834561286,1493
D12,primavera,7,24.549412409395973,1490
D12,primavera,8,23.277690662650603,1494
D12,primavera,9,22.37116733243968,1492
D12,primavera,10,20.715516508361205,1495
D12,primavera,11,17.433495741113347,1491
D12,primavera,12,13.530130087131367,1492
D12,primavera,13,10.89396808809684,1487
D12,primavera,14,9.800553840482573,1492
D12,primavera,15,9.858206662207358,1495
D12,primavera,16,11.849824087882823,1502
D12,primavera,17,16.837049627163783,1502
D12,primavera,18,22.58987034712951,1498
D12,primavera,19,24.967660387700533,1496
D12,primavera,20,25.713833186077647,1494
D12,primavera,21,25.15301185828877,1496
D12,primavera,22,23.253388521739133,1495
D12,primavera,23,20.78512916219839,1492
D12,verano,0,16.590541366666667,1500
D12,verano,1,15.354658317631225,1486
D12,verano,2,14.115999395874917,1503
D12,verano,3,14.562419112892451,1497
D12,verano,4,16.57572210033445,1495
D12,verano,5,19.65917795986622,1495
D12,verano,6,22.235239759197324,1495
D12,verano,7,22.08086733735748,1491
D12,verano,8,20.973110187793427,1491
D12,verano,9,19.569292545454548,1485
D12,verano,10,15.73453018230925,1481
D12,verano,11,9.949768164513936,1471
D12,verano,12,7.096340546821599,1463
D12,verano,13,6.317007315789474,1463
D12,verano,14,5.762203586584531,1461
D12,verano,15,6.344601193614131,1472
D12,verano,16,7.861144820824882,1479
D12,verano,17,9.708373255204835,1489
D12,verano,18,12.810355020080321,1494
D12,verano,19,16.087602884872826,1494
D12,verano,20,18.599917990622906,1493
D12,verano,21,19.74190010006671,1499
D12,verano,22,19.387970247828992,1497
D12,verano,23,18.097278215240642,1496
D13,invierno,0,25.103917861892587,1955
D13,invierno,1,22.771778681434597,1896
D13,invierno,2,20.803167668743512,1926
D13,invierno,3,20.093249258683258,1929
D13,invierno,4,20.32596790913784,1937
D13,invierno,5,22.64563898773006,1956
D13,invierno,6,26.446363974619292,1970
D13,invierno,7,29.409643145896656,1974
D13,invierno,8,30.09573497218007,1977
D13,invierno,9,30.103862650785604,1973
D13,invierno,10,31.876689500509684,1962
D13,invierno,11,35.524400682976555,1962
D13,invierno,12,38.96223110545084,1963
D13,invierno,13,41.82469953536896,1965
D13,invierno,14,43.82846495417515,1964
D13,invierno,15,45.97001162436548,1970
D13,invierno,16,46.125535425963484,1972
D13,invierno,17,44.39574819929186,1977
D13,invierno,18,42.646554361433616,1981
D13,invierno,19,40.65975609989909,1982
D13,invierno,20,37.95874376826196,1985
D13,invierno,21,34.82869135148764,1983
D13,invierno,22,31.353598689934245,1977
D13,invierno,23,28.122178156424578,1969
D13,otoño,0,23.44281431246568,1821
D13,otoño,1,21.158045764508927,1792
D13,otoño,2,18.558270629650192,1801
D13,otoño,3,17.967262937812325,1801
D13,otoño,4,19.62025303777778,1800
D13,otoño,5,23.55996116840373,1823
D13,otoño,6,28.321616858297414,1856
D13,otoño,7,30.256700898387095,1860
D13,otoño,8,29.595874405376346,1860
D13,otoño,9,30.501013836569577,1854
D13,otoño,10,33.57121643820831,1853
D13,otoño,11,35.49574737575096,1831
D13,otoño,12,35.344344355726875,1816
D13,otoño,13,32.7659743655439,1811
D13,otoño,14,30.509522065555554,1800
D13,otoño,15,29.55776543,1800
D13,otoño,16,30.827783955604882,1802
D13,otoño,17,33.0822524889258,1806
D13,otoño,18,35.89633800655737,1830
D13,otoño,19,37.150001653492154,1847
D13,otoño,20,36.06170340053908,1855
D13,otoño,21,33.598720260892954,1859
D13,otoño,22,30.319333693591815,1857
D13,otoño,23,26.81781421720196,1837
D13,primavera,0,16.22114416684435,1876
D13,primavera,1,14.371681405879029,1769
D13,primavera,2,12.765036795416897,1811
D13,primavera,3,12.6274783301179,1866
D13,primavera,4,14.914116341853036,1878
D13,primavera,5,18.783295352411233,1887
D13,primavera,6,21.332005907417148,1901
D13,primavera,7,20.414641799053133,1901
D13,primavera,8,20.843405144965736,1897
D13,primavera,9,22.864927933403806,1892
D13,primavera,10,24.12847443205945,1884
D13,primavera,11,23.118632131844766,1881
D13,primavera,12,20.606512988197423,1864
D13,primavera,13,17.17928394231806,1855
D13,primavera,14,15.04465434052887,1853
D13,primavera,15,14.294899320362472,1876
D13,primavera,16,15.063775404685835,1878
D13,primavera,17,17.470085782258064,1860
D13,primavera,18,20.52799019375673,1858
D13,primavera,19,23.385834748931625,1872
D13,primavera,20,24.167941171171172,1887
D13,primavera,21,23.144477001586463,1891
D13,primavera,22,20.977724375661374,1890
D13,primavera,23,18.515565155355247,1886
D13,verano,0,15.07853475150191,1831
D13,verano,1,13.543410968102966,1787
D13,verano,2,12.124420415052573,1807
D13,verano,3,11.829230465116279,1806
D13,verano,4,13.640102360043908,1822
D13,verano,5,16.792752573885007,1861
D13,verano,6,18.439817936932123,1871
D13,verano,7,17.79040188276231,1868
D13,verano,8,19.072734445454547,1870
D13,verano,9,21.615432899946494,1869
D13,verano,10,22.380865634708087,1867
D13,verano,11,17.64354385372485,1839
D13,verano,12,12.246406675511333,1809
D13,verano,13,9.428050026726059,1796
D13,verano,14,8.244184218070274,1793
D13,verano,15,8.39786597163515,1798
D13,verano,16,9.478950795704847,1816
D13,verano,17,10.627765429988976,1814
D13,verano,18,12.107514593993326,1798
D13,verano,19,14.010291713967725,1797
D13,verano,20,16.462723524544952,1813
D13,verano,21,18.147507759651987,1839
D13,verano,22,18.092563471922247,1852
D13,verano,23,16.80513497566252,1849
D14,invierno,0,31.460394096834264,1611
D14,invierno,1,29.541365840597756,1606
D14,invierno,2,25.33067129433727,1607
D14,invierno,3,23.911730334987595,1612
D14,invierno,4,23.12475795412275,1613
D14,invierno,5,23.987520806952205,1611
D14,invierno,6,27.217798734491314,1612
D14,invierno,7,33.53744587980174,1614
D14,invierno,8,42.34433706064357,1616
D14,invierno,9,44.89279842137974,1609
D14,invierno,10,43.55276191423244,1609
D14,invierno,11,40.85248219862586,1601
D14,invierno,12,36.64694959476309,1604
D14,invierno,13,32.759084722741434,1605
D14,invierno,14,30.258091692692066,1601
D14,invierno,15,29.022851009345793,1605
D14,invierno,16,30.732558648481092,1613
D14,invierno,17,34.148006606811144,1615
D14,invierno,18,36.04563304697157,1618
D14,invierno,19,36.969239362229104,1615
D14,invierno,20,37.64864992560447,1613
D14,invierno,21,37.90086593030492,1607
D14,invierno,22,36.558535186335405,1610
D14,invierno,23,34.22973414860681,1615
D14,otoño,0,25.894309064276886,1618
D14,otoño,1,25.480701674289243,1618
D14,otoño,2,22.7336626270872,1617
D14,otoño,3,22.025006759259263,1620
D14,otoño,4,21.984277407407408,1620
D14,otoño,5,23.269909848054354,1619
D14,otoño,6,26.979220487955526,1619
D14,otoño,7,34.86782204811845,1621
D14,otoño,8,39.951264561728394,1620
D14,otoño,9,39.369724972136225,1615
D14,otoño,10,36.007118424657534,1606
D14,otoño,11,30.52208377487562,1608
D14,otoño,12,24.551960205864006,1603
D14,otoño,13,19.75059193426617,1608
D14,otoño,14,17.68862114411215,1605
D14,otoño,15,16.60054815279503,1610
D14,otoño,16,18.830424134033354,1619
D14,otoño,17,23.281779251231526,1624
D14,otoño,18,26.84077469249692,1626
D14,otoño,19,27.60924393230769,1625
D14,otoño,20,28.077236084818686,1627
D14,otoño,21,28.83632098955132,1627
D14,otoño,22,28.776124012292563,1627
D14,otoño,23,27.666719956923075,1625
D14,primavera,0,17.802202259810556,1478
D14,primavera,1,17.465913550979067,1481
D14,primavera,2,16.47816802575958,1514
D14,primavera,3,16.793285777704487,1516
D14,primavera,4,18.166202353289474,1520
D14,primavera,5,21.27979734868421,1520
D14,primavera,6,25.968236263157895,1520
D14,primavera,7,27.753600268774704,1518
D14,primavera,8,26.349362325872285,1519
D14,primavera,9,23.424576490403705,1511
D14,primavera,10,20.194780118508657,1502
D14,primavera,11,15.708817575919731,1495
D14,primavera,12,12.110816037609133,1489
D14,primavera,13,10.076349857725752,1495
D14,primavera,14,8.964749390289953,1483
D14,primavera,15,8.289542558277255,1486
D14,primavera,16,9.114502758803987,1505
D14,primavera,17,11.823153010547133,1517
D14,primavera,18,15.115496957950066,1522
D14,primavera,19,16.109041307490145,1522
D14,primavera,20,17.16595804733728,1521
D14,primavera,21,18.33714717751479,1521
D14,primavera,22,18.71089050065876,1518
D14,primavera,23,18.259313091567854,1518
D14,verano,0,14.556235374158815,1486
D14,verano,1,15.215434741089442,1487
D14,verano,2,15.299189042780748,1496
D14,verano,3,16.035244955592542,1502
D14,verano,4,17.432717150466043,1502
D14,verano,5,19.688975068575232,1502
D14,verano,6,24.19181340412783,1502
D14,verano,7,24.90234518442077,1502
D14,verano,8,22.79807439706862,1501
D14,verano,9,18.751241278852568,1499
D14,verano,10,13.497597076608578,1492
D14,verano,11,9.018845528263796,1486
D14,verano,12,6.835534452422611,1486
D14,verano,13,5.896219851956816,1482
D14,verano,14,5.685652087423936,1479
D14,verano,15,5.674939132526882,1488
D14,verano,16,6.137105229415715,1489
D14,verano,17,6.932590207496653,1494
D14,verano,18,8.589845198,1500
D14,verano,19,10.030326784523014,1499
D14,verano,20,10.810115033333332,1500
D14,verano,21,11.796051491333333,1500
D14,verano,22,13.01744008,1500
D14,verano,23,14.059520239840106,1501
D15,invierno,0,28.84385417192812,2059
D15,invierno,1,25.767920501002003,1996
D15,invierno,2,22.747982706921945,2037
D15,invierno,3,21.77964949381393,2053
D15,invierno,4,21.355052105520276,2047
D15,invierno,5,23.200830667316122,2053
D15,invierno,6,26.951703399612025,2062
D15,invierno,7,31.809601052199127,2069
D15,invierno,8,35.403277243243245,2072
D15,invierno,9,34.21463607246377,2070
D15,invierno,10,31.61234215504632,2051
D15,invierno,11,28.50101210166178,2046
D15,invierno,12,26.057899176960785,2040
D15,invierno,13,23.942889816608997,2023
D15,invierno,14,23.207661914893617,2021
D15,invierno,15,24.44801049082796,2017
D15,invierno,16,29.801743687561213,2042
D15,invierno,17,34.94713544664413,2071
D15,invierno,18,36.597847885206534,2082
D15,invierno,19,37.08326473355737,2083
D15,invierno,20,36.92013132466282,2076
D15,invierno,21,35.7956244980695,2072
D15,invierno,22,33.86451572257129,2069
D15,invierno,23,31.503373692382336,2061
D15,otoño,0,22.427279340974213,2094
D15,otoño,1,20.526758948133786,2063
D15,otoño,2,18.943725590211134,2084
D15,otoño,3,19.102687494022,2091
D15,otoño,4,20.288716440516005,2093
D15,otoño,5,23.348148285577842,2094
D15,otoño,6,27.813439904534608,2095
D15,otoño,7,32.483269460877864,2096
D15,otoño,8,32.714101969480204,2097
D15,otoño,9,29.033185031085605,2091
D15,otoño,10,24.827901305595407,2091
D15,otoño,11,20.657862121634615,2080
D15,otoño,12,17.200133758454104,2070
D15,otoño,13,14.580164697203472,2074
D15,otoño,14,13.444870166826922,2080
D15,otoño,15,14.181188060911271,2085
D15,otoño,16,18.45872202386635,2095
D15,otoño,17,25.528547074797522,2099
D15,otoño,18,29.584601385714286,2100
D15,otoño,19,30.29870244635193,2097
D15,otoño,20,29.99215688899476,2099
D15,otoño,21,28.736699637750238,2098
D15,otoño,22,27.15439413167939,2096
D15,otoño,23,25.01087232458234,2095
D15,primavera,0,15.31277861787768,1913
D15,primavera,1,14.151396946183416,1821
D15,primavera,2,14.208648316213795,1899
D15,primavera,3,14.95114657539267,1910
D15,primavera,4,17.729021840292276,1916
D15,primavera,5,21.322942821041774,1939
D15,primavera,6,23.142820118434603,1942
D15,primavera,7,21.631199074935402,1935
D15,primavera,8,18.843892352941175,1921
D15,primavera,9,16.214608476890756,1904
D15,primavera,10,13.69820919884575,1906
D15,primavera,11,11.215641426299046,1886
D15,primavera,12,9.612539086829528,1883
D15,primavera,13,8.239594828449654,1877
D15,primavera,14,7.849421679235262,1883
D15,primavera,15,8.142846567653278,1892
D15,primavera,16,9.154109892444911,1906
D15,primavera,17,12.963582154724818,1926
D15,primavera,18,18.20502436186571,1951
D15,primavera,19,20.26358283666155,1953
D15,primavera,20,20.74005736004109,1947
D15,primavera,21,19.91979799587841,1941
D15,primavera,22,18.444060932159502,1931
D15,primavera,23,16.79799617831074,1918
D15,verano,0,12.347128241927471,2013
D15,verano,1,11.583809005102042,1960
D15,verano,2,11.567005886465047,2017
D15,verano,3,13.098815550595237,2016
D15,verano,4,16.086573816831685,2020
D15,verano,5,18.884465232443127,2022
D15,verano,6,20.00543725654968,2023
D15,verano,7,18.153916243203167,2023
D15,verano,8,15.450470336800395,2019
D15,verano,9,12.746104225694445,2016
D15,verano,10,9.383794375936096,2003
D15,verano,11,6.756823192152917,1988
D15,verano,12,5.638607284845413,1973
D15,verano,13,5.456445723404255,1974
D15,verano,14,5.088964375634517,1970
D15,verano,15,5.4258256161616165,1980
D15,verano,16,5.650574535464536,2002
D15,verano,17,6.711877353233831,2010
D15,verano,18,9.642494051510647,2019
D15,verano,19,12.977506605640773,2021
D15,verano,20,14.869058518334985,2018
D15,verano,21,14.530750629335976,2018
D15,verano,22,13.844523214285713,2016
D15,verano,23,13.228900551142006,2014
D16,invierno,0,31.040430820895523,1072
D16,invierno,1,29.3343931010101,990
D16,invierno,2,25.66910132022472,1068
D16,invierno,3,24.073809562383612,1074
D16,invierno,4,23.043345255338906,1077
D16,invierno,5,24.08712121996303,1082
D16,invierno,6,27.88294166202414,1077
D16,invierno,7,34.80859817836812,1054
D16,invierno,8,40.863238828571426,1050
D16,invierno,9,41.9203452340824,1068
D16,invierno,10,38.70140445479962,1073
D16,invierno,11,34.018877825679475,1067
D16,invierno,12,30.257912662889517,1059
D16,invierno,13,27.310232345794393,1070
D16,invierno,14,25.493730252336448,1070
D16,invierno,15,25.80807995340168,1073
D16,invierno,16,30.38436664504171,1079
D16,invierno,17,35.27638377654663,1083
D16,invierno,18,35.407441792975966,1082
D16,invierno,19,35.50505843807764,1082
D16,invierno,20,35.87230098788444,1073
D16,invierno,21,35.720853137254906,1071
D16,invierno,22,34.72980445590994,1066
D16,invierno,23,33.14783015009381,1066
D16,otoño,0,24.64319116814159,1017
D16,otoño,1,24.159933698924732,930
D16,otoño,2,21.714389135693214,1017
D16,otoño,3,21.38898512745098,1020
D16,otoño,4,21.834911076125245,1022
D16,otoño,5,24.07597075268817,1023
D16,otoño,6,28.635305362658848,1023
D16,otoño,7,36.23368803940887,1015
D16,otoño,8,39.182669607458294,1019
D16,otoño,9,36.28391800785083,1019
D16,otoño,10,30.380559970297032,1010
D16,otoño,11,24.318066324701196,1004
D16,otoño,12,18.929383246015938,1004
D16,otoño,13,15.54455081010101,990
D16,otoño,14,13.834015527527527,999
D16,otoño,15,14.368640537848606,1004
D16,otoño,16,18.359676083086054,1011
D16,otoño,17,25.04179519607843,1020
D16,otoño,18,27.492106686159843,1026
D16,otoño,19,27.63831943414634,1025
D16,otoño,20,27.930300760975612,1025
D16,otoño,21,27.666345905974534,1021
D16,otoño,22,27.066993870967742,1023
D16,otoño,23,26.204872314453127,1024
D16,primavera,0,16.034051677419356,961
D16,primavera,1,15.844017555555554,945
D16,primavera,2,14.99816155319149,940
D16,primavera,3,15.392163286597938,970
D16,primavera,4,17.67445941200407,983
D16,primavera,5,21.58451700203252,984
D16,primavera,6,25.51665825380711,985
D16,primavera,7,26.08444044715447,984
D16,primavera,8,22.859961475076297,983
D16,primavera,9,19.102434898167004,982
D16,primavera,10,15.039606460593655,977
D16,primavera,11,11.347497459016394,976
D16,primavera,12,8.707870229405632,959
D16,primavera,13,7.074108818467995,953
D16,primavera,14,6.449927228075709,951
D16,primavera,15,6.570086449320794,957
D16,primavera,16,7.822409368106996,972
D16,primavera,17,11.711759370558374,985
D16,primavera,18,16.73790481744422,986
D16,primavera,19,18.04664538539554,986
D16,primavera,20,18.58278238821138,984
D16,primavera,21,18.14021964467005,985
D16,primavera,22,17.509818649694502,982
D16,primavera,23,16.945982717683556,967
D16,verano,0,11.10108554736842,950
D16,verano,1,11.061352945285215,859
D16,verano,2,11.145550241561182,948
D16,verano,3,12.809963045267489,972
D16,verano,4,15.655554155844156,1001
D16,verano,5,19.073877519841272,1008
D16,verano,6,22.684990327056493,1009
D16,verano,7,21.029809512922466,1006
D16,verano,8,16.94924282457879,1009
D16,verano,9,13.366477088733799,1003
D16,verano,10,9.490726534552847,984
D16,verano,11,6.273855043841336,958
D16,verano,12,4.94505432631579,950
D16,verano,13,4.363493907725322,932
D16,verano,14,4.054575522258415,921
D16,verano,15,4.085599155844156,924
D16,verano,16,4.610483005324814,939
D16,verano,17,5.842651599160545,953
D16,verano,18,8.985140471794871,975
D16,verano,19,11.574536671443195,977
D16,verano,20,11.834695584944049,983
D16,verano,21,11.207730971370143,978
D16,verano,22,10.976272320499481,961
D16,verano,23,11.102948655462185,952
D17,invierno,0,27.88457911444142,1468
D17,invierno,1,24.9809792481203,1463
D17,invierno,2,22.013800122866893,1465
D17,invierno,3,21.14859848464164,1465
D17,invierno,4,21.99519194805195,1463
D17,invierno,5,26.141789515358365,1465
D17,invierno,6,31.530282600682593,1465
D17,invierno,7,39.31117283459162,1457
D17,invierno,8,44.35486680327869,1464
D17,invierno,9,43.28622134856753,1466
D17,invierno,10,43.171439229181004,1453
D17,invierno,11,41.856404820441995,1448
D17,invierno,12,38.35440966230186,1451
D17,invierno,13,34.248343585823484,1439
D17,invierno,14,30.97138132332402,1432
D17,invierno,15,31.055624986091793,1438
D17,invierno,16,36.25465427955494,1438
D17,invierno,17,41.68505139231824,1458
D17,invierno,18,41.97452486671224,1463
D17,invierno,19,41.41774132191781,1460
D17,invierno,20,40.392307018505825,1459
D17,invierno,21,38.1829465868673,1462
D17,invierno,22,35.33753476060191,1462
D17,invierno,23,31.57162093579235,1464
D17,otoño,0,23.773922904564316,1446
D17,otoño,1,21.595920844290657,1445
D17,otoño,2,19.47002311418685,1445
D17,otoño,3,19.211246297577855,1445
D17,otoño,4,21.534057460207613,1445
D17,otoño,5,25.29117952908587,1444
D17,otoño,6,31.313774272853184,1444
D17,otoño,7,37.12112226454293,1444
D17,otoño,8,37.3329866851595,1442
D17,otoño,9,36.118493972222225,1440
D17,otoño,10,33.48451921309192,1436
D17,otoño,11,28.656418423988846,1434
D17,otoño,12,23.044389329362296,1427
D17,otoño,13,18.850215353393985,1429
D17,otoño,14,16.63456759493671,1422
D17,otoño,15,18.2956140097629,1434
D17,otoño,16,23.646759485753996,1439
D17,otoño,17,31.120231047883415,1441
D17,otoño,18,34.224676106500695,1446
D17,otoño,19,34.66808240663901,1446
D17,otoño,20,34.081073188105115,1446
D17,otoño,21,32.4834297097443,1447
D17,otoño,22,30.14245334485142,1447
D17,otoño,23,26.964248748271093,1446
D17,primavera,0,17.649249057706356,1369
D17,primavera,1,16.213760816629545,1347
D17,primavera,2,15.394239176984703,1373
D17,primavera,3,16.292367677793905,1378
D17,primavera,4,19.62597730769231,1378
D17,primavera,5,23.996707785817655,1382
D17,primavera,6,27.346583137681158,1380
D17,primavera,7,27.04500510159652,1378
D17,primavera,8,25.43215310997815,1373
D17,primavera,9,22.81124397951719,1367
D17,primavera,10,18.934354600146737,1363
D17,primavera,11,15.643355203552922,1351
D17,primavera,12,12.911431655274889,1346
D17,primavera,13,11.417847755011136,1347
D17,primavera,14,11.227121698813058,1348
D17,primavera,15,11.595383729689807,1354
D17,primavera,16,14.176949492273732,1359
D17,primavera,17,18.91466910753475,1367
D17,primavera,18,23.048890094752185,1372
D17,primavera,19,24.457996763636363,1375
D17,primavera,20,24.716793978181816,1375
D17,primavera,21,24.20392641660597,1373
D17,primavera,22,22.355822405247814,1372
D17,primavera,23,19.960521246355686,1372
D17,verano,0,14.863819486999297,1423
D17,verano,1,13.953732326241134,1410
D17,verano,2,13.786220106007066,1415
D17,verano,3,14.899699359154932,1420
D17,verano,4,17.847046631504924,1422
D17,verano,5,20.74947603932584,1424
D17,verano,6,23.084097517531557,1426
D17,verano,7,22.140170679747722,1427
D17,verano,8,21.177113057503508,1426
D17,verano,9,17.778963239436617,1420
D17,verano,10,12.52678595338983,1416
D17,verano,11,8.880506028368794,1410
D17,verano,12,7.568017783937455,1407
D17,verano,13,7.340515285714286,1400
D17,verano,14,7.194564202279202,1404
D17,verano,15,7.848095610795454,1408
D17,verano,16,8.928817528248588,1416
D17,verano,17,10.474805496129486,1421
D17,verano,18,12.856030491573035,1424
D17,verano,19,15.498415688202247,1424
D17,verano,20,17.565350407017544,1425
D17,verano,21,18.581134785964913,1425
D17,verano,22,18.051982819074333,1426
D17,verano,23,16.654199971910113,1424
D18,invierno,0,28.844291726883036,1633
D18,invierno,1,26.498217154222765,1634
D18,invierno,2,23.374055294117646,1632
D18,invierno,3,22.333535155582673,1639
D18,invierno,4,21.87212043956044,1638
D18,invierno,5,23.956708944478343,1639
D18,invierno,6,27.709525676829266,1640
D18,invierno,7,33.53226406707317,1640
D18,invierno,8,38.959198434835564,1642
D18,invierno,9,38.37168065813528,1641
D18,invierno,10,35.15422384568279,1633
D18,invierno,11,31.646460306184935,1633
D18,invierno,12,29.06096535495716,1634
D18,invierno,13,26.5455606773399,1624
D18,invierno,14,25.50852754878049,1640
D18,invierno,15,26.06496551892552,1638
D18,invierno,16,31.00784419059255,1637
D18,invierno,17,37.44065143205362,1641
D18,invierno,18,39.64945166361974,1641
D18,invierno,19,39.831654432926825,1640
D18,invierno,20,38.805542628048784,1640
D18,invierno,21,36.843287516778524,1639
D18,invierno,22,34.69885128815629,1638
D18,invierno,23,31.709240415394014,1637
D18,otoño,0,22.18879677379481,1618
D18,otoño,1,20.69548982054455,1616
D18,otoño,2,19.127905702736317,1608
D18,otoño,3,19.024399307359307,1617
D18,otoño,4,20.5119322249691,1618
D18,otoño,5,23.67449852813853,1617
D18,otoño,6,28.2813616934487,1618
D18,otoño,7,33.71330368355995,1618
D18,otoño,8,34.197928362175524,1618
D18,otoño,9,30.61972379032258,1612
D18,otoño,10,26.31739428926133,1611
D18,otoño,11,22.20949478504673,1605
D18,otoño,12,18.595293005600496,1607
D18,otoño,13,15.460121938394524,1607
D18,otoño,14,14.048221576323987,1605
D18,otoño,15,14.348235455562461,1609
D18,otoño,16,17.968530024752475,1616
D18,otoño,17,25.681200438271606,1620
D18,otoño,18,30.678464235511715,1622
D18,otoño,19,31.281971731361672,1623
D18,otoño,20,30.536901637931035,1624
D18,otoño,21,29.290770578817735,1624
D18,otoño,22,27.473035826140563,1622
D18,otoño,23,24.96333064894932,1618
D18,primavera,0,15.526014058091286,1446
D18,primavera,1,14.488946893499309,1446
D18,primavera,2,13.909637515274948,1473
D18,primavera,3,14.72876352303523,1476
D18,primavera,4,18.034388389715833,1478
D18,primavera,5,21.903430223425865,1477
D18,primavera,6,24.221966129905276,1478
D18,primavera,7,23.019988861016948,1475
D18,primavera,8,20.057660454545456,1474
D18,primavera,9,17.22525470149254,1474
D18,primavera,10,14.813343108843537,1470
D18,primavera,11,12.185871303485987,1463
D18,primavera,12,9.882932128444747,1466
D18,primavera,13,8.790523010197145,1471
D18,primavera,14,7.623310172554348,1472
D18,primavera,15,7.383486066350711,1477
D18,primavera,16,8.531460000676132,1479
D18,primavera,17,12.34042425,1480
D18,primavera,18,18.500454052774018,1478
D18,primavera,19,21.368115537525355,1479
D18,primavera,20,21.732174709066307,1478
D18,primavera,21,21.002906689234937,1477
D18,primavera,22,19.32770779282329,1477
D18,primavera,23,17.225387296747968,1476
D18,verano,0,11.18955776528461,1423
D18,verano,1,10.549902176678446,1415
D18,verano,2,10.741457588152327,1418
D18,verano,3,12.13014912464986,1428
D18,verano,4,15.715467905027932,1432
D18,verano,5,18.18434657202216,1444
D18,verano,6,19.127628354166667,1440
D18,verano,7,17.357215928521374,1427
D18,verano,8,14.873561752287122,1421
D18,verano,9,12.441397001414428,1414
D18,verano,10,9.364983111268604,1411
D18,verano,11,6.346588733191791,1413
D18,verano,12,4.787764517045455,1408
D18,verano,13,4.157963055039313,1399
D18,verano,14,3.9152533001425516,1403
D18,verano,15,4.1013373122332855,1406
D18,verano,16,4.452025166077738,1415
D18,verano,17,5.575908173943661,1420
D18,verano,18,8.443789791170287,1427
D18,verano,19,12.224845525210084,1428
D18,verano,20,13.896140523743016,1432
D18,verano,21,13.65372733006307,1427
D18,verano,22,13.09751569122807,1425
D18,verano,23,12.205725611929823,1425
D27,invierno,0,24.86527195614577,1619
D27,invierno,1,22.824504764851486,1616
D27,invierno,2,20.996787053349877,1612
D27,invierno,3,20.477820321384424,1618
D27,invierno,4,21.195498513263416,1621
D27,invierno,5,24.585954420468557,1622
D27,invierno,6,28.085055188155458,1621
D27,invierno,7,30.036802035780383,1621
D27,invierno,8,28.932225184956845,1622
D27,invierno,9,27.45799243811881,1616
D27,invierno,10,27.545117659048792,1619
D27,invierno,11,27.355773164400492,1618
D27,invierno,12,26.742454764560097,1614
D27,invierno,13,24.37229623215394,1611
D27,invierno,14,21.83992172732881,1621
D27,invierno,15,21.394362544670365,1623
D27,invierno,16,25.727181396923076,1625
D27,invierno,17,32.102918339483395,1626
D27,invierno,18,34.748716787469284,1628
D27,invierno,19,35.05924472068754,1629
D27,invierno,20,34.346480626920716,1627
D27,invierno,21,32.62405954573358,1629
D27,invierno,22,30.003473480934808,1626
D27,invierno,23,27.24985009253547,1621
D27,otoño,0,20.24849716912669,1626
D27,otoño,1,18.105743934527485,1619
D27,otoño,2,16.428230412025314,1580
D27,otoño,3,16.915016159581022,1623
D27,otoño,4,20.266135279655806,1627
D27,otoño,5,24.49468609711125,1627
D27,otoño,6,27.625660792383293,1628
D27,otoño,7,26.997894499693064,1629
D27,otoño,8,24.4813500799508,1626
D27,otoño,9,23.27449987684729,1624
D27,otoño,10,22.271958600062035,1612
D27,otoño,11,20.00505265982587,1608
D27,otoño,12,16.009466994353826,1594
D27,otoño,13,12.977538237405541,1588
D27,otoño,14,11.578879568196104,1591
D27,otoño,15,11.554832473520248,1605
D27,otoño,16,14.783599306551299,1618
D27,otoño,17,21.057999417177914,1630
D27,otoño,18,25.539492434089517,1631
D27,otoño,19,27.916683594611143,1633
D27,otoño,20,28.77860971848225,1634
D27,otoño,21,27.955733092467852,1633
D27,otoño,22,25.912588639705884,1632
D27,otoño,23,23.052695687116564,1630
D27,primavera,0,15.737404763588735,1527
D27,primavera,1,14.195040987516427,1522
D27,primavera,2,13.184065187910644,1522
D27,primavera,3,14.406835636304065,1526
D27,primavera,4,18.523830501955672,1534
D27,primavera,5,21.81450582682292,1536
D27,primavera,6,21.347879276401564,1534
D27,primavera,7,19.13772509458578,1533
D27,primavera,8,17.365164396607955,1533
D27,primavera,9,15.969436977806788,1532
D27,primavera,10,13.419444560815254,1521
D27,primavera,11,10.463695167083607,1519
D27,primavera,12,8.198609159075907,1515
D27,primavera,13,7.288203564554456,1515
D27,primavera,14,6.760634071597633,1521
D27,primavera,15,7.140069925950197,1526
D27,primavera,16,8.120346771447283,1527
D27,primavera,17,11.160927235294116,1530
D27,primavera,18,15.724073759791121,1532
D27,primavera,19,18.973907077625572,1533
D27,primavera,20,21.147011668839635,1534
D27,primavera,21,21.153254056714474,1534
D27,primavera,22,19.770756739556134,1532
D27,primavera,23,17.768100100653594,1530
D27,verano,0,13.37913501965924,1526
D27,verano,1,12.274570304518663,1527
D27,verano,2,11.38648306295082,1525
D27,verano,3,12.800095130718955,1530
D27,verano,4,16.70024731788512,1532
D27,verano,5,18.615130065231572,1533
D27,verano,6,17.226224458224543,1532
D27,verano,7,15.301736631853785,1532
D27,verano,8,14.125319106327463,1533
D27,verano,9,11.91399484888305,1522
D27,verano,10,8.556468058316767,1509
D27,verano,11,5.421989560991958,1492
D27,verano,12,4.282818385858586,1485
D27,verano,13,4.068438206101694,1475
D27,verano,14,4.310473960731212,1477
D27,verano,15,4.272552353297443,1486
D27,verano,16,4.466003258366801,1494
D27,verano,17,5.446707240397351,1510
D27,verano,18,7.450300898950132,1524
D27,verano,19,9.99409886571056,1534
D27,verano,20,12.578805518590999,1533
D27,verano,21,13.98081642801303,1535
D27,verano,22,14.631018272490222,1534
D27,verano,23,14.423552522816166,1534
D28,invierno,0,16.154394116719576,945
D28,invierno,1,15.924108809322034,944
D28,invierno,2,15.794530547128927,923
D28,invierno,3,16.41887868553459,954
D28,invierno,4,17.04529283908046,957
D28,invierno,5,17.596116089676745,959
D28,invierno,6,18.1582342591051,961
D28,invierno,7,19.777380739170983,965
D28,invierno,8,21.786477273040752,957
D28,invierno,9,23.040620066107028,953
D28,invierno,10,21.574311943098,949
D28,invierno,11,18.870425132012848,934
D28,invierno,12,15.859578296183205,917
D28,invierno,13,13.248147298688524,915
D28,invierno,14,11.667785646943232,916
D28,invierno,15,11.305669798694234,919
D28,invierno,16,12.158845251187905,926
D28,invierno,17,14.328701887218045,931
D28,invierno,18,17.166849611876987,943
D28,invierno,19,18.68252797827912,953
D28,invierno,20,18.963181329467083,957
D28,invierno,21,18.650001474895397,956
D28,invierno,22,17.719151619727178,953
D28,invierno,23,16.805602228840126,957
D28,otoño,0,11.159190084801763,908
D28,otoño,1,10.981682713178294,903
D28,otoño,2,10.810314221374044,917
D28,otoño,3,11.570955892661557,913
D28,otoño,4,12.442183431053204,921
D28,otoño,5,13.191116073752712,922
D28,otoño,6,14.200786386192016,927
D28,otoño,7,15.770977746478874,923
D28,otoño,8,16.869604046052633,912
D28,otoño,9,15.882391094654789,898
D28,otoño,10,13.287339096737908,889
D28,otoño,11,10.023805219792864,869
D28,otoño,12,7.790057717798595,854
D28,otoño,13,6.576547545595238,840
D28,otoño,14,5.305487229369797,841
D28,otoño,15,5.1575936682408505,847
D28,otoño,16,5.549518155452437,862
D28,otoño,17,7.065072716763006,865
D28,otoño,18,9.917230158256881,872
D28,otoño,19,12.116903629124005,879
D28,otoño,20,12.353318042744657,889
D28,otoño,21,12.015079688195991,898
D28,otoño,22,11.825598168701443,901
D28,otoño,23,11.589526345514951,903
D28,primavera,0,11.095317769784174,834
D28,primavera,1,10.993983503597123,834
D28,primavera,2,11.33114503236994,865
D28,primavera,3,12.408219383352735,859
D28,primavera,4,13.629590696551723,870
D28,primavera,5,14.324171151894376,871
D28,primavera,6,14.877437937788018,868
D28,primavera,7,13.99687260265896,865
D28,primavera,8,12.656159979881657,845
D28,primavera,9,11.179101812560976,820
D28,primavera,10,9.622379020050126,798
D28,primavera,11,7.621617965184243,787
D28,primavera,12,7.419621601028278,778
D28,primavera,13,6.407856534334204,766
D28,primavera,14,6.843369862023653,761
D28,primavera,15,6.556488231382979,752
D28,primavera,16,6.220282815111696,761
D28,primavera,17,6.719818780051151,782
D28,primavera,18,8.413867268600251,793
D28,primavera,19,10.493587590062111,805
D28,primavera,20,11.779289378934624,826
D28,primavera,21,11.492223738868832,831
D28,primavera,22,11.324374201680673,833
D28,primavera,23,11.155956410991637,837
D28,verano,0,5.820186019762846,759
D28,verano,1,6.284009421333334,750
D28,verano,2,6.895291432329843,764
D28,verano,3,7.561999991540405,792
D28,verano,4,8.259484190176323,794
D28,verano,5,8.9234193878327,789
D28,verano,6,8.84224612596401,778
D28,verano,7,7.7193510169270825,768
D28,verano,8,6.139044753042328,756
D28,verano,9,4.713521559303882,747
D28,verano,10,3.6141134369294607,723
D28,verano,11,2.883401769819194,719
D28,verano,12,2.542635565267728,691
D28,verano,13,3.0038127469476743,688
D28,verano,14,2.453479786899563,687
D28,verano,15,2.26171992,685
D28,verano,16,2.2345343890532545,676
D28,verano,17,2.2138481945827233,683
D28,verano,18,2.5253475561505065,691
D28,verano,19,3.5042835138222848,709
D28,verano,20,4.652886510960758,739
D28,verano,21,5.100269074569536,755
D28,verano,22,5.249761383178808,755
D28,verano,23,5.40111317615894,755
D29,invierno,0,28.035697033898302,590
D29,invierno,1,24.305438962585036,588
D29,invierno,2,21.242987811965815,585
D29,invierno,3,21.20164425170068,588
D29,invierno,4,23.244016033898305,590
D29,invierno,5,26.66905924369748,595
D29,invierno,6,29.445886264855687,589
D29,invierno,7,30.45640701694915,590
D29,invierno,8,30.734338968386023,601
D29,invierno,9,30.649942579034942,601
D29,invierno,10,30.177749463986597,597
D29,invierno,11,29.647134699828474,583
D29,invierno,12,28.38565663778163,577
D29,invierno,13,26.66304801056338,568
D29,invierno,14,26.376969538188277,563
D29,invierno,15,27.922897200704227,568
D29,invierno,16,33.45340551126516,577
D29,invierno,17,39.59260714043993,591
D29,invierno,18,41.054291771720614,587
D29,invierno,19,41.65022352040816,588
D29,invierno,20,40.34134928205128,585
D29,invierno,21,37.97898226575809,587
D29,invierno,22,35.921895694682675,583
D29,invierno,23,32.43997463247864,585
D29,otoño,0,25.14725653907496,627
D29,otoño,1,22.78313926517572,626
D29,otoño,2,21.223699743589744,624
D29,otoño,3,22.454247952,625
D29,otoño,4,24.85974752,625
D29,otoño,5,27.66398536741214,626
D29,otoño,6,28.667785312,625
D29,otoño,7,29.48264544,625
D29,otoño,8,28.778583024,625
D29,otoño,9,27.70430996794872,624
D29,otoño,10,26.076102544,625
D29,otoño,11,23.1688034670947,623
D29,otoño,12,19.573786655948552,622
D29,otoño,13,16.714508624595467,618
D29,otoño,14,15.533345928917608,619
D29,otoño,15,16.52667033870968,620
D29,otoño,16,20.79101003210273,623
D29,otoño,17,26.693046012861736,622
D29,otoño,18,31.756585431309908,626
D29,otoño,19,33.97280447452229,628
D29,otoño,20,33.44944888,625
D29,otoño,21,32.57393237639553,627
D29,otoño,22,31.536754308426076,629
D29,otoño,23,28.730469650238476,629
D29,primavera,0,18.18095926470588,476
D29,primavera,1,16.977240083857442,477
D29,primavera,2,16.613726163522013,477
D29,primavera,3,18.68878924528302,477
D29,primavera,4,21.56444192468619,478
D29,primavera,5,23.780771255230125,478
D29,primavera,6,23.093638096234308,478
D29,primavera,7,20.86948138655462,476
D29,primavera,8,18.520432473794546,477
D29,primavera,9,16.96788822175732,478
D29,primavera,10,14.809952955974843,477
D29,primavera,11,12.442605168776371,474
D29,primavera,12,10.360068227848101,474
D29,primavera,13,8.96082957537155,471
D29,primavera,14,8.482373206751054,474
D29,primavera,15,8.907165693277312,476
D29,primavera,16,10.439293430962342,478
D29,primavera,17,13.884689540709811,479
D29,primavera,18,19.51306139874739,479
D29,primavera,19,24.081900125260958,479
D29,primavera,20,25.000304217118998,479
D29,primavera,21,24.445257050209204,478
D29,primavera,22,23.257390983263598,478
D29,primavera,23,20.708655408805033,477
D29,verano,0,13.072422687747036,506
D29,verano,1,12.577120217821783,505
D29,verano,2,13.177395535714286,504
D29,verano,3,15.982030514851484,505
D29,verano,4,19.26545685148515,505
D29,verano,5,20.177922495049504,505
D29,verano,6,19.76092487128713,505
D29,verano,7,18.563713900990102,505
D29,verano,8,16.401078023715417,506
D29,verano,9,13.613450454545454,506
D29,verano,10,10.095382549800798,502
D29,verano,11,6.903756103379722,503
D29,verano,12,5.455101454183267,502
D29,verano,13,5.09262606361829,503
D29,verano,14,4.863344311377245,501
D29,verano,15,5.025197231075698,502
D29,verano,16,5.390994110671937,506
D29,verano,17,6.321361437007874,508
D29,verano,18,9.772133431952664,507
D29,verano,19,14.46970847826087,506
D29,verano,20,16.49901381422925,506
D29,verano,21,16.734851363636366,506
D29,verano,22,16.134301821782177,505
D29,verano,23,14.420599564356436,505
E03,invierno,0,5.0511032894736845,152
E03,invierno,1,4.128575855263158,152
E03,invierno,2,3.5887998684210523,152
E03,invierno,3,3.3821271523178806,151
E03,invierno,4,3.4896126973684205,152
E03,invierno,5,5.346916710526316,152
E03,invierno,6,7.527947565789473,152
E03,invierno,7,8.798669868421053,152
E03,invierno,8,9.216987385620916,153
E03,invierno,9,7.975497565789475,152
E03,invierno,10,7.741867483443708,151
E03,invierno,11,5.9605283006535945,153
E03,invierno,12,5.255732105263157,152
E03,invierno,13,5.080567565789473,152
E03,invierno,14,5.989864183006536,153
E03,invierno,15,6.937561895424836,153
E03,invierno,16,9.518521633986929,153
E03,invierno,17,13.064008627450981,153
E03,invierno,18,13.82107335526316,152
E03,invierno,19,12.426652418300653,153
E03,invierno,20,11.078194509803922,153
E03,invierno,21,9.473919868421053,152
E03,invierno,22,7.787682091503268,153
E03,invierno,23,6.505292402597402,154
E03,otoño,0,4.064097757009345,107
E03,otoño,1,3.4726598113207547,106
E03,otoño,2,3.206859905660377,106
E03,otoño,3,2.93337858490566,106
E03,otoño,4,3.088119905660377,106
E03,otoño,5,4.1766186792452835,106
E03,otoño,6,4.993679339622641,106
E03,otoño,7,4.686032641509434,106
E03,otoño,8,5.390430285714285,105
E03,otoño,9,6.354040476190477,105
E03,otoño,10,5.132958867924529,106
E03,otoño,11,5.547679056603774,106
E03,otoño,12,4.95686523364486,107
E03,otoño,13,4.656878224299065,107
E03,otoño,14,4.266675514018692,107
E03,otoño,15,4.738615943396226,106
E03,otoño,16,6.276611495327103,107
E03,otoño,17,7.876673611111111,108
E03,otoño,18,8.565863611111112,108
E03,otoño,19,7.969871666666666,108
E03,otoño,20,7.16037462962963,108
E03,otoño,21,6.132756666666666,108
E03,otoño,22,5.359891111111112,108
E03,otoño,23,4.740671588785047,107
E03,primavera,0,3.642301978021978,182
E03,primavera,1,3.147017142857143,182
E03,primavera,2,2.727073038674033,181
E03,primavera,3,2.607435635359116,181
E03,primavera,4,3.3041715934065934,182
E03,primavera,5,6.807899171270718,181
E03,primavera,6,8.103498508287293,181
E03,primavera,7,6.595293406593407,182
E03,primavera,8,4.976567747252747,182
E03,primavera,9,3.6682012087912086,182
E03,primavera,10,3.050408406593407,182
E03,primavera,11,2.491519281767956,181
E03,primavera,12,2.15094521978022,182
E03,primavera,13,2.8970504395604397,182
E03,primavera,14,2.286824175824176,182
E03,primavera,15,2.48959478021978,182
E03,primavera,16,3.3234192307692307,182
E03,primavera,17,5.217996538461539,182
E03,primavera,18,8.319806538461538,182
E03,primavera,19,9.867007417582418,182
E03,primavera,20,9.762292307692308,182
E03,primavera,21,8.410690714285714,182
E03,primavera,22,6.272363241758241,182
E03,primavera,23,4.460744065934066,182
E03,verano,0,3.3336058235294117,170
E03,verano,1,2.7458538235294117,170
E03,verano,2,2.464327411764706,170
E03,verano,3,2.3397993529411765,170
E03,verano,4,2.785199647058824,170
E03,verano,5,4.325352823529411,170
E03,verano,6,4.288938823529412,170
E03,verano,7,3.3100890588235297,170
E03,verano,8,2.700520882352941,170
E03,verano,9,2.734276153846154,169
E03,verano,10,1.933934294117647,170
E03,verano,11,1.9798973529411765,170
E03,verano,12,2.157193,170
E03,verano,13,1.7913978235294117,170
E03,verano,14,1.7708862941176473,170
E03,verano,15,1.8752006547619047,168
E03,verano,16,2.1663508333333334,168
E03,verano,17,2.5594694642857143,168
E03,verano,18,3.405210295857988,169
E03,verano,19,5.165034142011834,169
E03,verano,20,6.374261294117647,170
E03,verano,21,5.960983294117647,170
E03,verano,22,4.947614470588236,170
E03,verano,23,4.044938343195266,169
E06,invierno,0,2.51926251,60
E06,invierno,1,2.468296795,60
E06,invierno,2,2.395151175,60
E06,invierno,3,2.3458370498333334,60
E06,invierno,4,2.3992091766666666,60
E06,invierno,5,2.57672445,60
E06,invierno,6,2.775510683333333,60
E06,invierno,7,3.6614011333333334,60
E06,invierno,8,3.6475041166666666,60
E06,invierno,9,3.701336033898305,59
E06,invierno,10,3.8088751333333333,60
E06,invierno,11,3.905264966101695,59
E06,invierno,12,3.7404800172413797,58
E06,invierno,13,3.7341207241379313,58
E06,invierno,14,3.6338748086206896,58
E06,invierno,15,4.070446172413793,58
E06,invierno,16,4.463501966101695,59
E06,invierno,17,4.131635438596491,57
E06,invierno,18,4.0463261500000005,60
E06,invierno,19,3.5935539999999997,60
E06,invierno,20,3.3083893220338982,59
E06,invierno,21,3.0229947166666666,60
E06,invierno,22,2.7787705333333337,60
E06,invierno,23,2.4369904166666667,60
SNIFA-CHARRUA,invierno,0,3.7935409995147986,687
SNIFA-CHARRUA,invierno,1,3.3874653790087463,686
SNIFA-CHARRUA,invierno,2,3.172453163017032,685
SNIFA-CHARRUA,invierno,3,3.0600905501089324,612
SNIFA-CHARRUA,invierno,4,2.832436767838126,626
SNIFA-CHARRUA,invierno,5,2.7844282576866766,683
SNIFA-CHARRUA,invierno,6,3.135811313868613,685
SNIFA-CHARRUA,invierno,7,3.7862143377001454,687
SNIFA-CHARRUA,invierno,8,4.0188061620572535,687
SNIFA-CHARRUA,invierno,9,3.54077365356623,687
SNIFA-CHARRUA,invierno,10,3.109428799019608,680
SNIFA-CHARRUA,invierno,11,2.9720880177514792,676
SNIFA-CHARRUA,invierno,12,2.860895617922206,677
SNIFA-CHARRUA,invierno,13,2.70643693627451,680
SNIFA-CHARRUA,invierno,14,2.5437797356828193,681
SNIFA-CHARRUA,invierno,15,2.7151647926036984,667
SNIFA-CHARRUA,invierno,16,3.021542725460887,669
SNIFA-CHARRUA,invierno,17,3.998420968534907,678
SNIFA-CHARRUA,invierno,18,5.658720465686274,680
SNIFA-CHARRUA,invierno,19,5.920493673965937,685
SNIFA-CHARRUA,invierno,20,5.515551114341085,688
SNIFA-CHARRUA,invierno,21,5.118991075735648,691
SNIFA-CHARRUA,invierno,22,4.7126908212560386,690
SNIFA-CHARRUA,invierno,23,4.223177793904209,689
SNIFA-CHARRUA,otoño,0,4.722890988372093,688
SNIFA-CHARRUA,otoño,1,4.390654675387597,688
SNIFA-CHARRUA,otoño,2,4.155865089852009,688
SNIFA-CHARRUA,otoño,3,3.995058956014838,629
SNIFA-CHARRUA,otoño,4,3.9133681204569055,642
SNIFA-CHARRUA,otoño,5,3.8386415094339625,689
SNIFA-CHARRUA,otoño,6,4.038914492753623,690
SNIFA-CHARRUA,otoño,7,4.3553208937198065,690
SNIFA-CHARRUA,otoño,8,4.128119797833619,691
SNIFA-CHARRUA,otoño,9,3.624388870483258,686
SNIFA-CHARRUA,otoño,10,3.414231440511308,678
SNIFA-CHARRUA,otoño,11,3.287456058358061,674
SNIFA-CHARRUA,otoño,12,3.117317766116942,667
SNIFA-CHARRUA,otoño,13,2.946471382235529,668
SNIFA-CHARRUA,otoño,14,2.8335905861897666,671
SNIFA-CHARRUA,otoño,15,2.8516522727272724,674
SNIFA-CHARRUA,otoño,16,3.199631474958226,671
SNIFA-CHARRUA,otoño,17,3.959216275659824,682
SNIFA-CHARRUA,otoño,18,5.222344362745098,680
SNIFA-CHARRUA,otoño,19,5.8911297376093295,686
SNIFA-CHARRUA,otoño,20,5.788130140299951,689
SNIFA-CHARRUA,otoño,21,5.824334420289855,690
SNIFA-CHARRUA,otoño,22,5.477432367149758,690
SNIFA-CHARRUA,otoño,23,5.0546785024154595,690
SNIFA-CHARRUA,primavera,0,3.786746987951807,581
SNIFA-CHARRUA,primavera,1,3.630636833046472,581
SNIFA-CHARRUA,primavera,2,3.4982876712328768,584
SNIFA-CHARRUA,primavera,3,3.3480842911877398,522
SNIFA-CHARRUA,primavera,4,3.230241187384044,539
SNIFA-CHARRUA,primavera,5,3.401360544217687,588
SNIFA-CHARRUA,primavera,6,3.8284497444633736,587
SNIFA-CHARRUA,primavera,7,3.6524701873935266,587
SNIFA-CHARRUA,primavera,8,3.291326530612245,588
SNIFA-CHARRUA,primavera,9,3.0198961937716264,578
SNIFA-CHARRUA,primavera,10,2.8773684210526316,570
SNIFA-CHARRUA,primavera,11,2.587678571428571,560
SNIFA-CHARRUA,primavera,12,2.3828014184397164,564
SNIFA-CHARRUA,primavera,13,2.261989342806394,563
SNIFA-CHARRUA,primavera,14,2.3142605633802815,568
SNIFA-CHARRUA,primavera,15,2.2693805309734514,565
SNIFA-CHARRUA,primavera,16,2.3421052631578947,570
SNIFA-CHARRUA,primavera,17,2.5893728222996515,574
SNIFA-CHARRUA,primavera,18,3.2613518197573654,577
SNIFA-CHARRUA,primavera,19,4.221913043478261,575
SNIFA-CHARRUA,primavera,20,4.508635578583765,579
SNIFA-CHARRUA,primavera,21,4.408950086058519,581
SNIFA-CHARRUA,primavera,22,4.347945205479451,584
SNIFA-CHARRUA,primavera,23,4.088336192109777,583
SNIFA-CHARRUA,verano,0,4.915207216811594,575
SNIFA-CHARRUA,verano,1,4.737818333043478,575
SNIFA-CHARRUA,verano,2,4.743428783793432,573
SNIFA-CHARRUA,verano,3,4.755483275,510
SNIFA-CHARRUA,verano,4,4.61680387835249,522
SNIFA-CHARRUA,verano,5,4.597550212042161,575
SNIFA-CHARRUA,verano,6,4.301570413068509,579
SNIFA-CHARRUA,verano,7,3.8803439798850574,580
SNIFA-CHARRUA,verano,8,3.6410461058338126,579
SNIFA-CHARRUA,verano,9,3.4645641271219136,576
SNIFA-CHARRUA,verano,10,3.388079169931774,570
SNIFA-CHARRUA,verano,11,3.234679977767875,561
SNIFA-CHARRUA,verano,12,2.9856556151568974,563
SNIFA-CHARRUA,verano,13,2.9170237454365076,560
SNIFA-CHARRUA,verano,14,2.918570015095502,541
SNIFA-CHARRUA,verano,15,2.886867969112804,549
SNIFA-CHARRUA,verano,16,2.8472499723314226,555
SNIFA-CHARRUA,verano,17,2.8949576074172576,564
SNIFA-CHARRUA,verano,18,3.0866779409548415,563
SNIFA-CHARRUA,verano,19,3.736884168205142,563
SNIFA-CHARRUA,verano,20,4.453262914083821,570
SNIFA-CHARRUA,verano,21,4.802824125035195,574
SNIFA-CHARRUA,verano,22,4.966002441340126,580
SNIFA-CHARRUA,verano,23,5.093238686942959,578
SNIFA-ELPENON,invierno,0,5.326236414732098,422
SNIFA-ELPENON,invierno,1,4.700572806111816,423
SNIFA-ELPENON,invierno,2,4.076691280456328,423
SNIFA-ELPENON,invierno,3,3.6672192864498503,423
SNIFA-ELPENON,invierno,4,3.355134256245263,423
SNIFA-ELPENON,invierno,5,3.2200463610013745,423
SNIFA-ELPENON,invierno,6,4.089584432040816,423
SNIFA-ELPENON,invierno,7,6.188973078407193,422
SNIFA-ELPENON,invierno,8,6.732910680007433,422
SNIFA-ELPENON,invierno,9,5.333717837398027,415
SNIFA-ELPENON,invierno,10,4.209020084479145,407
SNIFA-ELPENON,invierno,11,3.6224466127240977,401
SNIFA-ELPENON,invierno,12,3.457276318542068,406
SNIFA-ELPENON,invierno,13,3.4591016181557253,414
SNIFA-ELPENON,invierno,14,3.6223491417882,421
SNIFA-ELPENON,invierno,15,3.652341885372052,421
SNIFA-ELPENON,invierno,16,3.728448804715481,422
SNIFA-ELPENON,invierno,17,4.782532324196326,421
SNIFA-ELPENON,invierno,18,7.724722026133633,422
SNIFA-ELPENON,invierno,19,9.592013179815343,422
SNIFA-ELPENON,invierno,20,9.944463664880615,421
SNIFA-ELPENON,invierno,21,8.848494648158269,423
SNIFA-ELPENON,invierno,22,7.5669784722780244,423
SNIFA-ELPENON,invierno,23,6.370536626765887,423
SNIFA-ELPENON,otoño,0,4.5192027496467535,429
SNIFA-ELPENON,otoño,1,3.9524997329989553,429
SNIFA-ELPENON,otoño,2,3.5316747157139616,429
SNIFA-ELPENON,otoño,3,3.194913567777005,428
SNIFA-ELPENON,otoño,4,3.0480229637061242,428
SNIFA-ELPENON,otoño,5,3.14718101776397,428
SNIFA-ELPENON,otoño,6,3.9212760126518393,428
SNIFA-ELPENON,otoño,7,5.0424050203121125,428
SNIFA-ELPENON,otoño,8,4.908164693483085,425
SNIFA-ELPENON,otoño,9,3.949936842501656,421
SNIFA-ELPENON,otoño,10,3.209569334216188,416
SNIFA-ELPENON,otoño,11,2.6753863286361397,416
SNIFA-ELPENON,otoño,12,2.376167597543556,412
SNIFA-ELPENON,otoño,13,2.16222551467529,415
SNIFA-ELPENON,otoño,14,2.0635805920638335,418
SNIFA-ELPENON,otoño,15,1.9522579105928766,422
SNIFA-ELPENON,otoño,16,1.9675874379530032,425
SNIFA-ELPENON,otoño,17,2.58084867913916,424
SNIFA-ELPENON,otoño,18,4.0490207450791225,427
SNIFA-ELPENON,otoño,19,5.331981569946069,429
SNIFA-ELPENON,otoño,20,6.333488838701055,429
SNIFA-ELPENON,otoño,21,6.461655577920469,429
SNIFA-ELPENON,otoño,22,5.987485142671341,429
SNIFA-ELPENON,otoño,23,5.264743502582869,429
SNIFA-ELPENON,primavera,0,3.3621061119000744,334
SNIFA-ELPENON,primavera,1,2.9350050472430906,333
SNIFA-ELPENON,primavera,2,2.6662080582459233,333
SNIFA-ELPENON,primavera,3,2.4528707710198425,333
SNIFA-ELPENON,primavera,4,2.4177063228308433,333
SNIFA-ELPENON,primavera,5,3.1590172399150673,333
SNIFA-ELPENON,primavera,6,4.4811966910334045,333
SNIFA-ELPENON,primavera,7,4.366646620099632,333
SNIFA-ELPENON,primavera,8,3.162472800355079,328
SNIFA-ELPENON,primavera,9,2.3440320337374856,325
SNIFA-ELPENON,primavera,10,2.0166284594042074,322
SNIFA-ELPENON,primavera,11,1.925477749287283,325
SNIFA-ELPENON,primavera,12,1.8050912435203272,329
SNIFA-ELPENON,primavera,13,1.736281660494206,334
SNIFA-ELPENON,primavera,14,1.6260074259121013,334
SNIFA-ELPENON,primavera,15,1.5203339749623277,334
SNIFA-ELPENON,primavera,16,1.4409776655092883,334
SNIFA-ELPENON,primavera,17,1.599919818995179,334
SNIFA-ELPENON,primavera,18,2.213586176433863,333
SNIFA-ELPENON,primavera,19,3.196939363193743,334
SNIFA-ELPENON,primavera,20,3.857916938277192,334
SNIFA-ELPENON,primavera,21,4.433101398375371,334
SNIFA-ELPENON,primavera,22,4.226503996948093,334
SNIFA-ELPENON,primavera,23,3.7839264989665145,334
SNIFA-ELPENON,verano,0,3.0786072704563447,340
SNIFA-ELPENON,verano,1,2.8756889943427106,339
SNIFA-ELPENON,verano,2,2.571730415686995,340
SNIFA-ELPENON,verano,3,2.2938974497449878,340
SNIFA-ELPENON,verano,4,2.078626344142755,341
SNIFA-ELPENON,verano,5,2.3606637527684575,342
SNIFA-ELPENON,verano,6,2.648516792891117,342
SNIFA-ELPENON,verano,7,2.406021798810823,342
SNIFA-ELPENON,verano,8,1.9291715113820427,336
SNIFA-ELPENON,verano,9,1.642109022269618,340
SNIFA-ELPENON,verano,10,1.4152745930462896,331
SNIFA-ELPENON,verano,11,1.2453658971575967,338
SNIFA-ELPENON,verano,12,1.097687887747309,336
SNIFA-ELPENON,verano,13,1.0259203961211176,339
SNIFA-ELPENON,verano,14,0.9540096753616213,340
SNIFA-ELPENON,verano,15,0.9142073903182204,339
SNIFA-ELPENON,verano,16,0.8992446730505308,339
SNIFA-ELPENON,verano,17,0.9314871818173219,340
SNIFA-ELPENON,verano,18,1.098619594438849,343
SNIFA-ELPENON,verano,19,1.572299258320825,343
SNIFA-ELPENON,verano,20,2.0944528759157186,343
SNIFA-ELPENON,verano,21,2.431994811706321,343
SNIFA-ELPENON,verano,22,2.797737609603465,343
SNIFA-ELPENON,verano,23,3.1285943310105506,343
SNIFA-PROGRESO,invierno,0,3.0432569549822963,659
SNIFA-PROGRESO,invierno,1,2.7129715880263827,657
SNIFA-PROGRESO,invierno,2,2.54189804964539,658
SNIFA-PROGRESO,invierno,3,2.4937586980920314,594
SNIFA-PROGRESO,invierno,4,2.3083672787979967,599
SNIFA-PROGRESO,invierno,5,2.2022820413436692,645
SNIFA-PROGRESO,invierno,6,2.369534298780488,656
SNIFA-PROGRESO,invierno,7,3.071360137195122,656
SNIFA-PROGRESO,invierno,8,3.1410021562658548,657
SNIFA-PROGRESO,invierno,9,2.7618979514415782,659
SNIFA-PROGRESO,invierno,10,2.471268044920878,653
SNIFA-PROGRESO,invierno,11,2.3406396255850233,641
SNIFA-PROGRESO,invierno,12,2.351308968377398,643
SNIFA-PROGRESO,invierno,13,2.3449504365690808,649
SNIFA-PROGRESO,invierno,14,2.3427577881619936,642
SNIFA-PROGRESO,invierno,15,2.454198350325687,642
SNIFA-PROGRESO,invierno,16,2.776355779153767,646
SNIFA-PROGRESO,invierno,17,3.5153594237303913,651
SNIFA-PROGRESO,invierno,18,5.112398982188296,655
SNIFA-PROGRESO,invierno,19,5.323049467275495,657
SNIFA-PROGRESO,invierno,20,4.577738838153222,657
SNIFA-PROGRESO,invierno,21,4.060546225937183,658
SNIFA-PROGRESO,invierno,22,3.665607486090035,659
SNIFA-PROGRESO,invierno,23,3.3713438290338895,659
SNIFA-PROGRESO,otoño,0,3.2889120599054125,692
SNIFA-PROGRESO,otoño,1,3.047628334643263,694
SNIFA-PROGRESO,otoño,2,2.855049903545542,694
SNIFA-PROGRESO,otoño,3,2.6931211673927775,626
SNIFA-PROGRESO,otoño,4,2.566327596446581,643
SNIFA-PROGRESO,otoño,5,2.53608357486631,680
SNIFA-PROGRESO,otoño,6,2.7420187413342054,695
SNIFA-PROGRESO,otoño,7,2.969042273273864,693
SNIFA-PROGRESO,otoño,8,2.708662464925012,689
SNIFA-PROGRESO,otoño,9,2.3692774426011947,685
SNIFA-PROGRESO,otoño,10,2.182137304590018,680
SNIFA-PROGRESO,otoño,11,2.146193755363368,678
SNIFA-PROGRESO,otoño,12,2.066409582605971,677
SNIFA-PROGRESO,otoño,13,1.9854828938579343,682
SNIFA-PROGRESO,otoño,14,1.9030932886261722,669
SNIFA-PROGRESO,otoño,15,1.9875270764068185,669
SNIFA-PROGRESO,otoño,16,2.226282381596198,678
SNIFA-PROGRESO,otoño,17,2.8871315632305588,687
SNIFA-PROGRESO,otoño,18,4.555409599097916,692
SNIFA-PROGRESO,otoño,19,5.161070938430548,692
SNIFA-PROGRESO,otoño,20,4.920103156814883,689
SNIFA-PROGRESO,otoño,21,4.475393424594274,689
SNIFA-PROGRESO,otoño,22,4.010497224911926,691
SNIFA-PROGRESO,otoño,23,3.709758921177089,692
SNIFA-PROGRESO,primavera,0,2.8269896193771626,578
SNIFA-PROGRESO,primavera,1,2.579861111111111,576
SNIFA-PROGRESO,primavera,2,2.407986111111111,576
SNIFA-PROGRESO,primavera,3,2.211267605633803,497
SNIFA-PROGRESO,primavera,4,2.0789980732177264,519
SNIFA-PROGRESO,primavera,5,2.1538461538461537,572
SNIFA-PROGRESO,primavera,6,2.4246100519930676,577
SNIFA-PROGRESO,primavera,7,2.318890814558059,577
SNIFA-PROGRESO,primavera,8,1.934256055363322,578
SNIFA-PROGRESO,primavera,9,1.7930434782608695,575
SNIFA-PROGRESO,primavera,10,1.6825396825396826,567
SNIFA-PROGRESO,primavera,11,1.5663716814159292,565
SNIFA-PROGRESO,primavera,12,1.4419014084507042,568
SNIFA-PROGRESO,primavera,13,1.398589065255732,567
SNIFA-PROGRESO,primavera,14,1.3328014184397163,564
SNIFA-PROGRESO,primavera,15,1.3716814159292035,565
SNIFA-PROGRESO,primavera,16,1.4946808510638299,564
SNIFA-PROGRESO,primavera,17,1.8516579406631763,573
SNIFA-PROGRESO,primavera,18,2.3240418118466897,574
SNIFA-PROGRESO,primavera,19,3.3089005235602094,573
SNIFA-PROGRESO,primavera,20,3.723478260869565,575
SNIFA-PROGRESO,primavera,21,3.5260416666666665,576
SNIFA-PROGRESO,primavera,22,3.2291666666666665,576
SNIFA-PROGRESO,primavera,23,3.0641247833622183,577
SNIFA-PROGRESO,verano,0,3.8697371323529417,544
SNIFA-PROGRESO,verano,1,3.6167393552311435,548
SNIFA-PROGRESO,verano,2,3.3277355646706472,543
SNIFA-PROGRESO,verano,3,3.2191624509124512,481
SNIFA-PROGRESO,verano,4,3.096047908232119,494
SNIFA-PROGRESO,verano,5,3.116629124579125,540
SNIFA-PROGRESO,verano,6,2.9590338605028386,548
SNIFA-PROGRESO,verano,7,2.410790208717004,543
SNIFA-PROGRESO,verano,8,2.087014392533873,539
SNIFA-PROGRESO,verano,9,2.0783352947865144,533
SNIFA-PROGRESO,verano,10,1.9948715852130328,532
SNIFA-PROGRESO,verano,11,1.9186446955430008,531
SNIFA-PROGRESO,verano,12,1.8314007049860708,533
SNIFA-PROGRESO,verano,13,1.7343597546897547,525
SNIFA-PROGRESO,verano,14,1.6836491627556636,523
SNIFA-PROGRESO,verano,15,1.6934866432524478,522
SNIFA-PROGRESO,verano,16,1.7742400831733847,521
SNIFA-PROGRESO,verano,17,1.903480879541109,523
SNIFA-PROGRESO,verano,18,2.133194866920152,526
SNIFA-PROGRESO,verano,19,2.8537798295454544,528
SNIFA-PROGRESO,verano,20,3.697744840525328,533
SNIFA-PROGRESO,verano,21,4.135213951310861,534
SNIFA-PROGRESO,verano,22,4.200021570453135,537
SNIFA-PROGRESO,verano,23,3.9756327501534687,543
