zona,mes,media,p25,p75,n_est
Chile,2000-01-01,6.818387471452532,6.458050046210137,7.178724896694927,2.0
Chile,2000-02-01,4.891931878591954,4.800604624640805,4.983259132543103,2.0
Chile,2000-03-01,6.375112648151196,5.885739126796686,6.864486169505706,2.0
Chile,2000-04-01,7.598248506944444,6.8816414409722215,8.314855572916667,2.0
Chile,2000-05-01,7.811776471774194,6.987988215725807,8.635564727822581,2.0
Chile,2000-06-01,7.894495170138889,7.044170842013889,8.74481949826389,2.0
Chile,2000-07-01,9.781432392473118,8.591595577956989,10.971269206989248,2.0
Chile,2000-08-01,12.26691700268817,9.897967244623656,14.635866760752688,2.0
Chile,2000-09-01,9.083915201388889,7.435349774305556,10.732480628472223,2.0
Chile,2000-10-01,5.996548420698925,4.980442019489248,7.012654821908603,2.0
Chile,2000-11-01,6.876667144210799,5.942221271871755,7.463717723260643,3.0
Chile,2000-12-01,6.3996166002525365,5.947285579303841,6.772521865656583,3.0
Chile,2001-01-01,6.054996798467653,5.701984360881395,6.734960441185704,3.0
Chile,2001-02-01,6.646383383856747,6.118202194940476,7.321480120427978,3.0
Chile,2001-03-01,10.06201441456775,9.280258914650538,10.801602545910765,3.0
Chile,2001-04-01,11.451889899649183,9.826704189751553,12.510748566865079,3.0
Chile,2001-05-01,11.439732735215053,9.450772412634407,12.800619270833334,3.0
Chile,2001-06-01,13.52269186574074,11.263285993055556,15.236024006944444,3.0
Chile,2001-07-01,11.194580958603673,8.923614152959274,12.596146048387098,3.0
Chile,2001-08-01,8.258732352150538,6.729359079301076,9.122616727150538,3.0
Chile,2001-09-01,6.364256805555556,5.039519277777778,7.095146430555555,3.0
Chile,2001-10-01,5.497182822580645,4.738971317204301,5.92651311155914,3.0
Chile,2001-11-01,3.5922814298432466,3.384006859151329,3.893820327280207,3.0
Chile,2001-12-01,4.904241984767025,4.510906713709677,5.372049690860215,3.0
Chile,2002-01-01,3.6937214192974688,0.7001025735492579,6.36367002688172,5.0
Chile,2002-02-01,3.8154725490358365,1.9074526253662243,5.079901277901786,6.0
Chile,2002-03-01,4.717304149150355,2.289243177743244,5.789930655241935,6.0
Chile,2002-04-01,5.196340450106896,2.4644048740432107,6.34381886636396,6.0
Chile,2002-05-01,6.746369624050881,4.722201152799326,6.830166989247312,6.0
Chile,2002-06-01,8.009685182475511,5.9418616982503485,8.354580922557473,6.0
Chile,2002-07-01,11.252135010085105,7.34727844217687,12.960296564327487,5.0
Chile,2002-08-01,6.854958889813477,4.2024887775501405,9.646373098118278,6.0
Chile,2002-09-01,5.626609472803289,3.3340275055952104,8.385291898568436,6.0
Chile,2002-10-01,4.609161932839408,2.6879799586856574,6.741990047265734,6.0
Chile,2002-11-01,5.581205127828496,4.668429780606274,6.072345760416667,4.0
Chile,2002-12-01,4.263516963961374,3.6726397782258067,5.384204448924731,5.0
Chile,2003-01-01,4.826185991098325,4.936652190860214,5.897783815967523,5.0
Chile,2003-02-01,5.668432045460558,3.9658659248511903,7.3217375632440485,6.0
Chile,2003-03-01,6.179031990450106,4.245602387562314,8.409483029464829,6.0
Chile,2003-04-01,8.240392532435303,5.624891340132497,12.074825170138888,6.0
Chile,2003-05-01,9.988047425264128,5.79558291396038,13.274992203531124,6.0
Chile,2003-06-01,8.125713009181885,4.798915898672044,8.959985503472222,6.0
Chile,2003-07-01,7.249506856446994,6.165452954444179,9.312077226142472,6.0
Chile,2003-08-01,6.456272121174849,4.339766667950975,8.592310895497311,6.0
Chile,2003-09-01,7.520954060182013,5.387665623263889,6.98430285854805,6.0
Chile,2003-10-01,7.711080413157993,4.496071345766129,6.184062990006422,6.0
Chile,2003-11-01,4.426083536350425,3.9869575329861116,5.006851280132892,6.0
Chile,2003-12-01,4.232279631308607,2.8071952753509555,5.814369505604585,6.0
Chile,2004-01-01,5.233887078076617,3.4656408112603465,5.735214748581645,7.0
Chile,2004-02-01,6.143371110265458,4.131135171372437,6.868635247568523,7.0
Chile,2004-03-01,7.955145831727756,4.428825522269802,9.340241163557057,7.0
Chile,2004-04-01,10.214330887598623,6.70416525782545,10.908012239417554,8.0
Chile,2004-05-01,17.32565579362073,14.650665612112919,18.378680867198142,6.0
Chile,2004-06-01,14.328458802580226,11.117269135464218,17.986850821266504,8.0
Chile,2004-07-01,12.355069292394777,9.731329564782769,13.488926900201612,8.0
Chile,2004-08-01,8.480695411222168,5.666962066532259,11.702079835376345,7.0
Chile,2004-09-01,7.511571459961191,5.086136351388889,8.651896857690438,7.0
Chile,2004-10-01,6.705687524497829,4.17644652739726,8.762352859014085,9.0
Chile,2004-11-01,5.963157622858145,3.6284319903457214,8.012032105839328,10.0
Chile,2004-12-01,4.570733698548582,2.9595047527683622,5.989441847421885,10.0
Chile,2005-01-01,5.246403111010504,2.738930342741936,6.558816107021566,7.0
Chile,2005-02-01,4.986706631480434,3.044259895833333,7.329654285714286,9.0
Chile,2005-03-01,7.674028616767687,5.1102410234501345,9.854714448924732,9.0
Chile,2005-04-01,11.5042071680823,8.26779660785068,14.073259558886946,11.0
Chile,2005-05-01,11.83821649286037,5.819888638255234,14.498040598783783,12.0
Chile,2005-06-01,13.2533404869398,6.661468572361111,17.399188439098094,11.0
Chile,2005-07-01,12.396623301971461,5.173425113336539,16.510933938849536,12.0
Chile,2005-08-01,11.564373661864991,5.249710257138836,16.627018376680105,12.0
Chile,2005-09-01,9.718805230154905,4.945877994930555,14.365215733622351,11.0
Chile,2005-10-01,7.6878105854061,3.0149638200973476,10.09206487229422,12.0
Chile,2005-11-01,6.910734707903732,3.3139387164845333,8.084251441628334,11.0
Chile,2005-12-01,7.714209805400969,3.936892532047201,8.23342756695101,10.0
Chile,2006-01-01,6.3112729063625785,2.545173948192703,7.794927071469334,11.0
Chile,2006-02-01,6.5472454210385145,3.166821951597033,8.777062049445952,11.0
Chile,2006-03-01,9.978369266077285,6.476215086585008,12.742423161239886,11.0
Chile,2006-04-01,12.195749996751948,5.3967180175235585,16.321665503927676,11.0
Chile,2006-05-01,17.779093118813176,8.903179531886025,27.178165790418372,10.0
Chile,2006-06-01,18.00912170692706,6.333948441110133,32.376273477480886,10.0
Chile,2006-07-01,16.463789073852787,8.583309033518775,27.31917808219178,9.0
Chile,2006-08-01,14.021389268720355,7.486326978965054,21.418614897164478,10.0
Chile,2006-09-01,11.898839621774343,6.985299080243055,17.660113436557047,10.0
Chile,2006-10-01,8.879002514934587,4.19402092709561,11.928750768183722,10.0
Chile,2006-11-01,8.46277989194705,5.5027492961350974,12.114679585057345,11.0
Chile,2006-12-01,6.089769530564118,2.990928439258069,8.572631421493902,11.0
Chile,2007-01-01,5.6429850649315965,2.3172470943548387,7.402698790089457,11.0
Chile,2007-02-01,7.157759394598181,5.3860305680653875,9.180658808259036,11.0
Chile,2007-03-01,9.93316714054143,6.650002970430108,13.447416235955057,11.0
Chile,2007-04-01,13.480740570648098,7.353008006944444,17.841097206087454,10.0
Chile,2007-05-01,17.963546774642694,7.489788844413261,26.114750199348016,11.0
Chile,2007-06-01,20.353532030148646,9.923037325202992,22.51043140542604,12.0
Chile,2007-07-01,16.807352142300566,8.871350801306537,20.819211106594466,12.0
Chile,2007-08-01,14.452895467472764,8.67725588975393,15.15029141984133,11.0
Chile,2007-09-01,10.935932731873415,6.810164318479284,11.780283311143906,11.0
Chile,2007-10-01,9.458186341323017,5.150909511531328,12.355333061136983,10.0
Chile,2007-11-01,9.339992493785406,6.488826328846684,12.6540604403843,10.0
Chile,2007-12-01,7.424009485339828,4.708097576135399,9.24901260514977,12.0
Chile,2008-01-01,7.338240279660941,3.856198721088435,8.53681169398907,13.0
Chile,2008-02-01,7.86908899995114,5.5751069096052825,9.126591419226981,14.0
Chile,2008-03-01,11.633591128807637,6.525419949010562,15.185010944659112,12.0
Chile,2008-04-01,14.993264970033739,9.786485888888889,19.15662439330544,13.0
Chile,2008-05-01,16.10612675322347,10.821649288227334,17.58046048846676,13.0
Chile,2008-06-01,17.01032260763844,8.095015195348838,17.678805223880595,13.0
Chile,2008-07-01,14.50454370108119,8.44347717798913,14.957520678466077,13.0
Chile,2008-08-01,12.139752294339507,6.257259214479719,14.824480388004265,14.0
Chile,2008-09-01,9.565220453129541,4.533831590277778,10.32433425123967,13.0
Chile,2008-10-01,8.507627054206237,4.006368930393487,12.42528605121294,13.0
Chile,2008-11-01,7.4946120290552365,4.814168343366197,9.589204171070932,13.0
Chile,2008-12-01,7.364889174820906,4.273468102040817,9.868102288021534,13.0
Chile,2009-01-01,7.632834668596606,4.934339659680333,10.02674847060093,11.0
Chile,2009-02-01,8.343378169176736,4.39400283290469,10.867559523809524,13.0
Chile,2009-03-01,12.303443627504388,7.249208312726283,18.718730897200786,15.0
Chile,2009-04-01,17.258812283120786,8.066229811685837,25.510416666666668,18.0
Chile,2009-05-01,20.885048310409744,11.224389785612786,31.057947654814107,18.0
Chile,2009-06-01,23.947162028148163,12.240419941164717,35.76527777777778,18.0
Chile,2009-07-01,21.24313217935912,11.17413488349018,30.172125984208407,19.0
Chile,2009-08-01,20.6063353805781,8.185409200819672,31.483932056451614,17.0
Chile,2009-09-01,12.766651652097261,6.9445816805555545,17.888333333333335,21.0
Chile,2009-10-01,12.782873761533898,7.0484103143849985,19.741935483870968,22.0
Chile,2009-11-01,10.095933971437963,6.1125157162726005,14.989330410183875,21.0
Chile,2009-12-01,9.167952857645888,4.414809920451058,12.567923553719009,22.0
Chile,2010-01-01,10.464791685825853,5.718157270889488,15.127688172043012,19.0
Chile,2010-02-01,10.000599315478922,5.770471126222498,13.85829048330421,20.0
Chile,2010-03-01,13.838266569710264,5.825444570850203,19.265785609397945,17.0
Chile,2010-04-01,19.04933452248592,8.91289498892658,26.787152777777777,18.0
Chile,2010-05-01,22.26437327211685,9.532316255340852,30.22301527078774,18.0
Chile,2010-06-01,20.889859247785246,8.419043230986418,31.303344916319446,20.0
Chile,2010-07-01,22.995302038787536,11.398266290322582,31.236559139784948,17.0
Chile,2010-08-01,18.442918596679355,8.358445347958956,27.703494623655914,20.0
Chile,2010-09-01,14.770154613635835,8.214494615621582,20.030284164159863,20.0
Chile,2010-10-01,13.05298607247884,7.452970748079947,17.269489247311828,18.0
Chile,2010-11-01,10.544590627481812,6.600016955336605,14.172916666666667,20.0
Chile,2010-12-01,8.598892515957534,4.960752635135135,11.377822580645162,21.0
Chile,2011-01-01,8.93951583595844,4.839534696703281,12.045609221471992,20.0
Chile,2011-02-01,10.319235549277934,5.89491689732488,13.980513400764062,19.0
Chile,2011-03-01,12.17602030945238,6.339584183215259,18.79819304347826,21.0
Chile,2011-04-01,15.533194396488707,8.836214843761987,23.21654757595426,20.0
Chile,2011-05-01,24.998800103059608,11.627634089430893,36.570148067567565,21.0
Chile,2011-06-01,19.895845202382684,9.791988585138075,32.461187863026154,24.0
Chile,2011-07-01,18.930344646911443,8.322340662618599,29.833982665027577,23.0
Chile,2011-08-01,17.55817723420337,9.242920004180126,25.598577291705247,22.0
Chile,2011-09-01,14.629746378169267,7.605192120386639,21.08557893257438,24.0
Chile,2011-10-01,10.580422586676937,6.059569678885406,14.690653340053764,24.0
Chile,2011-11-01,10.304728602042472,5.444697769957983,14.51249990190609,22.0
Chile,2011-12-01,9.031023563711257,4.223333489449906,12.773097523066557,22.0
Chile,2012-01-01,7.650188778929595,4.070093234640967,10.43256865354142,23.0
Chile,2012-02-01,9.53115157174251,5.311802624963289,13.441901949025489,25.0
Chile,2012-03-01,12.838309237085184,6.4132573782406475,17.6515899512819,24.0
Chile,2012-04-01,16.087338038027134,8.694704783039048,22.87460132960414,26.0
Chile,2012-05-01,20.068654944636616,9.866615002093086,32.47085371771928,26.0
Chile,2012-06-01,18.634347111995893,9.844980654591877,29.022068410231682,26.0
Chile,2012-07-01,20.201379383449645,10.332739193814472,32.74482809962652,27.0
Chile,2012-08-01,16.38325612759838,8.042448037138927,27.307284239569313,29.0
Chile,2012-09-01,12.788633035705685,7.216594260869565,18.99475446927374,29.0
Chile,2012-10-01,10.904777749965945,5.51466448486528,16.053361275588287,27.0
Chile,2012-11-01,9.259695077429269,5.975403311221989,12.523597875,27.0
Chile,2012-12-01,8.829337823345634,5.1389620738261765,12.152140584677419,23.0
Chile,2013-01-01,8.152192350447741,4.5541388882684775,11.186343998014163,28.0
Chile,2013-02-01,9.264962314717847,5.554919782148261,12.75525275808937,29.0
Chile,2013-03-01,13.455532089227145,7.8239133222393455,19.35982998232156,28.0
Chile,2013-04-01,16.078070792433724,8.2261787348382,26.647326363529963,28.0
Chile,2013-05-01,16.890488809357677,8.86761616566265,27.55763876177658,29.0
Chile,2013-06-01,19.824393992736674,9.33707786713881,32.774613179916315,29.0
Chile,2013-07-01,17.21429358203345,8.080432193738515,27.605771890656385,31.0
Chile,2013-08-01,16.020099755473407,7.517035600224796,26.04698694070081,29.0
Chile,2013-09-01,11.970983877316032,6.992269529803314,19.292024081669993,30.0
Chile,2013-10-01,10.414744655177325,5.128719895259707,15.70882677692926,30.0
Chile,2013-11-01,8.856315872234983,4.906108610958775,13.416259892361111,28.0
Chile,2013-12-01,8.911365126610768,4.268013688989403,12.935689139784946,28.0
Chile,2014-01-01,9.191870695946053,5.564976104235841,12.16874634408602,28.0
Chile,2014-02-01,9.134916790689065,5.799244422742696,11.840213059307187,28.0
Chile,2014-03-01,11.305022111989949,6.725444181326116,15.629909233870967,29.0
Chile,2014-04-01,15.93816791687602,9.035917331429134,23.69366642756488,30.0
Chile,2014-05-01,17.370588326522707,10.23514666297043,23.624740308472642,30.0
Chile,2014-06-01,17.511536216286736,9.954978028271096,26.420375423056722,30.0
Chile,2014-07-01,16.885482598394148,9.694868313400917,27.091010505390834,31.0
Chile,2014-08-01,15.336137118962197,8.700796370928593,23.757074822306127,31.0
Chile,2014-09-01,11.237773280672421,6.826401141754824,14.38339527109215,30.0
Chile,2014-10-01,9.826039420036617,5.7680155455116555,12.602750555363734,31.0
Chile,2014-11-01,8.235707603408835,4.6726419658183636,11.401543578873145,32.0
Chile,2014-12-01,7.193640718585366,4.069848825063044,8.90575298859343,31.0
Chile,2015-01-01,7.634690366716569,4.703071816529559,8.936569349828023,30.0
Chile,2015-02-01,9.369260695454221,5.536117878779025,10.431446046459861,31.0
Chile,2015-03-01,12.448235044177403,6.781369254868269,16.974758174818838,31.0
Chile,2015-04-01,15.999237225578543,8.448647241867043,26.43230217877095,33.0
Chile,2015-05-01,19.251479381443684,9.553346424731183,30.285432027027028,33.0
Chile,2015-06-01,23.78922278349661,11.622227514534883,40.243748555555555,33.0
Chile,2015-07-01,20.679889689541536,10.364055197817189,33.84057586486487,33.0
Chile,2015-08-01,14.334978349091104,8.104956871070256,19.69495557516209,32.0
Chile,2015-09-01,12.47625589957716,7.269062630985915,18.487663874643875,33.0
Chile,2015-10-01,9.603119010088815,5.627791259340213,12.841693891465054,32.0
Chile,2015-11-01,7.5698485713929635,4.187502029403805,9.737316803596368,32.0
Chile,2015-12-01,7.4419774408906,3.270609255240712,10.486217712753632,30.0
Chile,2016-01-01,7.569310436253732,4.351479389612188,7.047673049863388,29.0
Chile,2016-02-01,8.786825483106707,4.745063947937021,12.27214095545977,31.0
Chile,2016-03-01,11.263995289425395,6.348333207220571,18.746177604166668,32.0
Chile,2016-04-01,12.57156341430706,7.1961844650969296,13.982429069673932,34.0
Chile,2016-05-01,14.629714580071793,8.396029071799347,19.84830514421442,35.0
Chile,2016-06-01,17.891078958484762,9.174161833524568,27.230306783372956,35.0
Chile,2016-07-01,15.78016511215906,8.578740778225807,20.584496604958268,35.0
Chile,2016-08-01,14.161967073975307,7.294532146745408,17.92678002159881,35.0
Chile,2016-09-01,11.673193279562625,6.486064581926863,12.38851684751524,32.0
Chile,2016-10-01,9.083502718007985,5.435587442705509,10.394767982344653,31.0
Chile,2016-11-01,7.79226729423152,4.03016362302951,10.507680977775355,35.0
Chile,2016-12-01,7.577740938212479,3.722309073354817,10.152908779461994,35.0
Chile,2017-01-01,8.155654902597115,4.643423964577656,8.1731292749658,37.0
Chile,2017-02-01,7.84207845255607,5.017008343726574,10.031990085889088,35.0
Chile,2017-03-01,9.723961450771784,6.1275171469833625,11.880761838033708,36.0
Chile,2017-04-01,12.051554912113378,6.685222558865248,14.3612612464986,37.0
Chile,2017-05-01,14.023879400755252,8.286987447698746,13.5111697574893,37.0
Chile,2017-06-01,14.5855444181056,7.836432584269663,14.359094955489615,37.0
Chile,2017-07-01,16.87341796369915,7.9901344994083745,16.299125147967136,38.0
Chile,2017-08-01,13.089318263971661,6.766008648901356,13.150962531225552,35.0
Chile,2017-09-01,11.807903815685023,5.973723554301833,11.634221598877982,37.0
Chile,2017-10-01,8.074752825500617,4.294200412794752,8.809814854828314,35.0
Chile,2017-11-01,8.075366537672101,3.748886315488057,10.09506846534288,36.0
Chile,2017-12-01,7.901791507557725,4.364903649178848,9.693080989378442,34.0
Chile,2018-01-01,7.218550302106973,4.156298163082438,9.355009305609036,35.0
Chile,2018-02-01,8.165191271725957,4.2894741239454905,9.468170951794054,34.0
Chile,2018-03-01,10.538090723311605,5.398502080443828,12.006960651289008,33.0
Chile,2018-04-01,14.561941298943216,7.430832271712579,13.738978867396767,36.0
Chile,2018-05-01,15.500538174909867,8.904051016873577,15.41963967366247,35.0
Chile,2018-06-01,17.641861077275017,8.919096487989945,16.291775355849822,34.0
Chile,2018-07-01,14.569602809127645,7.662946134360996,17.155350008549767,35.0
Chile,2018-08-01,14.182932125900491,7.571426630434782,15.014965800273599,33.0
Chile,2018-09-01,9.930526438560635,5.992468675869761,10.99638597844201,34.0
Chile,2018-10-01,8.685260655218316,4.408588176188743,9.732215594936118,34.0
Chile,2018-11-01,7.979525137949376,4.290897615708275,9.077199312714777,33.0
Chile,2018-12-01,6.753895713983308,3.8195565092989985,8.972153432032302,33.0
Chile,2019-01-01,7.0137051741220215,4.307528660853095,8.549492548391685,36.0
Chile,2019-02-01,7.800053368302389,3.875421487603306,9.818257328990228,37.0
Chile,2019-03-01,9.03570096207131,4.853714752029845,9.85266968651136,35.0
Chile,2019-04-01,13.13063033084401,7.553676732209738,12.127391572013419,35.0
Chile,2019-05-01,14.557886846388909,8.338846153846154,14.388715728715727,33.0
Chile,2019-06-01,15.427486062535852,8.016306224223852,16.54650508315214,36.0
Chile,2019-07-01,14.271652615876395,8.069025508114951,13.391403989721095,32.0
Chile,2019-08-01,14.086788020551362,7.136997978436658,14.986241672693009,36.0
Chile,2019-09-01,8.627244721800382,5.172723476890756,9.445384997814685,36.0
Chile,2019-10-01,7.147690631284796,4.185424756965259,7.960332822977743,32.0
Chile,2019-11-01,6.567918582223134,3.8770205064369243,8.239707365925282,35.0
Chile,2019-12-01,6.124358886706538,3.965308510325351,7.45657007591819,35.0
Chile,2020-01-01,6.357609603922687,4.056522911051213,6.779161028416779,37.0
Chile,2020-02-01,7.604598491108579,4.679438422672266,9.041398141703263,39.0
Chile,2020-03-01,7.804825904669057,4.719411824496341,8.862262355806637,38.0
Chile,2020-04-01,9.045688372917565,5.228024285819739,10.1384320069832,39.0
Chile,2020-05-01,11.596639059668956,6.831758948019996,12.238093790001097,39.0
Chile,2020-06-01,11.148047831463868,6.397083916083917,11.763099415204678,39.0
Chile,2020-07-01,11.97538171651692,6.757008807588075,11.189775420254012,39.0
Chile,2020-08-01,10.427737025472586,5.213504155124654,10.136675675675676,37.0
Chile,2020-09-01,9.249723880560687,5.602327011239356,9.29702030812325,36.0
Chile,2020-10-01,7.917797021901377,4.795462278195439,8.918799098320157,38.0
Chile,2020-11-01,6.34225573585416,3.5849789029535866,7.504250000000001,37.0
Chile,2020-12-01,6.043887552592098,3.4826780187403816,6.683676125004872,36.0
Chile,2021-01-01,6.555241267502921,3.927343228474376,6.927783413126671,39.0
Chile,2021-02-01,7.152173277896674,4.474944551591128,7.802477653434686,42.0
Chile,2021-03-01,7.72101699804596,4.952987721691678,8.435325203252033,41.0
Chile,2021-04-01,9.511589694991649,6.178885688779306,9.817102136787394,42.0
Chile,2021-05-01,14.264524722136828,7.642737127371274,15.282916006339144,41.0
Chile,2021-06-01,14.120578388492849,7.743347222222222,14.166854724964738,41.0
Chile,2021-07-01,16.614489310852736,7.688087431693989,16.088855585831062,41.0
Chile,2021-08-01,13.49440581899115,6.9635465494601405,13.981934529006066,40.0
Chile,2021-09-01,10.489224234492225,5.993754052070378,11.91320063581951,40.0
Chile,2021-10-01,8.898850504834341,5.139282217837999,10.862886473030265,39.0
Chile,2021-11-01,6.929157744005813,3.528657334220817,9.415430771954675,39.0
Chile,2021-12-01,6.817268010585256,4.3580921658986185,8.898744978941172,36.0
Chile,2022-01-01,5.992140497872109,3.9473166809348914,7.942980176469941,36.0
Chile,2022-02-01,7.36368435827018,4.892601503759399,8.947219662058373,41.0
Chile,2022-03-01,9.687576831301769,6.065524193548387,10.814289580514208,41.0
Chile,2022-04-01,10.85516764587779,6.3107693216948535,12.044893146069615,42.0
Chile,2022-05-01,14.384231218901133,8.061084085557301,14.021282194212285,44.0
Chile,2022-06-01,13.15953219500353,6.190929899856939,14.150722222222223,41.0
Chile,2022-07-01,11.926517513923306,6.169285363247863,12.95560475934872,44.0
Chile,2022-08-01,11.888290304143815,6.338980081191393,14.171444012937863,40.0
Chile,2022-09-01,9.64214300162584,5.0594530359990895,12.651525769084877,42.0
Chile,2022-10-01,7.219024107595883,4.166675639300135,8.775432432432432,41.0
Chile,2022-11-01,6.1503066787017335,3.589279871513533,6.786802397602397,43.0
Chile,2022-12-01,5.9894646797055975,3.4205447495870778,8.087696000773592,44.0
Chile,2023-01-01,5.89361985613242,3.025921630094044,7.644777559717394,44.0
Chile,2023-02-01,7.646942304807223,4.7617138462991075,8.72107180129995,42.0
Chile,2023-03-01,8.373382816160431,5.024996505524246,8.600982935584607,43.0
Chile,2023-04-01,10.391989907552016,5.871804578600077,11.140388359544492,43.0
Chile,2023-05-01,12.807465561355002,6.495840220385674,13.773562753036437,41.0
Chile,2023-06-01,12.61369684332366,7.339803860674705,12.785855314566218,42.0
Chile,2023-07-01,12.376862759050464,6.536071416037902,13.104267920491534,43.0
Chile,2023-08-01,10.69147023962646,5.448258964504756,12.409625637755102,43.0
Chile,2023-09-01,9.053600166198752,4.214659248956885,10.209498480243163,41.0
Chile,2023-10-01,8.010423790484543,4.841810810810811,8.988756756756757,37.0
Chile,2023-11-01,7.3618156309145295,4.062203892455859,9.33985445885928,39.0
Chile,2023-12-01,6.533906464861268,3.6356953867028494,8.205036478279899,38.0
Chile,2024-01-01,6.296838604709333,3.630211128677148,7.32228347697032,39.0
Chile,2024-02-01,6.711677063205052,3.8205556512453063,8.465210923637772,39.0
Chile,2024-03-01,8.860207622310512,5.341330833119494,11.104571325891468,38.0
Chile,2024-04-01,10.534867122897232,5.967736633861157,12.68875147659571,40.0
Chile,2024-05-01,12.804588163864985,8.032334708360683,12.857587947007188,39.0
Chile,2024-06-01,11.711478270743429,5.900989894088102,12.485609226473695,42.0
Chile,2024-07-01,15.179960455010582,7.8980842391304344,15.043274695534505,41.0
Chile,2024-08-01,10.531537093389765,5.9943536254170375,11.44115137572183,39.0
Chile,2024-09-01,9.067800371484013,4.713711599715629,9.470280337607399,43.0
Chile,2024-10-01,7.758711880905157,4.110157310091347,9.346448990296356,42.0
Chile,2024-11-01,5.772804521223603,3.223509740862143,7.16705876068376,42.0
Chile,2024-12-01,5.883903323314514,3.202958835292396,7.0328333685564814,43.0
Chile,2025-01-01,5.882516902479208,3.0559377320314822,6.941178908851545,42.0
Chile,2025-02-01,7.39373005573478,3.7941637078808133,9.658632982634764,43.0
Chile,2025-03-01,8.029252331035693,4.858399654387393,8.831944502502404,42.0
Chile,2025-04-01,10.703955007996598,5.327272268257326,12.579735819735818,42.0
Chile,2025-05-01,12.208812201920681,6.358558333817126,13.708296891960746,40.0
Chile,2025-06-01,12.919410465990572,6.598752018785329,13.999841240662931,40.0
Chile,2025-07-01,13.26947846246905,7.0880172998643145,13.99262711864407,41.0
Chile,2025-08-01,9.78210677942685,5.586542368885062,10.420030616492108,42.0
Chile,2025-09-01,8.804631401485214,4.53981843575419,9.444194029850745,41.0
Chile,2025-10-01,7.16383933599624,4.417715458276334,8.305809248554914,41.0
Chile,2025-11-01,6.073913286499267,3.5445646067415733,7.0300704225352115,41.0
Chile,2025-12-01,5.689458021892598,3.1896575391033557,6.973748327386263,42.0
Chile,2026-01-01,5.3286414187896805,3.002128406735886,6.5843745397372455,39.0
Chile,2026-02-01,5.4555148559034405,3.6594120783119033,6.4373329062205356,38.0
Chile,2026-03-01,6.66465545867896,3.9897147003069833,7.633498555586618,39.0
Chile,2026-04-01,8.704856188749122,5.295121255349501,9.87486111111111,37.0
Chile,2026-05-01,11.338486883441917,6.300807092467884,12.498085077012496,36.0
Chile,2026-06-01,12.415796688014407,6.250849616858238,11.787054465377933,39.0
Chile,2026-07-01,11.362051209213048,6.507400454600804,10.920837486538073,35.0
Chile,2026-08-01,9.981107551495105,5.205319188340086,12.144665007112376,39.0
Chile,2026-09-01,,,,
Chile,2026-10-01,,,,
Chile,2026-11-01,,,,
Chile,2026-12-01,,,,
norte_grande,2000-01-01,,,,
norte_grande,2000-02-01,,,,
norte_grande,2000-03-01,,,,
norte_grande,2000-04-01,,,,
norte_grande,2000-05-01,,,,
norte_grande,2000-06-01,,,,
norte_grande,2000-07-01,,,,
norte_grande,2000-08-01,,,,
norte_grande,2000-09-01,,,,
norte_grande,2000-10-01,,,,
norte_grande,2000-11-01,,,,
norte_grande,2000-12-01,,,,
norte_grande,2001-01-01,,,,
norte_grande,2001-02-01,,,,
norte_grande,2001-03-01,,,,
norte_grande,2001-04-01,,,,
norte_grande,2001-05-01,,,,
norte_grande,2001-06-01,,,,
norte_grande,2001-07-01,,,,
norte_grande,2001-08-01,,,,
norte_grande,2001-09-01,,,,
norte_grande,2001-10-01,,,,
norte_grande,2001-11-01,,,,
norte_grande,2001-12-01,,,,
norte_grande,2002-01-01,,,,
norte_grande,2002-02-01,,,,
norte_grande,2002-03-01,,,,
norte_grande,2002-04-01,,,,
norte_grande,2002-05-01,,,,
norte_grande,2002-06-01,,,,
norte_grande,2002-07-01,,,,
norte_grande,2002-08-01,,,,
norte_grande,2002-09-01,,,,
norte_grande,2002-10-01,,,,
norte_grande,2002-11-01,,,,
norte_grande,2002-12-01,,,,
norte_grande,2003-01-01,,,,
norte_grande,2003-02-01,,,,
norte_grande,2003-03-01,,,,
norte_grande,2003-04-01,,,,
norte_grande,2003-05-01,,,,
norte_grande,2003-06-01,,,,
norte_grande,2003-07-01,,,,
norte_grande,2003-08-01,,,,
norte_grande,2003-09-01,,,,
norte_grande,2003-10-01,,,,
norte_grande,2003-11-01,,,,
norte_grande,2003-12-01,,,,
norte_grande,2004-01-01,,,,
norte_grande,2004-02-01,,,,
norte_grande,2004-03-01,,,,
norte_grande,2004-04-01,,,,
norte_grande,2004-05-01,,,,
norte_grande,2004-06-01,,,,
norte_grande,2004-07-01,,,,
norte_grande,2004-08-01,,,,
norte_grande,2004-09-01,,,,
norte_grande,2004-10-01,,,,
norte_grande,2004-11-01,,,,
norte_grande,2004-12-01,,,,
norte_grande,2005-01-01,,,,
norte_grande,2005-02-01,,,,
norte_grande,2005-03-01,,,,
norte_grande,2005-04-01,,,,
norte_grande,2005-05-01,,,,
norte_grande,2005-06-01,,,,
norte_grande,2005-07-01,,,,
norte_grande,2005-08-01,,,,
norte_grande,2005-09-01,,,,
norte_grande,2005-10-01,,,,
norte_grande,2005-11-01,,,,
norte_grande,2005-12-01,,,,
norte_grande,2006-01-01,,,,
norte_grande,2006-02-01,,,,
norte_grande,2006-03-01,,,,
norte_grande,2006-04-01,,,,
norte_grande,2006-05-01,,,,
norte_grande,2006-06-01,,,,
norte_grande,2006-07-01,,,,
norte_grande,2006-08-01,,,,
norte_grande,2006-09-01,,,,
norte_grande,2006-10-01,,,,
norte_grande,2006-11-01,,,,
norte_grande,2006-12-01,,,,
norte_grande,2007-01-01,,,,
norte_grande,2007-02-01,,,,
norte_grande,2007-03-01,,,,
norte_grande,2007-04-01,,,,
norte_grande,2007-05-01,,,,
norte_grande,2007-06-01,,,,
norte_grande,2007-07-01,,,,
norte_grande,2007-08-01,,,,
norte_grande,2007-09-01,,,,
norte_grande,2007-10-01,,,,
norte_grande,2007-11-01,,,,
norte_grande,2007-12-01,,,,
norte_grande,2008-01-01,1.1645771313351498,1.1645771313351498,1.1645771313351498,1.0
norte_grande,2008-02-01,6.902621625655977,6.902621625655977,6.902621625655977,1.0
norte_grande,2008-03-01,10.748709172320218,10.748709172320218,10.748709172320218,1.0
norte_grande,2008-04-01,13.662637541666665,13.662637541666665,13.662637541666665,1.0
norte_grande,2008-05-01,15.346059302173913,15.346059302173913,15.346059302173913,1.0
norte_grande,2008-06-01,1.4997110363636366,1.4997110363636366,1.4997110363636366,1.0
norte_grande,2008-07-01,9.159949432432432,9.159949432432432,9.159949432432432,1.0
norte_grande,2008-08-01,7.744221756793478,7.744221756793478,7.744221756793478,1.0
norte_grande,2008-09-01,7.683706837078652,7.683706837078652,7.683706837078652,1.0
norte_grande,2008-10-01,5.703268807901908,5.703268807901908,5.703268807901908,1.0
norte_grande,2008-11-01,8.214642475313807,8.214642475313807,8.214642475313807,1.0
norte_grande,2008-12-01,12.977466606397774,12.977466606397774,12.977466606397774,1.0
norte_grande,2009-01-01,,,,
norte_grande,2009-02-01,,,,
norte_grande,2009-03-01,,,,
norte_grande,2009-04-01,,,,
norte_grande,2009-05-01,,,,
norte_grande,2009-06-01,,,,
norte_grande,2009-07-01,,,,
norte_grande,2009-08-01,,,,
norte_grande,2009-09-01,,,,
norte_grande,2009-10-01,,,,
norte_grande,2009-11-01,,,,
norte_grande,2009-12-01,,,,
norte_grande,2010-01-01,,,,
norte_grande,2010-02-01,,,,
norte_grande,2010-03-01,,,,
norte_grande,2010-04-01,,,,
norte_grande,2010-05-01,,,,
norte_grande,2010-06-01,,,,
norte_grande,2010-07-01,,,,
norte_grande,2010-08-01,,,,
norte_grande,2010-09-01,,,,
norte_grande,2010-10-01,,,,
norte_grande,2010-11-01,,,,
norte_grande,2010-12-01,,,,
norte_grande,2011-01-01,,,,
norte_grande,2011-02-01,,,,
norte_grande,2011-03-01,,,,
norte_grande,2011-04-01,,,,
norte_grande,2011-05-01,,,,
norte_grande,2011-06-01,,,,
norte_grande,2011-07-01,,,,
norte_grande,2011-08-01,,,,
norte_grande,2011-09-01,,,,
norte_grande,2011-10-01,,,,
norte_grande,2011-11-01,,,,
norte_grande,2011-12-01,,,,
norte_grande,2012-01-01,10.837883150537634,10.837883150537634,10.837883150537634,1.0
norte_grande,2012-02-01,23.21918821490468,23.21918821490468,23.21918821490468,1.0
norte_grande,2012-03-01,20.20528371641791,20.20528371641791,20.20528371641791,1.0
norte_grande,2012-04-01,14.362451214057508,14.362451214057508,14.362451214057508,1.0
norte_grande,2012-05-01,12.243107493372605,12.243107493372605,12.243107493372605,1.0
norte_grande,2012-06-01,10.11100978940028,10.11100978940028,10.11100978940028,1.0
norte_grande,2012-07-01,9.451568454301075,9.451568454301075,9.451568454301075,1.0
norte_grande,2012-08-01,6.557459531063257,6.557459531063257,6.557459531063257,1.0
norte_grande,2012-09-01,5.552535998581363,5.552535998581363,5.552535998581363,1.0
norte_grande,2012-10-01,3.8505030820833337,3.8505030820833337,3.8505030820833337,1.0
norte_grande,2012-11-01,7.370215308150887,7.370215308150887,7.370215308150887,1.0
norte_grande,2012-12-01,10.477849986052998,10.477849986052998,10.477849986052998,1.0
norte_grande,2013-01-01,9.211561058655223,9.211561058655223,9.211561058655223,1.0
norte_grande,2013-02-01,12.400873889197532,12.400873889197532,12.400873889197532,1.0
norte_grande,2013-03-01,9.377017633817204,9.377017633817204,9.377017633817204,1.0
norte_grande,2013-04-01,11.913306872180451,11.913306872180451,11.913306872180451,1.0
norte_grande,2013-05-01,13.5605934106412,13.5605934106412,13.5605934106412,1.0
norte_grande,2013-06-01,13.30282467040673,13.30282467040673,13.30282467040673,1.0
norte_grande,2013-07-01,9.045247755698384,7.064535707097788,11.02595980429898,2.0
norte_grande,2013-08-01,8.5184054500877,6.274714423205509,10.76209647696989,2.0
norte_grande,2013-09-01,8.456825908024648,7.075936832334003,9.837714983715294,2.0
norte_grande,2013-10-01,8.272408775697997,7.277356985464802,9.26746056593119,2.0
norte_grande,2013-11-01,7.791434722709164,7.387915852179688,8.19495359323864,2.0
norte_grande,2013-12-01,7.2890340557634525,7.043283590687432,7.534784520839473,2.0
norte_grande,2014-01-01,6.025791370944274,5.89152771139301,6.160055030495538,2.0
norte_grande,2014-02-01,7.169128008206197,6.826123303600586,7.512132712811807,2.0
norte_grande,2014-03-01,7.23147150672043,7.23147150672043,7.23147150672043,1.0
norte_grande,2014-04-01,8.114500744664504,6.6163518565961414,9.612649632732868,2.0
norte_grande,2014-05-01,8.791375649601196,7.56231210016399,10.020439199038403,2.0
norte_grande,2014-06-01,9.201997474390762,7.625329596417604,10.778665352363921,2.0
norte_grande,2014-07-01,9.79931775566725,7.866126717416957,11.73250879391754,2.0
norte_grande,2014-08-01,11.188169164956516,10.315516175220193,12.06082215469284,2.0
norte_grande,2014-09-01,14.75933858586529,13.436136698242379,16.0825404734882,2.0
norte_grande,2014-10-01,11.88856044165193,11.84480459498478,11.932316288319079,2.0
norte_grande,2014-11-01,11.461006810157295,10.299830874958165,12.622182745356426,2.0
norte_grande,2014-12-01,8.009241597717546,8.009241597717546,8.009241597717546,1.0
norte_grande,2015-01-01,7.380660217983651,7.380660217983651,7.380660217983651,1.0
norte_grande,2015-02-01,5.437157217017716,5.301084364164966,5.5732300698704655,2.0
norte_grande,2015-03-01,6.084859645833333,6.084859645833333,6.084859645833333,1.0
norte_grande,2015-04-01,14.616796441886002,12.074511446051227,17.15908143772078,2.0
norte_grande,2015-05-01,7.508701345049727,5.932956273039071,9.084446417060382,2.0
norte_grande,2015-06-01,12.40954654854215,12.13767458743519,12.681418509649106,2.0
norte_grande,2015-07-01,12.0211223047714,11.94674147206225,12.09550313748055,2.0
norte_grande,2015-08-01,7.747981607533395,5.993706248509396,9.502256966557395,2.0
norte_grande,2015-09-01,7.5190179932460985,6.008853083970272,9.029182902521926,2.0
norte_grande,2015-10-01,8.719777957366727,8.408125735913476,9.031430178819976,2.0
norte_grande,2015-11-01,9.210377167381974,9.210377167381974,9.210377167381974,1.0
norte_grande,2015-12-01,9.46642983651226,9.46642983651226,9.46642983651226,1.0
norte_grande,2016-01-01,6.416840927922411,6.280176160791179,6.5535056950536426,2.0
norte_grande,2016-02-01,10.473865059943119,8.333253670000884,12.614476449885352,2.0
norte_grande,2016-03-01,13.140559025538954,10.23112721344975,16.049990837628158,2.0
norte_grande,2016-04-01,13.744589818340135,11.342167310019926,16.147012326660345,2.0
norte_grande,2016-05-01,15.283083221856803,13.408021076728675,17.15814536698493,2.0
norte_grande,2016-06-01,18.58530694782913,15.828953963410363,21.341659932247897,2.0
norte_grande,2016-07-01,15.100175980697504,14.04297196697017,16.157379994424836,2.0
norte_grande,2016-08-01,12.52496188491556,11.81008458570847,13.239839184122651,2.0
norte_grande,2016-09-01,9.744182489769868,7.784975554944656,11.703389424595079,2.0
norte_grande,2016-10-01,8.26572512804102,7.497286245949659,9.034164010132379,2.0
norte_grande,2016-11-01,10.012535529954393,9.445866217860459,10.579204842048327,2.0
norte_grande,2016-12-01,9.679048990826427,8.44208132639913,10.916016655253724,2.0
norte_grande,2017-01-01,8.293522856296239,6.58513909669537,10.00190661589711,2.0
norte_grande,2017-02-01,5.386129711711712,5.386129711711712,5.386129711711712,1.0
norte_grande,2017-03-01,6.516575354223432,6.516575354223432,6.516575354223432,1.0
norte_grande,2017-04-01,10.29208014013391,9.557727073598029,11.026433206669791,2.0
norte_grande,2017-05-01,11.76127927522173,11.188260376247229,12.334298174196231,2.0
norte_grande,2017-06-01,13.994868417489268,13.015174794518694,14.974562040459844,2.0
norte_grande,2017-07-01,11.626201379420962,11.01808585291523,12.234316905926697,2.0
norte_grande,2017-08-01,10.604395224157205,10.093902618844503,11.114887829469907,2.0
norte_grande,2017-09-01,9.68607292736008,8.731951956637786,10.640193898082371,2.0
norte_grande,2017-10-01,9.849079945062016,9.550584446924539,10.147575443199495,2.0
norte_grande,2017-11-01,8.986290250943815,8.586014323784145,9.386566178103486,2.0
norte_grande,2017-12-01,8.849503345605424,8.133562814107059,9.565443877103787,2.0
norte_grande,2018-01-01,8.626102711501517,7.472226613482718,9.779978809520317,2.0
norte_grande,2018-02-01,7.206232508896138,6.011353336514937,8.401111681277337,2.0
norte_grande,2018-03-01,11.6859772631997,9.725816500452309,13.64613802594709,2.0
norte_grande,2018-04-01,12.426274208521399,10.907360750984346,13.945187666058454,2.0
norte_grande,2018-05-01,11.269867725512396,11.235532786040181,11.304202664984611,2.0
norte_grande,2018-06-01,12.44720213120213,11.658124875124875,13.236279387279387,2.0
norte_grande,2018-07-01,11.099483654190422,10.609660855435292,11.58930645294555,2.0
norte_grande,2018-08-01,8.00785040431267,6.074599056603773,9.941101752021565,2.0
norte_grande,2018-09-01,8.245313210588835,7.494990942643815,8.995635478533854,2.0
norte_grande,2018-10-01,9.593563685636857,9.593563685636857,9.593563685636857,1.0
norte_grande,2018-11-01,8.17441783817557,7.723027100905967,8.625808575445173,2.0
norte_grande,2018-12-01,9.853966948655973,8.195679420273933,11.512254477038015,2.0
norte_grande,2019-01-01,8.229112691426284,6.6597995889563855,9.798425793896184,2.0
norte_grande,2019-02-01,7.003472433092754,5.43944696034803,8.567497905837477,2.0
norte_grande,2019-03-01,9.289658197283378,7.890643209903561,10.688673184663195,2.0
norte_grande,2019-04-01,12.780707328824708,10.695115235239843,14.866299422409572,2.0
norte_grande,2019-05-01,13.214500491652888,11.672216324523866,14.75678465878191,2.0
norte_grande,2019-06-01,10.307773933911472,9.467750286342067,11.147797581480877,2.0
norte_grande,2019-07-01,11.681875843454792,11.681875843454792,11.681875843454792,1.0
norte_grande,2019-08-01,8.384128109433615,6.715798142411291,10.052458076455938,2.0
norte_grande,2019-09-01,9.860099431818183,9.860099431818183,9.860099431818183,1.0
norte_grande,2019-10-01,7.9396853625171,7.9396853625171,7.9396853625171,1.0
norte_grande,2019-11-01,10.616267814700109,8.832764063822317,12.399771565577902,2.0
norte_grande,2019-12-01,6.3999717114568595,6.3999717114568595,6.3999717114568595,1.0
norte_grande,2020-01-01,5.0069294605809125,5.0069294605809125,5.0069294605809125,1.0
norte_grande,2020-02-01,9.058196486476279,7.377908112614047,10.738484860338511,2.0
norte_grande,2020-03-01,5.921123139377538,5.921123139377538,5.921123139377538,1.0
norte_grande,2020-04-01,6.251258741258741,6.251258741258741,6.251258741258741,1.0
norte_grande,2020-05-01,7.627308743169398,7.627308743169398,7.627308743169398,1.0
norte_grande,2020-06-01,7.344982876712329,7.344982876712329,7.344982876712329,1.0
norte_grande,2020-07-01,8.004107883817428,8.004107883817428,8.004107883817428,1.0
norte_grande,2020-08-01,7.933926630434782,7.933926630434782,7.933926630434782,1.0
norte_grande,2020-09-01,8.173081232492997,8.173081232492997,8.173081232492997,1.0
norte_grande,2020-10-01,11.434626448893571,9.538785827186512,13.330467070600632,2.0
norte_grande,2020-11-01,7.16054469273743,7.16054469273743,7.16054469273743,1.0
norte_grande,2020-12-01,5.517520775623269,5.517520775623269,5.517520775623269,1.0
norte_grande,2021-01-01,4.9266713681241185,4.9266713681241185,4.9266713681241185,1.0
norte_grande,2021-02-01,6.732706502636203,6.732706502636203,6.732706502636203,1.0
norte_grande,2021-03-01,7.1966255144032925,7.1966255144032925,7.1966255144032925,1.0
norte_grande,2021-04-01,9.489039721451732,8.871960420166426,10.10611902273704,2.0
norte_grande,2021-05-01,13.00020028712019,11.858842427510712,14.141558146729666,2.0
norte_grande,2021-06-01,11.767806263771469,11.53928936784079,11.996323159702145,2.0
norte_grande,2021-07-01,14.167158121833872,13.953267857597433,14.38104838607031,2.0
norte_grande,2021-08-01,9.386049605607788,8.238234300010598,10.533864911204978,2.0
norte_grande,2021-09-01,6.687418546585911,4.534078868829915,8.840758224341906,2.0
norte_grande,2021-10-01,13.851683312552716,12.916058752612857,14.787307872492573,2.0
norte_grande,2021-11-01,10.20942735695677,9.94027390256802,10.478580811345518,2.0
norte_grande,2021-12-01,8.576779550247773,8.488640792762965,8.66491830773258,2.0
norte_grande,2022-01-01,5.589458127053337,4.844051689224992,6.334864564881682,2.0
norte_grande,2022-02-01,10.363026842865487,9.147617808724725,11.57843587700625,2.0
norte_grande,2022-03-01,11.605300054112554,10.169619724025974,13.040980384199134,2.0
norte_grande,2022-04-01,12.078391608391607,12.078391608391607,12.078391608391607,1.0
norte_grande,2022-05-01,15.746354744730644,14.497659661193659,16.99504982826763,2.0
norte_grande,2022-06-01,15.39659634317862,15.39659634317862,15.39659634317862,1.0
norte_grande,2022-07-01,13.547631652493312,13.442535633009939,13.652727671976685,2.0
norte_grande,2022-08-01,11.461811886395513,10.04171239481066,12.881911377980366,2.0
norte_grande,2022-09-01,13.127342657342655,13.127342657342655,13.127342657342655,1.0
norte_grande,2022-10-01,8.164735878002428,6.799174661690289,9.530297094314566,2.0
norte_grande,2022-11-01,8.0101672218813,7.112162597527833,8.908171846234769,2.0
norte_grande,2022-12-01,10.493267286964883,9.68650916215464,11.300025411775124,2.0
norte_grande,2023-01-01,12.484642320085928,9.865647690655209,15.103636949516648,2.0
norte_grande,2023-02-01,5.635529953917051,5.635529953917051,5.635529953917051,1.0
norte_grande,2023-03-01,12.34050988810452,9.18818809548473,15.492831680724311,2.0
norte_grande,2023-04-01,15.459664507469654,12.057073150093371,18.862255864845938,2.0
norte_grande,2023-05-01,10.157259158751696,10.157259158751696,10.157259158751696,1.0
norte_grande,2023-06-01,10.479858387644793,9.317157847946852,11.642558927342733,2.0
norte_grande,2023-07-01,8.115241306304265,5.910730700999022,10.319751911609508,2.0
norte_grande,2023-08-01,10.360812167782093,9.481748863918037,11.239875471646148,2.0
norte_grande,2023-09-01,11.180795947901592,11.180795947901592,11.180795947901592,1.0
norte_grande,2023-10-01,9.557851351351353,9.557851351351353,9.557851351351353,1.0
norte_grande,2023-11-01,8.856484068627452,8.606330269607845,9.10663786764706,2.0
norte_grande,2023-12-01,13.416332316187155,10.637226968904388,16.19543766346992,2.0
norte_grande,2024-01-01,8.54546362760975,7.1934373768984985,9.897489878321004,2.0
norte_grande,2024-02-01,6.0297777777777775,6.0297777777777775,6.0297777777777775,1.0
norte_grande,2024-03-01,11.031317945460021,8.975362476773137,13.087273414146903,2.0
norte_grande,2024-04-01,11.337419607192386,9.943242381499875,12.731596832884897,2.0
norte_grande,2024-05-01,8.943846440685665,8.805467694736363,9.082225186634968,2.0
norte_grande,2024-06-01,10.371059496198567,9.525870973726025,11.21624801867111,2.0
norte_grande,2024-07-01,9.912740786744287,8.928672222640436,10.89680935084814,2.0
norte_grande,2024-08-01,12.36212776866284,11.88172426168991,12.842531275635768,2.0
norte_grande,2024-09-01,9.488794855425473,8.615418406733715,10.362171304117231,2.0
norte_grande,2024-10-01,7.776063604240283,6.704595406360424,8.847531802120141,2.0
norte_grande,2024-11-01,7.380366132908925,7.042581322268416,7.718150943549435,2.0
norte_grande,2024-12-01,10.64319127070045,8.766770601702849,12.519611939698052,2.0
norte_grande,2025-01-01,6.7550948802508515,6.634905930691464,6.87528382981024,2.0
norte_grande,2025-02-01,15.799539787447179,12.25801644808806,19.341063126806297,2.0
norte_grande,2025-03-01,16.389498556916102,15.244064068145976,17.53493304568623,2.0
norte_grande,2025-04-01,17.859761350304765,17.554943568234144,18.164579132375383,2.0
norte_grande,2025-05-01,12.17842507358844,11.704469293550975,12.652380853625903,2.0
norte_grande,2025-06-01,12.564961878399377,11.832991428710178,13.296932328088577,2.0
norte_grande,2025-07-01,13.33476578004882,13.005835110751192,13.663696449346444,2.0
norte_grande,2025-08-01,12.280975089184029,11.412179120678971,13.149771057689085,2.0
norte_grande,2025-09-01,9.73964631070002,9.591920170275383,9.887372451124659,2.0
norte_grande,2025-10-01,9.307837837837837,9.307837837837837,9.307837837837837,1.0
norte_grande,2025-11-01,8.340281690140845,8.340281690140845,8.340281690140845,1.0
norte_grande,2025-12-01,11.35606797871791,10.979163696471925,11.732972260963892,2.0
norte_grande,2026-01-01,7.6095640326975476,7.6095640326975476,7.6095640326975476,1.0
norte_grande,2026-02-01,11.373348281016442,11.373348281016442,11.373348281016442,1.0
norte_grande,2026-03-01,,,,
norte_grande,2026-04-01,,,,
norte_grande,2026-05-01,,,,
norte_grande,2026-06-01,,,,
norte_grande,2026-07-01,,,,
norte_grande,2026-08-01,,,,
norte_grande,2026-09-01,,,,
norte_grande,2026-10-01,,,,
norte_grande,2026-11-01,,,,
norte_grande,2026-12-01,,,,
norte_chico,2000-01-01,,,,
norte_chico,2000-02-01,,,,
norte_chico,2000-03-01,,,,
norte_chico,2000-04-01,,,,
norte_chico,2000-05-01,,,,
norte_chico,2000-06-01,,,,
norte_chico,2000-07-01,,,,
norte_chico,2000-08-01,,,,
norte_chico,2000-09-01,,,,
norte_chico,2000-10-01,,,,
norte_chico,2000-11-01,,,,
norte_chico,2000-12-01,,,,
norte_chico,2001-01-01,,,,
norte_chico,2001-02-01,,,,
norte_chico,2001-03-01,,,,
norte_chico,2001-04-01,,,,
norte_chico,2001-05-01,,,,
norte_chico,2001-06-01,,,,
norte_chico,2001-07-01,,,,
norte_chico,2001-08-01,,,,
norte_chico,2001-09-01,,,,
norte_chico,2001-10-01,,,,
norte_chico,2001-11-01,,,,
norte_chico,2001-12-01,,,,
norte_chico,2002-01-01,0.6489609138350685,0.6233900839779738,0.6745317436921632,2.0
norte_chico,2002-02-01,2.1517965112223694,1.7077691179529566,2.5958239044917817,2.0
norte_chico,2002-03-01,2.526242845378672,2.289243177743244,2.763242513014099,2.0
norte_chico,2002-04-01,2.517044270370544,2.4644048740432107,2.569683666697877,2.0
norte_chico,2002-05-01,4.800060778201392,4.722201152799326,4.877920403603459,2.0
norte_chico,2002-06-01,3.888346707172702,2.9183621056754876,4.858331308669916,2.0
norte_chico,2002-07-01,5.112042239892183,5.112042239892183,5.112042239892183,1.0
norte_chico,2002-08-01,2.1582618912146225,1.4448696710537399,2.8716541113755056,2.0
norte_chico,2002-09-01,2.2283738436697993,1.8145658393208546,2.6421818480187436,2.0
norte_chico,2002-10-01,1.4991748200012913,1.1966181009588102,1.8017315390437723,2.0
norte_chico,2002-11-01,,,,
norte_chico,2002-12-01,1.0366809722371968,1.0366809722371968,1.0366809722371968,1.0
norte_chico,2003-01-01,1.7866949029649597,1.7866949029649597,1.7866949029649597,1.0
norte_chico,2003-02-01,2.757589692929293,2.4936391782828284,3.0215402075757574,2.0
norte_chico,2003-03-01,2.442720920485175,1.8133841819407008,3.0720576590296496,2.0
norte_chico,2003-04-01,2.8365949028614668,1.8336425997594241,3.839547205963509,2.0
norte_chico,2003-05-01,2.6891036607142853,1.6436604122304581,3.7345469091981127,2.0
norte_chico,2003-06-01,2.9014636664345406,2.4030402350278552,3.399887097841226,2.0
norte_chico,2003-07-01,4.255710394541779,3.045873735343666,5.4655470537398925,2.0
norte_chico,2003-08-01,3.5604502311320756,3.432206611522911,3.68869385074124,2.0
norte_chico,2003-09-01,10.291579633588825,6.48422878755903,14.09893047961862,2.0
norte_chico,2003-10-01,12.57712651954178,7.291386976078168,17.86286606300539,2.0
norte_chico,2003-11-01,3.613240685236769,3.0635090821727022,4.162972288300836,2.0
norte_chico,2003-12-01,1.4337264267037702,1.1054761601173837,1.7619766932901566,2.0
norte_chico,2004-01-01,1.9967029779895922,1.7546605878476975,2.238745368131487,2.0
norte_chico,2004-02-01,2.538780141570605,2.1161228247478387,2.961437458393372,2.0
norte_chico,2004-03-01,3.2698791766200985,3.1251992305635703,3.4145591226766263,2.0
norte_chico,2004-04-01,5.477536927083333,5.477536927083333,5.477536927083333,1.0
norte_chico,2004-05-01,,,,
norte_chico,2004-06-01,5.952997681085044,5.952997681085044,5.952997681085044,1.0
norte_chico,2004-07-01,4.964654220350405,4.964654220350405,4.964654220350405,1.0
norte_chico,2004-08-01,3.2018093915094337,3.2018093915094337,3.2018093915094337,1.0
norte_chico,2004-09-01,4.603424147222222,4.603424147222222,4.603424147222222,1.0
norte_chico,2004-10-01,3.7350190914169845,3.692726337934102,3.7773118448998666,2.0
norte_chico,2004-11-01,3.7212119407456403,3.081301175742416,4.361122705748865,2.0
norte_chico,2004-12-01,3.4535673359561776,3.315560478346438,3.591574193565917,2.0
norte_chico,2005-01-01,,,,
norte_chico,2005-02-01,2.5506222522019946,2.168371902966669,2.93287260143732,2.0
norte_chico,2005-03-01,1.867578849730458,1.4563487392183287,2.2788089602425874,2.0
norte_chico,2005-04-01,4.457009436977716,4.386761898154596,4.527256975800836,2.0
norte_chico,2005-05-01,5.584129925664124,5.395143555612089,5.773116295716159,2.0
norte_chico,2005-06-01,5.86370652279463,5.550548982108612,6.176864063480648,2.0
norte_chico,2005-07-01,5.031361601336151,4.889298089335764,5.173425113336539,2.0
norte_chico,2005-08-01,5.006829704168382,4.763949151197928,5.249710257138836,2.0
norte_chico,2005-09-01,3.5428682573611114,3.5428682573611114,3.5428682573611114,1.0
norte_chico,2005-10-01,2.8230052358265203,2.6310466515556934,3.0149638200973476,2.0
norte_chico,2005-11-01,4.4441710175315565,4.1442886328892,4.744053402173913,2.0
norte_chico,2005-12-01,7.523874014784946,7.523874014784946,7.523874014784946,1.0
norte_chico,2006-01-01,2.814318488160907,2.6826275552143333,2.9460094211074805,2.0
norte_chico,2006-02-01,4.099615365336188,4.070963411367646,4.128267319304731,2.0
norte_chico,2006-03-01,7.943412091566516,7.439458965029557,8.447365218103474,2.0
norte_chico,2006-04-01,3.996960839417566,3.58450538832803,4.409416290507102,2.0
norte_chico,2006-05-01,9.607803500678425,8.903179531886025,10.312427469470826,2.0
norte_chico,2006-06-01,4.387924643055555,3.8573770020833336,4.918472284027778,2.0
norte_chico,2006-07-01,4.780042135135135,4.379812452027027,5.180271818243243,2.0
norte_chico,2006-08-01,2.5587603149197977,1.6305874520544936,3.486933177785102,2.0
norte_chico,2006-09-01,3.389072198940534,2.856142158047673,3.9220022398333954,2.0
norte_chico,2006-10-01,3.8060314248985114,3.7504647361299055,3.8615981136671174,2.0
norte_chico,2006-11-01,10.729254456957301,9.904061650940402,11.5544472629742,2.0
norte_chico,2006-12-01,2.029321488406562,1.3178108531226633,2.7408321236904603,2.0
norte_chico,2007-01-01,0.9220817944095301,0.7995282856603033,1.044635303158757,2.0
norte_chico,2007-02-01,0.45016848757485034,0.45016848757485034,0.45016848757485034,1.0
norte_chico,2007-03-01,0.3595726569037657,0.3595726569037657,0.3595726569037657,1.0
norte_chico,2007-04-01,,,,
norte_chico,2007-05-01,4.100174861536466,3.135203925041976,5.065145798030956,2.0
norte_chico,2007-06-01,9.662500834035452,9.40915666415859,9.915845003912313,2.0
norte_chico,2007-07-01,8.113249832922607,7.675869155591738,8.550630510253477,2.0
norte_chico,2007-08-01,6.403643160721671,6.224646382108148,6.582639939335195,2.0
norte_chico,2007-09-01,5.380099980571031,4.178465841330084,6.581734119811978,2.0
norte_chico,2007-10-01,3.6561724648484515,3.5480757445699744,3.7642691851269285,2.0
norte_chico,2007-11-01,10.49669927805458,8.625698145312207,12.367700410796953,2.0
norte_chico,2007-12-01,3.491168529158541,2.8093851791367928,4.172951879180289,2.0
norte_chico,2008-01-01,2.85132007025694,2.348880744841192,3.3537593956726877,2.0
norte_chico,2008-02-01,3.26316481475469,2.765715490530303,3.760614138979077,2.0
norte_chico,2008-03-01,4.209712112938005,4.20937345606469,4.210050769811321,2.0
norte_chico,2008-04-01,5.838388015885961,5.288170101823369,6.388605929948552,2.0
norte_chico,2008-05-01,5.845867848869792,4.725191106188786,6.966544591550799,2.0
norte_chico,2008-06-01,3.8636884491198895,3.2480847064792773,4.479292191760502,2.0
norte_chico,2008-07-01,2.678128378936743,2.3671626359017495,2.9890941219717364,2.0
norte_chico,2008-08-01,2.4828355753638633,2.3348348676953905,2.630836283032336,2.0
norte_chico,2008-09-01,2.4792105006189598,1.912899341221736,3.045521660016184,2.0
norte_chico,2008-10-01,3.36459953694332,2.883844957236842,3.8453541166497978,2.0
norte_chico,2008-11-01,4.444030353974895,3.9046414919107395,4.983419216039052,2.0
norte_chico,2008-12-01,4.1045051228436655,3.184968639117251,5.024041606570081,2.0
norte_chico,2009-01-01,4.347663181709395,3.0641225059426542,5.631203857476136,2.0
norte_chico,2009-02-01,5.838118045895523,3.8550696621268656,7.82116642966418,2.0
norte_chico,2009-03-01,12.382785498424639,7.229916457096415,17.535654539752862,2.0
norte_chico,2009-04-01,4.730984369643384,4.220414260030605,5.241554479256163,2.0
norte_chico,2009-05-01,3.9884134289520428,3.9884134289520428,3.9884134289520428,1.0
norte_chico,2009-06-01,2.7808496265235165,2.5898546336842934,2.97184461936274,2.0
norte_chico,2009-07-01,3.9370006404323026,3.747102931176909,4.126898349687696,2.0
norte_chico,2009-08-01,4.919833010592084,4.728873142591124,5.110792878593045,2.0
norte_chico,2009-09-01,4.826804821174562,4.6681286096027526,4.985481032746372,2.0
norte_chico,2009-10-01,3.9346392021455436,3.9088438449419813,3.9604345593491055,2.0
norte_chico,2009-11-01,3.461041237908658,3.4056405639052407,3.5164419119120756,2.0
norte_chico,2009-12-01,2.7335980715575694,2.643393710197389,2.8238024329177493,2.0
norte_chico,2010-01-01,,,,
norte_chico,2010-02-01,,,,
norte_chico,2010-03-01,,,,
norte_chico,2010-04-01,,,,
norte_chico,2010-05-01,,,,
norte_chico,2010-06-01,,,,
norte_chico,2010-07-01,,,,
norte_chico,2010-08-01,,,,
norte_chico,2010-09-01,,,,
norte_chico,2010-10-01,,,,
norte_chico,2010-11-01,,,,
norte_chico,2010-12-01,,,,
norte_chico,2011-01-01,,,,
norte_chico,2011-02-01,,,,
norte_chico,2011-03-01,,,,
norte_chico,2011-04-01,,,,
norte_chico,2011-05-01,,,,
norte_chico,2011-06-01,,,,
norte_chico,2011-07-01,,,,
norte_chico,2011-08-01,,,,
norte_chico,2011-09-01,,,,
norte_chico,2011-10-01,,,,
norte_chico,2011-11-01,,,,
norte_chico,2011-12-01,,,,
norte_chico,2012-01-01,,,,
norte_chico,2012-02-01,,,,
norte_chico,2012-03-01,,,,
norte_chico,2012-04-01,,,,
norte_chico,2012-05-01,,,,
norte_chico,2012-06-01,,,,
norte_chico,2012-07-01,,,,
norte_chico,2012-08-01,,,,
norte_chico,2012-09-01,,,,
norte_chico,2012-10-01,,,,
norte_chico,2012-11-01,,,,
norte_chico,2012-12-01,,,,
norte_chico,2013-01-01,,,,
norte_chico,2013-02-01,,,,
norte_chico,2013-03-01,,,,
norte_chico,2013-04-01,,,,
norte_chico,2013-05-01,,,,
norte_chico,2013-06-01,,,,
norte_chico,2013-07-01,,,,
norte_chico,2013-08-01,,,,
norte_chico,2013-09-01,,,,
norte_chico,2013-10-01,,,,
norte_chico,2013-11-01,,,,
norte_chico,2013-12-01,,,,
norte_chico,2014-01-01,,,,
norte_chico,2014-02-01,,,,
norte_chico,2014-03-01,,,,
norte_chico,2014-04-01,,,,
norte_chico,2014-05-01,,,,
norte_chico,2014-06-01,,,,
norte_chico,2014-07-01,,,,
norte_chico,2014-08-01,,,,
norte_chico,2014-09-01,,,,
norte_chico,2014-10-01,,,,
norte_chico,2014-11-01,,,,
norte_chico,2014-12-01,,,,
norte_chico,2015-01-01,,,,
norte_chico,2015-02-01,,,,
norte_chico,2015-03-01,,,,
norte_chico,2015-04-01,,,,
norte_chico,2015-05-01,,,,
norte_chico,2015-06-01,,,,
norte_chico,2015-07-01,,,,
norte_chico,2015-08-01,,,,
norte_chico,2015-09-01,,,,
norte_chico,2015-10-01,,,,
norte_chico,2015-11-01,,,,
norte_chico,2015-12-01,,,,
norte_chico,2016-01-01,,,,
norte_chico,2016-02-01,,,,
norte_chico,2016-03-01,,,,
norte_chico,2016-04-01,,,,
norte_chico,2016-05-01,,,,
norte_chico,2016-06-01,,,,
norte_chico,2016-07-01,,,,
norte_chico,2016-08-01,,,,
norte_chico,2016-09-01,,,,
norte_chico,2016-10-01,,,,
norte_chico,2016-11-01,,,,
norte_chico,2016-12-01,,,,
norte_chico,2017-01-01,,,,
norte_chico,2017-02-01,,,,
norte_chico,2017-03-01,,,,
norte_chico,2017-04-01,,,,
norte_chico,2017-05-01,,,,
norte_chico,2017-06-01,,,,
norte_chico,2017-07-01,,,,
norte_chico,2017-08-01,,,,
norte_chico,2017-09-01,,,,
norte_chico,2017-10-01,,,,
norte_chico,2017-11-01,,,,
norte_chico,2017-12-01,,,,
norte_chico,2018-01-01,,,,
norte_chico,2018-02-01,,,,
norte_chico,2018-03-01,,,,
norte_chico,2018-04-01,,,,
norte_chico,2018-05-01,,,,
norte_chico,2018-06-01,,,,
norte_chico,2018-07-01,,,,
norte_chico,2018-08-01,,,,
norte_chico,2018-09-01,11.109541666666667,8.088125,14.130958333333332,2.0
norte_chico,2018-10-01,9.82756510303452,7.49800088035823,12.157129325710807,2.0
norte_chico,2018-11-01,9.832974544353139,7.263338304624947,12.402610784081332,2.0
norte_chico,2018-12-01,6.5087878876782765,5.277105115501264,7.740470659855289,2.0
norte_chico,2019-01-01,4.129684542029668,3.2173897162703087,5.041979367789027,2.0
norte_chico,2019-02-01,5.229345238095238,4.516904761904762,5.9417857142857144,2.0
norte_chico,2019-03-01,4.578501344086021,3.3006350806451614,5.856367607526881,2.0
norte_chico,2019-04-01,6.348274993541721,4.2712050073193835,8.425344979764057,2.0
norte_chico,2019-05-01,,,,
norte_chico,2019-06-01,6.889479166666666,4.380684027777778,9.398274305555555,2.0
norte_chico,2019-07-01,7.498918010752688,6.143088037634408,8.854747983870968,2.0
norte_chico,2019-08-01,31.75373502304148,18.07017396313364,45.43729608294932,2.0
norte_chico,2019-09-01,4.362083097330581,2.8440052864616643,5.880160908199497,2.0
norte_chico,2019-10-01,,,,
norte_chico,2019-11-01,,,,
norte_chico,2019-12-01,4.237321023934287,4.136323555445404,4.338318492423169,2.0
norte_chico,2020-01-01,5.180903348854059,4.381774509072699,5.980032188635419,2.0
norte_chico,2020-02-01,3.6553560414914497,3.6073731426969444,3.7033389402859545,2.0
norte_chico,2020-03-01,3.560764621861374,3.541437866486243,3.5800913772365055,2.0
norte_chico,2020-04-01,3.5572485529695714,3.4634597557408657,3.651037350198277,2.0
norte_chico,2020-05-01,4.8791638862011055,4.695717374017105,5.062610398385106,2.0
norte_chico,2020-06-01,8.889897768897768,7.638396436896437,10.1413991008991,2.0
norte_chico,2020-07-01,8.400338195834092,7.409775076177915,9.390901315490268,2.0
norte_chico,2020-08-01,9.269972926245748,6.937020246906657,11.602925605584836,2.0
norte_chico,2020-09-01,6.369358890934485,5.383541177310818,7.355176604558152,2.0
norte_chico,2020-10-01,4.894539479694725,4.8211954264386385,4.96788353295081,2.0
norte_chico,2020-11-01,4.842475056070801,4.6812090380069105,5.003741074134691,2.0
norte_chico,2020-12-01,6.50004510992474,6.461123906313721,6.538966313535758,2.0
norte_chico,2021-01-01,5.776077468742981,5.078153599236355,6.474001338249607,2.0
norte_chico,2021-02-01,5.9828034255975435,5.345177989075048,6.620428862120039,2.0
norte_chico,2021-03-01,5.147433087365176,5.050210404528427,5.244655770201925,2.0
norte_chico,2021-04-01,6.127689298847324,5.7573013533342765,6.4980772443603705,2.0
norte_chico,2021-05-01,6.62713479252166,6.057835522115823,7.196434062927496,2.0
norte_chico,2021-06-01,6.122497814493807,5.679250371375747,6.565745257611867,2.0
norte_chico,2021-07-01,6.977729839713434,6.278128768253218,7.67733091117365,2.0
norte_chico,2021-08-01,5.34224427566528,4.917090972520987,5.7673975788095735,2.0
norte_chico,2021-09-01,3.4022305345700694,2.3337169503144874,4.470744118825651,2.0
norte_chico,2021-10-01,2.6221859913153707,2.1529557407557247,3.091416241875017,2.0
norte_chico,2021-11-01,4.081823612130483,3.4659204715765064,4.697726752684459,2.0
norte_chico,2021-12-01,3.9772469635627528,3.9772469635627528,3.9772469635627528,1.0
norte_chico,2022-01-01,4.1931628532974425,4.1931628532974425,4.1931628532974425,1.0
norte_chico,2022-02-01,6.125257957997622,6.091274996697926,6.159240919297318,2.0
norte_chico,2022-03-01,7.644973565686845,7.413750223703637,7.876196907670052,2.0
norte_chico,2022-04-01,6.464296454689997,5.739789654102033,7.5183356416010225,3.0
norte_chico,2022-05-01,7.030354763956769,6.417282145935153,7.954815891472869,3.0
norte_chico,2022-06-01,6.319547628039847,5.443942985000092,7.036636530817168,3.0
norte_chico,2022-07-01,6.236897206657104,4.873425324810453,7.185046349628867,3.0
norte_chico,2022-08-01,7.3137029743235535,6.486497473696998,8.045938855920198,3.0
norte_chico,2022-09-01,6.75982484406007,4.527699713934334,8.186842746960966,3.0
norte_chico,2022-10-01,5.5436397173908665,4.685237801892751,6.225745912124584,3.0
norte_chico,2022-11-01,5.188366944383941,3.4171129165759124,6.959620972191971,2.0
norte_chico,2022-12-01,5.3696066525251105,3.597702989540353,7.141868714314698,3.0
norte_chico,2023-01-01,5.148563733029269,3.63021791137186,6.92176426588005,3.0
norte_chico,2023-02-01,4.116935058690731,1.7166228261313337,5.493954826842066,3.0
norte_chico,2023-03-01,4.123508790911266,3.2417484014206637,5.00526918040187,2.0
norte_chico,2023-04-01,5.552487716113632,4.483155185281559,6.621820246945705,2.0
norte_chico,2023-05-01,7.886225800784834,6.191623647413809,9.580827954155858,2.0
norte_chico,2023-06-01,9.064380548926277,7.454959712278303,10.673801385574249,2.0
norte_chico,2023-07-01,9.807862190622807,8.60156417542208,11.014160205823533,2.0
norte_chico,2023-08-01,7.889176343427794,5.418132794711584,10.360219892144004,2.0
norte_chico,2023-09-01,8.457611914013846,6.2994525932429895,10.6157712347847,2.0
norte_chico,2023-10-01,6.720145298672031,4.3359120180889095,9.104378579255153,2.0
norte_chico,2023-11-01,5.702585084670889,3.8924190014803877,7.51275116786139,2.0
norte_chico,2023-12-01,4.6806047336235705,3.2076008673730256,6.153608599874115,2.0
norte_chico,2024-01-01,3.461491640219809,2.4102632405196722,4.512720039919945,2.0
norte_chico,2024-02-01,3.7281077806928464,2.1850934562352053,4.80873245899011,3.0
norte_chico,2024-03-01,3.8382336272963453,2.338400576445873,4.874518200087278,3.0
norte_chico,2024-04-01,4.299844887056612,3.4857687819637295,4.777860906003914,3.0
norte_chico,2024-05-01,6.080613509694402,5.498920264541603,6.888667219886664,3.0
norte_chico,2024-06-01,5.727158823167266,4.963531530840285,6.389160022460397,3.0
norte_chico,2024-07-01,6.100971317079117,5.278155216484711,7.443344975618675,3.0
norte_chico,2024-08-01,5.139747799947458,4.0526245942771935,6.0023165923943065,3.0
norte_chico,2024-09-01,3.3355804106211275,3.0938491113414193,3.5773117099008354,2.0
norte_chico,2024-10-01,2.293073295130355,2.200214898963754,2.385931691296956,2.0
norte_chico,2024-11-01,2.1108203449037397,1.8374459019709939,2.3841947878364853,2.0
norte_chico,2024-12-01,1.8695843140487083,1.7337219501553838,2.005446677942033,2.0
norte_chico,2025-01-01,3.4825539386402973,2.468088972476575,4.257642273321709,3.0
norte_chico,2025-02-01,3.92586296111463,2.6130629182933633,5.077072432469492,3.0
norte_chico,2025-03-01,3.987268031238227,2.600133974568184,5.1178627638243075,3.0
norte_chico,2025-04-01,5.208381699207494,3.9065051330809033,6.19163924278752,3.0
norte_chico,2025-05-01,5.796713408408607,3.752866030980257,6.994393522626442,3.0
norte_chico,2025-06-01,6.220379215276797,4.701137643139914,7.480309178998281,3.0
norte_chico,2025-07-01,7.0880172998643145,7.0880172998643145,7.0880172998643145,1.0
norte_chico,2025-08-01,7.396601135479375,3.529314271525073,9.453835137409683,3.0
norte_chico,2025-09-01,6.709680844586206,3.1556582725290263,8.4995378231707,3.0
norte_chico,2025-10-01,6.096399998245608,2.4142751386113495,8.068315134283804,3.0
norte_chico,2025-11-01,7.893602135773021,5.719083371257296,10.068120900288744,2.0
norte_chico,2025-12-01,7.005254936779149,4.817026610020475,9.193483263537821,2.0
norte_chico,2026-01-01,5.735594164833042,1.6612608124669541,7.909535525856528,3.0
norte_chico,2026-02-01,3.7443713615894,2.648948671681559,4.557861729884101,3.0
norte_chico,2026-03-01,4.747755218294526,3.2515983921800817,5.807065519749482,3.0
norte_chico,2026-04-01,4.930638893420761,4.238853076973245,5.425392461752762,3.0
norte_chico,2026-05-01,5.0358280105752256,4.371380452344923,5.714743644527333,3.0
norte_chico,2026-06-01,4.834892599777785,4.345392060586217,5.199225692119508,3.0
norte_chico,2026-07-01,7.92142386050114,5.609087617994235,10.233760103008045,2.0
norte_chico,2026-08-01,5.295631385326887,3.577897782215682,7.0133649884380915,2.0
norte_chico,2026-09-01,,,,
norte_chico,2026-10-01,,,,
norte_chico,2026-11-01,,,,
norte_chico,2026-12-01,,,,
centro,2000-01-01,6.818387471452532,6.458050046210137,7.178724896694927,2.0
centro,2000-02-01,4.891931878591954,4.800604624640805,4.983259132543103,2.0
centro,2000-03-01,6.375112648151196,5.885739126796686,6.864486169505706,2.0
centro,2000-04-01,7.598248506944444,6.8816414409722215,8.314855572916667,2.0
centro,2000-05-01,7.811776471774194,6.987988215725807,8.635564727822581,2.0
centro,2000-06-01,7.894495170138889,7.044170842013889,8.74481949826389,2.0
centro,2000-07-01,9.781432392473118,8.591595577956989,10.971269206989248,2.0
centro,2000-08-01,12.26691700268817,9.897967244623656,14.635866760752688,2.0
centro,2000-09-01,9.083915201388889,7.435349774305556,10.732480628472223,2.0
centro,2000-10-01,5.996548420698925,4.980442019489248,7.012654821908603,2.0
centro,2000-11-01,6.876667144210799,5.942221271871755,7.463717723260643,3.0
centro,2000-12-01,6.3996166002525365,5.947285579303841,6.772521865656583,3.0
centro,2001-01-01,6.054996798467653,5.701984360881395,6.734960441185704,3.0
centro,2001-02-01,6.646383383856747,6.118202194940476,7.321480120427978,3.0
centro,2001-03-01,10.06201441456775,9.280258914650538,10.801602545910765,3.0
centro,2001-04-01,11.451889899649183,9.826704189751553,12.510748566865079,3.0
centro,2001-05-01,11.439732735215053,9.450772412634407,12.800619270833334,3.0
centro,2001-06-01,13.52269186574074,11.263285993055556,15.236024006944444,3.0
centro,2001-07-01,11.194580958603673,8.923614152959274,12.596146048387098,3.0
centro,2001-08-01,8.258732352150538,6.729359079301076,9.122616727150538,3.0
centro,2001-09-01,6.364256805555556,5.039519277777778,7.095146430555555,3.0
centro,2001-10-01,5.497182822580645,4.738971317204301,5.92651311155914,3.0
centro,2001-11-01,3.5922814298432466,3.384006859151329,3.893820327280207,3.0
centro,2001-12-01,4.904241984767025,4.510906713709677,5.372049690860215,3.0
centro,2002-01-01,5.723561756272402,5.134690766129032,6.63248688172043,3.0
centro,2002-02-01,4.64731056794257,3.978261477540785,5.653767665550595,4.0
centro,2002-03-01,5.812834801036196,4.239774474126344,7.199627517770068,4.0
centro,2002-04-01,6.5359885399750715,4.94671138034188,7.86882390625,4.0
centro,2002-05-01,7.719524046975624,5.526183596772836,8.900895819826443,4.0
centro,2002-06-01,10.070354420126916,6.744837858297414,11.194887440277778,4.0
centro,2002-07-01,12.787158202633336,10.96518004017886,14.387700064374648,4.0
centro,2002-08-01,9.203307389112902,6.38082752688172,11.416561260080645,4.0
centro,2002-09-01,7.325727287370034,5.495709960069445,9.399622968012881,4.0
centro,2002-10-01,6.164155489258466,4.850034925063331,7.471123333457786,4.0
centro,2002-11-01,5.581205127828496,4.668429780606274,6.072345760416667,4.0
centro,2002-12-01,5.070225961892418,4.286594027217742,5.721356880911235,4.0
centro,2003-01-01,5.586058763131666,5.1993919690860215,5.979044649610051,4.0
centro,2003-02-01,7.123853221726191,6.8683839211309525,7.521799248511906,4.0
centro,2003-03-01,8.047187525432571,7.4364837221310465,8.8689934375,4.0
centro,2003-04-01,10.942291347222222,9.316258625,12.930690354166666,4.0
centro,2003-05-01,13.637519307539048,11.63705749327957,15.03999759331607,4.0
centro,2003-06-01,10.737837680555556,7.611547230902778,11.649109331597222,4.0
centro,2003-07-01,8.746405087399602,7.196037360551076,10.290494033972182,4.0
centro,2003-08-01,7.904183066196237,6.731326508736559,9.236291796034946,4.0
centro,2003-09-01,6.135641273478606,5.768501453125,6.402095158977484,4.0
centro,2003-10-01,5.278057359966098,4.6058144942876345,5.8262806098042095,4.0
centro,2003-11-01,4.832504961907253,4.172758473958334,5.345026165032253,4.0
centro,2003-12-01,5.631556233611026,4.974186567540322,6.193465564072326,4.0
centro,2004-01-01,6.528760718111426,4.720739287634409,5.903249052419354,5.0
centro,2004-02-01,7.5852074977434,5.088343261494253,8.03753298076923,5.0
centro,2004-03-01,9.829252493770818,5.691627862903226,9.458285721153846,5.0
centro,2004-04-01,11.611048382078996,9.125470789930556,11.511353310431435,6.0
centro,2004-05-01,17.32565579362073,14.650665612112919,18.378680867198142,6.0
centro,2004-06-01,16.56418123433887,13.334330878841278,19.400890713799505,6.0
centro,2004-07-01,14.16407385161279,11.220106803771952,15.258043187163977,6.0
centro,2004-08-01,9.040195282075816,5.9103982392473124,12.442077594086022,5.0
centro,2004-09-01,7.996234933177483,5.568848555555555,9.30739230876217,5.0
centro,2004-10-01,7.891100083662056,5.885018203965053,9.995128968274647,6.0
centro,2004-11-01,6.9465062096175805,4.623185029904743,8.609296437567622,7.0
centro,2004-12-01,5.130482930970651,3.0745945228494627,6.072710131697551,7.0
centro,2005-01-01,5.820257995496793,3.404359603494624,6.732213624747342,6.0
centro,2005-02-01,6.397093963780279,3.7772255561755954,7.603787753305895,6.0
centro,2005-03-01,10.036809804666355,7.482908099518069,11.656378657632642,6.0
centro,2005-04-01,13.630942392736788,9.101699082574966,15.913590348393978,8.0
centro,2005-05-01,13.691964799881523,7.66104964851752,16.88973353108108,9.0
centro,2005-06-01,15.903302096274121,9.575441417465859,20.291815348990685,8.0
centro,2005-07-01,14.269024467027034,8.774441599462365,20.345108201344086,9.0
centro,2005-08-01,13.245440007755093,8.543346204035089,17.238600994623656,9.0
centro,2005-09-01,10.779455726871426,6.790488426293706,14.662369166666668,9.0
centro,2005-10-01,9.165866483123626,4.81318902718708,10.801452876273654,9.0
centro,2005-11-01,8.043283570894465,4.249643013897606,10.238707778215481,8.0
centro,2005-12-01,8.45056435281976,4.310273957815017,9.864276623274787,8.0
centro,2006-01-01,7.81010613092875,5.355057536271348,9.794019327700648,8.0
centro,2006-02-01,7.619746152977095,3.1087560100964424,10.380428895064451,8.0
centro,2006-03-01,11.082035897937757,6.839894082321646,16.767409827027713,8.0
centro,2006-04-01,15.023470498998226,8.455182035652266,24.630721794717275,8.0
centro,2006-05-01,21.618191581501637,14.420625038977605,30.913616821418195,7.0
centro,2006-06-01,23.34804873406247,12.717802270829019,33.852067978616034,7.0
centro,2006-07-01,21.671784726814337,15.007636873319893,28.014442686308815,6.0
centro,2006-08-01,18.269931158002837,11.356454167156862,25.00634617997455,7.0
centro,2006-09-01,15.093071818770023,9.108527233042636,21.25192450765244,7.0
centro,2006-10-01,11.082815779735858,7.855157888272147,13.641136688709,7.0
centro,2006-11-01,8.608175491944813,6.506631256702646,12.23081566289005,8.0
centro,2006-12-01,7.5499134674813,5.677246680256161,9.577474892395983,8.0
centro,2007-01-01,7.3588427830844765,6.382324343712789,7.9314941671049555,8.0
centro,2007-02-01,8.35753057493708,7.020396469325154,9.72496025437202,9.0
centro,2007-03-01,11.627317625097769,7.87196850308642,13.5,9.0
centro,2007-04-01,14.221841576337393,7.390776944444445,18.58529411764706,9.0
centro,2007-05-01,22.556150480461955,11.525347436155915,34.05774027360772,8.0
centro,2007-06-01,23.97031121269649,13.414461791666668,31.657474600870827,9.0
centro,2007-07-01,19.66003959992094,14.36634890510949,31.456737588652484,9.0
centro,2007-08-01,16.94771109489974,14.004637371667558,17.865741840777858,8.0
centro,2007-09-01,12.877837542085963,8.54035620070859,15.151893443165177,8.0
centro,2007-10-01,11.890288535704446,8.704725369251303,15.184470113441858,7.0
centro,2007-11-01,9.976714358338873,6.85894027906824,12.251477052301714,7.0
centro,2007-12-01,8.884439462682623,5.603169986413043,11.172981878088962,9.0
centro,2008-01-01,9.828731505116101,5.426206323924731,14.088660168669808,8.0
centro,2008-02-01,9.477180347224865,6.365394827586207,11.533812949640287,9.0
centro,2008-03-01,14.390199879772958,10.075630240255375,17.016129032258064,8.0
centro,2008-04-01,18.88591795334033,11.842725253790181,25.13330123038019,8.0
centro,2008-05-01,19.022171863893607,11.112240620689656,26.981182795698924,9.0
centro,2008-06-01,22.058241448546504,10.935154373579545,31.842837273991655,9.0
centro,2008-07-01,19.185657161199504,9.474881135616954,25.51503784689026,8.0
centro,2008-08-01,15.274381878786276,8.236808427419355,14.953170026990552,9.0
centro,2008-09-01,11.72146271781588,7.298880064708255,12.998459021763086,8.0
centro,2008-10-01,10.243686999395173,5.9550445225573885,15.371219566674112,8.0
centro,2008-11-01,8.478692753899232,5.033100795291479,12.036811652849781,8.0
centro,2008-12-01,7.959781127477147,4.417623320264973,10.40666931359354,8.0
centro,2009-01-01,8.346199928656546,4.994522905243172,11.918791451149424,8.0
centro,2009-02-01,9.323746218227448,6.076586938403614,12.87797619047619,9.0
centro,2009-03-01,12.988624215641062,8.247094559852293,18.718730897200786,11.0
centro,2009-04-01,20.039749637630674,10.72706698578144,26.175694444444446,14.0
centro,2009-05-01,22.419677695046143,11.411714157928277,31.501317846346367,16.0
centro,2009-06-01,27.42256114559233,14.462081678338262,36.35393520833334,15.0
centro,2009-07-01,23.74556413732088,13.752472041330678,30.995277156688232,16.0
centro,2009-08-01,23.32885303088137,13.048606390269324,32.319571723790325,14.0
centro,2009-09-01,13.657343015734089,8.425274840995499,20.534319620253164,18.0
centro,2009-10-01,13.791121204911278,7.9911082631785995,20.13918147904323,19.0
centro,2009-11-01,10.864006156145326,6.858755439600718,15.079624269212635,18.0
centro,2009-12-01,9.929139531548353,5.267142159984859,13.119623655913978,19.0
centro,2010-01-01,10.561756240541333,5.667758979110512,15.381048387096774,18.0
centro,2010-02-01,9.972538268992658,5.616654824305812,13.999243708784276,19.0
centro,2010-03-01,13.838266569710264,5.825444570850203,19.265785609397945,17.0
centro,2010-04-01,19.04933452248592,8.91289498892658,26.787152777777777,18.0
centro,2010-05-01,22.554531579387397,9.12592998643148,30.23108665749656,17.0
centro,2010-06-01,22.06241975999454,8.848382251218936,31.65787424895833,18.0
centro,2010-07-01,24.754800116542757,14.906006460525171,31.33372672436402,15.0
centro,2010-08-01,19.423733556502825,8.823525957444286,28.236290322580647,18.0
centro,2010-09-01,15.426154241492961,8.915140179738563,21.001621723248817,18.0
centro,2010-10-01,14.10658945824816,9.501070694113142,17.506048387096776,15.0
centro,2010-11-01,11.052630395520891,6.666778347338936,14.1875,17.0
centro,2010-12-01,9.075582773727454,5.077853949324324,11.996310483870968,18.0
centro,2011-01-01,9.135337297517118,4.799739164134069,12.212926944194367,18.0
centro,2011-02-01,10.241296765058582,5.306679310344827,14.14018662992126,17.0
centro,2011-03-01,12.960250125357655,6.530193818922916,19.320637974866873,18.0
centro,2011-04-01,16.746518297978877,9.025218359336158,24.047091555555557,17.0
centro,2011-05-01,27.720206213583168,13.670128255913983,39.78523886749755,18.0
centro,2011-06-01,23.831196239311392,10.975065753985788,32.717648993231364,18.0
centro,2011-07-01,22.103460194392586,10.45790368414938,30.217657897337872,18.0
centro,2011-08-01,19.921745797424066,10.356493311197788,26.67103272918764,18.0
centro,2011-09-01,16.80860876248922,9.253501892222644,22.4896295924882,18.0
centro,2011-10-01,11.871290845859566,7.490225261162815,15.631019196579885,18.0
centro,2011-11-01,11.545567041694415,7.609205238095238,14.92370612405266,18.0
centro,2011-12-01,10.083405749823351,6.693695451644966,13.807520363908575,18.0
centro,2012-01-01,8.087211300741268,4.510904320762808,11.17483523954116,18.0
centro,2012-02-01,10.190470110283126,6.309473747458149,13.856718769651634,19.0
centro,2012-03-01,14.271369801332598,7.403068605840554,19.81958916007313,18.0
centro,2012-04-01,18.074459895405997,8.96531840361311,25.567649335632296,19.0
centro,2012-05-01,23.931602184872034,9.64659747152071,36.06462903795582,18.0
centro,2012-06-01,21.20111692660086,9.979969757965971,30.679801093682734,19.0
centro,2012-07-01,23.359432859828097,10.99396892835219,34.637473467741934,20.0
centro,2012-08-01,19.7294114064646,8.430192792882327,30.302203299731183,20.0
centro,2012-09-01,14.941411354107354,8.146750774754716,19.790756818131836,20.0
centro,2012-10-01,12.991022791515523,7.40441729465487,17.01906025163172,19.0
centro,2012-11-01,10.683801662907234,6.284051468278338,13.712421844488873,18.0
centro,2012-12-01,11.16122911273064,7.609075386855403,13.399477877352151,14.0
centro,2013-01-01,9.080017008416101,4.43215883052961,12.015882251647092,20.0
centro,2013-02-01,10.17333599398257,5.76468769924812,13.46962793154762,21.0
centro,2013-03-01,14.977573620767751,7.488921495198903,20.43153199181446,21.0
centro,2013-04-01,18.746898420955866,9.37295297902098,28.376187450704222,21.0
centro,2013-05-01,19.719984338016108,10.18592143442623,28.58112691576087,21.0
centro,2013-06-01,23.369444837325837,10.164200210674156,35.21928645015106,21.0
centro,2013-07-01,20.615016947551855,8.420532052208635,32.25589680028183,22.0
centro,2013-08-01,18.635694779733107,8.267227572016461,29.629674153225807,21.0
centro,2013-09-01,13.773121139767191,7.016907183308495,21.549094487179488,21.0
centro,2013-10-01,11.991068428758952,5.751298555057673,17.34387182795699,22.0
centro,2013-11-01,10.076478130467711,5.141110785310735,14.235223916666667,21.0
centro,2013-12-01,10.070283869522628,4.357606226415094,13.384125806451612,21.0
centro,2014-01-01,10.263336082715306,6.345824219810041,13.08164502688172,21.0
centro,2014-02-01,10.509588117424604,7.149222550565344,13.01335298696634,20.0
centro,2014-03-01,13.164181803937435,7.582043581081081,16.536399954545455,21.0
centro,2014-04-01,18.517295914798098,10.446205027791788,25.672416522555736,22.0
centro,2014-05-01,20.189354988219538,11.25514726471874,27.46060620112077,22.0
centro,2014-06-01,20.28260153259616,11.041354591977054,27.863611930555557,22.0
centro,2014-07-01,20.049056493432523,11.441205102728887,27.986326494986923,22.0
centro,2014-08-01,18.072070900954188,9.75860920973228,26.5349831121899,22.0
centro,2014-09-01,12.435952205567904,7.584832674094707,17.208431356643356,21.0
centro,2014-10-01,11.265852609802744,7.020454223512337,15.71059232123656,21.0
centro,2014-11-01,9.488878381517507,6.088574151029055,13.385642953508924,22.0
centro,2014-12-01,8.570559309085933,5.337843674912735,11.122121305057586,22.0
centro,2015-01-01,8.8064841822275,5.443868815773967,11.042789997637886,22.0
centro,2015-02-01,10.553960204110158,6.039826217002667,13.3950974856141,23.0
centro,2015-03-01,14.090147987221929,7.587463490698401,18.53503205128085,23.0
centro,2015-04-01,18.699328818824114,9.66287536235955,27.66599546181425,23.0
centro,2015-05-01,23.41035037949824,10.48388765715314,35.428702807348095,23.0
centro,2015-06-01,29.245159127663168,12.482966520298351,43.50062982384818,23.0
centro,2015-07-01,25.175436794538026,11.507588879226338,37.578829976049825,23.0
centro,2015-08-01,17.315442996689008,8.900029167862268,25.27951435045317,21.0
centro,2015-09-01,14.819012640730437,7.5205686850537585,21.134024030324724,22.0
centro,2015-10-01,11.09605514764661,5.893345818308371,14.54865332292938,22.0
centro,2015-11-01,8.431321262125355,4.530971930371608,10.67232123813351,22.0
centro,2015-12-01,9.119693252330297,4.4544568662702275,10.757449967367325,20.0
centro,2016-01-01,9.323422131398763,4.9671700056786845,11.058066463593647,18.0
centro,2016-02-01,10.668735205666673,5.937263908285985,12.925842244410465,20.0
centro,2016-03-01,13.486751170331749,6.648096577261617,19.671741011656,20.0
centro,2016-04-01,15.405299099371046,7.251629613778185,24.114050870535713,20.0
centro,2016-05-01,18.299771092323063,10.054752567934782,29.16151200799458,21.0
centro,2016-06-01,21.953825700065963,10.934604298914516,31.82121773714862,22.0
centro,2016-07-01,19.396712310699,8.737827716593369,32.19714289479803,22.0
centro,2016-08-01,17.303579539951883,7.488107896925692,28.032191471188213,22.0
centro,2016-09-01,14.417776105517392,6.636799539740252,24.846438828856897,19.0
centro,2016-10-01,10.394351166115385,5.497834095072459,16.57696387929523,20.0
centro,2016-11-01,9.42712543524495,4.595273118870728,15.893260097493036,21.0
centro,2016-12-01,9.080428056185976,4.396570561229227,14.637607943606238,20.0
centro,2017-01-01,10.24616076399553,5.40807271970872,16.053016303563624,19.0
centro,2017-02-01,9.036612941484501,5.361546103443088,13.991328822654062,20.0
centro,2017-03-01,11.207360883505263,6.209000514221264,15.176525084044716,20.0
centro,2017-04-01,14.627701554095927,7.703569466196521,24.5291087918679,20.0
centro,2017-05-01,17.03465959038218,8.216562064156207,29.849890065800032,20.0
centro,2017-06-01,18.688198117970266,8.204637702717662,33.2628838545489,20.0
centro,2017-07-01,22.787409704692102,11.055796703296703,37.89955862068965,21.0
centro,2017-08-01,16.40266753847336,6.915450561009818,28.429041344454266,20.0
centro,2017-09-01,15.118825695551612,5.671476793248945,21.87778254649499,21.0
centro,2017-10-01,10.216126185042635,5.514785545023697,16.033555180793815,19.0
centro,2017-11-01,10.454336599598715,6.244426660685887,16.077656199755275,20.0
centro,2017-12-01,9.957041294371027,5.123493084758604,13.258544588199541,20.0
centro,2018-01-01,8.454539857782155,4.840284167794317,12.029220430107527,21.0
centro,2018-02-01,10.040546061625014,5.853619210977701,12.87810606060606,21.0
centro,2018-03-01,12.718427227690658,7.774913391742909,17.752841692919816,20.0
centro,2018-04-01,18.72843553363907,8.941214689265538,24.927852941176468,21.0
centro,2018-05-01,20.352988240238528,10.466288058087892,34.400651954768584,20.0
centro,2018-06-01,23.51185078671963,12.26239406779661,37.684736231535,19.0
centro,2018-07-01,18.818646644890652,8.803380746837234,29.704374522620444,20.0
centro,2018-08-01,18.69707254707243,8.790614269788183,30.40555012064688,19.0
centro,2018-09-01,12.520016742019632,6.6591081621261505,19.024867216886626,18.0
centro,2018-10-01,11.054532521383225,5.966354918575862,16.467778707411092,19.0
centro,2018-11-01,9.67647399307233,5.285679940791673,13.481570476379968,19.0
centro,2018-12-01,8.385186947732116,5.468707482993198,12.079796747967478,17.0
centro,2019-01-01,8.749103995664287,5.105372056027626,11.036143297321972,20.0
centro,2019-02-01,9.814774005383411,5.063339191564148,13.77492537313433,21.0
centro,2019-03-01,11.306166129323016,5.332180221938928,17.901735764569594,19.0
centro,2019-04-01,16.77972243568592,8.255549681261401,25.154721068034306,20.0
centro,2019-05-01,18.40430086915062,9.347987144790256,27.910416576363605,20.0
centro,2019-06-01,20.864098916418087,9.22513249651325,29.979512534818944,21.0
centro,2019-07-01,18.459641958112158,9.245147047244455,27.29021505376344,19.0
centro,2019-08-01,16.485901595351045,8.545525067750678,23.766982732609172,20.0
centro,2019-09-01,10.406134462502493,6.405612998522896,14.317916666666665,21.0
centro,2019-10-01,8.522115815328007,5.8042926203557474,10.769159627196233,19.0
centro,2019-11-01,7.78365764167486,4.523991031390135,9.490534458509142,21.0
centro,2019-12-01,8.075589195165445,5.107486229975861,9.430803563373928,19.0
centro,2020-01-01,7.9636281167773655,4.602787550744249,12.025490196078433,21.0
centro,2020-02-01,9.362233123388904,6.163362068965517,12.695402298850574,21.0
centro,2020-03-01,10.260389151107391,6.149501347708895,14.476639784946238,21.0
centro,2020-04-01,12.191407515259977,7.423113604488079,16.974136490250697,21.0
centro,2020-05-01,16.318267565149284,9.797647849462365,24.39375,21.0
centro,2020-06-01,15.619137184630372,9.154146685472496,22.036569444444446,21.0
centro,2020-07-01,16.512991261592667,10.124830852503383,23.630618279569894,21.0
centro,2020-08-01,13.268821342143413,7.134722598105548,21.75733870967742,21.0
centro,2020-09-01,11.448480329309842,6.705819209039548,18.10386111111111,21.0
centro,2020-10-01,9.515177001848386,5.012782258064516,14.181344086021506,21.0
centro,2020-11-01,7.826154000350621,4.369002808988764,12.082986111111111,21.0
centro,2020-12-01,7.430935223738842,3.959436382971425,9.824280913978495,20.0
centro,2021-01-01,6.684578927044315,4.364393702637662,8.709650555136104,20.0
centro,2021-02-01,9.24717265069857,5.209508716323296,11.337916666666667,21.0
centro,2021-03-01,9.765872839534605,5.496842900302115,12.880955585464333,21.0
centro,2021-04-01,12.628882933791292,7.298881019830029,18.8155,21.0
centro,2021-05-01,19.863082180792833,8.65780991735537,32.46031039136302,21.0
centro,2021-06-01,19.519471102706316,9.966281690140846,31.071805555555557,21.0
centro,2021-07-01,23.520801070860895,11.353120759837179,37.75237903225806,21.0
centro,2021-08-01,17.586265301822614,8.812702934591275,30.236517333386537,20.0
centro,2021-09-01,12.949175751613954,7.227062371362847,19.86309800938253,20.0
centro,2021-10-01,10.254932601265471,5.751138867243571,14.867923825982006,20.0
centro,2021-11-01,8.997308340311006,5.364187331314012,11.845738159576939,20.0
centro,2021-12-01,8.008146568035407,4.621421400992829,11.211882871152937,20.0
centro,2022-01-01,7.490837684861863,4.375179296346414,10.391761710912402,20.0
centro,2022-02-01,8.955176664771042,5.835309858260516,12.449503911865794,20.0
centro,2022-03-01,12.544529122499357,7.173730496143058,18.81124229291395,20.0
centro,2022-04-01,15.171397707286733,8.559481219271795,23.609700880316865,20.0
centro,2022-05-01,20.97472789632466,11.657505115848622,34.288970985155196,20.0
centro,2022-06-01,18.6589331697166,9.43078424369748,30.614416666666667,20.0
centro,2022-07-01,16.930857550397977,9.274238782051283,27.08271573666044,20.0
centro,2022-08-01,16.534537824175025,8.342860912478411,27.502161816741197,18.0
centro,2022-09-01,12.74136145228735,6.3754843902227805,20.58719149070679,20.0
centro,2022-10-01,9.428805244843334,5.287673574752226,14.69809220721114,20.0
centro,2022-11-01,8.159586980575693,4.624233151281502,13.106469696530676,20.0
centro,2022-12-01,7.406625175219958,4.51710460704607,10.139237440419084,20.0
centro,2023-01-01,7.3217832046176765,5.144046190663519,9.241157117556334,20.0
centro,2023-02-01,9.456506147486989,5.822076092075358,13.035463524607447,20.0
centro,2023-03-01,10.59902224479477,5.819034701857283,15.146996093227145,20.0
centro,2023-04-01,13.875458633638434,6.94855707819093,22.913770418996044,20.0
centro,2023-05-01,18.392673626442292,9.76498960361728,31.035282407709722,20.0
centro,2023-06-01,17.955104071935967,10.26350067204301,29.607246527777775,20.0
centro,2023-07-01,17.77265025584934,9.511194317773384,31.136100563896065,20.0
centro,2023-08-01,14.323982023069117,7.447768762360779,24.89857873771846,20.0
centro,2023-09-01,11.909015684487201,6.502820902501753,19.95644012237762,20.0
centro,2023-10-01,9.866784894073136,5.343883476166357,15.93463714454145,20.0
centro,2023-11-01,9.264229847311919,5.27470869624147,13.824849445218696,20.0
centro,2023-12-01,7.7708176321792335,4.61340715173902,11.103880168165492,19.0
centro,2024-01-01,7.501112708495368,4.1816696896853145,12.132805779569892,20.0
centro,2024-02-01,8.39881411776133,4.453429490705675,12.081532374100721,20.0
centro,2024-03-01,11.431832401689997,6.457540694044384,17.15804864216559,19.0
centro,2024-04-01,14.625718830079375,9.150166846668245,22.19426890934844,20.0
centro,2024-05-01,17.6628371809018,10.830718372467949,27.598227006853204,20.0
centro,2024-06-01,16.75166797878764,8.703441993464052,28.579641680188534,20.0
centro,2024-07-01,21.036135792544464,11.219509633133788,35.39788928677514,20.0
centro,2024-08-01,13.536417047133458,6.896129032258065,24.6874964838256,17.0
centro,2024-09-01,12.444918508363992,6.379937727029178,21.26611111111111,20.0
centro,2024-10-01,10.138868370034698,4.751053560466544,17.202135627530364,20.0
centro,2024-11-01,7.336219050264575,3.88428117165853,11.935733228324615,19.0
centro,2024-12-01,7.338646690867101,3.8227792086385834,11.292983870967742,20.0
centro,2025-01-01,7.202281797340367,4.423792702075742,10.983732087987434,20.0
centro,2025-02-01,8.737084019163353,4.894196168374355,13.037300150829562,20.0
centro,2025-03-01,9.982475504226429,5.730248789834611,15.73466695727986,19.0
centro,2025-04-01,14.394770879176589,7.034901698997356,23.552954861111107,18.0
centro,2025-05-01,18.383970185186463,9.676231227977615,29.776424731182793,16.0
centro,2025-06-01,18.88943790950727,9.567523725498365,31.796430555555556,16.0
centro,2025-07-01,18.50937092287259,8.009430415474936,33.915388545782136,19.0
centro,2025-08-01,12.837699805472045,8.322755268822046,20.99324334115874,19.0
centro,2025-09-01,11.169540748905074,7.518027663620193,16.6361918910554,19.0
centro,2025-10-01,9.681868655458644,7.099864314789688,13.716949722375096,19.0
centro,2025-11-01,7.945097860979757,5.959717084936745,10.9056468114241,19.0
centro,2025-12-01,7.083612128281006,4.880067862140069,9.688356351486657,19.0
centro,2026-01-01,6.618997938611819,4.173098509781886,8.710281920653912,18.0
centro,2026-02-01,6.821318803096923,4.9674736842105265,7.500735735735735,17.0
centro,2026-03-01,8.637131126709965,6.075557635170913,11.506036637742373,18.0
centro,2026-04-01,10.835114403702557,6.843632214193115,16.997445290616245,18.0
centro,2026-05-01,15.082997472263552,7.934241192411925,29.015161290322578,17.0
centro,2026-06-01,17.731975316801027,10.587354166666668,31.55074301430787,19.0
centro,2026-07-01,14.963677836882168,7.869578664594914,25.416794354838707,19.0
centro,2026-08-01,12.596079431276047,6.247559754958938,21.21421934018582,20.0
centro,2026-09-01,,,,
centro,2026-10-01,,,,
centro,2026-11-01,,,,
centro,2026-12-01,,,,
sur,2000-01-01,,,,
sur,2000-02-01,,,,
sur,2000-03-01,,,,
sur,2000-04-01,,,,
sur,2000-05-01,,,,
sur,2000-06-01,,,,
sur,2000-07-01,,,,
sur,2000-08-01,,,,
sur,2000-09-01,,,,
sur,2000-10-01,,,,
sur,2000-11-01,,,,
sur,2000-12-01,,,,
sur,2001-01-01,,,,
sur,2001-02-01,,,,
sur,2001-03-01,,,,
sur,2001-04-01,,,,
sur,2001-05-01,,,,
sur,2001-06-01,,,,
sur,2001-07-01,,,,
sur,2001-08-01,,,,
sur,2001-09-01,,,,
sur,2001-10-01,,,,
sur,2001-11-01,,,,
sur,2001-12-01,,,,
sur,2002-01-01,,,,
sur,2002-02-01,,,,
sur,2002-03-01,,,,
sur,2002-04-01,,,,
sur,2002-05-01,,,,
sur,2002-06-01,,,,
sur,2002-07-01,,,,
sur,2002-08-01,,,,
sur,2002-09-01,,,,
sur,2002-10-01,,,,
sur,2002-11-01,,,,
sur,2002-12-01,,,,
sur,2003-01-01,,,,
sur,2003-02-01,,,,
sur,2003-03-01,,,,
sur,2003-04-01,,,,
sur,2003-05-01,,,,
sur,2003-06-01,,,,
sur,2003-07-01,,,,
sur,2003-08-01,,,,
sur,2003-09-01,,,,
sur,2003-10-01,,,,
sur,2003-11-01,,,,
sur,2003-12-01,,,,
sur,2004-01-01,,,,
sur,2004-02-01,,,,
sur,2004-03-01,,,,
sur,2004-04-01,6.570819881231672,6.570819881231672,6.570819881231672,1.0
sur,2004-05-01,,,,
sur,2004-06-01,9.289585333523538,9.289585333523538,9.289585333523538,1.0
sur,2004-07-01,8.891457009131075,8.891457009131075,8.891457009131075,1.0
sur,2004-08-01,10.962082076666666,10.962082076666666,10.962082076666666,1.0
sur,2004-09-01,7.9964014066187055,7.9964014066187055,7.9964014066187055,1.0
sur,2004-10-01,5.534549035674157,5.534549035674157,5.534549035674157,1.0
sur,2004-11-01,3.5636088797671035,3.5636088797671035,3.5636088797671035,1.0
sur,2004-12-01,2.8868217967789165,2.8868217967789165,2.8868217967789165,1.0
sur,2005-01-01,1.8032738040927694,1.8032738040927694,1.8032738040927694,1.0
sur,2005-02-01,1.3965513962382445,1.3965513962382445,1.3965513962382445,1.0
sur,2005-03-01,5.1102410234501345,5.1102410234501345,5.1102410234501345,1.0
sur,2005-04-01,8.584720833055556,8.584720833055556,8.584720833055556,1.0
sur,2005-05-01,7.6626548640625005,7.6626548640625005,7.6626548640625005,1.0
sur,2005-06-01,6.832915540555555,6.832915540555555,6.832915540555555,1.0
sur,2005-07-01,10.275536217741935,10.275536217741935,10.275536217741935,1.0
sur,2005-08-01,9.549864464247312,9.549864464247312,9.549864464247312,1.0
sur,2005-09-01,6.3488877325,6.3488877325,6.3488877325,1.0
sur,2005-10-01,4.114918205107527,4.114918205107527,4.114918205107527,1.0
sur,2005-11-01,2.7834711847222224,2.7834711847222224,2.7834711847222224,1.0
sur,2005-12-01,2.013709216666667,2.013709216666667,2.013709216666667,1.0
sur,2006-01-01,1.3145159462365592,1.3145159462365592,1.3145159462365592,1.0
sur,2006-02-01,2.8624996769345237,2.8624996769345237,2.8624996769345237,1.0
sur,2006-03-01,5.218950560215053,5.218950560215053,5.218950560215053,1.0
sur,2006-04-01,5.971564293450479,5.971564293450479,5.971564293450479,1.0
sur,2006-05-01,7.247983116263441,7.247983116263441,7.247983116263441,1.0
sur,2006-06-01,7.879026644722222,7.879026644722222,7.879026644722222,1.0
sur,2006-07-01,8.583309033518775,8.583309033518775,8.583309033518775,1.0
sur,2006-08-01,7.206853951344086,7.206853951344086,7.206853951344086,1.0
sur,2006-09-01,6.558749088472221,6.558749088472221,6.558749088472221,1.0
sur,2006-10-01,3.5982518413978495,3.5982518413978495,3.5982518413978495,1.0
sur,2006-11-01,2.7666659619444443,2.7666659619444443,2.7666659619444443,1.0
sur,2006-12-01,2.529514119541779,2.529514119541779,2.529514119541779,1.0
sur,2007-01-01,1.3579298607526882,1.3579298607526882,1.3579298607526882,1.0
sur,2007-02-01,3.067409678571429,3.067409678571429,3.067409678571429,1.0
sur,2007-03-01,4.259407263172043,4.259407263172043,4.259407263172043,1.0
sur,2007-04-01,6.810831519444444,6.810831519444444,6.810831519444444,1.0
sur,2007-05-01,8.949460954301076,8.949460954301076,8.949460954301076,1.0
sur,2007-06-01,9.184581779444445,9.184581779444445,9.184581779444445,1.0
sur,2007-07-01,8.521369642473118,8.521369642473118,8.521369642473118,1.0
sur,2007-08-01,10.59287506155914,10.59287506155914,10.59287506155914,1.0
sur,2007-09-01,6.512359752777777,6.512359752777777,6.512359752777777,1.0
sur,2007-10-01,4.03749873360215,4.03749873360215,4.03749873360215,1.0
sur,2007-11-01,2.5695258733727813,2.5695258733727813,2.5695258733727813,1.0
sur,2007-12-01,2.1458216016172504,2.1458216016172504,2.1458216016172504,1.0
sur,2008-01-01,4.9500271614072,3.658776841573165,6.241277481241235,2.0
sur,2008-02-01,5.721835809563419,4.051122359460073,7.392549259666767,2.0
sur,2008-03-01,5.3133611093117405,5.3133611093117405,5.3133611093117405,1.0
sur,2008-04-01,9.242843705138695,8.344282238263597,10.141405172013792,2.0
sur,2008-05-01,11.142306016949153,11.142306016949153,11.142306016949153,1.0
sur,2008-06-01,13.382932927777778,13.382932927777778,13.382932927777778,1.0
sur,2008-07-01,10.278802317076757,9.361139747532944,11.196464886620571,2.0
sur,2008-08-01,9.888601152077719,8.55568824894991,11.221514055205526,2.0
sur,2008-09-01,8.967018154920213,7.68513951363032,10.248896796210108,2.0
sur,2008-10-01,8.10859391386558,5.950247845191899,10.26693998253926,2.0
sur,2008-11-01,6.2488555816303055,4.578681286909992,7.919029876350619,2.0
sur,2008-12-01,5.439416700384751,3.923172833888027,6.955660566881473,2.0
sur,2009-01-01,8.496255561891516,8.496255561891516,8.496255561891516,1.0
sur,2009-02-01,6.436982071729744,4.687138896400587,8.186825247058902,2.0
sur,2009-03-01,8.455608521832424,6.685725900701158,10.225491142963689,2.0
sur,2009-04-01,10.320078715028995,8.799610433267725,11.840546996790263,2.0
sur,2009-05-01,13.22761303768506,13.22761303768506,13.22761303768506,1.0
sur,2009-06-01,14.148800069735007,14.148800069735007,14.148800069735007,1.0
sur,2009-07-01,15.81648392982456,15.81648392982456,15.81648392982456,1.0
sur,2009-08-01,13.864093016304349,13.864093016304349,13.864093016304349,1.0
sur,2009-09-01,12.613900768479777,12.613900768479777,12.613900768479777,1.0
sur,2009-10-01,11.322641456140351,11.322641456140351,11.322641456140351,1.0
sur,2009-11-01,9.540420113764045,9.540420113764045,9.540420113764045,1.0
sur,2009-12-01,7.574115625675676,7.574115625675676,7.574115625675676,1.0
sur,2010-01-01,8.719429700947225,8.719429700947225,8.719429700947225,1.0
sur,2010-02-01,10.533759198717949,10.533759198717949,10.533759198717949,1.0
sur,2010-03-01,,,,
sur,2010-04-01,,,,
sur,2010-05-01,17.33168204851752,17.33168204851752,17.33168204851752,1.0
sur,2010-06-01,10.336814637901606,7.9925735231174695,12.681055752685742,2.0
sur,2010-07-01,9.799066455623365,7.874758437489103,11.723374473757628,2.0
sur,2010-08-01,9.615583958268122,7.726984461660942,11.5041834548753,2.0
sur,2010-09-01,8.866157962921696,7.418682292571958,10.313633633271431,2.0
sur,2010-10-01,7.784969143632232,5.844855085218929,9.092118640851574,3.0
sur,2010-11-01,7.6656986085936945,7.00013073669128,8.88766977816832,3.0
sur,2010-12-01,5.738750969338007,4.746089290072584,6.361315207061111,3.0
sur,2011-01-01,7.1771226819303315,7.093626467495778,7.2606188963648846,2.0
sur,2011-02-01,10.98171521514243,10.101533054347826,11.861897375937032,2.0
sur,2011-03-01,7.470641414020733,6.411979653817983,9.1551887274311,3.0
sur,2011-04-01,8.657692288044407,7.291947699524711,10.177939207928679,3.0
sur,2011-05-01,8.670363439918246,7.191728115161921,9.415049208744223,3.0
sur,2011-06-01,8.089792091596559,5.2696305143179965,10.88567772697057,6.0
sur,2011-07-01,7.507128675979326,4.484451773727648,9.042495337075332,5.0
sur,2011-08-01,6.922118699710219,3.885414055658458,8.517055466482361,4.0
sur,2011-09-01,8.093159225209401,5.33604940578242,10.760717342290503,6.0
sur,2011-10-01,6.707817809129053,4.180842939083427,8.632441083804236,6.0
sur,2011-11-01,4.720955623608728,3.4778384006155267,5.0177877273876605,4.0
sur,2011-12-01,4.295303726206832,3.5276150952053396,4.657867720358221,4.0
sur,2012-01-01,4.886663837875042,3.80928749109996,5.48914117069209,4.0
sur,2012-02-01,4.288133796655738,3.290913211267606,4.215228863570392,5.0
sur,2012-03-01,6.20589630992794,5.579365394779772,5.852369417803547,5.0
sur,2012-04-01,10.082266626989012,8.017928353805504,11.873994159274194,6.0
sur,2012-05-01,11.253297391354689,9.940735507742358,11.792198679264057,7.0
sur,2012-06-01,11.926798919512768,9.592030163177505,13.36917683607356,6.0
sur,2012-07-01,11.466169617046239,9.096058121571394,14.026654694708277,6.0
sur,2012-08-01,9.246092504999721,7.857590947759086,10.731648403486725,8.0
sur,2012-09-01,8.311199369342056,7.109048071037976,9.456528107359205,8.0
sur,2012-10-01,6.249866161171753,4.961660666258449,6.77171861048369,7.0
sur,2012-11-01,6.291640231263645,4.8592005049435025,8.443296374626865,8.0
sur,2012-12-01,4.542464046583449,3.892734202926187,5.636189050017179,8.0
sur,2013-01-01,5.349926369365646,4.7085499550342735,6.3299791825207885,7.0
sur,2013-02-01,6.0918539091408705,4.458165282379358,6.779699702104719,7.0
sur,2013-03-01,8.808139138070013,7.958757535881299,9.175748208509455,6.0
sur,2013-04-01,7.43130141264844,6.245099598774223,9.240927608820186,6.0
sur,2013-05-01,8.877701566056178,7.142266875439374,10.941035735040892,7.0
sur,2013-06-01,10.120894219302036,9.146248526045895,11.75661605902651,7.0
sur,2013-07-01,8.860318955071344,8.732346428236848,10.311558925456811,7.0
sur,2013-08-01,9.366081939026342,7.882669265902862,10.343920954422536,6.0
sur,2013-09-01,7.558804725124568,7.213820991958774,8.411440681709964,6.0
sur,2013-10-01,5.800432741854054,4.297243231918506,6.661525937142858,5.0
sur,2013-11-01,4.5976020032123674,4.231411803738999,5.543794914446472,4.0
sur,2013-12-01,5.492458222024666,5.202845058225366,6.2124035237228,4.0
sur,2014-01-01,7.075383144752009,4.833956547001605,9.001379941139405,4.0
sur,2014-02-01,5.697624485830248,5.389239280359821,5.922405669642857,5.0
sur,2014-03-01,6.754075291698967,6.82493737356827,7.586742207218301,6.0
sur,2014-04-01,9.227574143508189,9.01500185915493,10.397019180555555,5.0
sur,2014-05-01,9.956970407000247,10.121767285118219,10.355616772849462,5.0
sur,2014-06-01,9.790070264680462,9.918674067055393,9.999920917251051,5.0
sur,2014-07-01,8.393292361642503,8.015151472601259,9.931973211079027,6.0
sur,2014-08-01,7.83022941877737,7.3211879695417945,8.968644249028864,6.0
sur,2014-09-01,6.784314652837218,5.958754470193508,7.688339816486359,6.0
sur,2014-10-01,5.566582429533926,4.1544426785202315,6.761389245295699,7.0
sur,2014-11-01,4.200237689550216,2.806976175156735,5.288233605972802,7.0
sur,2014-12-01,3.4841234871438287,2.889376246111972,4.183840142282197,7.0
sur,2015-01-01,4.274761385944836,3.3935111358177954,4.995074987751879,6.0
sur,2015-02-01,6.850281628105345,6.208866227591706,7.590545593750001,5.0
sur,2015-03-01,8.479122201253515,6.641316751801462,10.120940773149158,6.0
sur,2015-04-01,8.632062188786799,7.352065342285214,10.08998266588505,7.0
sur,2015-05-01,10.287377403238368,8.651958091642559,11.759710832612367,7.0
sur,2015-06-01,11.019334115374402,9.879722808777368,12.585331987394959,7.0
sur,2015-07-01,9.843883905979977,8.851117161957813,10.470549113773458,7.0
sur,2015-08-01,8.581731949307853,7.206193419626049,9.660533639243894,8.0
sur,2015-09-01,7.8932785946663255,7.0391846503227695,8.660190842733028,8.0
sur,2015-10-01,5.7000916955397285,4.596650276926022,6.59146815572821,7.0
sur,2015-11-01,5.5767247759976115,3.283270054322018,6.723001867254233,8.0
sur,2015-12-01,3.586985455314105,2.9159733766706397,4.497088357570677,8.0
sur,2016-01-01,4.560497396649099,3.842907258315337,5.194532777060936,8.0
sur,2016-02-01,4.405880369853959,3.486922893914219,4.654981948525677,8.0
sur,2016-03-01,6.696420223984034,5.38168533877551,7.640513137466307,9.0
sur,2016-04-01,7.516556371656168,4.419438856662863,9.977880341159487,11.0
sur,2016-05-01,7.555493309162196,4.819242431513146,10.307483094018817,11.0
sur,2016-06-01,9.425935408179004,6.3880235370853065,12.444290047537493,10.0
sur,2016-07-01,8.495671052068591,7.097563090304194,10.499751314797365,10.0
sur,2016-08-01,8.098422776785647,6.197527421906278,10.952608848382198,10.0
sur,2016-09-01,7.293032502697473,6.5680026283357416,9.041842695804196,10.0
sur,2016-10-01,6.5971637820450635,5.124054857670748,7.828793619275137,8.0
sur,2016-11-01,4.692745303255704,3.6378091949729954,5.2973008020023915,11.0
sur,2016-12-01,5.172170536803767,3.660911689413396,5.648154985877255,12.0
sur,2017-01-01,5.845661250812018,3.1630199443960203,7.572922158160708,15.0
sur,2017-02-01,6.62992392952944,4.006916256024096,7.834623241167434,13.0
sur,2017-03-01,8.316332345503092,6.225881246598316,10.470722641799,14.0
sur,2017-04-01,9.059070910925383,5.221722398079354,11.748579677389808,14.0
sur,2017-05-01,10.341796849350704,7.08927346407313,12.918568030616377,14.0
sur,2017-06-01,8.958081423406941,5.159463785933279,12.592520833333333,14.0
sur,2017-07-01,9.39626747198518,7.2675978832702075,11.373551329648732,14.0
sur,2017-08-01,8.435610946213322,4.821777820659277,10.656277501579368,12.0
sur,2017-09-01,7.144639694217276,6.112685026837486,8.843167987089203,14.0
sur,2017-10-01,4.9151279633276825,3.879133564509768,6.099074874542547,14.0
sur,2017-11-01,4.5467059187381205,2.1703017710221726,5.593520988461264,14.0
sur,2017-12-01,4.318423223194276,3.09708050735875,5.088037865861908,12.0
sur,2018-01-01,4.820976511442982,3.3590989583333335,5.89070269364387,12.0
sur,2018-02-01,4.759324629705908,3.061548893491015,6.216953606007944,11.0
sur,2018-03-01,6.365135889915493,4.39489079594366,8.008105980557904,11.0
sur,2018-04-01,8.160014779884035,6.431972027972027,10.251924882629107,13.0
sur,2018-05-01,8.68610275892692,6.397239263803681,11.069945872801082,13.0
sur,2018-06-01,9.861823647482563,7.508502139800285,12.95391304347826,13.0
sur,2018-07-01,8.566476777944132,5.386401617250674,12.251820652173913,13.0
sur,2018-08-01,8.064723412642895,4.030465270413574,10.567223105644214,12.0
sur,2018-09-01,6.130657316683103,2.869203445232402,8.347217813363162,12.0
sur,2018-10-01,4.6678375399529655,2.657777969705023,6.517794596569869,12.0
sur,2018-11-01,4.34565389188977,2.1415445530405175,6.466710645994473,10.0
sur,2018-12-01,3.96707256477789,2.623317738887141,4.869389330725771,12.0
sur,2019-01-01,4.399475990682929,2.7070942245221725,5.4760205141376685,12.0
sur,2019-02-01,4.835507097646729,3.229633980365908,6.150774848400899,12.0
sur,2019-03-01,6.141338177718311,4.562337547462095,7.101885318724335,12.0
sur,2019-04-01,7.792695292826283,5.9301208209532295,9.206967718197411,11.0
sur,2019-05-01,7.808658869501439,5.498567081945644,9.19381865376674,11.0
sur,2019-06-01,7.531719527759507,4.403111191195315,9.660779480326354,11.0
sur,2019-07-01,7.9279974638953465,4.732267484521898,10.025867987942396,10.0
sur,2019-08-01,8.094217547323161,6.193947200902113,10.153870938561512,12.0
sur,2019-09-01,6.122310053815171,5.061797561354087,6.822765363128491,12.0
sur,2019-10-01,4.905517862280353,3.8929748004749936,6.320814558413894,12.0
sur,2019-11-01,3.765650356103117,2.598976499790119,4.373583853702051,12.0
sur,2019-12-01,3.541673274404611,2.9644021739130437,4.295393258426967,13.0
sur,2020-01-01,4.048202210348132,3.1473669064748204,4.933280802292264,13.0
sur,2020-02-01,5.3246671790094355,4.324542554332093,6.110522988505747,14.0
sur,2020-03-01,4.862325701504905,3.737546782514568,5.704151588934811,14.0
sur,2020-04-01,5.559768858408509,4.432894875478928,6.708658909090909,15.0
sur,2020-05-01,6.146644529558844,5.04454812017687,7.700791476741467,15.0
sur,2020-06-01,5.44314707568968,2.6350314484948907,7.916551930219693,15.0
sur,2020-07-01,6.36415241168188,4.818773243348384,8.552726785648979,15.0
sur,2020-08-01,6.208242251888289,4.836676096181047,7.321829608938548,13.0
sur,2020-09-01,5.971681147526337,4.329957975193124,7.406952030812326,12.0
sur,2020-10-01,5.2614798412507415,3.6425202156334233,6.31345945945946,13.0
sur,2020-11-01,4.11297949341245,3.1075899843505477,4.35200288184438,13.0
sur,2020-12-01,3.880279724851226,3.2113287671232875,4.118571428571428,13.0
sur,2021-01-01,6.592750286632345,3.3097893720203846,4.793681325449619,16.0
sur,2021-02-01,4.861241036286613,3.2235110219580494,6.235119165765166,18.0
sur,2021-03-01,5.528639741207296,3.617256327740212,6.807591339648174,17.0
sur,2021-04-01,6.061574561143177,5.0617326732673265,6.807521126760563,17.0
sur,2021-05-01,8.029132353229802,6.9604535541958334,9.936867422714437,16.0
sur,2021-06-01,8.328388288427728,6.055237410796305,10.899910005835748,16.0
sur,2021-07-01,9.060466458361791,6.672936730172022,11.340729180144681,16.0
sur,2021-08-01,9.912146185040479,5.903560093145788,10.223449288800555,16.0
sur,2021-09-01,8.775384761568624,5.803552010610743,8.208831313579152,16.0
sur,2021-10-01,7.267251937032912,4.91070907726643,7.21407469846889,15.0
sur,2021-11-01,4.113898884788808,2.864084876496894,4.541465070876836,15.0
sur,2021-12-01,4.932916227407903,3.9984142857142855,5.996234652114597,13.0
sur,2022-01-01,3.886786547596502,2.9696978021978024,4.457016806722689,13.0
sur,2022-02-01,5.284173870113549,4.305578947368421,6.648828967642527,17.0
sur,2022-03-01,6.341148258458037,4.823009708737864,8.456295180722892,17.0
sur,2022-04-01,6.7232114449261635,5.134706168094185,8.475271151480486,18.0
sur,2022-05-01,8.464623259148686,5.559802575219439,11.720853018560211,19.0
sur,2022-06-01,7.765112786677328,4.600835694050992,11.299493865030675,17.0
sur,2022-07-01,7.38650866735305,4.333177226384295,10.599007930085776,19.0
sur,2022-08-01,7.826188154990615,5.1103951367781155,9.729675675675676,17.0
sur,2022-09-01,6.4853311018341895,4.907992890163024,8.095204055427915,18.0
sur,2022-10-01,4.652718287899195,2.8981727589393182,5.871106817959971,16.0
sur,2022-11-01,3.940756802112117,2.755549288020454,5.0366949877296046,19.0
sur,2022-12-01,4.121504624796951,2.5394841607565013,5.073623669945602,19.0
sur,2023-01-01,3.8141386178006984,2.4699250386503566,4.8260965964917935,19.0
sur,2023-02-01,6.336395484565241,4.243102741339195,7.3241897065002535,18.0
sur,2023-03-01,6.060367307419554,4.231475982338482,7.64223452034201,19.0
sur,2023-04-01,6.701162573936923,4.86522558596088,7.729133555011364,19.0
sur,2023-05-01,7.295716929243775,5.237823543514146,9.549523369443826,18.0
sur,2023-06-01,7.3102615615406865,5.066965550382566,9.407885014144078,18.0
sur,2023-07-01,7.4160992909646835,5.03387269556552,8.610232163552446,19.0
sur,2023-08-01,7.197558043165036,5.018453366965339,8.648071853741497,19.0
sur,2023-09-01,5.828959630470864,4.064750648058838,7.679214975333676,18.0
sur,2023-10-01,5.432274315554992,4.862763292282733,6.693816995027124,14.0
sur,2023-11-01,4.847204956855441,3.381061497036109,5.843179414335665,15.0
sur,2023-12-01,4.296602436913418,3.2295586924692854,4.690510803983749,15.0
sur,2024-01-01,4.769369391873167,3.5654044607920756,5.692046233818622,15.0
sur,2024-02-01,5.104334799327609,3.710009880470407,5.38748004049225,15.0
sur,2024-03-01,6.136124088777173,4.595745191774441,7.309266187234187,14.0
sur,2024-04-01,6.220395629249812,4.1164784501002964,8.240268831998865,15.0
sur,2024-05-01,7.856618668731704,5.578553846153846,9.638844464201176,14.0
sur,2024-06-01,6.9955960196219005,3.9711581920903956,8.243968023255814,17.0
sur,2024-07-01,10.220454204988663,7.562139520475749,12.390374892734553,16.0
sur,2024-08-01,8.26278575904494,5.342159090909091,9.711084010840109,17.0
sur,2024-09-01,6.072015540759976,3.783710340123589,7.345132936956665,19.0
sur,2024-10-01,5.719458766587851,3.8452009760170442,6.747928961476264,18.0
sur,2024-11-01,4.425644998986266,3.200382348692763,5.120283841940532,19.0
sur,2024-12-01,4.27417673240441,3.1442013394129384,4.919433106775602,19.0
sur,2025-01-01,4.650718963582163,2.613275613275613,5.360860215053764,17.0
sur,2025-02-01,5.545113530838346,2.5069761904761902,7.467596560691281,18.0
sur,2025-03-01,5.712264561980561,3.9793314877114287,7.247674731182796,18.0
sur,2025-04-01,7.321871932234025,4.297717696629213,9.402464073538857,19.0
sur,2025-05-01,8.024314460075848,5.247596793617342,10.33176930020695,19.0
sur,2025-06-01,8.98707108867776,6.275597681820525,12.111076760966316,19.0
sur,2025-07-01,8.348053714036306,5.526842464851976,10.018796169630644,19.0
sur,2025-08-01,6.676690824841815,3.932677305154405,9.465804526829523,18.0
sur,2025-09-01,6.421192828031687,3.3771207865168544,7.457810320781032,17.0
sur,2025-10-01,4.564715027197611,3.1218777659940384,5.922284889283762,18.0
sur,2025-11-01,3.891899969798299,3.1778418005389,4.880130934022114,19.0
sur,2025-12-01,3.560313718481888,2.6499027106183903,4.054424341861328,19.0
sur,2026-01-01,3.7563944653287145,2.93968970380818,4.794341397849463,17.0
sur,2026-02-01,4.043569559170494,2.8217863105175294,4.753169642857143,17.0
sur,2026-03-01,5.011663164045363,3.2564861957002056,6.256994162186677,18.0
sur,2026-04-01,7.015981439800578,4.918412512366123,8.663338471243573,16.0
sur,2026-05-01,8.541692921481436,5.919132269742047,10.54303297756512,16.0
sur,2026-06-01,7.811991883176999,5.18117816091954,10.18082036775106,17.0
sur,2026-07-01,6.965647550049513,4.640962843202993,8.849118055555556,14.0
sur,2026-08-01,7.455902536007902,4.758821752265861,8.723856115107914,17.0
sur,2026-09-01,,,,
sur,2026-10-01,,,,
sur,2026-11-01,,,,
sur,2026-12-01,,,,
austral,2000-01-01,,,,
austral,2000-02-01,,,,
austral,2000-03-01,,,,
austral,2000-04-01,,,,
austral,2000-05-01,,,,
austral,2000-06-01,,,,
austral,2000-07-01,,,,
austral,2000-08-01,,,,
austral,2000-09-01,,,,
austral,2000-10-01,,,,
austral,2000-11-01,,,,
austral,2000-12-01,,,,
austral,2001-01-01,,,,
austral,2001-02-01,,,,
austral,2001-03-01,,,,
austral,2001-04-01,,,,
austral,2001-05-01,,,,
austral,2001-06-01,,,,
austral,2001-07-01,,,,
austral,2001-08-01,,,,
austral,2001-09-01,,,,
austral,2001-10-01,,,,
austral,2001-11-01,,,,
austral,2001-12-01,,,,
austral,2002-01-01,,,,
austral,2002-02-01,,,,
austral,2002-03-01,,,,
austral,2002-04-01,,,,
austral,2002-05-01,,,,
austral,2002-06-01,,,,
austral,2002-07-01,,,,
austral,2002-08-01,,,,
austral,2002-09-01,,,,
austral,2002-10-01,,,,
austral,2002-11-01,,,,
austral,2002-12-01,,,,
austral,2003-01-01,,,,
austral,2003-02-01,,,,
austral,2003-03-01,,,,
austral,2003-04-01,,,,
austral,2003-05-01,,,,
austral,2003-06-01,,,,
austral,2003-07-01,,,,
austral,2003-08-01,,,,
austral,2003-09-01,,,,
austral,2003-10-01,,,,
austral,2003-11-01,,,,
austral,2003-12-01,,,,
austral,2004-01-01,,,,
austral,2004-02-01,,,,
austral,2004-03-01,,,,
austral,2004-04-01,,,,
austral,2004-05-01,,,,
austral,2004-06-01,,,,
austral,2004-07-01,,,,
austral,2004-08-01,,,,
austral,2004-09-01,,,,
austral,2004-10-01,,,,
austral,2004-11-01,,,,
austral,2004-12-01,,,,
austral,2005-01-01,,,,
austral,2005-02-01,,,,
austral,2005-03-01,,,,
austral,2005-04-01,,,,
austral,2005-05-01,,,,
austral,2005-06-01,,,,
austral,2005-07-01,,,,
austral,2005-08-01,,,,
austral,2005-09-01,,,,
austral,2005-10-01,,,,
austral,2005-11-01,,,,
austral,2005-12-01,,,,
austral,2006-01-01,,,,
austral,2006-02-01,,,,
austral,2006-03-01,,,,
austral,2006-04-01,,,,
austral,2006-05-01,,,,
austral,2006-06-01,,,,
austral,2006-07-01,,,,
austral,2006-08-01,,,,
austral,2006-09-01,,,,
austral,2006-10-01,,,,
austral,2006-11-01,,,,
austral,2006-12-01,,,,
austral,2007-01-01,,,,
austral,2007-02-01,,,,
austral,2007-03-01,,,,
austral,2007-04-01,,,,
austral,2007-05-01,,,,
austral,2007-06-01,,,,
austral,2007-07-01,,,,
austral,2007-08-01,,,,
austral,2007-09-01,,,,
austral,2007-10-01,,,,
austral,2007-11-01,,,,
austral,2007-12-01,,,,
austral,2008-01-01,,,,
austral,2008-02-01,,,,
austral,2008-03-01,,,,
austral,2008-04-01,,,,
austral,2008-05-01,,,,
austral,2008-06-01,,,,
austral,2008-07-01,,,,
austral,2008-08-01,,,,
austral,2008-09-01,,,,
austral,2008-10-01,,,,
austral,2008-11-01,,,,
austral,2008-12-01,,,,
austral,2009-01-01,,,,
austral,2009-02-01,,,,
austral,2009-03-01,,,,
austral,2009-04-01,,,,
austral,2009-05-01,,,,
austral,2009-06-01,,,,
austral,2009-07-01,,,,
austral,2009-08-01,,,,
austral,2009-09-01,,,,
austral,2009-10-01,,,,
austral,2009-11-01,,,,
austral,2009-12-01,,,,
austral,2010-01-01,,,,
austral,2010-02-01,,,,
austral,2010-03-01,,,,
austral,2010-04-01,,,,
austral,2010-05-01,,,,
austral,2010-06-01,,,,
austral,2010-07-01,,,,
austral,2010-08-01,,,,
austral,2010-09-01,,,,
austral,2010-10-01,,,,
austral,2010-11-01,,,,
austral,2010-12-01,,,,
austral,2011-01-01,,,,
austral,2011-02-01,,,,
austral,2011-03-01,,,,
austral,2011-04-01,,,,
austral,2011-05-01,,,,
austral,2011-06-01,,,,
austral,2011-07-01,,,,
austral,2011-08-01,,,,
austral,2011-09-01,,,,
austral,2011-10-01,,,,
austral,2011-11-01,,,,
austral,2011-12-01,,,,
austral,2012-01-01,,,,
austral,2012-02-01,,,,
austral,2012-03-01,,,,
austral,2012-04-01,,,,
austral,2012-05-01,,,,
austral,2012-06-01,,,,
austral,2012-07-01,,,,
austral,2012-08-01,,,,
austral,2012-09-01,,,,
austral,2012-10-01,,,,
austral,2012-11-01,,,,
austral,2012-12-01,,,,
austral,2013-01-01,,,,
austral,2013-02-01,,,,
austral,2013-03-01,,,,
austral,2013-04-01,,,,
austral,2013-05-01,,,,
austral,2013-06-01,,,,
austral,2013-07-01,,,,
austral,2013-08-01,,,,
austral,2013-09-01,7.627492217573221,7.627492217573221,7.627492217573221,1.0
austral,2013-10-01,3.091852961956522,3.091852961956522,3.091852961956522,1.0
austral,2013-11-01,2.397526224489796,2.397526224489796,2.397526224489796,1.0
austral,2013-12-01,1.4943612855007473,1.4943612855007473,1.4943612855007473,1.0
austral,2014-01-01,1.4892064285714286,1.4892064285714286,1.4892064285714286,1.0
austral,2014-02-01,2.759529345238095,2.759529345238095,2.759529345238095,1.0
austral,2014-03-01,3.6419001081081084,3.6419001081081084,3.6419001081081084,1.0
austral,2014-04-01,8.397655173852574,8.397655173852574,8.397655173852574,1.0
austral,2014-05-01,9.584236720647773,9.584236720647773,9.584236720647773,1.0
austral,2014-06-01,11.77450649930265,11.77450649930265,11.77450649930265,1.0
austral,2014-07-01,12.412328013513513,12.412328013513513,12.412328013513513,1.0
austral,2014-08-01,8.47697602425876,8.47697602425876,8.47697602425876,1.0
austral,2014-09-01,5.753637014492754,5.753637014492754,5.753637014492754,1.0
austral,2014-10-01,5.281119325236167,5.281119325236167,5.281119325236167,1.0
austral,2014-11-01,2.4636414685314683,2.4636414685314683,2.4636414685314683,1.0
austral,2014-12-01,2.0524514685314683,2.0524514685314683,2.0524514685314683,1.0
austral,2015-01-01,2.268830458839406,2.268830458839406,2.268830458839406,1.0
austral,2015-02-01,2.5802742899850526,2.5802742899850526,2.5802742899850526,1.0
austral,2015-03-01,4.862289810040706,4.862289810040706,4.862289810040706,1.0
austral,2015-04-01,8.23223740585774,8.23223740585774,8.23223740585774,1.0
austral,2015-05-01,9.831716346414073,9.831716346414073,9.831716346414073,1.0
austral,2015-06-01,10.451260014430014,10.451260014430014,10.451260014430014,1.0
austral,2015-07-01,10.45188152909337,10.45188152909337,10.45188152909337,1.0
austral,2015-08-01,10.945185430916553,10.945185430916553,10.945185430916553,1.0
austral,2015-09-01,7.513901846153845,7.513901846153845,7.513901846153845,1.0
austral,2015-10-01,5.846397291105121,5.846397291105121,5.846397291105121,1.0
austral,2015-11-01,2.9219111424541606,2.9219111424541606,2.9219111424541606,1.0
austral,2015-12-01,2.7031447010869565,2.7031447010869565,2.7031447010869565,1.0
austral,2016-01-01,2.3707432571428573,2.3707432571428573,2.3707432571428573,1.0
austral,2016-02-01,2.82211278425656,2.82211278425656,2.82211278425656,1.0
austral,2016-03-01,4.163925788043478,4.163925788043478,4.163925788043478,1.0
austral,2016-04-01,9.155874374120957,9.155874374120957,9.155874374120957,1.0
austral,2016-05-01,14.068224519230771,14.068224519230771,14.068224519230771,1.0
austral,2016-06-01,11.773630168067228,11.773630168067228,11.773630168067228,1.0
austral,2016-07-01,10.421045608108107,10.421045608108107,10.421045608108107,1.0
austral,2016-08-01,8.955946172506739,8.955946172506739,8.955946172506739,1.0
austral,2016-09-01,7.185748934659091,7.185748934659091,7.185748934659091,1.0
austral,2016-10-01,4.392800423497268,4.392800423497268,4.392800423497268,1.0
austral,2016-11-01,3.114451762237762,3.114451762237762,3.114451762237762,1.0
austral,2016-12-01,2.188227290419162,2.188227290419162,2.188227290419162,1.0
austral,2017-01-01,2.810212405405405,2.810212405405405,2.810212405405405,1.0
austral,2017-02-01,2.165346214177979,2.165346214177979,2.165346214177979,1.0
austral,2017-03-01,2.9701663664122138,2.9701663664122138,2.9701663664122138,1.0
austral,2017-04-01,5.942347633053222,5.942347633053222,5.942347633053222,1.0
austral,2017-05-01,9.882631578947368,9.882631578947368,9.882631578947368,1.0
austral,2017-06-01,12.498304347826087,12.498304347826087,12.498304347826087,1.0
austral,2017-07-01,7.854131455399061,7.854131455399061,7.854131455399061,1.0
austral,2017-08-01,7.636666666666667,7.636666666666667,7.636666666666667,1.0
austral,2017-09-01,,,,
austral,2017-10-01,,,,
austral,2017-11-01,,,,
austral,2017-12-01,,,,
austral,2018-01-01,,,,
austral,2018-02-01,,,,
austral,2018-03-01,,,,
austral,2018-04-01,,,,
austral,2018-05-01,,,,
austral,2018-06-01,,,,
austral,2018-07-01,,,,
austral,2018-08-01,,,,
austral,2018-09-01,,,,
austral,2018-10-01,,,,
austral,2018-11-01,,,,
austral,2018-12-01,,,,
austral,2019-01-01,,,,
austral,2019-02-01,,,,
austral,2019-03-01,,,,
austral,2019-04-01,,,,
austral,2019-05-01,,,,
austral,2019-06-01,,,,
austral,2019-07-01,,,,
austral,2019-08-01,,,,
austral,2019-09-01,,,,
austral,2019-10-01,,,,
austral,2019-11-01,,,,
austral,2019-12-01,,,,
austral,2020-01-01,,,,
austral,2020-02-01,,,,
austral,2020-03-01,,,,
austral,2020-04-01,,,,
austral,2020-05-01,,,,
austral,2020-06-01,,,,
austral,2020-07-01,,,,
austral,2020-08-01,,,,
austral,2020-09-01,,,,
austral,2020-10-01,,,,
austral,2020-11-01,,,,
austral,2020-12-01,,,,
austral,2021-01-01,,,,
austral,2021-02-01,,,,
austral,2021-03-01,,,,
austral,2021-04-01,,,,
austral,2021-05-01,,,,
austral,2021-06-01,,,,
austral,2021-07-01,,,,
austral,2021-08-01,,,,
austral,2021-09-01,,,,
austral,2021-10-01,,,,
austral,2021-11-01,,,,
austral,2021-12-01,,,,
austral,2022-01-01,,,,
austral,2022-02-01,,,,
austral,2022-03-01,,,,
austral,2022-04-01,,,,
austral,2022-05-01,,,,
austral,2022-06-01,,,,
austral,2022-07-01,,,,
austral,2022-08-01,,,,
austral,2022-09-01,,,,
austral,2022-10-01,,,,
austral,2022-11-01,,,,
austral,2022-12-01,,,,
austral,2023-01-01,,,,
austral,2023-02-01,,,,
austral,2023-03-01,,,,
austral,2023-04-01,,,,
austral,2023-05-01,,,,
austral,2023-06-01,,,,
austral,2023-07-01,,,,
austral,2023-08-01,,,,
austral,2023-09-01,,,,
austral,2023-10-01,,,,
austral,2023-11-01,,,,
austral,2023-12-01,,,,
austral,2024-01-01,,,,
austral,2024-02-01,,,,
austral,2024-03-01,,,,
austral,2024-04-01,,,,
austral,2024-05-01,,,,
austral,2024-06-01,,,,
austral,2024-07-01,,,,
austral,2024-08-01,,,,
austral,2024-09-01,,,,
austral,2024-10-01,,,,
austral,2024-11-01,,,,
austral,2024-12-01,,,,
austral,2025-01-01,,,,
austral,2025-02-01,,,,
austral,2025-03-01,,,,
austral,2025-04-01,,,,
austral,2025-05-01,,,,
austral,2025-06-01,,,,
austral,2025-07-01,,,,
austral,2025-08-01,,,,
austral,2025-09-01,,,,
austral,2025-10-01,,,,
austral,2025-11-01,,,,
austral,2025-12-01,,,,
austral,2026-01-01,,,,
austral,2026-02-01,,,,
austral,2026-03-01,,,,
austral,2026-04-01,,,,
austral,2026-05-01,,,,
austral,2026-06-01,,,,
austral,2026-07-01,,,,
austral,2026-08-01,,,,
austral,2026-09-01,,,,
austral,2026-10-01,,,,
austral,2026-11-01,,,,
austral,2026-12-01,,,,
