estacion,mes,obs,n,cob
117,2004-12-01,0.6666666666666666,6,0.008064516129032258
117,2013-04-01,0.0,1,0.001388888888888889
117,2016-02-01,7.884360412573674,509,0.7313218390804598
117,2016-03-01,8.810807914893616,705,0.9475806451612904
117,2016-04-01,8.59355510791367,695,0.9652777777777778
117,2016-05-01,12.664708804347825,736,0.989247311827957
117,2016-06-01,17.102020028011204,714,0.9916666666666667
117,2016-07-01,13.531006979591837,735,0.9879032258064516
117,2016-08-01,13.84710846361186,742,0.9973118279569892
117,2016-09-01,13.749230223463686,716,0.9944444444444445
117,2016-10-01,9.478769230769231,741,0.9959677419354839
117,2016-11-01,9.784578117154812,717,0.9958333333333333
117,2016-12-01,8.01576896551724,725,0.9744623655913979
117,2017-01-01,6.1133089488243435,723,0.9717741935483871
117,2017-02-01,7.969194464692483,439,0.6532738095238095
117,2017-03-01,14.741111299052774,739,0.9932795698924731
117,2017-04-01,14.978169663865547,714,0.9916666666666667
117,2017-05-01,13.417847025495751,706,0.9489247311827957
117,2017-06-01,14.008391608391609,715,0.9930555555555556
117,2017-07-01,15.41644204851752,742,0.9973118279569892
117,2017-08-01,14.331983805668017,741,0.9959677419354839
117,2017-09-01,12.502092050209205,717,0.9958333333333333
117,2017-10-01,12.256716417910448,670,0.9005376344086021
117,2017-11-01,11.007012622720898,713,0.9902777777777778
117,2017-12-01,12.068027210884354,735,0.9879032258064516
117,2018-01-01,10.56427604871448,739,0.9932795698924731
117,2018-02-01,8.477064220183486,654,0.9732142857142857
117,2018-03-01,10.968918918918918,740,0.9946236559139785
117,2018-04-01,11.676880222841225,718,0.9972222222222222
117,2018-05-01,15.078167115902964,742,0.9973118279569892
117,2018-06-01,16.956884561891517,719,0.9986111111111111
117,2018-07-01,14.013698630136986,730,0.9811827956989247
117,2018-08-01,12.304172274562584,743,0.9986559139784946
117,2018-09-01,10.796918767507004,714,0.9916666666666667
117,2018-10-01,8.370619946091644,742,0.9973118279569892
117,2018-11-01,7.131728045325779,706,0.9805555555555555
117,2018-12-01,7.091280653950954,734,0.9865591397849462
117,2019-01-01,5.8845553822152885,641,0.8615591397849462
117,2019-02-01,6.429245283018868,636,0.9464285714285714
117,2019-03-01,9.921270718232044,724,0.9731182795698925
117,2019-04-01,10.88515406162465,714,0.9916666666666667
117,2019-05-01,12.405913978494624,744,1.0
117,2019-06-01,18.9581589958159,717,0.9958333333333333
117,2019-07-01,14.642375168690958,741,0.9959677419354839
117,2019-08-01,15.045020463847203,733,0.9852150537634409
117,2019-09-01,11.567642956764296,717,0.9958333333333333
117,2019-10-01,11.345528455284553,738,0.9919354838709677
117,2019-11-01,10.297335203366059,713,0.9902777777777778
117,2019-12-01,9.57852564102564,624,0.8387096774193549
117,2020-01-01,6.935309973045822,742,0.9973118279569892
117,2020-02-01,8.17296511627907,688,0.9885057471264368
117,2020-03-01,7.401360544217687,735,0.9879032258064516
117,2020-04-01,10.087818696883852,706,0.9805555555555555
117,2020-05-01,13.722222222222221,738,0.9919354838709677
117,2020-06-01,10.478991596638656,714,0.9916666666666667
117,2020-07-01,14.755102040816327,735,0.9879032258064516
117,2020-08-01,12.05156037991859,737,0.9905913978494624
117,2020-09-01,10.771269177126918,717,0.9958333333333333
117,2020-10-01,8.64642375168691,741,0.9959677419354839
117,2020-11-01,10.197755960729312,713,0.9902777777777778
117,2020-12-01,10.19535519125683,732,0.9838709677419355
117,2021-01-01,9.044594594594594,740,0.9946236559139785
117,2021-02-01,8.32781954887218,665,0.9895833333333334
117,2021-03-01,8.77807848443843,739,0.9932795698924731
117,2021-04-01,7.503736920777279,669,0.9291666666666667
117,2021-05-01,13.357142857142858,42,0.056451612903225805
117,2021-07-01,16.303030303030305,495,0.6653225806451613
117,2021-08-01,13.94468085106383,705,0.9475806451612904
117,2021-09-01,14.354253835425384,717,0.9958333333333333
117,2021-10-01,14.919945725915875,737,0.9905913978494624
117,2021-11-01,14.202247191011235,712,0.9888888888888889
117,2021-12-01,13.127371273712738,738,0.9919354838709677
117,2022-01-01,12.425302826379543,743,0.9986559139784946
117,2022-02-01,12.923192771084338,664,0.9880952380952381
117,2022-03-01,12.276098901098901,728,0.978494623655914
117,2022-04-01,11.796061884669479,711,0.9875
117,2022-05-01,15.10377358490566,742,0.9973118279569892
117,2022-06-01,13.525495750708215,706,0.9805555555555555
117,2022-07-01,15.435549525101765,737,0.9905913978494624
117,2022-08-01,15.315143246930424,733,0.9852150537634409
117,2022-09-01,12.826271186440678,708,0.9833333333333333
117,2022-10-01,12.18707015130674,727,0.9771505376344086
117,2022-11-01,11.609243697478991,714,0.9916666666666667
117,2022-12-01,12.89051094890511,685,0.9206989247311828
117,2023-01-01,12.781893004115226,729,0.9798387096774194
117,2023-02-01,11.393072289156626,664,0.9880952380952381
117,2023-03-01,10.941734417344174,738,0.9919354838709677
117,2023-04-01,11.440725244072524,717,0.9958333333333333
117,2023-05-01,11.425675675675675,740,0.9946236559139785
117,2023-06-01,10.821325648414986,694,0.9638888888888889
117,2023-07-01,10.759084791386272,743,0.9986559139784946
117,2023-08-01,8.839385474860336,716,0.9623655913978495
117,2023-09-01,7.991489361702127,705,0.9791666666666666
117,2023-10-01,7.885885885885886,666,0.8951612903225806
117,2023-11-01,4.154083204930663,649,0.9013888888888889
117,2023-12-01,4.1991643454039,718,0.9650537634408602
117,2024-01-01,4.124156545209177,741,0.9959677419354839
117,2024-02-01,7.983206106870229,655,0.9410919540229885
117,2024-03-01,16.501351351351353,740,0.9946236559139785
117,2024-04-01,5.041543026706232,674,0.9361111111111111
117,2024-05-01,5.789757412398922,742,0.9973118279569892
117,2024-06-01,7.949579831932773,714,0.9916666666666667
117,2024-07-01,8.700689655172415,725,0.9744623655913979
117,2024-08-01,6.785216178521618,717,0.9637096774193549
117,2024-09-01,6.587743732590529,718,0.9972222222222222
117,2024-10-01,6.172086720867209,738,0.9919354838709677
117,2024-11-01,5.755215577190542,719,0.9986111111111111
117,2024-12-01,6.1931034482758625,725,0.9744623655913979
117,2025-01-01,5.795115332428765,737,0.9905913978494624
117,2025-02-01,4.183471074380165,605,0.9002976190476191
117,2025-03-01,6.577611940298508,670,0.9005376344086021
117,2025-04-01,6.98132183908046,696,0.9666666666666667
117,2025-05-01,7.876577840112202,713,0.9583333333333334
117,2025-06-01,8.444954128440367,654,0.9083333333333333
117,2025-07-01,8.869942196531792,692,0.9301075268817204
117,2025-08-01,6.287482806052269,727,0.9771505376344086
117,2025-09-01,7.923836389280677,709,0.9847222222222223
117,2025-10-01,7.317073170731708,738,0.9919354838709677
117,2025-11-01,7.485355648535565,717,0.9958333333333333
117,2025-12-01,6.6914749661705,739,0.9932795698924731
117,2026-01-01,6.01010101010101,693,0.9314516129032258
117,2026-02-01,4.085843373493976,664,0.9880952380952381
117,2026-03-01,5.820652173913044,736,0.989247311827957
117,2026-04-01,5.584852734922861,713,0.9902777777777778
117,2026-05-01,6.508843537414966,735,0.9879032258064516
117,2026-06-01,5.594366197183098,710,0.9861111111111112
117,2026-07-01,6.5576923076923075,728,0.978494623655914
117,2026-08-01,5.285714285714286,616,0.8279569892473119
117,2026-09-01,5.12987012987013,308,0.42777777777777776
204,2012-09-01,8.66735112936345,487,0.6763888888888889
204,2012-10-01,8.784075573549257,741,0.9959677419354839
204,2012-11-01,26.37568058076225,551,0.7652777777777777
204,2012-12-01,10.314516129032258,744,1.0
204,2013-01-01,12.331090174966352,743,0.9986559139784946
204,2013-02-01,16.57033639143731,654,0.9732142857142857
204,2013-03-01,35.34770889487871,742,0.9973118279569892
204,2013-04-01,13.347222222222221,720,1.0
204,2013-05-01,14.868027210884353,735,0.9879032258064516
204,2013-06-01,10.783333333333333,720,1.0
204,2013-07-01,10.545698924731182,744,1.0
204,2013-08-01,13.497975708502024,741,0.9959677419354839
204,2013-09-01,9.159722222222221,720,1.0
204,2013-10-01,11.190798376184032,739,0.9932795698924731
204,2013-11-01,9.863888888888889,720,1.0
204,2013-12-01,10.891129032258064,744,1.0
204,2014-01-01,14.627906976744185,731,0.9825268817204301
204,2014-02-01,12.482089552238806,670,0.9970238095238095
204,2014-03-01,10.296096904441454,743,0.9986559139784946
204,2014-04-01,10.669444444444444,720,1.0
204,2014-05-01,11.84993178717599,733,0.9852150537634409
204,2014-06-01,9.792189679218968,717,0.9958333333333333
204,2014-07-01,6.626180836707152,741,0.9959677419354839
204,2014-08-01,9.45687331536388,742,0.9973118279569892
204,2014-09-01,7.687237026647966,713,0.9902777777777778
204,2014-10-01,9.942204301075268,744,1.0
204,2014-11-01,10.182705718270572,717,0.9958333333333333
204,2014-12-01,12.799461641991925,743,0.9986559139784946
204,2015-01-01,13.08130081300813,738,0.9919354838709677
204,2015-02-01,12.867164179104478,670,0.9970238095238095
204,2015-03-01,13.839506172839506,729,0.9798387096774194
204,2015-04-01,13.332406119610571,719,0.9986111111111111
204,2015-05-01,10.233380480905234,707,0.9502688172043011
204,2015-06-01,11.620833333333334,720,1.0
204,2015-07-01,11.210312075983717,737,0.9905913978494624
204,2015-08-01,6.548648648648649,740,0.9946236559139785
204,2015-09-01,7.644189383070302,697,0.9680555555555556
204,2015-10-01,6.427800269905533,741,0.9959677419354839
204,2015-11-01,7.109874826147427,719,0.9986111111111111
204,2015-12-01,7.507462686567164,737,0.9905913978494624
204,2016-01-01,8.776280323450134,742,0.9973118279569892
204,2016-02-01,9.217008797653959,682,0.9798850574712644
204,2016-03-01,9.25067385444744,742,0.9973118279569892
204,2016-04-01,8.58217270194986,718,0.9972222222222222
204,2016-05-01,7.641407307171854,739,0.9932795698924731
204,2016-06-01,6.644846796657381,718,0.9972222222222222
204,2016-07-01,8.367924528301886,742,0.9973118279569892
204,2016-08-01,8.951612903225806,744,1.0
204,2016-09-01,9.866141732283465,508,0.7055555555555556
204,2016-10-01,7.599724896836314,727,0.9771505376344086
204,2016-11-01,7.294444444444444,720,1.0
204,2016-12-01,9.010752688172044,744,1.0
204,2017-01-01,10.192151556156968,739,0.9932795698924731
204,2017-02-01,9.952380952380953,672,1.0
204,2017-03-01,25.993279569892472,744,1.0
204,2017-04-01,11.770833333333334,720,1.0
204,2017-05-01,7.741935483870968,744,1.0
204,2017-06-01,5.443786982248521,338,0.46944444444444444
204,2017-08-01,8.033381712626996,689,0.9260752688172043
204,2017-09-01,8.165969316596932,717,0.9958333333333333
204,2017-10-01,9.124548736462094,554,0.7446236559139785
204,2017-12-01,8.975609756097562,246,0.33064516129032256
204,2018-01-01,9.602150537634408,744,1.0
204,2018-02-01,10.449404761904763,672,1.0
204,2018-03-01,12.121130551816957,743,0.9986559139784946
204,2018-04-01,10.995827538247566,719,0.9986111111111111
204,2018-05-01,9.62865090403338,719,0.9663978494623656
204,2018-06-01,9.020833333333334,720,1.0
204,2018-07-01,7.400537634408602,744,1.0
204,2018-08-01,7.073924731182796,744,1.0
204,2018-09-01,9.967877094972067,716,0.9944444444444445
204,2018-10-01,8.788978494623656,744,1.0
204,2018-11-01,9.3375,720,1.0
204,2018-12-01,10.516129032258064,744,1.0
204,2019-01-01,10.700268817204302,744,1.0
204,2019-02-01,12.066964285714286,672,1.0
204,2019-03-01,14.515449438202246,712,0.956989247311828
204,2019-04-01,9.154166666666667,720,1.0
204,2019-05-01,8.381275440976934,737,0.9905913978494624
204,2019-06-01,9.301388888888889,720,1.0
204,2019-07-01,7.768817204301075,744,1.0
204,2019-08-01,9.207598371777475,737,0.9905913978494624
204,2019-09-01,7.2555555555555555,720,1.0
204,2019-10-01,7.977150537634409,744,1.0
204,2019-11-01,8.382475660639777,719,0.9986111111111111
204,2019-12-01,9.26478494623656,744,1.0
204,2020-01-01,8.291605301914581,679,0.9126344086021505
204,2020-02-01,8.37841726618705,695,0.9985632183908046
204,2020-03-01,9.817073170731707,738,0.9919354838709677
204,2020-04-01,8.423943661971832,710,0.9861111111111112
204,2020-05-01,9.245257452574526,738,0.9919354838709677
204,2020-06-01,7.511111111111111,720,1.0
204,2020-07-01,8.057377049180328,732,0.9838709677419355
204,2020-08-01,8.976902173913043,736,0.989247311827957
204,2020-09-01,7.262931034482759,696,0.9666666666666667
204,2020-10-01,9.052857142857142,700,0.9408602150537635
204,2020-11-01,8.662374821173104,699,0.9708333333333333
204,2020-12-01,13.756718528995757,707,0.9502688172043011
204,2021-01-01,4.835579514824798,742,0.9973118279569892
204,2021-02-01,6.091049382716049,648,0.9642857142857143
204,2021-03-01,5.348586810228802,743,0.9986559139784946
204,2021-04-01,4.701388888888889,720,1.0
204,2021-05-01,3.092741935483871,744,1.0
204,2021-06-01,3.040277777777778,720,1.0
204,2021-07-01,4.758064516129032,744,1.0
204,2021-08-01,4.690860215053763,744,1.0
204,2021-09-01,6.7652777777777775,720,1.0
204,2021-10-01,9.198275862068966,696,0.9354838709677419
204,2021-11-01,7.722222222222222,720,1.0
204,2021-12-01,7.884722222222222,720,0.967741935483871
204,2022-01-01,4.378151260504202,714,0.9596774193548387
204,2022-02-01,2.1398809523809526,672,1.0
204,2022-03-01,4.8956639566395665,738,0.9919354838709677
204,2022-04-01,5.163888888888889,720,1.0
204,2022-05-01,6.155913978494624,744,1.0
204,2022-06-01,6.198611111111111,720,1.0
204,2022-07-01,7.567204301075269,744,1.0
204,2022-08-01,6.464333781965006,743,0.9986559139784946
204,2022-09-01,7.055555555555555,720,1.0
204,2022-10-01,7.823426573426573,572,0.7688172043010753
204,2022-11-01,9.64861111111111,720,1.0
204,2022-12-01,7.17725258493353,677,0.9099462365591398
204,2023-01-01,5.65,660,0.8870967741935484
204,2023-02-01,4.145833333333333,624,0.9285714285714286
204,2023-03-01,3.010752688172043,744,1.0
204,2023-04-01,6.259722222222222,720,1.0
204,2023-05-01,6.331989247311828,744,1.0
204,2023-06-01,8.761904761904763,714,0.9916666666666667
204,2023-07-01,13.012096774193548,744,1.0
204,2023-08-01,11.201612903225806,744,1.0
204,2023-09-01,10.725,720,1.0
204,2023-10-01,8.477150537634408,744,1.0
204,2023-11-01,7.970833333333333,720,1.0
204,2023-12-01,9.161290322580646,744,1.0
204,2024-01-01,9.922043010752688,744,1.0
204,2024-02-01,9.04040404040404,693,0.9956896551724138
204,2024-03-01,10.545698924731182,744,1.0
204,2024-04-01,9.943986820428336,607,0.8430555555555556
204,2024-05-01,6.43360433604336,738,0.9919354838709677
204,2024-06-01,7.513888888888889,720,1.0
204,2024-07-01,8.801459854014599,685,0.9206989247311828
204,2024-08-01,4.920943134535367,721,0.9690860215053764
204,2024-09-01,6.735632183908046,696,0.9666666666666667
204,2024-10-01,8.775631500742943,673,0.9045698924731183
204,2024-11-01,6.434722222222222,720,1.0
204,2024-12-01,6.632167832167832,715,0.9610215053763441
204,2025-01-01,5.7053941908713695,723,0.9717741935483871
204,2025-02-01,5.703174603174603,630,0.9375
204,2025-03-01,8.852159468438538,602,0.8091397849462365
204,2025-04-01,5.7858197932053175,677,0.9402777777777778
204,2025-05-01,5.475806451612903,744,1.0
204,2025-06-01,5.989942528735632,696,0.9666666666666667
204,2025-07-01,8.685060565275908,743,0.9986559139784946
204,2025-08-01,6.922043010752688,744,1.0
204,2025-09-01,5.911111111111111,720,1.0
204,2025-10-01,5.753479125248509,503,0.6760752688172043
204,2025-12-01,60.0,1,0.0013440860215053765
204,2026-01-01,6.05327868852459,732,0.9838709677419355
204,2026-02-01,5.642215568862276,668,0.9940476190476191
204,2026-03-01,5.627688172043011,744,1.0
204,2026-04-01,5.745833333333334,720,1.0
204,2026-05-01,5.277929155313352,734,0.9865591397849462
204,2026-06-01,4.338888888888889,720,1.0
204,2026-07-01,4.745833333333334,720,0.967741935483871
204,2026-08-01,4.365489130434782,736,0.989247311827957
204,2026-09-01,4.961538461538462,286,0.3972222222222222
217,2015-01-01,14.329419999999999,5,0.006720430107526882
217,2017-04-01,9.12444,1,0.001388888888888889
217,2019-12-01,82.5,2,0.002688172043010753
217,2020-01-01,10.297407912687586,733,0.9852150537634409
217,2020-02-01,7.627941176470588,680,0.9770114942528736
217,2020-03-01,7.779552715654952,626,0.8413978494623656
217,2020-04-01,9.789865871833085,671,0.9319444444444445
217,2020-05-01,10.001398601398602,715,0.9610215053763441
217,2020-06-01,8.053701015965167,689,0.9569444444444445
217,2020-07-01,11.677519379844961,645,0.8669354838709677
217,2020-08-01,14.075332348596751,677,0.9099462365591398
217,2020-09-01,13.219827586206897,696,0.9666666666666667
217,2020-10-01,15.045769764216367,721,0.9690860215053764
217,2020-11-01,14.6875,720,1.0
217,2020-12-01,15.439455782312924,735,0.9879032258064516
217,2021-01-01,19.631720430107528,744,1.0
217,2021-02-01,15.518740629685157,667,0.9925595238095238
217,2021-03-01,10.723951285520974,739,0.9932795698924731
217,2021-04-01,11.152777777777779,720,1.0
217,2021-05-01,11.599462365591398,744,1.0
217,2021-06-01,9.955555555555556,720,1.0
217,2021-07-01,12.318367346938775,735,0.9879032258064516
217,2021-08-01,10.303621169916434,718,0.9650537634408602
217,2021-09-01,9.235042735042734,702,0.975
217,2021-10-01,7.772237196765499,742,0.9973118279569892
217,2021-11-01,9.290184921763869,703,0.9763888888888889
217,2021-12-01,10.970390309555855,743,0.9986559139784946
217,2022-01-01,10.335127860026917,743,0.9986559139784946
217,2022-02-01,11.248484848484848,660,0.9821428571428571
217,2022-03-01,8.694101508916324,729,0.9798387096774194
217,2022-04-01,6.650837988826815,716,0.9944444444444445
217,2022-05-01,7.019151846785226,731,0.9825268817204301
217,2022-06-01,6.265602322206096,689,0.9569444444444445
217,2022-07-01,5.915875169606513,737,0.9905913978494624
217,2022-08-01,5.526896551724138,725,0.9744623655913979
217,2022-09-01,6.485316846986089,647,0.8986111111111111
217,2022-10-01,4.076712328767123,730,0.9811827956989247
217,2022-11-01,9.056478405315614,602,0.8361111111111111
217,2022-12-01,8.383036935704514,731,0.9825268817204301
217,2023-01-01,9.346828609986504,741,0.9959677419354839
217,2023-02-01,6.569715142428786,667,0.9925595238095238
217,2023-03-01,5.7735583684950775,711,0.9556451612903226
217,2023-04-01,5.263565891472868,645,0.8958333333333334
217,2023-05-01,7.112977099236641,655,0.8803763440860215
217,2023-06-01,7.97972972972973,592,0.8222222222222222
217,2023-07-01,7.095623987034036,617,0.8293010752688172
217,2023-08-01,6.775675675675676,740,0.9946236559139785
217,2023-09-01,6.125523012552302,717,0.9958333333333333
217,2023-10-01,8.008086253369273,742,0.9973118279569892
217,2023-11-01,5.685887708649469,659,0.9152777777777777
217,2023-12-01,12.022857142857143,700,0.9408602150537635
217,2024-01-01,11.010884353741497,735,0.9879032258064516
217,2024-02-01,10.16931982633864,691,0.992816091954023
217,2024-03-01,9.740082079343365,731,0.9825268817204301
217,2024-04-01,9.18194640338505,709,0.9847222222222223
217,2024-05-01,6.54719562243502,731,0.9825268817204301
217,2024-06-01,8.347765363128492,716,0.9944444444444445
217,2024-07-01,9.426229508196721,732,0.9838709677419355
217,2024-08-01,7.7320169252468265,709,0.9529569892473119
217,2024-09-01,8.770538243626062,706,0.9805555555555555
217,2024-10-01,8.345205479452055,730,0.9811827956989247
217,2024-11-01,9.208100558659218,716,0.9944444444444445
217,2024-12-01,12.9851150202977,739,0.9932795698924731
217,2025-01-01,11.214285714285714,714,0.9596774193548387
217,2025-02-01,11.136363636363637,660,0.9821428571428571
217,2025-03-01,10.19448275862069,725,0.9744623655913979
217,2025-04-01,9.230446927374302,716,0.9944444444444445
217,2025-05-01,7.860810810810811,740,0.9946236559139785
217,2025-06-01,6.728169014084507,710,0.9861111111111112
217,2025-07-01,8.05691056910569,738,0.9919354838709677
217,2025-08-01,7.87466307277628,742,0.9973118279569892
217,2025-09-01,7.574408901251738,719,0.9986111111111111
217,2025-10-01,9.423545331529093,739,0.9932795698924731
217,2025-11-01,10.273743016759777,716,0.9944444444444445
217,2025-12-01,7.606102635228849,721,0.9690860215053764
217,2026-01-01,8.31132075471698,742,0.9973118279569892
217,2026-02-01,7.389805097451275,667,0.9925595238095238
217,2026-03-01,5.782432432432432,740,0.9946236559139785
217,2026-04-01,5.696503496503497,715,0.9930555555555556
217,2026-05-01,8.19971671388102,706,0.9489247311827957
217,2026-06-01,6.227972027972028,715,0.9930555555555556
217,2026-07-01,4.968011126564673,719,0.9663978494623656
217,2026-08-01,5.054016620498615,722,0.9704301075268817
217,2026-09-01,4.633986928104576,306,0.425
222,2011-12-01,16.167130983606558,61,0.08198924731182795
222,2012-01-01,11.567903698762036,727,0.9771505376344086
222,2012-02-01,12.921066013864818,577,0.8290229885057471
222,2012-03-01,15.935024268656715,670,0.9005376344086021
222,2012-04-01,12.996923610223641,626,0.8694444444444445
222,2012-05-01,16.911719469808542,679,0.9126344086021505
222,2012-06-01,18.997314532775455,717,0.9958333333333333
222,2012-07-01,15.400907728494623,744,1.0
222,2012-08-01,16.70122534320323,743,0.9986559139784946
222,2012-09-01,17.34877123783032,719,0.9986111111111111
222,2012-10-01,16.771488346774195,744,1.0
222,2012-11-01,24.198884008875737,676,0.9388888888888889
222,2012-12-01,54.55645722454672,717,0.9637096774193549
222,2013-01-01,14.87233892560801,699,0.9395161290322581
222,2013-02-01,40.27128495327103,642,0.9553571428571429
222,2013-03-01,32.25463452956989,744,1.0
222,2013-04-01,33.8257042519685,254,0.3527777777777778
222,2013-06-01,32.67286328719723,289,0.4013888888888889
222,2013-07-01,42.551043103932585,712,0.956989247311828
222,2013-08-01,39.54113948497854,699,0.9395161290322581
222,2013-09-01,29.543294181818183,715,0.9930555555555556
222,2013-10-01,34.57981867486339,732,0.9838709677419355
222,2013-11-01,36.95454801128349,709,0.9847222222222223
222,2013-12-01,25.59605423913043,736,0.989247311827957
222,2014-01-01,26.875069063962556,641,0.8615591397849462
222,2014-02-01,17.490555848739497,595,0.8854166666666666
222,2014-03-01,22.569051505376343,744,1.0
222,2014-04-01,24.21833310829817,711,0.9875
222,2014-05-01,23.480284638472035,733,0.9852150537634409
222,2014-06-01,26.4556374373259,718,0.9972222222222222
222,2014-07-01,29.760788437499997,736,0.989247311827957
222,2014-08-01,24.890553107344633,708,0.9516129032258065
222,2014-09-01,23.238150564174894,709,0.9847222222222223
222,2014-10-01,21.26945173160173,693,0.9314516129032258
222,2014-11-01,19.262198871201157,691,0.9597222222222223
222,2014-12-01,15.272304411764704,544,0.7311827956989247
222,2015-01-01,13.434378430379748,395,0.5309139784946236
222,2015-02-01,15.609050985074626,670,0.9970238095238095
222,2015-03-01,19.0381945951417,494,0.6639784946236559
222,2015-04-01,11.691665898161244,707,0.9819444444444444
222,2015-05-01,21.87750763888889,720,0.967741935483871
222,2015-06-01,22.238403030726257,716,0.9944444444444445
222,2015-07-01,20.550455348837207,731,0.9825268817204301
222,2015-08-01,14.938842155771905,719,0.9663978494623656
222,2015-09-01,12.930092033333333,720,1.0
222,2015-10-01,14.237747863173215,687,0.9233870967741935
222,2015-11-01,11.482030552162849,393,0.5458333333333333
222,2015-12-01,11.283442323782234,349,0.46908602150537637
222,2016-01-01,7.7994719160752695,744,1.0
222,2016-02-01,10.444154997341954,696,1.0
222,2016-03-01,11.340161709286676,743,0.9986559139784946
222,2016-04-01,11.741972707777778,720,1.0
222,2016-05-01,15.07599580371467,743,0.9986559139784946
222,2016-06-01,19.464063164444443,720,1.0
222,2016-07-01,13.173644283967391,736,0.989247311827957
222,2016-08-01,12.857158382234187,743,0.9986559139784946
222,2016-09-01,12.567379055555554,720,1.0
222,2016-10-01,7.8520801456140354,741,0.9959677419354839
222,2016-11-01,7.941520855090656,717,0.9958333333333333
222,2016-12-01,6.320534961372813,743,0.9986559139784946
222,2017-01-01,5.994060672543741,743,0.9986559139784946
222,2017-02-01,16.316931,40,0.05952380952380952
222,2017-03-01,13.615683021762376,505,0.678763440860215
222,2017-04-01,12.289950243204578,699,0.9708333333333333
222,2017-05-01,12.914565826330533,714,0.9596774193548387
222,2017-06-01,15.878444084278769,617,0.8569444444444444
222,2017-07-01,15.147102526002971,673,0.9045698924731183
222,2017-08-01,11.623815967523681,739,0.9932795698924731
222,2017-09-01,9.911267605633803,710,0.9861111111111112
222,2017-10-01,9.940700808625337,742,0.9973118279569892
222,2017-11-01,7.361308677098151,703,0.9763888888888889
222,2017-12-01,7.969086021505376,744,1.0
222,2018-01-01,8.356125356125355,702,0.9435483870967742
222,2018-02-01,10.358520900321544,622,0.9255952380952381
222,2018-03-01,11.84194977843427,677,0.9099462365591398
222,2018-04-01,12.212209302325581,688,0.9555555555555556
222,2018-05-01,13.806191117092867,743,0.9986559139784946
222,2018-06-01,18.85174825174825,715,0.9930555555555556
222,2018-07-01,15.914979757085021,741,0.9959677419354839
222,2018-08-01,13.004043126684635,742,0.9973118279569892
222,2018-09-01,10.382530120481928,664,0.9222222222222223
222,2018-10-01,8.368181818181819,220,0.2956989247311828
222,2018-11-01,7.084558823529412,544,0.7555555555555555
222,2018-12-01,7.493224932249323,738,0.9919354838709677
222,2019-01-01,6.9152086137281294,743,0.9986559139784946
222,2019-02-01,7.428787878787879,660,0.9821428571428571
222,2019-03-01,9.5,744,1.0
222,2019-04-01,10.089136490250697,718,0.9972222222222222
222,2019-05-01,12.539811066126855,741,0.9959677419354839
222,2019-06-01,13.454695222405272,607,0.8430555555555556
222,2019-07-01,14.207070707070708,396,0.532258064516129
230,2009-02-01,10.4875,2,0.002976190476190476
230,2009-03-01,21.567066515150536,744,1.0
230,2009-04-01,41.39445027698611,720,1.0
230,2009-05-01,19.248184897284947,744,1.0
230,2009-06-01,39.29301425180556,720,1.0
230,2009-07-01,40.0118008077957,744,1.0
230,2009-08-01,27.480185410887096,744,1.0
230,2009-09-01,16.00977842569638,718,0.9972222222222222
230,2009-10-01,16.739243602412788,688,0.9247311827956989
230,2009-11-01,19.758710391438544,716,0.9944444444444445
230,2009-12-01,32.62172199347108,726,0.9758064516129032
230,2010-01-01,69.33041010402174,644,0.8655913978494624
230,2010-02-01,41.032905648203595,668,0.9940476190476191
230,2010-03-01,46.31298731174089,741,0.9959677419354839
230,2010-04-01,37.95643955446928,716,0.9944444444444445
230,2010-05-01,20.601490695485637,731,0.9825268817204301
230,2010-06-01,23.303274341155987,718,0.9972222222222222
230,2010-07-01,28.610063358783787,740,0.9946236559139785
230,2010-08-01,20.99061574674324,740,0.9946236559139785
230,2010-09-01,14.83871263527855,718,0.9972222222222222
230,2010-10-01,14.489110296216218,740,0.9946236559139785
230,2010-11-01,11.773184636314324,719,0.9986111111111111
230,2010-12-01,10.965573471765499,742,0.9973118279569892
230,2011-01-01,14.204552153846155,741,0.9959677419354839
230,2011-02-01,13.793353300000001,670,0.9970238095238095
230,2011-03-01,13.01096351671159,742,0.9973118279569892
230,2011-04-01,13.587536133796942,719,0.9986111111111111
230,2011-05-01,18.34397942587601,742,0.9973118279569892
230,2011-06-01,16.416611367688024,718,0.9972222222222222
230,2011-07-01,14.65348381561238,743,0.9986559139784946
230,2011-08-01,7.769412858681023,743,0.9986559139784946
230,2011-09-01,7.132175520833333,720,1.0
230,2011-10-01,22.623251403880072,567,0.7620967741935484
230,2011-11-01,33.87832500695411,719,0.9986111111111111
230,2011-12-01,28.985136099326148,742,0.9973118279569892
230,2012-07-01,21.478144611398964,193,0.2594086021505376
230,2012-08-01,24.356221590296496,742,0.9973118279569892
230,2012-09-01,22.258298119625,720,1.0
230,2012-10-01,18.25977740740741,702,0.9435483870967742
230,2012-11-01,20.573334514409222,694,0.9638888888888889
230,2012-12-01,21.396744138268158,716,0.9623655913978495
230,2013-01-01,17.84103089871612,701,0.9422043010752689
230,2013-04-01,28.53941747126437,174,0.24166666666666667
230,2013-06-01,33.7397837398374,123,0.17083333333333334
230,2013-07-01,37.52578979338843,726,0.9758064516129032
230,2013-08-01,25.514992686827956,744,1.0
230,2013-09-01,26.062744510948903,685,0.9513888888888888
230,2013-10-01,21.6982304148784,699,0.9395161290322581
230,2013-11-01,20.319401114649683,628,0.8722222222222222
230,2013-12-01,21.86739594520548,730,0.9811827956989247
230,2014-01-01,26.468735437415884,743,0.9986559139784946
230,2014-02-01,23.479388647416414,658,0.9791666666666666
230,2014-03-01,26.26576504409673,703,0.9448924731182796
230,2014-04-01,29.525337348484847,660,0.9166666666666666
230,2014-05-01,26.649722418478262,736,0.989247311827957
230,2014-06-01,23.81651775423729,708,0.9833333333333333
230,2014-07-01,29.67275602857143,700,0.9408602150537635
230,2014-08-01,26.019344921875,640,0.8602150537634409
230,2014-09-01,25.396950514440434,554,0.7694444444444445
230,2014-10-01,26.106670018939393,528,0.7096774193548387
230,2014-12-01,16.707407734751772,705,0.9475806451612904
230,2015-01-01,17.32386422983871,744,1.0
230,2015-02-01,24.69822632142857,672,1.0
230,2015-03-01,34.04270254166667,744,1.0
230,2015-04-01,27.781302956944444,720,1.0
230,2015-05-01,31.147439790257106,739,0.9932795698924731
230,2015-06-01,25.87371378340366,711,0.9875
230,2015-07-01,20.99535933514247,737,0.9905913978494624
230,2015-08-01,25.579041733142038,697,0.9368279569892473
230,2015-09-01,24.784525200842698,712,0.9888888888888889
230,2015-10-01,27.56974923283984,743,0.9986559139784946
230,2015-11-01,24.635482945301543,713,0.9902777777777778
230,2015-12-01,22.236855444596443,731,0.9825268817204301
230,2016-01-01,23.508393328671332,715,0.9610215053763441
230,2016-02-01,46.237890265878875,677,0.9727011494252874
230,2016-03-01,35.02530991891892,740,0.9946236559139785
230,2016-04-01,22.856663347457626,708,0.9833333333333333
230,2016-05-01,20.172055471698116,742,0.9973118279569892
230,2016-06-01,22.914907461645747,717,0.9958333333333333
230,2016-07-01,20.157380175913396,739,0.9932795698924731
230,2016-08-01,21.273882867132865,715,0.9610215053763441
230,2016-09-01,21.88032286908078,718,0.9972222222222222
230,2016-10-01,17.209692611637347,739,0.9932795698924731
230,2016-11-01,17.732394786324786,702,0.975
230,2016-12-01,21.698886362179486,624,0.8387096774193549
230,2017-01-01,17.87297517580872,711,0.9556451612903226
230,2017-02-01,32.418551314553994,639,0.9508928571428571
230,2017-03-01,27.960698546195655,736,0.989247311827957
230,2017-04-01,24.76879597202797,715,0.9930555555555556
230,2017-05-01,22.11142061281337,718,0.9650537634408602
230,2017-06-01,22.679432624113474,705,0.9791666666666666
230,2017-07-01,22.872282608695652,736,0.989247311827957
230,2017-08-01,17.654891304347824,736,0.989247311827957
230,2017-09-01,21.35804195804196,715,0.9930555555555556
230,2017-10-01,22.66416791604198,667,0.896505376344086
230,2017-11-01,16.21549295774648,710,0.9861111111111112
230,2017-12-01,17.152496626180838,741,0.9959677419354839
230,2018-01-01,18.624661246612465,738,0.9919354838709677
230,2018-02-01,29.216867469879517,664,0.9880952380952381
230,2018-03-01,30.92027972027972,715,0.9610215053763441
230,2018-04-01,26.608011444921317,699,0.9708333333333333
230,2018-05-01,16.232954545454547,704,0.946236559139785
230,2018-06-01,19.83613445378151,714,0.9916666666666667
230,2018-07-01,16.468200270635993,739,0.9932795698924731
230,2018-08-01,17.16923076923077,325,0.4368279569892473
230,2018-09-01,14.364306784660767,678,0.9416666666666667
230,2018-10-01,11.04871447902571,739,0.9932795698924731
230,2018-11-01,13.835195530726256,716,0.9944444444444445
230,2018-12-01,12.309041835357625,741,0.9959677419354839
230,2019-01-01,14.001801801801802,555,0.7459677419354839
230,2019-02-01,13.884914463452565,643,0.9568452380952381
230,2019-03-01,19.07554945054945,728,0.978494623655914
230,2019-04-01,16.124818577648767,689,0.9569444444444445
230,2019-05-01,18.698762035763412,727,0.9771505376344086
230,2019-06-01,14.510091743119267,545,0.7569444444444444
230,2019-07-01,16.386066763425255,689,0.9260752688172043
230,2019-08-01,15.878542510121457,741,0.9959677419354839
230,2019-09-01,11.453237410071942,695,0.9652777777777778
230,2019-10-01,12.47001620745543,617,0.8293010752688172
230,2019-11-01,14.177586206896551,580,0.8055555555555556
230,2019-12-01,13.890835579514825,742,0.9973118279569892
230,2020-01-01,20.325613079019075,734,0.9865591397849462
230,2020-02-01,20.558518518518518,675,0.9698275862068966
230,2020-03-01,17.05427408412483,737,0.9905913978494624
230,2020-04-01,16.3631669535284,581,0.8069444444444445
230,2020-05-01,16.200814111261874,737,0.9905913978494624
230,2020-06-01,15.958217270194986,718,0.9972222222222222
230,2020-07-01,10.347767253044655,739,0.9932795698924731
230,2020-08-01,11.705405405405406,740,0.9946236559139785
230,2020-09-01,11.896358543417367,714,0.9916666666666667
230,2020-10-01,11.88949522510232,733,0.9852150537634409
230,2020-11-01,8.168067226890756,714,0.9916666666666667
230,2020-12-01,10.765193370165745,724,0.9731182795698925
230,2021-01-01,14.528275862068966,725,0.9744623655913979
230,2021-02-01,14.01063829787234,658,0.9791666666666666
230,2021-03-01,13.85989010989011,728,0.978494623655914
230,2021-04-01,17.422,500,0.6944444444444444
230,2021-05-01,15.560455192034139,703,0.9448924731182796
230,2021-06-01,12.71021021021021,666,0.925
230,2021-07-01,16.655714285714286,700,0.9408602150537635
230,2021-08-01,12.267857142857142,728,0.978494623655914
230,2021-09-01,12.309899569583932,697,0.9680555555555556
230,2021-10-01,13.72972972972973,740,0.9946236559139785
230,2021-11-01,12.227848101265822,711,0.9875
230,2021-12-01,9.387362637362637,728,0.978494623655914
230,2022-01-01,10.94938440492476,731,0.9825268817204301
230,2022-02-01,14.097305389221557,668,0.9940476190476191
230,2022-03-01,23.614864864864863,740,0.9946236559139785
230,2022-04-01,17.555244755244754,715,0.9930555555555556
230,2022-05-01,14.899728997289973,738,0.9919354838709677
230,2022-06-01,10.67621776504298,698,0.9694444444444444
230,2022-07-01,12.052197802197803,728,0.978494623655914
230,2022-08-01,9.844702467343977,689,0.9260752688172043
230,2022-09-01,9.126404494382022,712,0.9888888888888889
230,2022-10-01,6.647865853658536,656,0.8817204301075269
230,2022-11-01,11.383098591549295,710,0.9861111111111112
230,2022-12-01,12.938775510204081,735,0.9879032258064516
230,2023-01-01,22.13783783783784,740,0.9946236559139785
230,2023-02-01,23.425373134328357,670,0.9970238095238095
230,2023-03-01,16.891184573002754,726,0.9758064516129032
230,2023-04-01,13.254545454545454,715,0.9930555555555556
230,2023-05-01,12.353606789250353,707,0.9502688172043011
230,2023-06-01,9.314084507042253,710,0.9861111111111112
230,2023-07-01,8.832432432432432,740,0.9946236559139785
230,2023-08-01,8.112466124661246,738,0.9919354838709677
230,2023-09-01,11.775280898876405,712,0.9888888888888889
230,2023-10-01,15.0472334682861,741,0.9959677419354839
230,2023-11-01,12.589887640449438,712,0.9888888888888889
230,2023-12-01,8.376506024096386,332,0.44623655913978494
230,2024-01-01,15.229254571026724,711,0.9556451612903226
230,2024-02-01,13.838427947598253,687,0.9870689655172413
230,2024-03-01,15.947010869565217,736,0.989247311827957
230,2024-04-01,13.1164095371669,713,0.9902777777777778
230,2024-05-01,10.531165311653117,738,0.9919354838709677
230,2024-06-01,12.391549295774649,710,0.9861111111111112
230,2024-07-01,10.006802721088436,735,0.9879032258064516
230,2024-08-01,10.53804347826087,736,0.989247311827957
230,2024-09-01,10.600846262341326,709,0.9847222222222223
230,2024-10-01,11.560171919770774,698,0.9381720430107527
230,2024-11-01,74.08571428571429,630,0.875
230,2024-12-01,15.596345514950166,602,0.8091397849462365
230,2025-01-01,12.15155807365439,706,0.9489247311827957
230,2025-02-01,20.08545727136432,667,0.9925595238095238
230,2025-03-01,25.228378378378377,740,0.9946236559139785
230,2025-04-01,21.16353111432706,691,0.9597222222222223
230,2025-05-01,14.361185983827493,742,0.9973118279569892
230,2025-06-01,14.630681818181818,704,0.9777777777777777
230,2025-07-01,12.747297297297298,740,0.9946236559139785
230,2025-08-01,12.696048632218845,658,0.8844086021505376
230,2025-09-01,13.984397163120567,705,0.9791666666666666
230,2025-10-01,15.217032967032967,728,0.978494623655914
230,2025-11-01,11.601115760111576,717,0.9958333333333333
230,2025-12-01,9.672554347826088,736,0.989247311827957
230,2026-01-01,18.13243243243243,740,0.9946236559139785
230,2026-02-01,19.07451564828614,671,0.9985119047619048
230,2026-03-01,33.00554016620499,722,0.9704301075268817
230,2026-04-01,27.52513966480447,716,0.9944444444444445
230,2026-05-01,13.570850202429149,741,0.9959677419354839
230,2026-06-01,12.221732745961821,681,0.9458333333333333
230,2026-07-01,7.925876010781671,742,0.9973118279569892
230,2026-08-01,9.159609120521173,614,0.8252688172043011
230,2026-09-01,7.863192182410423,307,0.4263888888888889
231,2011-10-01,18.745,2,0.002688172043010753
231,2011-11-01,21.479148057103064,718,0.9972222222222222
231,2011-12-01,22.987335584345477,741,0.9959677419354839
231,2012-01-01,23.047173677897575,742,0.9973118279569892
231,2012-02-01,19.198331274820145,695,0.9985632183908046
231,2012-03-01,26.360127429347827,736,0.989247311827957
231,2012-04-01,24.733562582753827,719,0.9986111111111111
231,2012-05-01,44.40116255241935,744,1.0
231,2012-06-01,31.624775253481893,718,0.9972222222222222
231,2012-07-01,24.767973838709676,744,1.0
231,2012-08-01,22.438139601078166,742,0.9973118279569892
231,2012-09-01,21.049194144444446,720,1.0
231,2012-10-01,18.512628341857337,743,0.9986559139784946
231,2012-11-01,15.594464822840411,683,0.9486111111111111
231,2012-12-01,12.221786580645162,682,0.9166666666666666
231,2013-01-01,7.549410289719627,535,0.7190860215053764
231,2013-04-01,24.73255670819672,610,0.8472222222222222
231,2013-05-01,26.65908558660844,687,0.9233870967741935
231,2013-06-01,35.42614065972222,720,1.0
231,2013-07-01,38.760169451994095,677,0.9099462365591398
231,2013-08-01,28.07342589857143,700,0.9408602150537635
231,2013-09-01,28.287613222807018,570,0.7916666666666666
231,2013-10-01,23.191928288352273,704,0.946236559139785
231,2013-11-01,15.06932203485064,703,0.9763888888888889
231,2013-12-01,11.204195627983193,595,0.7997311827956989
231,2014-01-01,12.605236562340053,744,1.0
231,2014-02-01,15.268715764240508,632,0.9404761904761905
231,2014-03-01,15.134392083557952,742,0.9973118279569892
231,2014-04-01,18.75999687899861,719,0.9986111111111111
231,2014-05-01,18.613405418010753,744,1.0
231,2014-06-01,18.474940821727017,718,0.9972222222222222
231,2014-07-01,22.902972258064516,744,1.0
231,2014-08-01,19.27991625474255,738,0.9919354838709677
231,2014-09-01,17.509145161111114,720,1.0
231,2014-10-01,14.854934987301588,630,0.8467741935483871
231,2014-11-01,5.303382719999999,250,0.3472222222222222
231,2014-12-01,5.551098948855989,743,0.9986559139784946
231,2015-01-01,5.019323663366337,707,0.9502688172043011
231,2015-02-01,5.752635298062593,671,0.9985119047619048
231,2015-03-01,6.724937649386085,733,0.9852150537634409
231,2015-04-01,7.256745963838664,719,0.9986111111111111
231,2015-05-01,9.10572768918919,740,0.9946236559139785
231,2015-06-01,20.034776486111113,720,1.0
231,2015-07-01,17.704163575268815,744,1.0
231,2015-08-01,17.01739757493188,734,0.9865591397849462
231,2015-11-01,15.42609395042735,585,0.8125
231,2015-12-01,10.196101098360655,732,0.9838709677419355
231,2016-01-01,9.5366327630854,726,0.9758064516129032
231,2016-02-01,15.825238124054463,661,0.9497126436781609
231,2016-03-01,18.052176770083104,722,0.9704301075268817
231,2016-04-01,14.78822711894273,681,0.9458333333333333
231,2016-05-01,16.69912443383356,733,0.9852150537634409
231,2016-06-01,18.42528493108298,711,0.9875
231,2016-07-01,9.969232647058824,34,0.0456989247311828
231,2016-08-01,16.05246623088023,693,0.9314516129032258
231,2016-09-01,16.814709198496242,665,0.9236111111111112
231,2016-10-01,12.313239623966941,726,0.9758064516129032
231,2016-11-01,11.695867266197181,710,0.9861111111111112
231,2016-12-01,12.243571070652175,736,0.989247311827957
231,2017-01-01,11.569663285519125,732,0.9838709677419355
231,2017-02-01,27.91965679640719,668,0.9940476190476191
231,2017-03-01,21.599163372469636,741,0.9959677419354839
231,2017-04-01,26.062967280334725,717,0.9958333333333333
231,2017-05-01,16.700819672131146,732,0.9838709677419355
231,2017-06-01,21.90819209039548,708,0.9833333333333333
231,2017-07-01,26.508064516129032,744,1.0
231,2017-08-01,45.04092769440655,733,0.9852150537634409
231,2017-09-01,15.016759776536313,716,0.9944444444444445
231,2017-10-01,12.713892709766162,727,0.9771505376344086
231,2017-11-01,15.527220630372494,698,0.9694444444444444
231,2017-12-01,12.53804347826087,736,0.989247311827957
231,2018-01-01,11.538709677419355,620,0.8333333333333334
231,2018-02-01,14.535893155258764,599,0.8913690476190477
231,2018-03-01,14.575,600,0.8064516129032258
231,2018-04-01,17.537842190016104,621,0.8625
231,2018-05-01,17.47087378640777,206,0.2768817204301075
231,2018-06-01,20.325,720,1.0
231,2018-07-01,18.093206951026858,633,0.8508064516129032
231,2018-08-01,13.66326530612245,588,0.7903225806451613
231,2018-09-01,13.66991643454039,718,0.9972222222222222
231,2018-10-01,12.804318488529015,741,0.9959677419354839
231,2018-11-01,13.375722543352602,692,0.9611111111111111
231,2018-12-01,13.830832196452933,733,0.9852150537634409
231,2019-01-01,11.736394557823129,588,0.7903225806451613
231,2019-02-01,12.133196721311476,488,0.7261904761904762
231,2019-03-01,15.417004048582996,741,0.9959677419354839
231,2019-04-01,14.285118219749652,719,0.9986111111111111
231,2019-05-01,15.851851851851851,135,0.1814516129032258
231,2019-07-01,12.733727810650887,169,0.2271505376344086
231,2019-08-01,13.92551724137931,725,0.9744623655913979
231,2019-09-01,12.302197802197803,364,0.5055555555555555
231,2019-10-01,12.224025974025974,616,0.8279569892473119
231,2019-11-01,12.708683473389355,714,0.9916666666666667
231,2019-12-01,9.852503382949932,739,0.9932795698924731
231,2020-01-01,8.889487870619947,742,0.9973118279569892
231,2020-02-01,7.623529411764705,680,0.9770114942528736
231,2020-03-01,7.866935483870968,744,1.0
231,2020-04-01,7.151599443671766,719,0.9986111111111111
231,2020-05-01,14.688949522510232,733,0.9852150537634409
231,2020-06-01,15.701704545454545,704,0.9777777777777777
231,2020-07-01,12.458333333333334,744,1.0
231,2020-08-01,12.588156123822342,743,0.9986559139784946
231,2020-09-01,12.15782122905028,716,0.9944444444444445
231,2020-10-01,11.317204301075268,744,1.0
231,2020-11-01,8.313725490196079,714,0.9916666666666667
231,2020-12-01,9.162822252374491,737,0.9905913978494624
231,2021-01-01,11.155826558265582,738,0.9919354838709677
231,2021-02-01,8.931034482758621,609,0.90625
231,2021-03-01,8.21311475409836,732,0.9838709677419355
231,2021-04-01,7.589565217391304,575,0.7986111111111112
231,2021-05-01,8.861454046639231,729,0.9798387096774194
231,2021-06-01,8.712034383954155,698,0.9694444444444444
231,2021-07-01,9.77562326869806,722,0.9704301075268817
231,2021-08-01,8.040760869565217,736,0.989247311827957
231,2021-09-01,7.668055555555555,720,1.0
231,2021-10-01,7.880376344086022,744,1.0
231,2021-11-01,6.526388888888889,720,1.0
231,2021-12-01,5.5060565275908475,743,0.9986559139784946
231,2022-01-01,6.501344086021505,744,1.0
231,2022-02-01,7.146268656716418,670,0.9970238095238095
231,2022-03-01,9.421832884097036,742,0.9973118279569892
231,2022-04-01,8.193324061196106,719,0.9986111111111111
231,2022-05-01,8.508819538670284,737,0.9905913978494624
231,2022-06-01,7.844444444444444,720,1.0
231,2022-07-01,7.903225806451613,744,1.0
231,2022-08-01,6.720867208672087,738,0.9919354838709677
231,2022-09-01,5.584144645340751,719,0.9986111111111111
231,2022-10-01,4.071236559139785,744,1.0
231,2022-11-01,3.4347222222222222,720,1.0
231,2022-12-01,1.3505654281098547,619,0.831989247311828
231,2023-01-01,0.7536842105263157,475,0.6384408602150538
231,2023-02-01,0.404,500,0.7440476190476191
231,2023-03-01,0.4918032786885246,61,0.08198924731182795
231,2023-04-01,1.0,1,0.001388888888888889
231,2023-06-01,10.33529411764706,680,0.9444444444444444
231,2023-07-01,10.170698924731182,744,1.0
231,2023-08-01,9.12689393939394,528,0.7096774193548387
231,2023-09-01,8.749206349206348,630,0.875
231,2023-10-01,8.96774193548387,744,1.0
231,2023-11-01,6.837762237762238,715,0.9930555555555556
231,2023-12-01,7.551075268817204,744,1.0
231,2024-01-01,7.501369863013698,730,0.9811827956989247
231,2024-02-01,5.555232558139535,688,0.9885057471264368
231,2024-03-01,5.2045760430686405,743,0.9986559139784946
231,2024-04-01,4.112554112554113,693,0.9625
231,2024-05-01,3.0512129380053907,742,0.9973118279569892
231,2024-06-01,2.0780669144981414,538,0.7472222222222222
231,2024-07-01,2.0086206896551726,464,0.6236559139784946
231,2024-08-01,1.4724689165186502,563,0.7567204301075269
231,2024-09-01,5.43768115942029,690,0.9583333333333334
231,2024-10-01,9.703504043126685,742,0.9973118279569892
231,2024-11-01,10.352777777777778,720,1.0
231,2024-12-01,11.34005376344086,744,1.0
231,2025-01-01,10.285714285714286,742,0.9973118279569892
231,2025-02-01,11.303839732888147,599,0.8913690476190477
231,2025-03-01,13.197846567967698,743,0.9986559139784946
231,2025-04-01,14.731944444444444,720,1.0
231,2025-05-01,12.921832884097036,742,0.9973118279569892
231,2025-06-01,7.544692737430168,716,0.9944444444444445
231,2025-07-01,7.639784946236559,744,1.0
231,2025-08-01,14.609986504723347,741,0.9959677419354839
231,2025-09-01,15.073611111111111,720,1.0
231,2025-10-01,12.788978494623656,744,1.0
231,2025-11-01,12.29346314325452,719,0.9986111111111111
231,2025-12-01,10.922043010752688,744,1.0
231,2026-01-01,14.983827493261456,742,0.9973118279569892
231,2026-02-01,14.53125,672,1.0
231,2026-03-01,8.879032258064516,744,1.0
231,2026-04-01,9.054166666666667,720,1.0
231,2026-05-01,11.318548387096774,744,1.0
231,2026-06-01,12.230555555555556,720,1.0
231,2026-07-01,8.625,744,1.0
231,2026-08-01,6.6654478976234,547,0.7352150537634409
231,2026-09-01,2.770967741935484,310,0.4305555555555556
233,2012-10-01,8.4736894522293,314,0.4220430107526882
233,2012-11-01,8.045346964387464,702,0.975
233,2012-12-01,7.844432109510087,694,0.9327956989247311
233,2013-01-01,7.350908386962552,721,0.9690860215053764
233,2013-02-01,8.893741287202381,672,1.0
233,2013-03-01,7.045783901325478,679,0.9126344086021505
233,2013-04-01,9.099815402234636,716,0.9944444444444445
233,2013-05-01,8.347749781073446,708,0.9516129032258065
233,2013-06-01,7.55210123746518,718,0.9972222222222222
233,2013-07-01,7.918575426027397,730,0.9811827956989247
233,2013-08-01,10.287160114942528,696,0.9354838709677419
233,2013-09-01,6.462780186908079,718,0.9972222222222222
233,2013-10-01,6.034487651212938,742,0.9973118279569892
233,2013-11-01,7.623457129682998,694,0.9638888888888889
233,2013-12-01,7.445483279569892,744,1.0
233,2014-01-01,7.673581368157182,738,0.9919354838709677
233,2014-02-01,7.67339394768311,669,0.9955357142857143
233,2014-03-01,8.59838928081081,740,0.9946236559139785
233,2014-04-01,9.021947550416666,720,1.0
233,2014-05-01,7.844555596788991,654,0.8790322580645161
233,2014-06-01,8.321282793611111,720,1.0
233,2014-07-01,8.288393822971114,727,0.9771505376344086
233,2014-08-01,7.598649029689609,741,0.9959677419354839
233,2014-09-01,5.550623679166667,720,1.0
233,2014-10-01,7.390346659400545,734,0.9865591397849462
233,2014-11-01,6.900552321151078,695,0.9652777777777778
233,2014-12-01,17.026070920659972,697,0.9368279569892473
233,2015-01-01,22.125364470108696,736,0.989247311827957
233,2015-02-01,14.994995056580938,661,0.9836309523809523
233,2015-03-01,20.218253825704224,568,0.7634408602150538
233,2015-04-01,10.802275175830944,698,0.9694444444444444
233,2015-05-01,8.78810800595568,722,0.9704301075268817
233,2015-06-01,7.569365563150493,711,0.9875
233,2015-07-01,7.520295605427408,737,0.9905913978494624
233,2015-08-01,3.753364165253078,731,0.9825268817204301
233,2015-09-01,5.557117115308989,712,0.9888888888888889
233,2015-10-01,3.2639624387978143,732,0.9838709677419355
233,2015-11-01,5.160769992073343,709,0.9847222222222223
233,2015-12-01,6.527755784274194,744,1.0
233,2016-01-01,6.067998738179348,736,0.989247311827957
233,2016-02-01,8.129219034883722,688,0.9885057471264368
233,2016-03-01,6.7248101878378375,740,0.9946236559139785
233,2016-04-01,6.77412480630252,714,0.9916666666666667
233,2016-05-01,8.272820145938375,714,0.9596774193548387
233,2016-06-01,8.64727881361702,705,0.9791666666666666
233,2016-07-01,7.628087565176305,709,0.9529569892473119
233,2016-08-01,6.236458944459644,731,0.9825268817204301
233,2016-09-01,6.441854036527777,720,1.0
233,2016-10-01,4.867000527012278,733,0.9852150537634409
233,2016-11-01,5.498539240145977,696,0.9666666666666667
233,2016-12-01,6.465596098495212,731,0.9825268817204301
233,2017-01-01,6.03664347042641,727,0.9771505376344086
233,2017-02-01,5.906202174887893,669,0.9955357142857143
233,2017-03-01,6.783179145683356,739,0.9932795698924731
233,2017-04-01,5.958071080952381,714,0.9916666666666667
233,2017-05-01,6.290277777777778,720,0.967741935483871
233,2017-06-01,6.34045584045584,702,0.975
233,2017-07-01,6.895747599451303,729,0.9798387096774194
233,2017-08-01,6.1702702702702705,740,0.9946236559139785
233,2017-09-01,6.005665722379604,706,0.9805555555555555
233,2017-10-01,5.855405405405405,740,0.9946236559139785
233,2017-11-01,5.89067055393586,686,0.9527777777777777
233,2017-12-01,4.765895953757226,692,0.9301075268817204
233,2018-01-01,14.768181818181818,660,0.8870967741935484
233,2018-02-01,15.281553398058252,618,0.9196428571428571
233,2018-03-01,12.785871964679911,453,0.6088709677419355
233,2018-04-01,12.665242165242166,702,0.975
233,2018-05-01,9.023480662983426,724,0.9731182795698925
233,2018-06-01,9.496969696969696,660,0.9166666666666666
233,2018-07-01,10.279494382022472,712,0.956989247311828
233,2018-08-01,9.32122905027933,716,0.9623655913978495
233,2018-09-01,6.693907875185736,673,0.9347222222222222
233,2018-10-01,4.910112359550562,712,0.956989247311828
233,2018-11-01,7.15695067264574,669,0.9291666666666667
233,2018-12-01,8.059639389736477,721,0.9690860215053764
233,2019-01-01,7.0861833105335155,731,0.9825268817204301
233,2019-02-01,3.6731391585760518,618,0.9196428571428571
233,2019-03-01,5.19690576652602,711,0.9556451612903226
233,2019-04-01,6.881019830028329,706,0.9805555555555555
233,2019-05-01,5.802114803625377,662,0.8897849462365591
233,2019-06-01,9.756062767475036,701,0.9736111111111111
233,2019-07-01,8.244475138121548,724,0.9731182795698925
233,2019-08-01,7.529331514324693,733,0.9852150537634409
233,2019-09-01,7.626628075253256,691,0.9597222222222223
233,2019-10-01,6.813559322033898,708,0.9516129032258065
233,2019-11-01,7.549356223175966,699,0.9708333333333333
233,2019-12-01,7.842178770949721,716,0.9623655913978495
233,2020-01-01,7.3426573426573425,715,0.9610215053763441
233,2020-02-01,10.590909090909092,638,0.9166666666666666
233,2020-03-01,13.22638888888889,720,0.967741935483871
233,2020-04-01,7.969444444444444,720,1.0
233,2020-05-01,5.666201117318436,716,0.9623655913978495
233,2020-06-01,6.19471488178025,719,0.9986111111111111
233,2020-07-01,6.381720430107527,744,1.0
233,2020-08-01,6.377384196185286,734,0.9865591397849462
233,2020-09-01,6.067431850789096,697,0.9680555555555556
233,2020-10-01,5.5278154681139755,737,0.9905913978494624
233,2020-11-01,5.369747899159663,714,0.9916666666666667
233,2020-12-01,7.4868421052631575,684,0.9193548387096774
233,2021-01-01,5.502801120448179,714,0.9596774193548387
233,2021-02-01,7.2749244712990935,662,0.9851190476190477
233,2021-03-01,8.264099037138926,727,0.9771505376344086
233,2021-04-01,8.025899280575539,695,0.9652777777777778
233,2021-05-01,7.606756756756757,740,0.9946236559139785
233,2021-06-01,8.152204836415363,703,0.9763888888888889
233,2021-07-01,7.300740740740741,675,0.907258064516129
233,2021-08-01,5.590785907859079,738,0.9919354838709677
233,2021-09-01,7.207142857142857,700,0.9722222222222222
233,2021-10-01,6.46056338028169,710,0.9543010752688172
233,2021-11-01,6.143669985775249,703,0.9763888888888889
233,2021-12-01,6.340720221606648,722,0.9704301075268817
233,2022-01-01,6.1017191977077365,698,0.9381720430107527
233,2022-02-01,6.747352496217852,661,0.9836309523809523
233,2022-03-01,6.833564493758669,721,0.9690860215053764
233,2022-04-01,7.719653179190751,692,0.9611111111111111
233,2022-05-01,7.373426573426573,715,0.9610215053763441
233,2022-06-01,6.149059334298118,691,0.9597222222222223
233,2022-07-01,6.51948051948052,693,0.9314516129032258
233,2022-08-01,7.491666666666666,720,0.967741935483871
233,2022-09-01,5.406113537117904,687,0.9541666666666667
233,2022-10-01,4.794579172610557,701,0.9422043010752689
233,2022-11-01,6.331831831831832,666,0.925
233,2022-12-01,7.314285714285714,735,0.9879032258064516
233,2023-01-01,7.746206896551724,725,0.9744623655913979
233,2023-02-01,6.623853211009174,654,0.9732142857142857
233,2023-03-01,6.0739191073919105,717,0.9637096774193549
233,2023-04-01,6.597922848664688,674,0.9361111111111111
233,2023-05-01,8.597122302158274,695,0.9341397849462365
233,2023-06-01,10.052478134110787,686,0.9527777777777777
233,2023-07-01,8.536585365853659,738,0.9919354838709677
233,2023-08-01,6.709722222222222,720,0.967741935483871
233,2023-09-01,5.635077793493635,707,0.9819444444444444
233,2023-10-01,6.021739130434782,736,0.989247311827957
233,2023-11-01,5.329941860465116,688,0.9555555555555556
233,2023-12-01,6.719833564493759,721,0.9690860215053764
233,2024-01-01,6.760601915184679,731,0.9825268817204301
233,2024-02-01,6.328445747800586,682,0.9798850574712644
233,2024-03-01,7.144475920679887,706,0.9489247311827957
233,2024-04-01,6.722713864306785,678,0.9416666666666667
233,2024-05-01,5.751724137931035,725,0.9744623655913979
233,2024-06-01,7.001447178002894,691,0.9597222222222223
233,2024-07-01,7.107242339832869,718,0.9650537634408602
233,2024-08-01,6.808219178082192,657,0.8830645161290323
233,2024-09-01,6.689606741573034,712,0.9888888888888889
233,2024-10-01,5.774762550881954,737,0.9905913978494624
233,2024-11-01,8.119424460431654,695,0.9652777777777778
233,2024-12-01,8.025862068965518,696,0.9354838709677419
233,2025-01-01,7.551299589603283,731,0.9825268817204301
233,2025-02-01,10.693379790940767,574,0.8541666666666666
233,2025-03-01,6.5417256011315414,707,0.9502688172043011
233,2025-04-01,5.918495297805642,638,0.8861111111111111
233,2025-05-01,6.669876203576341,727,0.9771505376344086
233,2025-06-01,6.152639087018545,701,0.9736111111111111
233,2025-07-01,6.973793103448276,725,0.9744623655913979
233,2025-08-01,6.180535966149506,709,0.9529569892473119
233,2025-09-01,5.1923076923076925,702,0.975
233,2025-10-01,4.809192200557103,718,0.9650537634408602
233,2025-11-01,4.813682678311499,687,0.9541666666666667
233,2025-12-01,4.747252747252747,728,0.978494623655914
233,2026-01-01,8.073637702503682,679,0.9126344086021505
233,2026-02-01,9.626326963906582,471,0.7008928571428571
233,2026-03-01,4.67972972972973,740,0.9946236559139785
233,2026-04-01,5.069277108433735,664,0.9222222222222223
233,2026-05-01,5.125171939477304,727,0.9771505376344086
233,2026-06-01,4.992826398852224,697,0.9680555555555556
233,2026-07-01,4.701634877384196,734,0.9865591397849462
233,2026-08-01,4.841654778887304,701,0.9422043010752689
233,2026-09-01,4.578073089700997,301,0.41805555555555557
235,2012-12-01,51.1813,1,0.0013440860215053765
235,2013-01-01,16.26964998502994,668,0.8978494623655914
235,2013-02-01,10.608277941176471,646,0.9613095238095238
235,2013-03-01,9.659518569444444,720,0.967741935483871
235,2013-04-01,10.387527151335311,674,0.9361111111111111
235,2013-05-01,9.686465874635568,686,0.9220430107526881
235,2013-06-01,9.760676483679525,674,0.9361111111111111
235,2013-07-01,13.396059013513513,740,0.9946236559139785
235,2013-08-01,13.958647506329115,711,0.9556451612903226
235,2013-09-01,9.612990841514726,713,0.9902777777777778
235,2013-10-01,9.121000715287517,713,0.9583333333333334
235,2013-11-01,12.492968123209168,698,0.9694444444444444
235,2013-12-01,15.683579159891599,738,0.9919354838709677
235,2014-01-01,10.219339571823204,724,0.9731182795698925
235,2014-02-01,10.994099722222222,612,0.9107142857142857
235,2014-03-01,11.537551131782946,645,0.8669354838709677
235,2014-04-01,13.550138571428572,665,0.9236111111111112
235,2014-05-01,11.817664299516908,621,0.8346774193548387
235,2014-06-01,12.082724311797753,712,0.9888888888888889
235,2014-07-01,11.852921203438395,698,0.9381720430107527
235,2014-08-01,17.099404895104897,715,0.9610215053763441
235,2014-09-01,9.55460311550152,658,0.9138888888888889
235,2014-10-01,12.003798913294798,692,0.9301075268817204
235,2014-11-01,11.194316540212444,659,0.9152777777777777
235,2014-12-01,10.080990096685083,724,0.9731182795698925
235,2015-01-01,9.779971393775373,739,0.9932795698924731
235,2015-02-01,17.067003231292517,588,0.875
235,2015-03-01,13.301662845528455,615,0.8266129032258065
235,2015-04-01,13.672304726989081,641,0.8902777777777777
235,2015-05-01,10.982174702331903,699,0.9395161290322581
235,2015-06-01,8.707011531334873,714,0.9916666666666667
235,2015-07-01,9.725557253342618,718,0.9650537634408602
235,2015-08-01,10.012531032436975,595,0.7997311827956989
235,2015-09-01,10.640534468536952,663,0.9208333333333333
235,2015-10-01,11.655167503647416,658,0.8844086021505376
235,2015-11-01,11.229594237580994,463,0.6430555555555556
235,2015-12-01,10.389845777456648,692,0.9301075268817204
235,2016-01-01,12.142782326330533,714,0.9596774193548387
235,2016-02-01,9.50186990751445,692,0.9942528735632183
235,2016-03-01,9.992781349649368,713,0.9583333333333334
235,2016-04-01,9.792419715372906,657,0.9125
235,2016-05-01,9.329883483310153,719,0.9663978494623656
235,2016-06-01,7.860066185363128,716,0.9944444444444445
235,2016-07-01,7.7902500661745595,625,0.8400537634408602
235,2016-08-01,11.2053198016,625,0.8400537634408602
235,2016-09-01,11.22865893626707,659,0.9152777777777777
235,2016-10-01,12.22407111627907,645,0.8669354838709677
235,2016-11-01,11.84266037356322,696,0.9666666666666667
235,2016-12-01,11.345962608757063,708,0.9516129032258065
235,2017-01-01,8.895787075935084,647,0.8696236559139785
235,2017-02-01,5.850824136854938,648,0.9642857142857143
235,2017-03-01,7.630517435113808,659,0.885752688172043
235,2017-04-01,6.536317322434566,703,0.9763888888888889
235,2017-05-01,13.733618233618234,702,0.9435483870967742
235,2017-06-01,8.384502923976608,684,0.95
235,2017-07-01,7.588633288227334,739,0.9932795698924731
235,2017-08-01,8.191576086956522,736,0.989247311827957
235,2017-09-01,7.917261055634808,701,0.9736111111111111
235,2017-10-01,7.252112676056338,710,0.9543010752688172
235,2017-11-01,10.687853107344633,708,0.9833333333333333
235,2017-12-01,13.354466858789625,694,0.9327956989247311
235,2018-01-01,9.566712517193947,727,0.9771505376344086
235,2018-02-01,6.546546546546547,666,0.9910714285714286
235,2018-03-01,15.384722222222223,720,0.967741935483871
235,2018-04-01,17.629888268156424,716,0.9944444444444445
235,2018-05-01,14.64804469273743,716,0.9623655913978495
235,2018-06-01,16.50358680057389,697,0.9680555555555556
235,2018-07-01,10.444608567208272,677,0.9099462365591398
235,2018-08-01,9.345945945945946,740,0.9946236559139785
235,2018-09-01,14.510416666666666,672,0.9333333333333333
235,2018-10-01,12.87945205479452,730,0.9811827956989247
235,2018-11-01,8.244444444444444,675,0.9375
235,2018-12-01,9.390646492434662,727,0.9771505376344086
235,2019-01-01,8.888583218707016,727,0.9771505376344086
235,2019-02-01,6.056497175141243,531,0.7901785714285714
235,2019-03-01,7.554441260744985,698,0.9381720430107527
235,2019-04-01,17.86676646706587,668,0.9277777777777778
235,2019-05-01,5.608888888888889,675,0.907258064516129
235,2019-06-01,6.940425531914894,705,0.9791666666666666
235,2019-07-01,5.852702702702703,740,0.9946236559139785
235,2019-08-01,6.520949720670391,716,0.9623655913978495
235,2019-09-01,8.557496360989811,687,0.9541666666666667
235,2019-10-01,7.683127572016461,243,0.32661290322580644
235,2019-11-01,8.29559748427673,477,0.6625
235,2019-12-01,9.443131462333826,677,0.9099462365591398
235,2020-01-01,7.638176638176638,702,0.9435483870967742
235,2020-02-01,7.486291486291487,693,0.9956896551724138
235,2020-03-01,8.01952580195258,717,0.9637096774193549
235,2020-04-01,7.575976845151954,691,0.9597222222222223
235,2020-05-01,7.787634408602151,744,1.0
235,2020-06-01,8.251107828655835,677,0.9402777777777778
235,2020-07-01,7.121813031161473,706,0.9489247311827957
235,2020-08-01,9.89041095890411,657,0.8830645161290323
235,2020-09-01,7.731468531468532,715,0.9930555555555556
235,2020-10-01,7.276162790697675,688,0.9247311827956989
235,2020-11-01,7.933333333333334,720,1.0
235,2020-12-01,14.563920454545455,704,0.946236559139785
235,2021-01-01,16.00537634408602,744,1.0
235,2021-02-01,16.574132492113566,634,0.9434523809523809
235,2021-03-01,10.290097629009763,717,0.9637096774193549
235,2021-04-01,6.330935251798561,695,0.9652777777777778
235,2021-05-01,4.0777934936350775,707,0.9502688172043011
235,2021-06-01,4.782293178519594,689,0.9569444444444445
235,2021-07-01,7.593294460641399,686,0.9220430107526881
235,2021-08-01,16.275204359673026,734,0.9865591397849462
235,2021-09-01,14.0758226037196,699,0.9708333333333333
235,2021-10-01,14.745625841184388,743,0.9986559139784946
235,2021-11-01,8.685840707964601,678,0.9416666666666667
235,2021-12-01,10.909825033647376,743,0.9986559139784946
235,2022-01-01,12.173426573426573,715,0.9610215053763441
235,2022-02-01,9.9195751138088,659,0.9806547619047619
235,2022-03-01,12.093057607090103,677,0.9099462365591398
235,2022-04-01,8.44862518089725,691,0.9597222222222223
235,2022-05-01,8.830028328611897,706,0.9489247311827957
235,2022-06-01,9.527692307692307,650,0.9027777777777778
235,2022-07-01,10.079510703363914,654,0.8790322580645161
235,2022-08-01,8.566619915848527,713,0.9583333333333334
235,2022-09-01,6.111876075731497,581,0.8069444444444445
235,2022-10-01,7.275075987841945,658,0.8844086021505376
235,2022-11-01,8.386227544910179,668,0.9277777777777778
235,2022-12-01,12.037292817679559,724,0.9731182795698925
235,2023-01-01,9.286356821589205,667,0.896505376344086
235,2023-02-01,9.316993464052288,612,0.9107142857142857
235,2023-03-01,9.360724233983287,718,0.9650537634408602
235,2023-04-01,9.952924393723253,701,0.9736111111111111
235,2023-05-01,9.445255474452555,685,0.9206989247311828
235,2023-06-01,11.240056818181818,704,0.9777777777777777
235,2023-07-01,11.056716417910447,670,0.9005376344086021
235,2023-08-01,11.321325648414986,694,0.9327956989247311
235,2023-09-01,8.337662337662337,693,0.9625
235,2023-10-01,7.146443514644352,717,0.9637096774193549
235,2023-11-01,7.171806167400881,681,0.9458333333333333
235,2023-12-01,8.34587554269175,691,0.928763440860215
235,2024-01-01,8.008670520231213,692,0.9301075268817204
235,2024-02-01,8.520408163265307,686,0.985632183908046
235,2024-03-01,7.5793413173652695,668,0.8978494623655914
235,2024-04-01,8.013043478260869,690,0.9583333333333334
235,2024-05-01,6.87378640776699,721,0.9690860215053764
235,2024-06-01,8.837209302325581,688,0.9555555555555556
235,2024-07-01,8.512372634643377,687,0.9233870967741935
235,2024-08-01,8.838753387533876,738,0.9919354838709677
235,2024-09-01,8.385915492957746,710,0.9861111111111112
235,2024-10-01,7.476121562952243,691,0.928763440860215
235,2024-11-01,9.213953488372093,645,0.8958333333333334
235,2024-12-01,9.932676518883415,609,0.8185483870967742
235,2025-01-01,16.653061224489797,637,0.8561827956989247
235,2025-02-01,12.902229845626072,583,0.8675595238095238
235,2025-03-01,7.208163265306123,735,0.9879032258064516
235,2025-04-01,7.117066290550071,709,0.9847222222222223
235,2025-05-01,9.143063583815028,692,0.9301075268817204
235,2025-06-01,8.301152737752162,694,0.9638888888888889
235,2025-07-01,8.262135922330097,721,0.9690860215053764
235,2025-08-01,7.851239669421488,726,0.9758064516129032
235,2025-09-01,10.9616,625,0.8680555555555556
235,2025-10-01,7.845403899721449,718,0.9650537634408602
235,2025-11-01,7.591381872213967,673,0.9347222222222222
235,2025-12-01,6.768802228412256,718,0.9650537634408602
235,2026-01-01,8.006906077348066,724,0.9731182795698925
235,2026-02-01,7.22265625,512,0.7619047619047619
235,2026-03-01,5.144790257104195,739,0.9932795698924731
235,2026-04-01,5.443959243085881,687,0.9541666666666667
235,2026-05-01,6.042291950886766,733,0.9852150537634409
235,2026-06-01,5.706222865412446,691,0.9597222222222223
235,2026-07-01,5.917695473251029,729,0.9798387096774194
235,2026-08-01,5.418711656441718,652,0.8763440860215054
235,2026-09-01,5.6743421052631575,304,0.4222222222222222
236,2012-10-01,14.279062297734626,309,0.4153225806451613
236,2012-11-01,11.037483348258705,603,0.8375
236,2013-01-01,10.457463295081967,610,0.8198924731182796
236,2013-02-01,10.661426042105264,475,0.7068452380952381
236,2013-03-01,10.580484612244899,245,0.3293010752688172
236,2013-04-01,12.626755236051501,699,0.9708333333333333
236,2013-05-01,11.509450744248985,739,0.9932795698924731
236,2013-06-01,10.856930112517581,711,0.9875
236,2013-07-01,11.507917512038523,623,0.8373655913978495
236,2013-08-01,12.628425185185185,702,0.9435483870967742
236,2013-09-01,8.635490267983075,709,0.9847222222222223
236,2013-10-01,7.623364375,736,0.989247311827957
236,2013-11-01,11.860149459459459,703,0.9763888888888889
236,2013-12-01,11.686529078590787,738,0.9919354838709677
236,2014-01-01,11.427518552097428,739,0.9932795698924731
236,2014-02-01,10.281877631975867,663,0.9866071428571429
236,2014-03-01,12.413318712477396,553,0.7432795698924731
236,2014-04-01,11.691243387358185,617,0.8569444444444444
236,2014-05-01,8.270608563182527,641,0.8615591397849462
236,2014-06-01,8.677393730205278,682,0.9472222222222222
236,2014-07-01,9.298215559065934,728,0.978494623655914
236,2014-08-01,11.803467149059335,691,0.928763440860215
236,2014-09-01,7.7235690111111115,720,1.0
236,2014-10-01,8.612632114325068,726,0.9758064516129032
236,2014-11-01,8.169631850558659,716,0.9944444444444445
236,2014-12-01,7.632159389196676,722,0.9704301075268817
236,2015-01-01,8.2957658852459,732,0.9838709677419355
236,2015-02-01,9.259381781437126,668,0.9940476190476191
236,2015-03-01,9.856001494252874,696,0.9354838709677419
236,2015-04-01,8.749989393323657,689,0.9569444444444445
236,2015-05-01,8.250141804377565,731,0.9825268817204301
236,2015-06-01,10.140756184397164,705,0.9791666666666666
236,2015-07-01,9.665940094086022,744,1.0
236,2015-08-01,9.035943220108695,736,0.989247311827957
236,2015-09-01,8.50940260808926,717,0.9958333333333333
236,2015-10-01,8.616765598650927,593,0.7970430107526881
236,2015-11-01,10.369630197183097,710,0.9861111111111112
236,2015-12-01,10.97766625,736,0.989247311827957
236,2016-01-01,9.004253531855955,722,0.9704301075268817
236,2016-02-01,9.859293887283236,692,0.9942528735632183
236,2016-03-01,9.876958258503402,735,0.9879032258064516
236,2016-04-01,10.939277211948792,703,0.9763888888888889
236,2016-05-01,11.737129519230768,728,0.978494623655914
236,2016-06-01,9.585561952580196,717,0.9958333333333333
236,2016-07-01,7.993189098474342,721,0.9690860215053764
236,2016-08-01,9.11727283916084,715,0.9610215053763441
236,2016-09-01,9.68768430678466,678,0.9416666666666667
236,2016-10-01,7.421181400832178,721,0.9690860215053764
236,2016-11-01,6.954691354748603,716,0.9944444444444445
236,2016-12-01,8.351530782726046,741,0.9959677419354839
236,2017-01-01,9.21191064602961,743,0.9986559139784946
236,2017-02-01,8.961702905918058,659,0.9806547619047619
236,2017-03-01,10.416350620782726,741,0.9959677419354839
236,2017-04-01,8.859054400564174,709,0.9847222222222223
236,2017-05-01,8.05089408528198,727,0.9771505376344086
236,2017-06-01,6.012640449438202,712,0.9888888888888889
236,2017-07-01,6.794444444444444,720,0.967741935483871
236,2017-08-01,6.650145772594752,686,0.9220430107526881
236,2017-09-01,6.941348973607038,682,0.9472222222222222
236,2017-10-01,5.714086471408647,717,0.9637096774193549
236,2017-11-01,6.451289398280802,698,0.9694444444444444
236,2017-12-01,8.995884773662551,729,0.9798387096774194
236,2018-01-01,8.515818431911967,727,0.9771505376344086
236,2018-02-01,8.764705882352942,629,0.9360119047619048
236,2018-03-01,11.47988904299584,721,0.9690860215053764
236,2018-04-01,7.968562874251497,668,0.9277777777777778
236,2018-05-01,5.644642857142857,560,0.7526881720430108
236,2018-06-01,4.413105413105413,702,0.975
236,2018-07-01,3.6442953020134228,596,0.8010752688172043
236,2018-08-01,4.3616,625,0.8400537634408602
236,2018-09-01,4.57410071942446,695,0.9652777777777778
236,2018-10-01,4.376712328767123,730,0.9811827956989247
236,2018-11-01,6.473609129814551,701,0.9736111111111111
236,2018-12-01,7.990566037735849,742,0.9973118279569892
236,2019-01-01,7.314207650273224,732,0.9838709677419355
236,2019-02-01,5.4896265560165975,482,0.7172619047619048
236,2019-03-01,5.318244170096022,729,0.9798387096774194
236,2019-04-01,4.918796992481203,665,0.9236111111111112
236,2019-05-01,4.298245614035087,684,0.9193548387096774
236,2019-06-01,5.0339943342776206,706,0.9805555555555555
236,2019-07-01,4.371546961325967,724,0.9731182795698925
236,2019-08-01,6.19041095890411,730,0.9811827956989247
236,2019-09-01,4.914529914529915,702,0.975
236,2019-10-01,5.759712230215827,695,0.9341397849462365
236,2019-11-01,3.67007299270073,685,0.9513888888888888
236,2019-12-01,5.9001447178002895,691,0.928763440860215
236,2020-01-01,5.482857142857143,700,0.9408602150537635
236,2020-02-01,5.23900293255132,682,0.9798850574712644
236,2020-03-01,5.144594594594595,740,0.9946236559139785
236,2020-04-01,4.120111731843576,716,0.9944444444444445
236,2020-05-01,4.528378378378378,740,0.9946236559139785
236,2020-06-01,3.6990825688073397,545,0.7569444444444444
236,2020-07-01,3.496626180836707,741,0.9959677419354839
236,2020-08-01,7.989720998531571,681,0.9153225806451613
236,2020-09-01,4.398809523809524,672,0.9333333333333333
236,2020-10-01,4.085872576177286,722,0.9704301075268817
236,2020-11-01,3.757309941520468,684,0.95
236,2020-12-01,5.638571428571429,700,0.9408602150537635
236,2021-01-01,4.712121212121212,726,0.9758064516129032
236,2021-02-01,5.060034305317324,583,0.8675595238095238
236,2021-03-01,3.963924963924964,693,0.9314516129032258
236,2021-04-01,4.530555555555556,720,1.0
236,2021-05-01,4.370967741935484,744,1.0
236,2021-06-01,4.318862275449102,668,0.9277777777777778
236,2021-07-01,5.166898470097357,719,0.9663978494623656
236,2021-08-01,3.9274755927475593,717,0.9637096774193549
236,2021-09-01,4.2296918767507,714,0.9916666666666667
236,2021-10-01,4.227210884353742,735,0.9879032258064516
236,2021-11-01,3.526928675400291,687,0.9541666666666667
236,2021-12-01,5.273841961852861,734,0.9865591397849462
236,2022-01-01,5.527941176470589,680,0.9139784946236559
236,2022-02-01,10.350983358547655,661,0.9836309523809523
236,2022-03-01,5.525495750708215,706,0.9489247311827957
236,2022-04-01,5.011461318051576,698,0.9694444444444444
236,2022-05-01,5.120786516853933,712,0.956989247311828
236,2022-06-01,4.613505747126437,696,0.9666666666666667
236,2022-07-01,4.683760683760684,702,0.9435483870967742
236,2022-08-01,5.255349500713267,701,0.9422043010752689
236,2022-09-01,3.7926136363636362,704,0.9777777777777777
236,2022-10-01,3.459915611814346,711,0.9556451612903226
236,2022-11-01,4.522857142857143,700,0.9722222222222222
236,2022-12-01,5.438202247191011,712,0.956989247311828
236,2023-01-01,6.425068119891008,734,0.9865591397849462
236,2023-02-01,5.887278582930757,621,0.9241071428571429
236,2023-03-01,6.381560283687944,705,0.9475806451612904
236,2023-04-01,5.867298578199052,633,0.8791666666666667
236,2023-05-01,6.216374269005848,684,0.9193548387096774
236,2023-06-01,7.130867709815078,703,0.9763888888888889
236,2023-07-01,6.226902173913044,736,0.989247311827957
236,2023-08-01,5.885832187070151,727,0.9771505376344086
236,2023-09-01,4.822900763358779,655,0.9097222222222222
236,2023-10-01,6.376712328767123,730,0.9811827956989247
236,2023-11-01,5.626760563380282,710,0.9861111111111112
236,2023-12-01,6.243243243243243,740,0.9946236559139785
236,2024-01-01,6.637268847795164,703,0.9448924731182796
236,2024-02-01,8.978300180831827,553,0.7945402298850575
236,2024-03-01,6.424285714285714,700,0.9408602150537635
236,2024-04-01,5.923529411764706,680,0.9444444444444444
236,2024-05-01,5.5103734439834025,723,0.9717741935483871
236,2024-06-01,7.161716171617162,606,0.8416666666666667
236,2024-07-01,6.178571428571429,700,0.9408602150537635
236,2024-08-01,7.383125864453666,723,0.9717741935483871
236,2024-09-01,7.126760563380282,710,0.9861111111111112
236,2024-10-01,6.0013550135501355,738,0.9919354838709677
236,2024-11-01,6.52683615819209,708,0.9833333333333333
236,2024-12-01,6.921379310344828,725,0.9744623655913979
236,2025-01-01,7.433333333333334,690,0.9274193548387096
236,2025-02-01,9.142389525368248,611,0.9092261904761905
236,2025-03-01,6.469101123595506,712,0.956989247311828
236,2025-04-01,6.1354019746121295,709,0.9847222222222223
236,2025-05-01,6.4423076923076925,728,0.978494623655914
236,2025-06-01,6.097629009762901,717,0.9958333333333333
236,2025-07-01,6.660810810810811,740,0.9946236559139785
236,2025-08-01,6.2405405405405405,740,0.9946236559139785
236,2025-09-01,6.085714285714285,700,0.9722222222222222
236,2025-10-01,6.059379217273954,741,0.9959677419354839
236,2025-11-01,6.157670454545454,704,0.9777777777777777
236,2025-12-01,7.128987517337032,721,0.9690860215053764
236,2026-01-01,7.857142857142857,7,0.009408602150537635
237,2013-04-01,4.53699,1,0.001388888888888889
237,2013-05-01,39.0,1,0.0013440860215053765
237,2013-06-01,23.828212290502794,716,0.9944444444444445
237,2013-07-01,26.566939890710383,732,0.9838709677419355
237,2013-08-01,23.691056910569106,738,0.9919354838709677
237,2013-09-01,18.29861111111111,720,1.0
237,2013-10-01,13.1448087431694,732,0.9838709677419355
237,2013-11-01,11.620833333333334,720,1.0
237,2013-12-01,23.83124128312413,717,0.9637096774193549
237,2014-01-01,8.252032520325203,738,0.9919354838709677
237,2014-02-01,11.586363636363636,660,0.9821428571428571
237,2014-03-01,9.514603616133519,719,0.9663978494623656
237,2014-04-01,14.233240223463687,716,0.9944444444444445
237,2014-05-01,14.33243606998654,743,0.9986559139784946
237,2014-06-01,22.609859154929577,710,0.9861111111111112
237,2014-07-01,18.035014005602243,714,0.9596774193548387
237,2014-08-01,43.03771505376344,744,1.0
237,2014-09-01,37.23130555555556,720,1.0
237,2014-10-01,10.618948924731182,744,1.0
237,2014-11-01,8.585151093969145,713,0.9902777777777778
237,2014-12-01,8.65447563172043,744,1.0
237,2015-01-01,7.540782299319727,735,0.9879032258064516
237,2015-02-01,8.017332831325302,664,0.9880952380952381
237,2015-03-01,9.464435146443515,717,0.9637096774193549
237,2015-04-01,11.825020527859238,682,0.9472222222222222
237,2015-05-01,15.99698028340081,741,0.9959677419354839
237,2015-06-01,20.43351508645533,694,0.9638888888888889
237,2015-07-01,14.941500675105486,711,0.9556451612903226
237,2015-08-01,15.134370296096904,743,0.9986559139784946
237,2015-09-01,12.896783319209039,708,0.9833333333333333
237,2015-10-01,11.558250879566982,739,0.9932795698924731
237,2015-11-01,8.295413916083916,715,0.9930555555555556
237,2015-12-01,4.391972770270271,740,0.9946236559139785
237,2016-01-01,4.168535457227139,678,0.9112903225806451
237,2016-02-01,8.726056302158273,695,0.9985632183908046
237,2016-03-01,8.763570430686407,743,0.9986559139784946
237,2016-04-01,8.318723910614526,716,0.9944444444444445
237,2016-05-01,11.31147810228802,743,0.9986559139784946
237,2016-06-01,15.094376036671367,709,0.9847222222222223
237,2016-07-01,12.942510910326087,736,0.989247311827957
237,2016-08-01,10.891543736413043,736,0.989247311827957
237,2016-09-01,10.427873852573018,719,0.9986111111111111
237,2016-10-01,6.553314792817679,724,0.9731182795698925
237,2016-11-01,6.242895632823366,719,0.9986111111111111
237,2016-12-01,5.614761863945579,735,0.9879032258064516
237,2017-01-01,6.115921090387375,697,0.9368279569892473
237,2017-02-01,7.490824,670,0.9970238095238095
237,2017-03-01,8.513148210818308,721,0.9690860215053764
237,2017-04-01,9.236786337209303,688,0.9555555555555556
237,2017-05-01,10.289009497964722,737,0.9905913978494624
237,2017-06-01,13.682997118155619,694,0.9638888888888889
237,2017-07-01,13.051771117166213,734,0.9865591397849462
237,2017-08-01,8.568733153638814,742,0.9973118279569892
237,2017-09-01,7.372355430183357,709,0.9847222222222223
237,2017-10-01,6.3576248313090415,741,0.9959677419354839
237,2017-11-01,4.44923504867872,719,0.9986111111111111
237,2017-12-01,5.422611036339165,743,0.9986559139784946
237,2018-01-01,5.286099865047233,741,0.9959677419354839
237,2018-02-01,7.236391912908243,643,0.9568452380952381
237,2018-03-01,9.714074074074073,675,0.907258064516129
237,2018-04-01,10.44527736131934,667,0.9263888888888889
237,2018-05-01,11.949315068493151,730,0.9811827956989247
237,2018-06-01,14.254135338345865,665,0.9236111111111112
237,2018-07-01,14.66388888888889,720,0.967741935483871
237,2018-08-01,11.553030303030303,660,0.8870967741935484
237,2018-09-01,10.381558028616853,629,0.8736111111111111
237,2018-10-01,7.286684782608695,736,0.989247311827957
237,2018-11-01,7.011510791366907,695,0.9652777777777778
237,2018-12-01,7.1426648721399735,743,0.9986559139784946
237,2019-01-01,6.017567567567568,740,0.9946236559139785
237,2019-02-01,5.8320839580209896,667,0.9925595238095238
237,2019-03-01,7.985074626865671,737,0.9905913978494624
237,2019-04-01,10.580555555555556,720,1.0
237,2019-05-01,14.597840755735493,741,0.9959677419354839
237,2019-06-01,16.86610878661088,717,0.9958333333333333
237,2019-07-01,17.322222222222223,720,0.967741935483871
237,2019-08-01,17.678763440860216,744,1.0
237,2019-09-01,11.045833333333333,720,1.0
237,2019-10-01,12.123655913978494,744,1.0
237,2019-11-01,10.530555555555555,720,1.0
237,2019-12-01,12.028571428571428,735,0.9879032258064516
237,2020-01-01,8.030683403068341,717,0.9637096774193549
237,2020-02-01,8.109826589595375,692,0.9942528735632183
237,2020-03-01,7.744911804613297,737,0.9905913978494624
237,2020-04-01,10.820833333333333,720,1.0
237,2020-05-01,12.757780784844384,739,0.9932795698924731
237,2020-06-01,12.111424541607898,709,0.9847222222222223
237,2020-07-01,13.664411366711773,739,0.9932795698924731
237,2020-08-01,11.005376344086022,744,1.0
237,2020-09-01,9.647140864714087,717,0.9958333333333333
237,2020-10-01,7.293080054274085,737,0.9905913978494624
237,2020-11-01,5.455431754874652,718,0.9972222222222222
237,2020-12-01,5.920592193808883,743,0.9986559139784946
237,2021-01-01,5.907482993197279,735,0.9879032258064516
237,2021-02-01,6.8462686567164175,670,0.9970238095238095
237,2021-03-01,6.794801641586868,731,0.9825268817204301
237,2021-04-01,9.746870653685674,719,0.9986111111111111
237,2021-05-01,14.548517520215633,742,0.9973118279569892
237,2021-06-01,13.720055710306406,718,0.9972222222222222
237,2021-07-01,17.11216216216216,740,0.9946236559139785
237,2021-08-01,13.61455525606469,742,0.9973118279569892
237,2021-09-01,10.434965034965035,715,0.9930555555555556
237,2021-10-01,11.738544474393532,742,0.9973118279569892
237,2021-11-01,9.435146443514645,717,0.9958333333333333
237,2021-12-01,7.232839838492597,743,0.9986559139784946
237,2022-01-01,6.146143437077131,739,0.9932795698924731
237,2022-02-01,8.055223880597016,670,0.9970238095238095
237,2022-03-01,9.598371777476254,737,0.9905913978494624
237,2022-04-01,11.307042253521127,710,0.9861111111111112
237,2022-05-01,14.3382949932341,739,0.9932795698924731
237,2022-06-01,13.109874826147427,719,0.9986111111111111
237,2022-07-01,14.109311740890687,741,0.9959677419354839
237,2022-08-01,14.498655913978494,744,1.0
237,2022-09-01,12.313807531380753,717,0.9958333333333333
237,2022-10-01,9.231805929919137,742,0.9973118279569892
237,2022-11-01,7.211594202898551,690,0.9583333333333334
237,2022-12-01,7.787837837837838,740,0.9946236559139785
237,2023-01-01,7.84366576819407,742,0.9973118279569892
237,2023-02-01,8.195121951219512,656,0.9761904761904762
237,2023-03-01,8.262865090403338,719,0.9663978494623656
237,2023-04-01,12.239888423988843,717,0.9958333333333333
237,2023-05-01,15.597297297297297,740,0.9946236559139785
237,2023-06-01,16.059888579387188,718,0.9972222222222222
237,2023-07-01,13.890688259109313,741,0.9959677419354839
237,2023-08-01,13.88963660834455,743,0.9986559139784946
237,2023-09-01,12.587168758716876,717,0.9958333333333333
237,2023-10-01,10.97008547008547,702,0.9435483870967742
237,2023-11-01,8.5986013986014,715,0.9930555555555556
237,2023-12-01,7.485094850948509,738,0.9919354838709677
237,2024-01-01,6.13531799729364,739,0.9932795698924731
237,2024-02-01,5.62807525325615,691,0.992816091954023
237,2024-03-01,6.967391304347826,736,0.989247311827957
237,2024-04-01,9.96368715083799,716,0.9944444444444445
237,2024-05-01,13.944369063772049,737,0.9905913978494624
237,2024-06-01,14.777620396600566,706,0.9805555555555555
237,2024-07-01,15.303643724696355,741,0.9959677419354839
237,2024-08-01,13.303234501347708,742,0.9973118279569892
237,2024-09-01,12.977653631284916,716,0.9944444444444445
237,2024-10-01,10.937837837837838,740,0.9946236559139785
237,2024-11-01,10.342657342657343,715,0.9930555555555556
237,2024-12-01,10.79217273954116,741,0.9959677419354839
237,2025-01-01,8.259863945578232,735,0.9879032258064516
237,2025-02-01,8.813846153846153,650,0.9672619047619048
237,2025-03-01,9.527322404371585,732,0.9838709677419355
237,2025-04-01,9.557422969187675,714,0.9916666666666667
237,2025-05-01,14.477027027027027,740,0.9946236559139785
237,2025-06-01,15.890125173852573,719,0.9986111111111111
237,2025-07-01,15.649253731343284,402,0.5403225806451613
237,2025-08-01,12.432835820895523,737,0.9905913978494624
237,2025-09-01,11.298882681564246,716,0.9944444444444445
237,2025-10-01,9.676113360323887,741,0.9959677419354839
237,2025-11-01,7.4333821376281115,683,0.9486111111111111
237,2025-12-01,8.301480484522207,743,0.9986559139784946
237,2026-01-01,7.74421768707483,735,0.9879032258064516
237,2026-02-01,5.740298507462686,670,0.9970238095238095
237,2026-03-01,8.445196211096075,739,0.9932795698924731
237,2026-04-01,12.364394993045897,719,0.9986111111111111
237,2026-05-01,14.074224021592443,741,0.9959677419354839
237,2026-06-01,14.860335195530727,716,0.9944444444444445
237,2026-07-01,13.014824797843666,742,0.9973118279569892
237,2026-08-01,10.733056708160442,723,0.9717741935483871
237,2026-09-01,10.496774193548386,310,0.4305555555555556
251,2019-07-01,23.2,20,0.026881720430107527
251,2019-08-01,11.937677053824363,706,0.9489247311827957
251,2019-09-01,9.654545454545454,55,0.0763888888888889
251,2019-10-01,9.279503105590063,322,0.4327956989247312
251,2019-11-01,12.910714285714286,560,0.7777777777777778
251,2020-01-01,11.84375,32,0.043010752688172046
251,2020-02-01,11.643122676579926,538,0.7729885057471264
251,2020-03-01,8.453333333333333,75,0.10080645161290322
251,2020-04-01,12.196779964221825,559,0.7763888888888889
251,2020-05-01,11.933206106870228,524,0.7043010752688172
251,2020-06-01,3.7294117647058824,85,0.11805555555555555
251,2020-08-01,11.165991902834008,247,0.33198924731182794
251,2020-09-01,12.901162790697674,344,0.4777777777777778
251,2020-10-01,10.834188034188035,585,0.7862903225806451
251,2020-11-01,13.73469387755102,294,0.4083333333333333
251,2020-12-01,14.129411764705882,170,0.22849462365591397
251,2021-01-01,14.016556291390728,302,0.40591397849462363
251,2021-02-01,9.846153846153847,78,0.11607142857142858
251,2021-03-01,10.767354596622889,533,0.7163978494623656
251,2021-04-01,16.49022346368715,716,0.9944444444444445
251,2021-05-01,23.238095238095237,630,0.8467741935483871
251,2021-06-01,21.794117647058822,714,0.9916666666666667
251,2021-07-01,24.643856920684293,643,0.864247311827957
251,2021-08-01,17.976256983240223,716,0.9623655913978495
251,2021-09-01,17.08507670850767,717,0.9958333333333333
251,2021-10-01,16.65,740,0.9946236559139785
251,2021-11-01,14.752100840336135,714,0.9916666666666667
251,2021-12-01,17.712100139082057,719,0.9663978494623656
251,2022-01-01,15.826573426573427,715,0.9610215053763441
251,2022-02-01,13.482810164424514,669,0.9955357142857143
251,2022-03-01,18.34107142857143,560,0.7526881720430108
251,2022-04-01,21.28125,128,0.17777777777777778
251,2022-05-01,17.272479564032697,734,0.9865591397849462
251,2022-06-01,14.205821205821206,481,0.6680555555555555
251,2022-07-01,21.861386138613863,606,0.8145161290322581
251,2022-08-01,15.821236559139784,744,1.0
251,2022-09-01,15.953216374269006,513,0.7125
251,2022-10-01,10.595238095238095,714,0.9596774193548387
251,2022-11-01,10.329850746268656,670,0.9305555555555556
251,2022-12-01,12.048780487804878,656,0.8817204301075269
251,2023-01-01,14.751196172248804,627,0.842741935483871
251,2023-02-01,23.078674948240167,483,0.71875
251,2023-03-01,21.473941368078176,614,0.8252688172043011
251,2023-04-01,9.805555555555555,720,1.0
251,2023-05-01,14.428571428571429,546,0.7338709677419355
251,2023-06-01,9.768558951965066,687,0.9541666666666667
251,2023-07-01,10.059390048154093,623,0.8373655913978495
251,2023-08-01,16.502770083102494,722,0.9704301075268817
251,2023-09-01,12.792576419213974,458,0.6361111111111111
251,2023-10-01,14.784313725490197,102,0.13709677419354838
251,2023-11-01,16.309722222222224,720,1.0
251,2023-12-01,17.087671232876712,730,0.9811827956989247
251,2024-01-01,13.25,744,1.0
251,2024-02-01,18.446280991735538,242,0.34770114942528735
251,2024-03-01,22.40877914951989,729,0.9798387096774194
251,2024-04-01,18.449720670391063,716,0.9944444444444445
251,2024-05-01,22.277401894451963,739,0.9932795698924731
251,2024-06-01,29.014144271570014,707,0.9819444444444444
251,2024-07-01,21.448012232415902,654,0.8790322580645161
251,2024-08-01,18.32182320441989,724,0.9731182795698925
251,2024-09-01,20.40863309352518,695,0.9652777777777778
251,2024-10-01,31.861682242990653,535,0.7190860215053764
251,2024-11-01,17.55912408759124,685,0.9513888888888888
251,2024-12-01,20.26081081081081,740,0.9946236559139785
251,2025-01-01,16.164383561643834,730,0.9811827956989247
251,2025-02-01,19.488372093023255,645,0.9598214285714286
251,2025-03-01,22.267489711934157,729,0.9798387096774194
251,2025-04-01,18.4375,624,0.8666666666666667
251,2025-05-01,35.22594752186589,686,0.9220430107526881
251,2025-06-01,26.302158273381295,695,0.9652777777777778
251,2025-07-01,18.06160458452722,698,0.9381720430107527
251,2025-08-01,13.235759493670885,632,0.8494623655913979
251,2025-09-01,20.084720121028745,661,0.9180555555555555
251,2025-10-01,16.793991416309012,233,0.3131720430107527
251,2025-11-01,10.97948717948718,390,0.5416666666666666
251,2025-12-01,15.282269503546098,705,0.9475806451612904
251,2026-01-01,14.743484224965707,729,0.9798387096774194
251,2026-02-01,19.07843137254902,663,0.9866071428571429
251,2026-03-01,11.983957219251337,187,0.2513440860215054
309,2018-08-01,11.069306930693068,101,0.135752688172043
309,2018-09-01,12.852777777777778,720,1.0
309,2018-10-01,10.504043126684635,742,0.9973118279569892
309,2018-11-01,8.768436578171091,678,0.9416666666666667
309,2018-12-01,7.953678474114441,734,0.9865591397849462
309,2019-01-01,8.043010752688172,744,1.0
309,2019-02-01,8.450892857142858,672,1.0
309,2019-03-01,9.428763440860216,744,1.0
309,2019-04-01,9.661040787623065,711,0.9875
309,2019-05-01,8.41851851851852,270,0.3629032258064516
309,2019-06-01,10.527777777777779,720,1.0
309,2019-07-01,13.21236559139785,744,1.0
309,2019-08-01,12.391129032258064,744,1.0
309,2019-09-01,7.767085076708508,717,0.9958333333333333
309,2019-10-01,7.853658536585366,82,0.11021505376344086
309,2019-11-01,8.877551020408163,441,0.6125
309,2019-12-01,9.138627187079408,743,0.9986559139784946
309,2020-01-01,8.740242261103633,743,0.9986559139784946
309,2020-02-01,9.099130434782609,575,0.8261494252873564
309,2020-04-01,8.595652173913043,230,0.3194444444444444
309,2020-05-01,11.397849462365592,744,1.0
309,2020-06-01,9.72638888888889,720,1.0
309,2020-07-01,9.809716599190283,741,0.9959677419354839
309,2020-08-01,8.977150537634408,744,1.0
309,2020-09-01,6.85,720,1.0
309,2020-10-01,6.228862973760933,686,0.9220430107526881
309,2020-11-01,5.80028129395218,711,0.9875
309,2020-12-01,6.588709677419355,744,1.0
309,2021-01-01,7.3781965006729475,743,0.9986559139784946
309,2021-02-01,6.479166666666667,672,1.0
309,2021-03-01,6.428184281842818,738,0.9919354838709677
309,2021-04-01,7.081944444444445,720,1.0
309,2021-05-01,8.71700680272109,735,0.9879032258064516
309,2021-06-01,5.809022556390977,665,0.9236111111111112
309,2021-07-01,8.771345875542691,691,0.928763440860215
309,2021-08-01,7.584118438761776,743,0.9986559139784946
309,2021-09-01,7.263888888888889,720,1.0
309,2021-10-01,6.427792915531335,734,0.9865591397849462
309,2021-11-01,5.391364902506964,718,0.9972222222222222
309,2021-12-01,5.725806451612903,744,1.0
309,2022-01-01,7.016129032258065,744,1.0
309,2022-02-01,6.081845238095238,672,1.0
309,2022-03-01,7.158602150537634,744,1.0
309,2022-04-01,6.842178770949721,716,0.9944444444444445
309,2022-05-01,7.669354838709677,620,0.8333333333333334
309,2022-06-01,6.058224163027656,687,0.9541666666666667
309,2022-07-01,6.621293800539084,742,0.9973118279569892
309,2022-08-01,6.544097693351425,737,0.9905913978494624
309,2022-09-01,6.456189151599443,719,0.9986111111111111
309,2022-10-01,5.141129032258065,744,1.0
309,2022-11-01,4.888888888888889,720,1.0
309,2022-12-01,6.116935483870968,744,1.0
309,2023-01-01,6.849462365591398,744,1.0
309,2023-02-01,9.32686567164179,670,0.9970238095238095
309,2023-03-01,6.557795698924731,744,1.0
309,2023-04-01,6.282517482517482,715,0.9930555555555556
309,2023-05-01,10.188559322033898,472,0.6344086021505376
309,2023-06-01,9.109375,640,0.8888888888888888
309,2023-07-01,14.965909090909092,440,0.5913978494623656
309,2023-08-01,8.369063772048847,737,0.9905913978494624
309,2023-09-01,9.44150417827298,718,0.9972222222222222
309,2023-10-01,9.192722371967655,742,0.9973118279569892
309,2023-11-01,8.866666666666667,720,1.0
309,2023-12-01,8.166890982503364,743,0.9986559139784946
309,2024-01-01,7.129205921938089,743,0.9986559139784946
309,2024-02-01,5.962589928057554,695,0.9985632183908046
309,2024-03-01,6.087365591397849,744,1.0
309,2024-04-01,7.176388888888889,720,1.0
309,2024-05-01,9.149193548387096,744,1.0
309,2024-06-01,8.405555555555555,720,1.0
309,2024-07-01,9.211021505376344,744,1.0
309,2024-08-01,7.788978494623656,744,1.0
309,2024-09-01,9.890756302521009,714,0.9916666666666667
309,2024-10-01,6.478494623655914,744,1.0
309,2024-11-01,7.706944444444445,720,1.0
309,2024-12-01,7.05668016194332,741,0.9959677419354839
309,2025-01-01,7.043010752688172,744,1.0
309,2025-02-01,13.198198198198199,666,0.9910714285714286
309,2025-03-01,15.708333333333334,744,1.0
309,2025-04-01,17.051388888888887,720,1.0
309,2025-05-01,19.237903225806452,744,1.0
309,2025-06-01,17.825,720,1.0
309,2025-07-01,10.459580838323353,668,0.8978494623655914
309,2025-08-01,7.704301075268817,744,1.0
309,2025-09-01,8.384722222222223,720,1.0
309,2025-10-01,8.25,744,1.0
309,2025-11-01,4.171787709497207,716,0.9944444444444445
309,2025-12-01,4.143817204301075,744,1.0
309,2026-01-01,4.349462365591398,744,1.0
309,2026-02-01,4.425595238095238,672,1.0
309,2026-03-01,4.586642599277979,554,0.7446236559139785
309,2026-04-01,5.004166666666666,720,1.0
309,2026-05-01,6.337381916329285,741,0.9959677419354839
309,2026-06-01,10.688571428571429,700,0.9722222222222222
309,2026-07-01,9.0192023633678,677,0.9099462365591398
309,2026-08-01,10.446022727272727,704,0.946236559139785
309,2026-09-01,13.003257328990228,307,0.4263888888888889
310,2012-10-01,12.171427142857143,7,0.009408602150537635
310,2012-11-01,12.85294,34,0.04722222222222222
310,2018-08-01,11.530386740331492,181,0.24327956989247312
310,2018-09-01,12.293055555555556,720,1.0
310,2018-10-01,10.955645161290322,744,1.0
310,2018-11-01,9.355654761904763,672,0.9333333333333333
310,2018-12-01,8.598923283983849,743,0.9986559139784946
310,2019-01-01,8.084677419354838,744,1.0
310,2019-02-01,8.508928571428571,672,1.0
310,2019-03-01,9.298387096774194,744,1.0
310,2019-04-01,9.855442176870747,588,0.8166666666666667
310,2019-05-01,7.364705882352941,85,0.11424731182795698
310,2019-06-01,12.129166666666666,720,1.0
310,2019-07-01,14.360189573459715,422,0.5672043010752689
310,2019-08-01,14.360323886639677,741,0.9959677419354839
310,2019-09-01,9.2033426183844,718,0.9972222222222222
310,2019-10-01,10.675,80,0.10752688172043011
310,2019-11-01,14.261282660332542,421,0.5847222222222223
310,2019-12-01,13.825268817204302,744,1.0
310,2020-01-01,14.468371467025571,743,0.9986559139784946
310,2020-02-01,20.938294010889294,551,0.7916666666666666
310,2020-04-01,16.034934497816593,229,0.31805555555555554
310,2020-05-01,17.61021505376344,744,1.0
310,2020-06-01,20.009887005649716,708,0.9833333333333333
310,2020-07-01,19.5,744,1.0
310,2020-08-01,14.119623655913978,744,1.0
310,2020-09-01,15.838888888888889,720,1.0
310,2020-10-01,17.155195681511472,741,0.9959677419354839
310,2020-11-01,14.757363253856942,713,0.9902777777777778
310,2020-12-01,16.69877883310719,737,0.9905913978494624
310,2021-01-01,19.016393442622952,732,0.9838709677419355
310,2021-02-01,14.423019431988042,669,0.9955357142857143
310,2021-03-01,17.140161725067387,742,0.9973118279569892
310,2021-04-01,16.148201438848922,695,0.9652777777777778
310,2021-05-01,19.076358296622615,681,0.9153225806451613
310,2021-06-01,14.859420289855073,690,0.9583333333333334
310,2021-07-01,17.44396551724138,696,0.9354838709677419
310,2021-08-01,15.118598382749326,742,0.9973118279569892
310,2021-09-01,16.381944444444443,720,1.0
310,2021-10-01,15.946866485013624,734,0.9865591397849462
310,2021-11-01,13.780555555555555,720,1.0
310,2021-12-01,15.58736559139785,744,1.0
310,2022-01-01,18.072580645161292,744,1.0
310,2022-02-01,19.2955223880597,670,0.9970238095238095
310,2022-03-01,21.50537634408602,744,1.0
310,2022-04-01,15.789693593314762,718,0.9972222222222222
310,2022-05-01,17.12027027027027,740,0.9946236559139785
310,2022-06-01,13.38014184397163,705,0.9791666666666666
310,2022-07-01,14.741935483870968,744,1.0
310,2022-08-01,15.271978021978022,728,0.978494623655914
310,2022-09-01,14.860917941585535,719,0.9986111111111111
310,2022-10-01,12.112903225806452,744,1.0
310,2022-11-01,8.988811188811189,715,0.9930555555555556
310,2022-12-01,11.057388809182209,697,0.9368279569892473
310,2023-01-01,27.33423545331529,739,0.9932795698924731
310,2023-02-01,27.285714285714285,672,1.0
310,2023-03-01,18.147849462365592,744,1.0
310,2023-04-01,18.883333333333333,720,1.0
310,2023-05-01,22.7002688172043,744,1.0
310,2023-06-01,19.18611111111111,720,1.0
310,2023-07-01,16.61185983827493,742,0.9973118279569892
310,2023-08-01,14.256720430107526,744,1.0
310,2023-09-01,17.931944444444444,720,1.0
310,2023-10-01,17.38679245283019,742,0.9973118279569892
310,2023-11-01,14.067321178120617,713,0.9902777777777778
310,2023-12-01,15.024324324324324,740,0.9946236559139785
310,2024-01-01,18.593539703903094,743,0.9986559139784946
310,2024-02-01,17.221902017291065,694,0.9971264367816092
310,2024-03-01,15.481830417227457,743,0.9986559139784946
310,2024-04-01,15.391666666666667,720,1.0
310,2024-05-01,16.809139784946236,744,1.0
310,2024-06-01,11.357938718662952,718,0.9972222222222222
310,2024-07-01,12.850404312668463,742,0.9973118279569892
310,2024-08-01,9.584677419354838,744,1.0
310,2024-09-01,11.075,720,1.0
310,2024-10-01,7.595430107526882,744,1.0
310,2024-11-01,9.044444444444444,720,1.0
310,2024-12-01,8.200268817204302,744,1.0
310,2025-01-01,8.47316384180791,708,0.9516129032258065
310,2025-02-01,9.058558558558559,666,0.9910714285714286
310,2025-03-01,9.454301075268818,744,1.0
310,2025-04-01,9.497222222222222,720,1.0
310,2025-05-01,10.153225806451612,744,1.0
310,2025-06-01,10.533333333333333,720,1.0
310,2025-07-01,10.599458728010825,739,0.9932795698924731
310,2025-08-01,8.635752688172044,744,1.0
310,2025-09-01,9.155555555555555,720,1.0
310,2025-10-01,8.817204301075268,744,1.0
310,2025-11-01,7.466480446927374,716,0.9944444444444445
310,2025-12-01,7.617250673854447,742,0.9973118279569892
310,2026-01-01,9.404569892473118,744,1.0
310,2026-02-01,9.894345238095237,672,1.0
310,2026-03-01,9.821869488536155,567,0.7620967741935484
310,2026-04-01,10.70949720670391,716,0.9944444444444445
310,2026-05-01,12.823924731182796,744,1.0
310,2026-06-01,12.085314685314685,715,0.9930555555555556
310,2026-07-01,8.683006535947712,306,0.4112903225806452
310,2026-08-01,7.964169381107492,614,0.8252688172043011
310,2026-09-01,9.363333333333333,300,0.4166666666666667
330,2018-08-01,10.868852459016393,122,0.1639784946236559
330,2018-09-01,16.03793626707132,659,0.9152777777777777
330,2018-10-01,14.365229110512129,742,0.9973118279569892
330,2018-11-01,12.348457350272232,551,0.7652777777777777
330,2018-12-01,11.922659430122117,737,0.9905913978494624
330,2019-01-01,10.963611859838275,742,0.9973118279569892
330,2019-02-01,11.00359066427289,557,0.8288690476190477
330,2019-03-01,13.303763440860216,744,1.0
330,2019-04-01,13.430962343096235,717,0.9958333333333333
330,2019-05-01,15.696236559139784,744,1.0
330,2019-06-01,15.174337517433752,717,0.9958333333333333
330,2019-07-01,18.268817204301076,744,1.0
330,2019-08-01,17.95967741935484,744,1.0
330,2019-09-01,11.149232914923292,717,0.9958333333333333
330,2019-10-01,14.296495956873315,742,0.9973118279569892
330,2019-11-01,14.138655462184873,714,0.9916666666666667
330,2019-12-01,14.954301075268818,744,1.0
330,2020-01-01,12.35483870967742,744,1.0
330,2020-02-01,13.770893371757925,694,0.9971264367816092
330,2020-03-01,10.074024226110364,743,0.9986559139784946
330,2020-04-01,12.265277777777778,720,1.0
330,2020-05-01,14.722745625841185,743,0.9986559139784946
330,2020-06-01,11.569444444444445,720,1.0
330,2020-07-01,10.102150537634408,744,1.0
330,2020-08-01,7.991896272285251,617,0.8293010752688172
330,2020-09-01,1.8432203389830508,472,0.6555555555555556
330,2020-10-01,6.981617647058823,544,0.7311827956989247
330,2020-11-01,6.564174894217207,709,0.9847222222222223
330,2020-12-01,6.826612903225806,744,1.0
330,2021-01-01,7.128630705394191,723,0.9717741935483871
330,2021-02-01,5.487332339791356,671,0.9985119047619048
330,2021-03-01,6.637954239569313,743,0.9986559139784946
330,2021-04-01,6.9804469273743015,716,0.9944444444444445
330,2021-05-01,8.787061994609164,742,0.9973118279569892
330,2021-06-01,7.230421686746988,664,0.9222222222222223
330,2021-07-01,8.433566433566433,715,0.9610215053763441
330,2021-08-01,7.912516823687753,743,0.9986559139784946
330,2021-09-01,8.912921348314606,712,0.9888888888888889
330,2021-10-01,8.47229916897507,722,0.9704301075268817
330,2021-11-01,6.404166666666667,720,1.0
330,2021-12-01,6.604838709677419,744,1.0
330,2022-01-01,6.952956989247312,744,1.0
330,2022-02-01,7.595522388059702,670,0.9970238095238095
330,2022-03-01,10.098360655737705,61,0.08198924731182795
330,2022-04-01,7.228200371057514,539,0.7486111111111111
330,2022-05-01,8.868852459016393,732,0.9838709677419355
330,2022-06-01,6.438271604938271,648,0.9
330,2022-07-01,6.85752688172043,744,1.0
330,2022-08-01,7.4721845318860245,737,0.9905913978494624
330,2022-09-01,7.715893108298172,711,0.9875
330,2022-10-01,6.425302826379542,743,0.9986559139784946
330,2022-11-01,5.723611111111111,720,1.0
330,2022-12-01,6.8040816326530615,735,0.9879032258064516
330,2023-01-01,7.369272237196766,742,0.9973118279569892
330,2023-02-01,9.662668665667166,667,0.9925595238095238
330,2023-03-01,6.633288227334235,739,0.9932795698924731
330,2023-04-01,7.894002789400279,717,0.9958333333333333
330,2023-05-01,11.977150537634408,744,1.0
330,2023-06-01,15.659248956884563,719,0.9986111111111111
330,2023-07-01,19.242636746143056,713,0.9583333333333334
330,2023-08-01,26.54076086956522,736,0.989247311827957
330,2023-09-01,8.479166666666666,720,1.0
330,2023-10-01,7.862533692722372,742,0.9973118279569892
330,2023-11-01,6.822222222222222,720,1.0
330,2023-12-01,6.82907133243607,743,0.9986559139784946
330,2024-01-01,6.72678331090175,743,0.9986559139784946
330,2024-02-01,6.070503597122302,695,0.9985632183908046
330,2024-03-01,6.104979811574697,743,0.9986559139784946
330,2024-04-01,6.723226703755215,719,0.9986111111111111
330,2024-05-01,8.603494623655914,744,1.0
330,2024-06-01,6.6225626740947074,718,0.9972222222222222
330,2024-07-01,9.526954177897574,742,0.9973118279569892
330,2024-08-01,6.81718963165075,733,0.9852150537634409
330,2024-09-01,9.080555555555556,720,1.0
330,2024-10-01,5.69489247311828,744,1.0
330,2024-11-01,7.526388888888889,720,1.0
330,2024-12-01,7.041666666666667,744,1.0
330,2025-01-01,6.098118279569892,744,1.0
330,2025-02-01,6.974474474474475,666,0.9910714285714286
330,2025-03-01,6.907258064516129,744,1.0
330,2025-04-01,7.006944444444445,720,1.0
330,2025-05-01,7.0,744,1.0
330,2025-06-01,8.2625,720,1.0
330,2025-07-01,8.13978494623656,744,1.0
330,2025-08-01,32.64673913043478,184,0.24731182795698925
330,2025-09-01,5.6159527326440175,677,0.9402777777777778
330,2025-10-01,5.321236559139785,744,1.0
330,2025-11-01,4.751388888888889,720,1.0
330,2025-12-01,4.522849462365591,744,1.0
330,2026-01-01,4.693548387096774,744,1.0
330,2026-02-01,4.918154761904762,672,1.0
330,2026-03-01,5.188622754491018,668,0.8978494623655914
330,2026-04-01,5.558333333333334,720,1.0
330,2026-05-01,6.631720430107527,744,1.0
330,2026-06-01,6.602240896358543,714,0.9916666666666667
330,2026-07-01,4.980440097799511,409,0.5497311827956989
330,2026-08-01,4.378890392422192,739,0.9932795698924731
330,2026-09-01,4.909090909090909,308,0.42777777777777776
333,2004-12-01,4.142857142857143,35,0.04704301075268817
333,2005-07-01,14.5,2,0.002688172043010753
333,2005-12-01,32.0,1,0.0013440860215053765
333,2006-02-01,1.0,1,0.001488095238095238
333,2006-10-01,362.2631578947368,19,0.025537634408602152
333,2007-03-01,146.46666666666667,15,0.020161290322580645
333,2008-01-01,2.0,2,0.002688172043010753
333,2008-03-01,0.0,1,0.0013440860215053765
333,2009-06-01,8.0,1,0.001388888888888889
333,2010-09-01,2.0,1,0.001388888888888889
333,2014-05-01,10.0,1,0.0013440860215053765
333,2014-06-01,13.305439330543933,717,0.9958333333333333
333,2014-07-01,13.486522911051212,742,0.9973118279569892
333,2014-08-01,16.48442190860215,744,1.0
333,2014-09-01,53.919252873563224,696,0.9666666666666667
333,2014-10-01,10.481344086021505,744,1.0
333,2014-11-01,11.198307510431155,719,0.9986111111111111
333,2014-12-01,8.79653218328841,742,0.9973118279569892
333,2015-01-01,8.481198100407056,737,0.9905913978494624
333,2015-02-01,10.774283432835821,670,0.9970238095238095
333,2015-03-01,9.028925170068028,735,0.9879032258064516
333,2015-04-01,12.472067039106145,716,0.9944444444444445
333,2015-05-01,18.184693827493263,742,0.9973118279569892
333,2015-06-01,15.249204275766015,718,0.9972222222222222
333,2015-07-01,15.32264265141319,743,0.9986559139784946
333,2015-08-01,11.290129675675677,740,0.9946236559139785
333,2015-09-01,11.9568346013986,715,0.9930555555555556
333,2015-10-01,9.305822860998651,741,0.9959677419354839
333,2015-11-01,7.06155230876217,719,0.9986111111111111
333,2015-12-01,6.763777563930013,743,0.9986559139784946
333,2016-01-01,3.1893961438848923,695,0.9341397849462365
333,2016-02-01,6.055164336283186,678,0.9741379310344828
333,2016-03-01,8.204029730094467,741,0.9959677419354839
333,2016-04-01,7.861339803646563,713,0.9902777777777778
333,2016-05-01,9.987759500674764,741,0.9959677419354839
333,2016-06-01,14.493706033755274,711,0.9875
333,2016-07-01,10.7122226183844,718,0.9650537634408602
333,2016-08-01,12.601972628032344,742,0.9973118279569892
333,2016-09-01,11.585297176634215,719,0.9986111111111111
333,2016-10-01,10.849855094594595,740,0.9946236559139785
333,2016-11-01,6.500899117647059,714,0.9916666666666667
333,2016-12-01,8.106267527027027,740,0.9946236559139785
333,2017-01-01,9.115036780354707,733,0.9852150537634409
333,2017-02-01,7.467736890881913,669,0.9955357142857143
333,2017-03-01,7.9707393886462885,687,0.9233870967741935
333,2017-04-01,10.805609483960948,717,0.9958333333333333
333,2017-05-01,7.774762550881954,737,0.9905913978494624
333,2017-06-01,10.025423728813559,708,0.9833333333333333
333,2017-07-01,12.773405698778832,737,0.9905913978494624
333,2017-08-01,11.698166431593794,709,0.9529569892473119
333,2017-09-01,11.379008746355685,686,0.9527777777777777
333,2017-10-01,10.651821862348179,741,0.9959677419354839
333,2017-11-01,8.98326359832636,717,0.9958333333333333
333,2017-12-01,8.553908355795148,742,0.9973118279569892
333,2018-01-01,7.926829268292683,738,0.9919354838709677
333,2018-02-01,9.261941448382126,649,0.9657738095238095
333,2018-03-01,11.378415300546449,732,0.9838709677419355
333,2018-04-01,11.037552155771905,719,0.9986111111111111
333,2018-05-01,12.471467391304348,736,0.989247311827957
333,2018-06-01,13.555710306406684,718,0.9972222222222222
333,2018-07-01,12.545822102425875,742,0.9973118279569892
333,2018-08-01,13.630581867388363,739,0.9932795698924731
333,2018-09-01,12.941666666666666,720,1.0
333,2018-10-01,11.34008097165992,741,0.9959677419354839
333,2018-11-01,9.219444444444445,720,1.0
333,2018-12-01,7.79835390946502,729,0.9798387096774194
333,2019-01-01,6.742424242424242,726,0.9758064516129032
333,2019-02-01,7.261261261261262,666,0.9910714285714286
333,2019-03-01,8.166666666666666,732,0.9838709677419355
333,2019-04-01,9.032348804500703,711,0.9875
333,2019-05-01,11.588709677419354,744,1.0
333,2019-06-01,9.482219061166429,703,0.9763888888888889
333,2019-07-01,12.807795698924732,744,1.0
333,2019-08-01,11.991913746630727,742,0.9973118279569892
333,2019-09-01,6.565217391304348,713,0.9902777777777778
333,2019-10-01,7.786974219810041,737,0.9905913978494624
333,2019-11-01,8.448863636363637,704,0.9777777777777777
333,2019-12-01,10.222826086956522,736,0.989247311827957
333,2020-01-01,7.344165435745938,677,0.9099462365591398
333,2020-02-01,8.095100864553315,694,0.9971264367816092
333,2020-03-01,6.520833333333333,720,0.967741935483871
333,2020-04-01,8.285118219749652,719,0.9986111111111111
333,2020-05-01,10.75033738191633,741,0.9959677419354839
333,2020-06-01,9.125698324022347,716,0.9944444444444445
333,2020-07-01,9.453188602442333,737,0.9905913978494624
333,2020-08-01,9.573351278600269,743,0.9986559139784946
333,2020-09-01,9.341534008683068,691,0.9597222222222223
333,2020-10-01,8.819672131147541,732,0.9838709677419355
333,2020-11-01,8.598290598290598,702,0.975
333,2020-12-01,8.363391655450874,743,0.9986559139784946
333,2021-01-01,7.96043656207367,733,0.9852150537634409
333,2021-02-01,6.493293591654248,671,0.9985119047619048
333,2021-03-01,7.4728260869565215,736,0.989247311827957
333,2021-04-01,9.052851182197497,719,0.9986111111111111
333,2021-05-01,12.348238482384824,738,0.9919354838709677
333,2021-06-01,9.670014347202295,697,0.9680555555555556
333,2021-07-01,11.35068493150685,730,0.9811827956989247
333,2021-08-01,9.481182795698924,744,1.0
333,2021-09-01,9.478571428571428,700,0.9722222222222222
333,2021-10-01,8.883468834688347,738,0.9919354838709677
333,2021-11-01,6.302649930264993,717,0.9958333333333333
333,2021-12-01,5.994623655913978,744,1.0
333,2022-01-01,4.867435158501441,694,0.9327956989247311
333,2022-02-01,6.486526946107785,668,0.9940476190476191
333,2022-03-01,8.209176788124157,741,0.9959677419354839
333,2022-04-01,7.92296918767507,714,0.9916666666666667
333,2022-05-01,9.966216216216216,740,0.9946236559139785
333,2022-06-01,7.16056338028169,710,0.9861111111111112
333,2022-07-01,8.677551020408163,735,0.9879032258064516
333,2022-08-01,9.189959294436907,737,0.9905913978494624
333,2022-09-01,8.243697478991596,714,0.9916666666666667
333,2022-10-01,6.004048582995951,741,0.9959677419354839
333,2022-11-01,5.098039215686274,714,0.9916666666666667
333,2022-12-01,6.827445652173913,736,0.989247311827957
333,2023-01-01,7.239255014326647,698,0.9381720430107527
333,2023-02-01,12.043283582089552,670,0.9970238095238095
333,2023-03-01,6.903663500678426,737,0.9905913978494624
333,2023-04-01,7.979108635097493,718,0.9972222222222222
333,2023-05-01,9.095816464237517,741,0.9959677419354839
333,2023-06-01,6.84055944055944,715,0.9930555555555556
333,2023-07-01,6.871447902571042,739,0.9932795698924731
333,2023-08-01,6.562584118438762,743,0.9986559139784946
333,2023-09-01,6.303621169916434,718,0.9972222222222222
333,2023-10-01,6.554347826086956,736,0.989247311827957
333,2023-11-01,5.893063583815029,692,0.9611111111111111
333,2023-12-01,6.074123989218329,742,0.9973118279569892
333,2024-01-01,5.364942528735632,696,0.9354838709677419
333,2024-02-01,4.578313253012048,664,0.9540229885057471
333,2024-03-01,3.8231197771587744,718,0.9650537634408602
333,2024-04-01,4.486072423398329,718,0.9972222222222222
333,2024-05-01,6.875675675675676,740,0.9946236559139785
333,2024-06-01,5.394700139470014,717,0.9958333333333333
333,2024-07-01,7.566011235955056,712,0.956989247311828
333,2024-08-01,4.613251155624037,649,0.8723118279569892
333,2024-09-01,9.538354253835426,717,0.9958333333333333
333,2024-10-01,5.140730717185385,739,0.9932795698924731
333,2024-11-01,6.886395511921458,713,0.9902777777777778
333,2024-12-01,6.368421052631579,741,0.9959677419354839
333,2025-01-01,5.194277108433735,664,0.8924731182795699
333,2025-02-01,4.799396681749623,663,0.9866071428571429
333,2025-03-01,4.484396200814111,737,0.9905913978494624
333,2025-04-01,5.477051460361613,719,0.9986111111111111
333,2025-05-01,6.219749652294854,719,0.9663978494623656
333,2025-06-01,6.324475524475525,715,0.9930555555555556
333,2025-07-01,5.615384615384615,598,0.803763440860215
333,2025-08-01,3.0278884462151394,502,0.6747311827956989
333,2025-09-01,5.083098591549295,710,0.9861111111111112
333,2025-10-01,10.294751009421265,743,0.9986559139784946
333,2025-11-01,6.86509040333797,719,0.9986111111111111
333,2025-12-01,6.137281292059219,743,0.9986559139784946
333,2026-01-01,6.704775687409551,691,0.928763440860215
333,2026-02-01,6.594840667678301,659,0.9806547619047619
333,2026-03-01,6.1707988980716255,726,0.9758064516129032
333,2026-04-01,8.363004172461752,719,0.9986111111111111
333,2026-05-01,10.989232839838493,743,0.9986559139784946
333,2026-06-01,9.768907563025211,714,0.9916666666666667
333,2026-07-01,5.8532974427994615,743,0.9986559139784946
333,2026-08-01,5.508108108108108,740,0.9946236559139785
333,2026-09-01,6.198529411764706,272,0.37777777777777777
424,2004-12-01,0.0,1,0.0013440860215053765
424,2020-02-01,6.864864864864865,370,0.5316091954022989
424,2020-03-01,8.37231182795699,744,1.0
424,2020-04-01,6.463276836158192,708,0.9833333333333333
424,2020-05-01,5.381720430107527,744,1.0
424,2020-06-01,3.9594972067039107,716,0.9944444444444445
424,2020-07-01,3.926729986431479,737,0.9905913978494624
424,2020-08-01,4.525675675675676,740,0.9946236559139785
424,2020-09-01,4.876404494382022,712,0.9888888888888889
424,2020-10-01,5.706359945872801,739,0.9932795698924731
424,2020-11-01,5.751388888888889,720,1.0
424,2020-12-01,6.842741935483871,744,1.0
424,2021-01-01,6.930013458950202,743,0.9986559139784946
424,2021-02-01,5.6398809523809526,672,1.0
424,2021-03-01,5.690860215053763,744,1.0
424,2021-04-01,6.618055555555555,720,1.0
424,2021-05-01,5.025815217391305,736,0.989247311827957
424,2021-06-01,4.148936170212766,705,0.9791666666666666
424,2021-07-01,4.173387096774194,744,1.0
424,2021-08-01,4.440860215053763,744,1.0
424,2021-09-01,5.876044568245125,718,0.9972222222222222
424,2021-10-01,5.651881720430108,744,1.0
424,2021-11-01,5.718349928876244,703,0.9763888888888889
424,2021-12-01,5.770161290322581,744,1.0
424,2022-01-01,6.9122085048010975,729,0.9798387096774194
424,2022-02-01,7.303571428571429,672,1.0
424,2022-03-01,7.960810810810811,740,0.9946236559139785
424,2022-04-01,5.894150417827298,718,0.9972222222222222
424,2022-05-01,6.551075268817204,744,1.0
424,2022-06-01,5.368055555555555,720,1.0
424,2022-07-01,3.653225806451613,744,1.0
424,2022-08-01,4.076612903225806,744,1.0
424,2022-09-01,3.903735632183908,696,0.9666666666666667
424,2022-10-01,4.056497175141243,708,0.9516129032258065
424,2022-11-01,4.763888888888889,720,1.0
424,2022-12-01,7.009408602150538,744,1.0
424,2023-01-01,5.963709677419355,744,1.0
424,2023-02-01,11.299107142857142,672,1.0
424,2023-03-01,6.119178082191781,730,0.9811827956989247
424,2023-04-01,4.896935933147632,718,0.9972222222222222
424,2023-05-01,4.845505617977528,712,0.956989247311828
424,2023-06-01,3.775453277545328,717,0.9958333333333333
424,2023-07-01,2.9448924731182795,744,1.0
424,2023-08-01,4.762096774193548,744,1.0
424,2023-09-01,5.0625,720,1.0
424,2023-10-01,5.951547779273216,743,0.9986559139784946
424,2023-11-01,5.203081232492997,714,0.9916666666666667
424,2023-12-01,6.225806451612903,744,1.0
424,2024-01-01,5.344086021505376,744,1.0
424,2024-02-01,7.306801736613603,691,0.992816091954023
424,2024-03-01,5.888140161725067,742,0.9973118279569892
424,2024-04-01,4.454415954415954,702,0.975
424,2024-05-01,3.400537634408602,744,1.0
424,2024-06-01,2.7597222222222224,720,1.0
424,2024-07-01,3.749659863945578,735,0.9879032258064516
424,2024-08-01,4.3268428372739915,719,0.9663978494623656
424,2024-09-01,4.768055555555556,720,1.0
424,2024-10-01,5.091397849462366,744,1.0
424,2024-11-01,9.05,720,1.0
424,2024-12-01,8.548387096774194,744,1.0
424,2025-01-01,7.638700947225981,739,0.9932795698924731
424,2025-02-01,11.44343891402715,663,0.9866071428571429
424,2025-03-01,6.676113360323886,741,0.9959677419354839
424,2025-04-01,3.4329608938547485,716,0.9944444444444445
424,2025-05-01,2.742895805142084,739,0.9932795698924731
424,2025-06-01,2.7073529411764707,680,0.9444444444444444
424,2025-07-01,2.827725437415882,743,0.9986559139784946
424,2025-08-01,3.1749644381223328,703,0.9448924731182796
424,2025-09-01,2.8302945301542777,713,0.9902777777777778
424,2025-10-01,3.8532974427994615,743,0.9986559139784946
424,2025-11-01,3.9943262411347518,705,0.9791666666666666
424,2025-12-01,4.493877551020408,735,0.9879032258064516
424,2026-01-01,5.735772357723577,738,0.9919354838709677
424,2026-02-01,4.7492447129909365,662,0.9851190476190477
424,2026-03-01,4.69179004037685,743,0.9986559139784946
424,2026-04-01,4.728932584269663,712,0.9888888888888889
424,2026-05-01,3.568548387096774,744,1.0
424,2026-06-01,3.1416666666666666,720,1.0
424,2026-07-01,2.6802413273001506,663,0.8911290322580645
424,2026-08-01,2.7698519515477793,743,0.9986559139784946
424,2026-09-01,3.1760299625468167,267,0.37083333333333335
425,2013-12-01,12.945525291828794,514,0.6908602150537635
425,2014-01-01,17.947580645161292,744,1.0
425,2014-02-01,15.162393162393162,585,0.8705357142857143
425,2014-03-01,8.94489247311828,744,1.0
425,2014-04-01,13.855555555555556,720,1.0
425,2014-05-01,13.228494623655914,744,1.0
425,2014-06-01,16.25138888888889,720,1.0
425,2014-07-01,15.845430107526882,744,1.0
425,2014-08-01,14.603896698113209,742,0.9973118279569892
425,2014-09-01,10.93904511627907,688,0.9555555555555556
425,2014-10-01,22.461031015873015,504,0.6774193548387096
425,2014-11-01,17.801479711590297,371,0.5152777777777777
425,2014-12-01,7.457899846796658,718,0.9650537634408602
425,2015-01-01,5.70875141873805,523,0.7029569892473119
425,2015-02-01,13.4664843359375,256,0.38095238095238093
425,2015-03-01,8.787426597582039,579,0.7782258064516129
425,2015-04-01,3.94757,7,0.009722222222222222
425,2015-05-01,20.378919138687785,442,0.5940860215053764
425,2015-06-01,22.338802787114844,714,0.9916666666666667
425,2015-07-01,23.32320839891452,737,0.9905913978494624
425,2015-08-01,14.331596377204884,737,0.9905913978494624
425,2015-09-01,10.96510588235294,680,0.9444444444444444
425,2015-10-01,7.57818067493113,726,0.9758064516129032
425,2015-11-01,10.986102928870292,717,0.9958333333333333
425,2015-12-01,11.716243588709677,744,1.0
425,2016-01-01,10.847801117092866,743,0.9986559139784946
425,2016-02-01,11.191063074712645,696,1.0
425,2016-03-01,15.015134811827958,744,1.0
425,2016-04-01,15.212121044568246,718,0.9972222222222222
425,2016-05-01,26.91941190860215,744,1.0
425,2016-06-01,25.993485263888886,720,1.0
425,2016-07-01,23.2366888172043,744,1.0
425,2016-08-01,18.236395702364394,719,0.9663978494623656
425,2016-09-01,15.554190847222223,720,1.0
425,2016-10-01,17.73469502688172,744,1.0
425,2016-11-01,11.763409791666666,720,1.0
425,2016-12-01,13.19594064777328,741,0.9959677419354839
425,2017-01-01,18.688805268817205,744,1.0
425,2017-02-01,14.78079337797619,672,1.0
425,2017-03-01,11.70431190860215,744,1.0
425,2017-04-01,17.824526722222224,720,1.0
425,2017-05-01,17.946280991735538,726,0.9758064516129032
425,2017-06-01,15.709722222222222,720,1.0
425,2017-07-01,16.814266487214,743,0.9986559139784946
425,2017-08-01,11.858870967741936,744,1.0
425,2017-09-01,10.504166666666666,720,1.0
425,2017-10-01,9.061855670103093,679,0.9126344086021505
425,2017-11-01,8.795833333333333,720,1.0
425,2017-12-01,8.774193548387096,744,1.0
425,2018-01-01,8.841397849462366,744,1.0
425,2018-02-01,10.202380952380953,672,1.0
425,2018-03-01,13.401881720430108,744,1.0
425,2018-04-01,15.723611111111111,720,1.0
425,2018-05-01,24.163978494623656,744,1.0
425,2018-06-01,29.068055555555556,720,1.0
425,2018-07-01,20.177419354838708,744,1.0
425,2018-08-01,15.215384615384615,650,0.8736559139784946
425,2018-09-01,13.48314606741573,712,0.9888888888888889
425,2018-10-01,11.821236559139784,744,1.0
425,2018-11-01,11.390277777777778,720,1.0
425,2018-12-01,10.920698924731182,744,1.0
425,2019-01-01,11.239247311827956,744,1.0
425,2019-02-01,13.569940476190476,672,1.0
425,2019-03-01,16.366935483870968,744,1.0
425,2019-04-01,13.445062586926287,719,0.9986111111111111
425,2019-05-01,20.669354838709676,744,1.0
425,2019-06-01,20.066176470588236,680,0.9444444444444444
425,2019-07-01,19.497975708502025,741,0.9959677419354839
425,2019-08-01,15.477178423236515,723,0.9717741935483871
425,2019-09-01,6.949348769898697,691,0.9597222222222223
425,2019-10-01,7.920592193808883,743,0.9986559139784946
425,2019-11-01,7.286723163841808,708,0.9833333333333333
425,2019-12-01,8.506720430107526,744,1.0
425,2020-01-01,6.966307277628032,742,0.9973118279569892
425,2020-02-01,8.277697841726619,695,0.9985632183908046
425,2020-03-01,6.054421768707483,735,0.9879032258064516
425,2020-04-01,8.998611111111112,720,1.0
425,2020-05-01,14.496339677891655,683,0.918010752688172
425,2020-06-01,15.057262569832401,716,0.9944444444444445
425,2020-07-01,14.909465020576132,729,0.9798387096774194
425,2020-08-01,12.982479784366577,742,0.9973118279569892
425,2020-09-01,10.406732117812062,713,0.9902777777777778
425,2020-10-01,9.894736842105264,741,0.9959677419354839
425,2020-11-01,7.456824512534819,718,0.9972222222222222
425,2020-12-01,8.258064516129032,744,1.0
425,2021-01-01,8.534320323014805,743,0.9986559139784946
425,2021-02-01,7.1524663677130045,669,0.9955357142857143
425,2021-03-01,7.761455525606469,742,0.9973118279569892
425,2021-04-01,10.754166666666666,720,1.0
425,2021-05-01,15.032476319350474,739,0.9932795698924731
425,2021-06-01,15.64861111111111,720,1.0
425,2021-07-01,21.431848852901485,741,0.9959677419354839
425,2021-08-01,14.10729023383769,727,0.9771505376344086
425,2021-09-01,11.796373779637378,717,0.9958333333333333
425,2021-10-01,10.494623655913978,744,1.0
425,2021-11-01,7.934357541899441,716,0.9944444444444445
425,2021-12-01,7.611336032388664,741,0.9959677419354839
425,2022-01-01,8.204851752021563,742,0.9973118279569892
425,2022-02-01,9.782738095238095,672,1.0
425,2022-03-01,11.826145552560646,742,0.9973118279569892
425,2022-04-01,11.581363004172461,719,0.9986111111111111
425,2022-05-01,15.317567567567568,740,0.9946236559139785
425,2022-06-01,14.671766342141863,719,0.9986111111111111
425,2022-07-01,12.516172506738544,742,0.9973118279569892
425,2022-08-01,12.440860215053764,744,1.0
425,2022-09-01,10.310055865921788,716,0.9944444444444445
425,2022-10-01,8.022972972972973,740,0.9946236559139785
425,2022-11-01,6.176470588235294,714,0.9916666666666667
425,2022-12-01,8.196236559139784,744,1.0
425,2023-01-01,9.342818428184282,738,0.9919354838709677
425,2023-02-01,15.069940476190476,672,1.0
425,2023-03-01,8.463611859838275,742,0.9973118279569892
425,2023-04-01,10.561111111111112,720,1.0
425,2023-05-01,15.501355013550135,738,0.9919354838709677
425,2023-06-01,14.572222222222223,720,1.0
425,2023-07-01,13.978378378378379,740,0.9946236559139785
425,2023-08-01,8.741588156123822,743,0.9986559139784946
425,2023-09-01,8.736401673640167,717,0.9958333333333333
425,2023-10-01,9.024226110363392,743,0.9986559139784946
425,2023-11-01,5.360347322720695,691,0.9597222222222223
425,2023-12-01,4.629032258064516,744,1.0
425,2024-01-01,5.191632928475034,741,0.9959677419354839
425,2024-02-01,5.265275707898659,671,0.9640804597701149
425,2024-03-01,4.703903095558546,743,0.9986559139784946
425,2024-04-01,7.027816411682893,719,0.9986111111111111
425,2024-05-01,14.537112010796221,741,0.9959677419354839
425,2024-06-01,12.634214186369958,719,0.9986111111111111
425,2024-07-01,16.466307277628033,742,0.9973118279569892
425,2024-08-01,9.756393001345895,743,0.9986559139784946
425,2024-09-01,11.938803894297635,719,0.9986111111111111
425,2024-10-01,6.9730820995962315,743,0.9986559139784946
425,2024-11-01,8.472727272727273,715,0.9930555555555556
425,2024-12-01,7.181695827725437,743,0.9986559139784946
425,2025-01-01,6.873983739837398,738,0.9919354838709677
425,2025-02-01,8.411497730711044,661,0.9836309523809523
425,2025-03-01,8.498652291105122,742,0.9973118279569892
425,2025-04-01,11.13888888888889,720,1.0
425,2025-05-01,14.970544918998527,679,0.9126344086021505
425,2025-06-01,17.162640901771336,621,0.8625
425,2025-07-01,14.597840755735493,741,0.9959677419354839
425,2025-08-01,11.187004754358162,631,0.8481182795698925
425,2025-09-01,7.0234375,640,0.8888888888888888
425,2025-10-01,9.08344733242134,731,0.9825268817204301
425,2025-11-01,7.705799151343705,707,0.9819444444444444
425,2025-12-01,7.42972972972973,740,0.9946236559139785
425,2026-01-01,7.145070422535211,710,0.9543010752688172
425,2026-02-01,8.592537313432835,670,0.9970238095238095
425,2026-03-01,8.465679676985195,743,0.9986559139784946
425,2026-04-01,11.309722222222222,720,1.0
425,2026-05-01,14.242914979757085,741,0.9959677419354839
425,2026-06-01,17.949930458970794,719,0.9986111111111111
425,2026-07-01,13.580862533692722,742,0.9973118279569892
425,2026-08-01,10.182795698924732,744,1.0
425,2026-09-01,10.300970873786408,309,0.42916666666666664
426,2013-12-01,7.657407407407407,540,0.7258064516129032
426,2014-01-01,9.561827956989248,744,1.0
426,2014-02-01,13.391629297458893,669,0.9955357142857143
426,2014-03-01,13.681451612903226,744,1.0
426,2014-04-01,23.203413940256045,703,0.9763888888888889
426,2014-05-01,18.98238482384824,738,0.9919354838709677
426,2014-06-01,22.291193181818183,704,0.9777777777777777
426,2014-07-01,21.362045760430686,743,0.9986559139784946
426,2014-08-01,20.88918010752688,744,1.0
426,2014-09-01,13.223611111111111,720,1.0
426,2014-10-01,14.62768817204301,744,1.0
426,2014-11-01,11.389048991354468,694,0.9638888888888889
426,2014-12-01,11.672947510094213,743,0.9986559139784946
426,2015-01-01,12.15527950310559,322,0.4327956989247312
426,2015-03-01,12.405344540229885,348,0.46774193548387094
426,2015-04-01,14.99267983074753,709,0.9847222222222223
426,2015-05-01,17.8063999192463,743,0.9986559139784946
426,2015-06-01,20.29923069637883,718,0.9972222222222222
426,2015-07-01,16.781923590785908,738,0.9919354838709677
426,2015-08-01,12.681181634877385,734,0.9865591397849462
426,2015-09-01,9.975981961367014,673,0.9347222222222222
426,2015-10-01,8.166313473541384,737,0.9905913978494624
426,2015-11-01,8.184368214783822,717,0.9958333333333333
426,2015-12-01,9.213024108108108,740,0.9946236559139785
426,2016-01-01,5.452972702331961,729,0.9798387096774194
426,2016-02-01,8.227657012987013,616,0.8850574712643678
426,2016-03-01,12.386608641304347,736,0.989247311827957
426,2016-04-01,11.961205710306405,718,0.9972222222222222
426,2016-05-01,15.759660390309554,743,0.9986559139784946
426,2016-06-01,22.959680536723166,708,0.9833333333333333
426,2016-07-01,14.394278650472335,741,0.9959677419354839
426,2016-08-01,15.598494407008086,742,0.9973118279569892
426,2016-09-01,12.950142981715892,711,0.9875
426,2016-10-01,9.604615114709851,741,0.9959677419354839
426,2016-11-01,9.914266161335187,719,0.9986111111111111
426,2016-12-01,10.298954378378378,740,0.9946236559139785
426,2017-01-01,13.993185413223141,726,0.9758064516129032
426,2017-02-01,10.484712792792793,666,0.9910714285714286
426,2017-03-01,10.917945552560647,742,0.9973118279569892
426,2017-04-01,13.662728452883265,711,0.9875
426,2017-05-01,13.825309491059148,727,0.9771505376344086
426,2017-06-01,15.865357643758765,713,0.9902777777777778
426,2017-07-01,17.804109589041097,730,0.9811827956989247
426,2017-08-01,14.28080229226361,698,0.9381720430107527
426,2017-09-01,14.347368421052632,665,0.9236111111111112
426,2017-10-01,14.737849779086892,679,0.9126344086021505
426,2017-11-01,16.53211009174312,545,0.7569444444444444
426,2017-12-01,13.647058823529411,731,0.9825268817204301
426,2018-01-01,14.006887052341598,726,0.9758064516129032
426,2018-02-01,10.290419161676647,668,0.9940476190476191
426,2018-03-01,11.133423180592992,742,0.9973118279569892
426,2018-04-01,11.188888888888888,720,1.0
426,2018-05-01,16.216397849462364,744,1.0
426,2018-06-01,21.557719054242003,719,0.9986111111111111
426,2018-07-01,16.315860215053764,744,1.0
426,2018-08-01,19.181818181818183,704,0.946236559139785
426,2018-09-01,14.890125173852573,719,0.9986111111111111
426,2018-10-01,10.683127572016462,729,0.9798387096774194
426,2018-11-01,9.165277777777778,720,1.0
426,2018-12-01,10.180216802168022,738,0.9919354838709677
426,2019-01-01,10.409672830725462,703,0.9448924731182796
426,2019-02-01,10.809880239520957,668,0.9940476190476191
426,2019-03-01,11.644204851752022,742,0.9973118279569892
426,2019-04-01,12.228571428571428,700,0.9722222222222222
426,2019-05-01,13.968792401628223,737,0.9905913978494624
426,2019-06-01,14.463888888888889,720,1.0
426,2019-07-01,17.26648721399731,743,0.9986559139784946
426,2019-08-01,15.413189771197846,743,0.9986559139784946
426,2019-09-01,8.937150837988828,716,0.9944444444444445
426,2019-10-01,9.813172043010752,744,1.0
426,2019-11-01,8.763195435092724,701,0.9736111111111111
426,2019-12-01,8.952956989247312,744,1.0
426,2020-01-01,7.941813261163735,739,0.9932795698924731
426,2020-02-01,8.478134110787172,686,0.985632183908046
426,2020-03-01,7.138627187079408,743,0.9986559139784946
426,2020-04-01,8.943055555555556,720,1.0
426,2020-05-01,13.591339648173207,739,0.9932795698924731
426,2020-06-01,12.981818181818182,715,0.9930555555555556
426,2020-07-01,14.171896316507503,733,0.9852150537634409
426,2020-08-01,13.298245614035087,741,0.9959677419354839
426,2020-09-01,10.967375886524822,705,0.9791666666666666
426,2020-10-01,10.449655172413793,725,0.9744623655913979
426,2020-11-01,8.7,700,0.9722222222222222
426,2020-12-01,9.449295774647887,710,0.9543010752688172
426,2021-01-01,10.69830028328612,706,0.9489247311827957
426,2021-02-01,9.340490797546012,652,0.9702380952380952
426,2021-03-01,11.214992927864214,707,0.9502688172043011
426,2021-04-01,11.526315789473685,703,0.9763888888888889
426,2021-05-01,15.935616438356165,730,0.9811827956989247
426,2021-06-01,13.89873417721519,711,0.9875
426,2021-07-01,18.35054347826087,736,0.989247311827957
426,2021-08-01,13.522633744855968,729,0.9798387096774194
426,2021-09-01,12.024425287356323,696,0.9666666666666667
426,2021-10-01,11.443835616438356,730,0.9811827956989247
426,2021-11-01,8.890554722638681,667,0.9263888888888889
426,2021-12-01,7.848852901484481,741,0.9959677419354839
426,2022-01-01,7.7864214992927865,707,0.9502688172043011
426,2022-02-01,9.579425113464447,661,0.9836309523809523
426,2022-03-01,10.540245566166439,733,0.9852150537634409
426,2022-04-01,10.15406162464986,714,0.9916666666666667
426,2022-05-01,15.91825613079019,734,0.9865591397849462
426,2022-06-01,16.773558368495078,711,0.9875
426,2022-07-01,12.402542372881356,708,0.9516129032258065
426,2022-08-01,11.178861788617887,738,0.9919354838709677
426,2022-09-01,9.24892703862661,699,0.9708333333333333
426,2022-10-01,6.689986282578875,729,0.9798387096774194
426,2022-11-01,6.3456614509246085,703,0.9763888888888889
426,2022-12-01,8.517482517482517,715,0.9610215053763441
426,2023-01-01,9.066852367688023,718,0.9650537634408602
426,2023-02-01,12.67313432835821,670,0.9970238095238095
426,2023-03-01,7.753803596127248,723,0.9717741935483871
426,2023-04-01,9.661087866108787,717,0.9958333333333333
426,2023-05-01,18.12947658402204,726,0.9758064516129032
426,2023-06-01,17.50997150997151,702,0.975
426,2023-07-01,17.580281690140843,710,0.9543010752688172
426,2023-08-01,13.326760563380281,710,0.9543010752688172
426,2023-09-01,10.720461095100864,694,0.9638888888888889
426,2023-10-01,11.106469002695418,742,0.9973118279569892
426,2023-11-01,9.188489208633094,695,0.9652777777777778
426,2023-12-01,8.186827956989248,744,1.0
426,2024-01-01,7.8544474393531,742,0.9973118279569892
426,2024-02-01,7.504310344827586,696,1.0
426,2024-03-01,7.681451612903226,744,1.0
426,2024-04-01,8.919444444444444,720,1.0
426,2024-05-01,14.339261285909712,731,0.9825268817204301
426,2024-06-01,11.150837988826815,716,0.9944444444444445
426,2024-07-01,13.900537634408602,744,1.0
426,2024-08-01,9.315860215053764,744,1.0
426,2024-09-01,10.909871244635193,699,0.9708333333333333
426,2024-10-01,6.703401360544218,735,0.9879032258064516
426,2024-11-01,8.732590529247911,718,0.9972222222222222
426,2024-12-01,8.107816711590296,742,0.9973118279569892
426,2025-01-01,7.770068027210884,735,0.9879032258064516
426,2025-02-01,8.943164362519202,651,0.96875
426,2025-03-01,10.356070941336972,733,0.9852150537634409
426,2025-04-01,12.701449275362318,690,0.9583333333333334
426,2025-05-01,16.28987517337032,721,0.9690860215053764
426,2025-06-01,20.366812227074234,687,0.9541666666666667
426,2025-07-01,15.371077762619372,733,0.9852150537634409
426,2025-08-01,9.628879892037787,741,0.9959677419354839
426,2025-09-01,8.606145251396647,716,0.9944444444444445
426,2025-10-01,7.885714285714286,735,0.9879032258064516
426,2025-11-01,7.371060171919771,698,0.9694444444444444
426,2025-12-01,6.829436038514443,727,0.9771505376344086
426,2026-01-01,7.152354570637119,722,0.9704301075268817
426,2026-02-01,7.122699386503068,652,0.9702380952380952
426,2026-03-01,7.536388140161725,742,0.9973118279569892
426,2026-04-01,10.086713286713287,715,0.9930555555555556
426,2026-05-01,10.071428571428571,112,0.15053763440860216
426,2026-06-01,24.918032786885245,61,0.08472222222222223
426,2026-07-01,9.83453237410072,695,0.9341397849462365
426,2026-08-01,8.950207468879668,723,0.9717741935483871
426,2026-09-01,9.919093851132686,309,0.42916666666666664
503,2012-07-01,24.607419294117644,85,0.11424731182795698
503,2012-08-01,18.617914101078167,742,0.9973118279569892
503,2012-09-01,16.266078680555555,720,1.0
503,2012-10-01,11.531837468113975,737,0.9905913978494624
503,2012-11-01,12.690608180555556,720,1.0
503,2012-12-01,11.619704066298343,724,0.9731182795698925
503,2013-01-01,12.207696389645777,734,0.9865591397849462
503,2013-02-01,14.823727133928571,672,1.0
503,2013-03-01,15.949828737483084,739,0.9932795698924731
503,2013-04-01,18.58113555972222,720,1.0
503,2013-05-01,22.077857965706446,729,0.9798387096774194
503,2013-06-01,27.820336073611113,720,1.0
503,2013-07-01,22.64343888844086,744,1.0
503,2013-08-01,24.092478743243245,740,0.9946236559139785
503,2013-09-01,17.804203208333334,720,1.0
503,2013-10-01,14.234390865591397,744,1.0
503,2013-11-01,12.271299446478872,710,0.9861111111111112
503,2013-12-01,12.50495126344086,744,1.0
503,2014-01-01,14.756252836021506,744,1.0
503,2014-02-01,14.321207078986587,671,0.9985119047619048
503,2014-03-01,16.7654929373297,734,0.9865591397849462
503,2014-04-01,20.7638853006993,715,0.9930555555555556
503,2014-05-01,18.785136504761905,735,0.9879032258064516
503,2014-06-01,19.086309878910615,716,0.9944444444444445
503,2014-07-01,19.087119154891305,736,0.989247311827957
503,2014-08-01,15.934636280653951,734,0.9865591397849462
503,2014-09-01,9.521669204615383,650,0.9027777777777778
503,2014-10-01,12.749020146409213,738,0.9919354838709677
503,2014-11-01,10.530173908828452,717,0.9958333333333333
503,2014-12-01,8.850926988829071,743,0.9986559139784946
503,2015-01-01,11.663726909581646,741,0.9959677419354839
503,2015-02-01,14.841346924924926,666,0.9910714285714286
503,2015-03-01,11.931677554777927,743,0.9986559139784946
503,2015-04-01,15.74742259312321,698,0.9694444444444444
503,2015-05-01,18.397958612208505,729,0.9798387096774194
503,2015-06-01,22.62522401095851,699,0.9708333333333333
503,2015-07-01,18.346076384615383,728,0.978494623655914
503,2015-08-01,13.348946614918761,677,0.9099462365591398
503,2015-09-01,10.991462999166666,720,1.0
503,2015-10-01,9.149762876760752,744,1.0
503,2015-11-01,9.532209857938717,718,0.9972222222222222
503,2015-12-01,11.580994986527779,720,0.967741935483871
503,2016-01-01,10.744980026653227,744,1.0
503,2016-02-01,13.760823109384164,682,0.9798850574712644
503,2016-03-01,17.155886293010752,744,1.0
503,2016-04-01,14.450336057981895,718,0.9972222222222222
503,2016-05-01,17.434296515667576,734,0.9865591397849462
503,2016-06-01,27.976939016430595,706,0.9805555555555555
503,2016-07-01,20.86927277732527,744,1.0
503,2016-08-01,19.059709848275862,725,0.9744623655913979
503,2016-09-01,17.61080173611111,720,1.0
503,2016-10-01,10.16491033064516,744,1.0
503,2016-11-01,10.228159831920903,708,0.9833333333333333
503,2016-12-01,10.25072880376344,744,1.0
503,2017-01-01,17.077029879032256,744,1.0
503,2017-02-01,11.25414884375,672,1.0
503,2017-03-01,6.657905209677419,744,1.0
503,2017-04-01,9.065983478832116,685,0.9513888888888888
503,2017-05-01,15.657681940700808,742,0.9973118279569892
503,2017-06-01,16.889664804469273,716,0.9944444444444445
503,2017-07-01,22.093023255813954,731,0.9825268817204301
503,2017-08-01,12.979166666666666,720,0.967741935483871
503,2017-09-01,12.680731364275669,711,0.9875
503,2017-10-01,10.593150684931507,730,0.9811827956989247
503,2017-11-01,11.028963414634147,656,0.9111111111111111
503,2017-12-01,10.266487213997308,743,0.9986559139784946
503,2018-01-01,10.735849056603774,742,0.9973118279569892
503,2018-02-01,12.736507936507936,630,0.9375
503,2018-03-01,11.63061797752809,712,0.956989247311828
503,2018-04-01,14.725524475524475,572,0.7944444444444444
503,2018-05-01,26.649425287356323,696,0.9354838709677419
503,2018-06-01,29.072135785007074,707,0.9819444444444444
503,2018-07-01,21.585635359116022,724,0.9731182795698925
503,2018-08-01,21.607526881720432,744,1.0
503,2018-09-01,15.202777777777778,720,1.0
503,2018-10-01,10.144204851752022,742,0.9973118279569892
503,2018-11-01,10.020833333333334,720,1.0
503,2018-12-01,10.333333333333334,744,1.0
503,2019-01-01,12.259757738896367,743,0.9986559139784946
503,2019-02-01,13.183767228177642,653,0.9717261904761905
503,2019-03-01,13.955405405405406,740,0.9946236559139785
503,2019-04-01,17.34260614934114,683,0.9486111111111111
503,2019-05-01,18.942048517520217,742,0.9973118279569892
503,2019-06-01,17.7475317348378,709,0.9847222222222223
503,2019-07-01,21.6,740,0.9946236559139785
503,2019-08-01,17.533783783783782,740,0.9946236559139785
503,2019-09-01,13.017391304347827,690,0.9583333333333334
503,2019-10-01,12.38961038961039,693,0.9314516129032258
503,2019-11-01,13.10886469673406,643,0.8930555555555556
503,2019-12-01,11.93939393939394,693,0.9314516129032258
503,2020-01-01,11.679558011049723,724,0.9731182795698925
503,2020-02-01,16.106623586429727,619,0.889367816091954
503,2020-03-01,11.304229195088677,733,0.9852150537634409
503,2020-04-01,16.53323903818953,707,0.9819444444444444
503,2020-05-01,20.37685060565276,743,0.9986559139784946
503,2020-06-01,16.825701624815363,677,0.9402777777777778
503,2020-07-01,16.621917808219177,730,0.9811827956989247
503,2020-08-01,16.279554937413074,719,0.9663978494623656
503,2020-09-01,13.407725321888412,699,0.9708333333333333
503,2020-10-01,12.287087912087912,728,0.978494623655914
503,2020-11-01,10.925394548063128,697,0.9680555555555556
503,2020-12-01,12.331034482758621,725,0.9744623655913979
503,2021-01-01,12.220108695652174,736,0.989247311827957
503,2021-02-01,14.243021346469622,609,0.90625
503,2021-03-01,12.13655172413793,725,0.9744623655913979
503,2021-04-01,18.384735202492212,642,0.8916666666666667
503,2021-05-01,26.23109243697479,714,0.9596774193548387
503,2021-06-01,23.766768292682926,656,0.9111111111111111
503,2021-07-01,25.77956989247312,744,1.0
503,2021-08-01,19.247978436657682,742,0.9973118279569892
503,2021-09-01,12.56515580736544,706,0.9805555555555555
503,2021-10-01,12.283950617283951,729,0.9798387096774194
503,2021-11-01,10.831476323119777,718,0.9972222222222222
503,2021-12-01,10.98509485094851,738,0.9919354838709677
503,2022-01-01,11.522911051212938,742,0.9973118279569892
503,2022-02-01,13.83134328358209,670,0.9970238095238095
503,2022-03-01,17.324797843665767,742,0.9973118279569892
503,2022-04-01,19.082857142857144,700,0.9722222222222222
503,2022-05-01,24.89958734525447,727,0.9771505376344086
503,2022-06-01,21.835098335854767,661,0.9180555555555555
503,2022-07-01,17.73661971830986,710,0.9543010752688172
503,2022-08-01,17.316216216216215,740,0.9946236559139785
503,2022-09-01,11.740585774058577,717,0.9958333333333333
503,2022-10-01,10.197564276048714,739,0.9932795698924731
503,2022-11-01,9.253835425383542,717,0.9958333333333333
503,2022-12-01,11.748317631224765,743,0.9986559139784946
503,2023-01-01,11.816711590296496,742,0.9973118279569892
503,2023-02-01,20.388392857142858,672,1.0
503,2023-03-01,12.033921302578019,737,0.9905913978494624
503,2023-04-01,13.292479108635098,718,0.9972222222222222
503,2023-05-01,21.84260515603799,737,0.9905913978494624
503,2023-06-01,20.07252440725244,717,0.9958333333333333
503,2023-07-01,19.708502024291498,741,0.9959677419354839
503,2023-08-01,14.001360544217688,735,0.9879032258064516
503,2023-09-01,12.294853963838666,719,0.9986111111111111
503,2023-10-01,11.88156123822342,743,0.9986559139784946
503,2023-11-01,9.325,720,1.0
503,2023-12-01,11.218918918918918,740,0.9946236559139785
503,2024-01-01,12.376955903271693,703,0.9448924731182796
503,2024-02-01,12.916666666666666,696,1.0
503,2024-03-01,13.356182795698924,744,1.0
503,2024-04-01,14.53954802259887,708,0.9833333333333333
503,2024-05-01,22.593243243243244,740,0.9946236559139785
503,2024-06-01,16.69364161849711,692,0.9611111111111111
503,2024-07-01,27.291666666666668,744,1.0
503,2024-08-01,14.54864864864865,740,0.9946236559139785
503,2024-09-01,14.482614742698193,719,0.9986111111111111
503,2024-10-01,10.022849462365592,744,1.0
503,2024-11-01,12.419220055710307,718,0.9972222222222222
503,2024-12-01,12.28129205921938,743,0.9986559139784946
503,2025-01-01,12.06891891891892,740,0.9946236559139785
503,2025-02-01,8.175273865414711,639,0.9508928571428571
503,2025-03-01,9.565807327001357,737,0.9905913978494624
503,2025-04-01,14.728789986091794,719,0.9986111111111111
503,2025-05-01,23.235616438356164,730,0.9811827956989247
503,2025-06-01,32.044880785413746,713,0.9902777777777778
503,2025-07-01,28.337819650067296,743,0.9986559139784946
503,2025-08-01,16.74158815612382,743,0.9986559139784946
503,2025-09-01,12.74269819193324,719,0.9986111111111111
503,2025-10-01,11.696765498652292,742,0.9973118279569892
503,2025-11-01,9.60138888888889,720,1.0
503,2025-12-01,9.158602150537634,744,1.0
503,2026-01-01,10.644594594594595,740,0.9946236559139785
503,2026-02-01,10.010416666666666,672,1.0
503,2026-03-01,10.99731182795699,744,1.0
503,2026-04-01,14.847222222222221,720,1.0
503,2026-05-01,24.927419354838708,744,1.0
503,2026-06-01,24.338301043219076,671,0.9319444444444445
503,2026-07-01,17.42097701149425,696,0.9354838709677419
503,2026-08-01,13.185483870967742,744,1.0
503,2026-09-01,10.450592885375494,253,0.35138888888888886
504,2012-07-01,17.332293483146067,89,0.1196236559139785
504,2012-08-01,13.129272468086253,742,0.9973118279569892
504,2012-09-01,11.525686162500001,720,1.0
504,2012-10-01,8.434566250472335,741,0.9959677419354839
504,2012-11-01,10.273748745277778,720,1.0
504,2012-12-01,8.443241724038462,728,0.978494623655914
504,2013-01-01,9.843057524910837,729,0.9798387096774194
504,2013-02-01,11.670786889880953,672,1.0
504,2013-03-01,13.786819528011204,714,0.9596774193548387
504,2013-04-01,15.295932243401761,682,0.9472222222222222
504,2013-05-01,14.25774737658674,709,0.9529569892473119
504,2013-06-01,18.047412739916552,719,0.9986111111111111
504,2013-07-01,12.221427991935485,744,1.0
504,2013-08-01,15.696086625344352,726,0.9758064516129032
504,2013-09-01,13.036109736111111,720,1.0
504,2013-10-01,11.62493006048387,744,1.0
504,2013-11-01,10.276612628735954,712,0.9888888888888889
504,2013-12-01,12.618916096774194,744,1.0
504,2014-01-01,12.692948387096774,744,1.0
504,2014-02-01,11.38567560049403,670,0.9970238095238095
504,2014-03-01,12.276282056451613,744,1.0
504,2014-04-01,15.933350372222224,720,1.0
504,2014-05-01,15.720964782526881,744,1.0
504,2014-06-01,12.929224598597223,720,1.0
504,2014-07-01,13.516974660349463,744,1.0
504,2014-08-01,12.61574127179232,703,0.9448924731182796
504,2014-09-01,7.135925736801113,719,0.9986111111111111
504,2014-10-01,9.21073456917456,739,0.9932795698924731
504,2014-11-01,8.211639915899582,717,0.9958333333333333
504,2014-12-01,7.929376348183041,743,0.9986559139784946
504,2015-01-01,10.320783960674763,741,0.9959677419354839
504,2015-02-01,12.4083426012012,666,0.9910714285714286
504,2015-03-01,10.763819672458101,716,0.9623655913978495
504,2015-04-01,13.60054507103064,718,0.9972222222222222
504,2015-05-01,14.142352452835052,582,0.782258064516129
504,2015-06-01,21.23441168804665,686,0.9527777777777777
504,2015-07-01,18.042384303756908,724,0.9731182795698925
504,2015-08-01,13.722244150693548,744,1.0
504,2015-09-01,12.168927042878476,683,0.9486111111111111
504,2015-10-01,9.594557114428572,742,0.9973118279569892
504,2015-11-01,11.606236897911142,718,0.9972222222222222
504,2015-12-01,13.263554415630791,734,0.9865591397849462
504,2016-01-01,12.80647828208602,744,1.0
504,2016-02-01,15.25051633146408,696,1.0
504,2016-03-01,19.624522581975807,744,1.0
504,2016-04-01,15.333909948888888,720,1.0
504,2016-05-01,17.690910870215056,744,1.0
504,2016-06-01,23.032306550330084,718,0.9972222222222222
504,2016-07-01,17.803009199481377,698,0.9381720430107527
504,2016-08-01,16.988026209018816,744,1.0
504,2016-09-01,18.831598917245763,708,0.9833333333333333
504,2016-10-01,12.709657678345527,738,0.9919354838709677
504,2016-11-01,11.795273012361111,720,1.0
504,2016-12-01,11.11562759260274,730,0.9811827956989247
504,2017-01-01,16.60176743642473,744,1.0
504,2017-02-01,11.55538034782738,672,1.0
504,2017-03-01,12.581116682513441,744,1.0
504,2017-04-01,12.717395791666668,720,1.0
504,2017-05-01,12.492286115007012,713,0.9583333333333334
504,2017-06-01,12.167364016736402,717,0.9958333333333333
504,2017-07-01,14.806993006993007,715,0.9610215053763441
504,2017-08-01,10.76210235131397,723,0.9717741935483871
504,2017-09-01,12.229018492176387,703,0.9763888888888889
504,2017-10-01,11.158602150537634,744,1.0
504,2017-11-01,11.9625,720,1.0
504,2017-12-01,11.31989247311828,744,1.0
504,2018-01-01,11.260752688172044,744,1.0
504,2018-02-01,12.652503793626707,659,0.9806547619047619
504,2018-03-01,12.573632538569425,713,0.9583333333333334
504,2018-04-01,13.462962962962964,702,0.975
504,2018-05-01,18.154160982264667,733,0.9852150537634409
504,2018-06-01,16.92466765140325,677,0.9402777777777778
504,2018-07-01,13.563013698630137,730,0.9811827956989247
504,2018-08-01,15.152702702702703,740,0.9946236559139785
504,2018-09-01,11.897222222222222,720,1.0
504,2018-10-01,8.600806451612904,744,1.0
504,2018-11-01,10.188888888888888,720,1.0
504,2018-12-01,9.891129032258064,744,1.0
504,2019-01-01,11.350067842605156,737,0.9905913978494624
504,2019-02-01,11.86259541984733,655,0.9747023809523809
504,2019-03-01,13.127371273712738,738,0.9919354838709677
504,2019-04-01,14.401960784313726,714,0.9916666666666667
504,2019-05-01,13.382234185733513,743,0.9986559139784946
504,2019-06-01,11.736151603498543,686,0.9527777777777777
504,2019-07-01,16.275449101796408,668,0.8978494623655914
504,2019-08-01,16.107828655834563,677,0.9099462365591398
504,2019-09-01,11.96979865771812,596,0.8277777777777777
504,2019-10-01,10.005427408412483,737,0.9905913978494624
504,2019-11-01,10.950284090909092,704,0.9777777777777777
504,2019-12-01,11.265840220385675,726,0.9758064516129032
504,2020-01-01,10.569424964936886,713,0.9583333333333334
504,2020-02-01,11.05076923076923,650,0.9339080459770115
504,2020-03-01,10.41168091168091,702,0.9435483870967742
504,2020-04-01,13.662790697674419,688,0.9555555555555556
504,2020-05-01,14.045977011494253,696,0.9354838709677419
504,2020-06-01,10.004552352048558,659,0.9152777777777777
504,2020-07-01,9.525147928994082,676,0.9086021505376344
504,2020-08-01,9.87018544935806,701,0.9422043010752689
504,2020-09-01,10.964860907759883,683,0.9486111111111111
504,2020-10-01,12.572857142857142,700,0.9408602150537635
504,2020-11-01,10.114285714285714,665,0.9236111111111112
504,2020-12-01,11.152647975077882,642,0.8629032258064516
504,2021-01-01,12.825471698113208,636,0.8548387096774194
504,2021-02-01,10.993243243243244,592,0.8809523809523809
504,2021-03-01,12.639423076923077,624,0.8387096774193549
504,2021-04-01,14.504807692307692,624,0.8666666666666667
504,2021-05-01,15.6794682422452,677,0.9099462365591398
504,2021-06-01,12.14507042253521,710,0.9861111111111112
504,2021-07-01,14.939890710382514,732,0.9838709677419355
504,2021-08-01,12.363762102351314,723,0.9717741935483871
504,2021-09-01,9.358789625360231,694,0.9638888888888889
504,2021-10-01,10.395890410958904,730,0.9811827956989247
504,2021-11-01,10.085227272727273,704,0.9777777777777777
504,2021-12-01,9.221768707482994,735,0.9879032258064516
504,2022-01-01,9.164642375168691,741,0.9959677419354839
504,2022-02-01,11.955725190839695,655,0.9747023809523809
504,2022-03-01,14.487179487179487,741,0.9959677419354839
504,2022-04-01,13.233231707317072,656,0.9111111111111111
504,2022-05-01,16.039455782312924,735,0.9879032258064516
504,2022-06-01,10.489913544668587,694,0.9638888888888889
504,2022-07-01,9.372197309417041,669,0.8991935483870968
504,2022-08-01,11.396481732070365,739,0.9932795698924731
504,2022-09-01,8.671309192200557,718,0.9972222222222222
504,2022-10-01,8.21651090342679,642,0.8629032258064516
504,2022-11-01,10.863772455089821,668,0.9277777777777778
504,2022-12-01,12.53399433427762,706,0.9489247311827957
504,2023-01-01,13.507649513212796,719,0.9663978494623656
504,2023-02-01,24.978021978021978,637,0.9479166666666666
504,2023-03-01,18.73308270676692,532,0.7150537634408602
504,2023-04-01,16.802568218298557,623,0.8652777777777778
504,2023-05-01,19.743626062322946,706,0.9489247311827957
504,2023-06-01,13.660458452722063,698,0.9694444444444444
504,2023-07-01,11.08498583569405,706,0.9489247311827957
504,2023-08-01,10.594670406732117,713,0.9583333333333334
504,2023-09-01,9.212078651685394,712,0.9888888888888889
504,2023-10-01,10.69482288828338,734,0.9865591397849462
504,2023-11-01,9.198033707865168,712,0.9888888888888889
504,2023-12-01,11.209722222222222,720,0.967741935483871
504,2024-01-01,11.103496503496503,715,0.9610215053763441
504,2024-02-01,11.937205651491366,637,0.9152298850574713
504,2024-03-01,12.762803234501348,742,0.9973118279569892
504,2024-04-01,11.78014184397163,705,0.9791666666666666
504,2024-05-01,13.715469613259668,724,0.9731182795698925
504,2024-06-01,11.213728549141965,641,0.8902777777777777
504,2024-07-01,19.686141304347824,736,0.989247311827957
504,2024-08-01,11.811510791366906,695,0.9341397849462365
504,2024-09-01,12.533613445378151,714,0.9916666666666667
504,2024-10-01,9.601659751037344,723,0.9717741935483871
504,2024-11-01,12.613861386138614,707,0.9819444444444444
504,2024-12-01,12.64945652173913,736,0.989247311827957
504,2025-01-01,11.23045267489712,729,0.9798387096774194
504,2025-02-01,13.383561643835616,657,0.9776785714285714
504,2025-03-01,13.077574047954865,709,0.9529569892473119
504,2025-04-01,12.931993817619784,647,0.8986111111111111
504,2025-05-01,15.94556765163297,643,0.864247311827957
504,2025-06-01,16.993569131832796,622,0.8638888888888889
504,2025-07-01,16.65616045845272,698,0.9381720430107527
504,2025-08-01,12.5,660,0.8870967741935484
504,2025-09-01,11.824695121951219,656,0.9111111111111111
504,2025-10-01,11.875,712,0.956989247311828
504,2025-11-01,10.513868613138687,685,0.9513888888888888
504,2025-12-01,10.49519890260631,729,0.9798387096774194
504,2026-01-01,11.87517146776406,729,0.9798387096774194
504,2026-02-01,12.145962732919255,644,0.9583333333333334
504,2026-03-01,12.067123287671233,730,0.9811827956989247
504,2026-04-01,13.226744186046512,688,0.9555555555555556
504,2026-05-01,17.397454031117398,707,0.9502688172043011
504,2026-06-01,16.634722222222223,720,1.0
504,2026-07-01,11.763765541740675,563,0.7567204301075269
504,2026-08-01,8.907563025210084,119,0.15994623655913978
504,2026-09-01,5.717171717171717,198,0.275
505,2016-01-01,32.1302,1,0.0013440860215053765
505,2016-02-01,14.548447378612716,692,0.9942528735632183
505,2016-03-01,17.19721214864865,740,0.9946236559139785
505,2016-04-01,14.354859578859527,719,0.9986111111111111
505,2016-05-01,19.246395614550483,723,0.9717741935483871
505,2016-06-01,31.43174141605932,708,0.9833333333333333
505,2016-07-01,22.5503949995283,742,0.9973118279569892
505,2016-08-01,19.591016063730244,734,0.9865591397849462
505,2016-09-01,18.512562652222222,720,1.0
505,2016-10-01,12.58516701344086,744,1.0
505,2016-11-01,13.073797116016713,718,0.9972222222222222
505,2016-12-01,8.646455069097035,742,0.9973118279569892
505,2017-01-01,21.507287947580643,744,1.0
505,2017-02-01,13.790348867559524,672,1.0
505,2017-03-01,14.209067701612904,744,1.0
505,2017-04-01,14.555971541607898,709,0.9847222222222223
505,2017-05-01,15.616935483870968,744,1.0
505,2017-06-01,17.030598052851182,719,0.9986111111111111
505,2017-07-01,19.786290322580644,744,1.0
505,2017-08-01,12.53494623655914,744,1.0
505,2017-09-01,12.6125,720,1.0
505,2017-10-01,10.16263440860215,744,1.0
505,2017-11-01,12.206008583690988,699,0.9708333333333333
505,2017-12-01,12.825675675675676,740,0.9946236559139785
505,2018-01-01,12.923387096774194,744,1.0
505,2018-02-01,16.59369817578773,603,0.8973214285714286
505,2018-03-01,12.073924731182796,744,1.0
505,2018-04-01,13.630555555555556,720,1.0
505,2018-05-01,18.951923076923077,728,0.978494623655914
505,2018-06-01,24.345070422535212,710,0.9861111111111112
505,2018-07-01,19.004032258064516,744,1.0
505,2018-08-01,18.561827956989248,744,1.0
505,2018-09-01,12.894444444444444,720,1.0
505,2018-10-01,9.26747311827957,744,1.0
505,2018-11-01,8.848611111111111,720,1.0
505,2018-12-01,9.540322580645162,744,1.0
505,2019-01-01,11.091530054644808,732,0.9838709677419355
505,2019-02-01,12.291044776119403,670,0.9970238095238095
505,2019-03-01,14.276881720430108,744,1.0
505,2019-04-01,15.956944444444444,720,1.0
505,2019-05-01,16.09659863945578,735,0.9879032258064516
505,2019-06-01,16.38718662952646,718,0.9972222222222222
505,2019-07-01,21.279132791327914,738,0.9919354838709677
505,2019-08-01,17.090784044016505,727,0.9771505376344086
505,2019-09-01,11.880057803468208,692,0.9611111111111111
505,2019-10-01,10.830623306233063,738,0.9919354838709677
505,2019-11-01,12.912981455064195,701,0.9736111111111111
505,2019-12-01,12.30945945945946,740,0.9946236559139785
505,2020-01-01,12.76027397260274,730,0.9811827956989247
505,2020-02-01,13.668587896253602,694,0.9971264367816092
505,2020-03-01,11.888140161725067,742,0.9973118279569892
505,2020-04-01,15.72829131652661,714,0.9916666666666667
505,2020-05-01,18.647058823529413,714,0.9596774193548387
505,2020-06-01,17.57934131736527,668,0.9277777777777778
505,2020-07-01,17.182191780821917,730,0.9811827956989247
505,2020-08-01,15.964432284541724,731,0.9825268817204301
505,2020-09-01,13.205056179775282,712,0.9888888888888889
505,2020-10-01,12.254742547425474,738,0.9919354838709677
505,2020-11-01,11.141643059490084,706,0.9805555555555555
505,2020-12-01,11.816076294277929,734,0.9865591397849462
505,2021-01-01,13.184357541899441,716,0.9623655913978495
505,2021-02-01,13.984238178633975,571,0.8497023809523809
505,2021-03-01,12.022284122562674,718,0.9650537634408602
505,2021-04-01,13.57819225251076,697,0.9680555555555556
505,2021-05-01,18.963788300835656,718,0.9650537634408602
505,2021-06-01,17.039244186046513,688,0.9555555555555556
505,2021-07-01,21.80848153214774,731,0.9825268817204301
505,2021-08-01,18.40633608815427,726,0.9758064516129032
505,2021-09-01,12.443971631205674,705,0.9791666666666666
505,2021-10-01,11.398884239888424,717,0.9637096774193549
505,2021-11-01,11.33530280649926,677,0.9402777777777778
505,2021-12-01,11.053008595988539,698,0.9381720430107527
505,2022-01-01,10.851092896174864,732,0.9838709677419355
505,2022-02-01,13.245083207261725,661,0.9836309523809523
505,2022-03-01,14.497282608695652,736,0.989247311827957
505,2022-04-01,14.941258741258741,715,0.9930555555555556
505,2022-05-01,22.262228260869566,736,0.989247311827957
505,2022-06-01,19.211309523809526,672,0.9333333333333333
505,2022-07-01,19.16522988505747,696,0.9354838709677419
505,2022-08-01,21.114911080711355,731,0.9825268817204301
505,2022-09-01,14.937940761636106,709,0.9847222222222223
505,2022-10-01,12.043360433604336,738,0.9919354838709677
505,2022-11-01,10.461876832844574,682,0.9472222222222222
505,2022-12-01,13.561141304347826,736,0.989247311827957
505,2023-01-01,12.794871794871796,741,0.9959677419354839
505,2023-02-01,20.99702380952381,672,1.0
505,2023-03-01,13.431880108991825,734,0.9865591397849462
505,2023-04-01,14.221288515406162,714,0.9916666666666667
505,2023-05-01,20.235772357723576,738,0.9919354838709677
505,2023-06-01,18.137062937062936,715,0.9930555555555556
505,2023-07-01,16.195561719833563,721,0.9690860215053764
505,2023-08-01,12.508795669824087,739,0.9932795698924731
505,2023-09-01,12.222689075630251,714,0.9916666666666667
505,2023-10-01,12.09274193548387,744,1.0
505,2023-11-01,10.28111888111888,715,0.9930555555555556
505,2023-12-01,11.529172320217096,737,0.9905913978494624
505,2024-01-01,13.144611186903138,733,0.9852150537634409
505,2024-02-01,15.281155015197568,658,0.9454022988505747
505,2024-03-01,14.33240997229917,722,0.9704301075268817
505,2024-04-01,14.094575799721836,719,0.9986111111111111
505,2024-05-01,18.152909336941814,739,0.9932795698924731
505,2024-06-01,16.187679083094554,698,0.9694444444444444
505,2024-07-01,25.459644322845417,731,0.9825268817204301
505,2024-08-01,15.156889495225103,733,0.9852150537634409
505,2024-09-01,13.978571428571428,700,0.9722222222222222
505,2024-10-01,9.534693877551021,735,0.9879032258064516
505,2024-11-01,16.313291139240505,632,0.8777777777777778
505,2024-12-01,17.874564459930312,574,0.771505376344086
505,2025-01-01,10.808633093525179,695,0.9341397849462365
505,2025-02-01,10.657894736842104,646,0.9613095238095238
505,2025-03-01,14.89247311827957,744,1.0
505,2025-04-01,13.78442280945758,719,0.9986111111111111
505,2025-05-01,21.304347826086957,667,0.896505376344086
505,2025-06-01,35.85933147632312,718,0.9972222222222222
505,2025-07-01,33.5188679245283,742,0.9973118279569892
505,2025-08-01,20.353099730458222,742,0.9973118279569892
505,2025-09-01,14.890277777777778,720,1.0
505,2025-10-01,12.088709677419354,744,1.0
505,2025-11-01,10.863955119214586,713,0.9902777777777778
505,2025-12-01,11.461021505376344,744,1.0
505,2026-01-01,12.673387096774194,744,1.0
505,2026-02-01,11.047619047619047,672,1.0
505,2026-03-01,11.940860215053764,744,1.0
505,2026-04-01,16.003629764065337,551,0.7652777777777777
505,2026-05-01,30.05510752688172,744,1.0
505,2026-06-01,23.735294117647058,646,0.8972222222222223
505,2026-07-01,17.63960113960114,702,0.9435483870967742
505,2026-08-01,13.938172043010752,744,1.0
505,2026-09-01,10.936758893280633,253,0.35138888888888886
509,2016-03-01,16.188742820189272,317,0.4260752688172043
509,2016-04-01,12.815651716374271,684,0.95
509,2016-05-01,21.415257935779817,654,0.8790322580645161
509,2016-06-01,32.10994694323144,687,0.9541666666666667
509,2016-07-01,23.50859202976996,739,0.9932795698924731
509,2016-08-01,17.766540095108695,736,0.989247311827957
509,2016-09-01,18.68951864214993,707,0.9819444444444444
509,2016-10-01,11.962347372789115,735,0.9879032258064516
509,2016-11-01,12.595705244411327,671,0.9319444444444445
509,2016-12-01,14.9659323816156,718,0.9650537634408602
509,2017-01-01,23.20728004636785,647,0.8696236559139785
509,2017-02-01,13.58466343431221,647,0.9627976190476191
509,2017-03-01,13.71596894736842,722,0.9704301075268817
509,2017-04-01,16.0596711994003,667,0.9263888888888889
509,2017-05-01,18.387543252595155,578,0.7768817204301075
509,2017-06-01,20.62371888726208,683,0.9486111111111111
509,2017-07-01,23.761111111111113,720,0.967741935483871
509,2017-08-01,18.783448275862067,725,0.9744623655913979
509,2017-09-01,18.669540229885058,696,0.9666666666666667
509,2017-10-01,13.649171270718233,724,0.9731182795698925
509,2017-11-01,16.928977272727273,704,0.9777777777777777
509,2017-12-01,21.008534850640114,703,0.9448924731182796
509,2018-01-01,24.421296296296298,648,0.8709677419354839
509,2018-02-01,24.982788296041306,581,0.8645833333333334
509,2018-03-01,14.012396694214877,726,0.9758064516129032
509,2018-04-01,16.44640234948605,681,0.9458333333333333
509,2018-05-01,19.62608695652174,690,0.9274193548387096
509,2018-06-01,24.765243902439025,656,0.9111111111111111
509,2018-07-01,20.49586776859504,726,0.9758064516129032
509,2018-08-01,17.795833333333334,720,0.967741935483871
509,2018-09-01,17.27816411682893,719,0.9986111111111111
509,2018-10-01,14.46693657219973,741,0.9959677419354839
509,2018-11-01,15.277545327754533,717,0.9958333333333333
509,2018-12-01,10.014804845222073,743,0.9986559139784946
509,2019-01-01,11.971621621621622,740,0.9946236559139785
509,2019-02-01,13.361607142857142,672,1.0
509,2019-03-01,13.594086021505376,744,1.0
509,2019-04-01,16.943055555555556,720,1.0
509,2019-05-01,17.911051212938006,742,0.9973118279569892
509,2019-06-01,17.525,720,1.0
509,2019-07-01,20.21592442645074,741,0.9959677419354839
509,2019-08-01,16.765765765765767,666,0.8951612903225806
509,2019-09-01,9.778649921507064,637,0.8847222222222222
509,2019-10-01,8.373313343328336,667,0.896505376344086
509,2019-11-01,10.083462132921175,647,0.8986111111111111
509,2019-12-01,9.094476744186046,688,0.9247311827956989
509,2020-01-01,9.63245492371706,721,0.9690860215053764
509,2020-02-01,10.13595166163142,662,0.9511494252873564
509,2020-03-01,8.619456366237483,699,0.9395161290322581
509,2020-04-01,11.377492877492877,702,0.975
509,2020-05-01,12.847503373819164,741,0.9959677419354839
509,2020-06-01,11.95,660,0.9166666666666666
509,2020-07-01,11.376891334250343,727,0.9771505376344086
509,2020-08-01,10.958620689655172,725,0.9744623655913979
509,2020-09-01,11.075524475524476,715,0.9930555555555556
509,2020-10-01,9.114285714285714,735,0.9879032258064516
509,2020-11-01,8.075301204819278,664,0.9222222222222223
509,2020-12-01,7.524339360222531,719,0.9663978494623656
509,2021-01-01,10.528455284552846,738,0.9919354838709677
509,2021-02-01,8.793363499245853,663,0.9866071428571429
509,2021-03-01,9.38978494623656,744,1.0
509,2021-04-01,11.63888888888889,720,1.0
509,2021-05-01,15.051075268817204,744,1.0
509,2021-06-01,14.965166908563136,689,0.9569444444444445
509,2021-07-01,17.866756393001346,743,0.9986559139784946
509,2021-08-01,15.414402173913043,736,0.989247311827957
509,2021-09-01,10.466947960618846,711,0.9875
509,2021-10-01,12.037087912087912,728,0.978494623655914
509,2021-11-01,10.804809052333805,707,0.9819444444444444
509,2021-12-01,11.384097035040432,742,0.9973118279569892
509,2022-01-01,10.474898236092265,737,0.9905913978494624
509,2022-02-01,12.18955223880597,670,0.9970238095238095
509,2022-03-01,13.933962264150944,742,0.9973118279569892
509,2022-04-01,13.995810055865922,716,0.9944444444444445
509,2022-05-01,20.269601100412654,727,0.9771505376344086
509,2022-06-01,16.42837273991655,719,0.9986111111111111
509,2022-07-01,14.331043956043956,728,0.978494623655914
509,2022-08-01,14.459940652818991,674,0.9059139784946236
509,2022-09-01,11.75944055944056,715,0.9930555555555556
509,2022-10-01,10.591776798825258,681,0.9153225806451613
509,2022-11-01,10.267409470752089,718,0.9972222222222222
509,2022-12-01,12.012328767123288,730,0.9811827956989247
509,2023-01-01,11.527027027027026,740,0.9946236559139785
509,2023-02-01,17.59722222222222,648,0.9642857142857143
509,2023-03-01,12.59274193548387,744,1.0
509,2023-04-01,13.242209631728045,706,0.9805555555555555
509,2023-05-01,16.666206896551724,725,0.9744623655913979
509,2023-06-01,15.266666666666667,690,0.9583333333333334
509,2023-07-01,13.492597577388963,743,0.9986559139784946
509,2023-08-01,10.132075471698114,742,0.9973118279569892
509,2023-09-01,10.263233190271817,699,0.9708333333333333
509,2023-10-01,8.015320334261839,718,0.9650537634408602
509,2023-11-01,8.800285306704708,701,0.9736111111111111
509,2023-12-01,8.77366255144033,729,0.9798387096774194
509,2024-01-01,10.046989720998532,681,0.9153225806451613
509,2024-02-01,10.591654247391952,671,0.9640804597701149
509,2024-03-01,10.716459197786998,723,0.9717741935483871
509,2024-04-01,11.271570014144272,707,0.9819444444444444
509,2024-05-01,14.618257261410788,723,0.9717741935483871
509,2024-06-01,13.613670133729569,673,0.9347222222222222
509,2024-07-01,19.443548387096776,744,1.0
509,2024-08-01,11.78720445062587,719,0.9663978494623656
509,2024-09-01,10.9576802507837,638,0.8861111111111111
509,2024-10-01,9.810178817056396,727,0.9771505376344086
509,2024-11-01,9.975539568345324,695,0.9652777777777778
509,2024-12-01,9.984700973574409,719,0.9663978494623656
509,2025-01-01,9.962209302325581,688,0.9247311827956989
509,2025-02-01,13.116883116883116,616,0.9166666666666666
509,2025-03-01,16.485232067510548,711,0.9556451612903226
509,2025-04-01,15.814598540145985,685,0.9513888888888888
509,2025-05-01,21.58231292517007,735,0.9879032258064516
509,2025-06-01,25.553008595988537,698,0.9694444444444444
509,2025-07-01,22.254166666666666,720,0.967741935483871
509,2025-08-01,15.950911640953716,713,0.9583333333333334
509,2025-09-01,14.651917404129794,678,0.9416666666666667
509,2025-10-01,14.658573596358119,659,0.885752688172043
509,2025-11-01,12.71033478893741,687,0.9541666666666667
509,2025-12-01,12.874818049490539,687,0.9233870967741935
509,2026-01-01,14.16338880484115,661,0.8884408602150538
509,2026-02-01,13.392727272727273,550,0.8184523809523809
509,2026-03-01,13.686011904761905,672,0.9032258064516129
509,2026-04-01,15.867283950617283,648,0.9
509,2026-05-01,24.741477272727273,704,0.946236559139785
509,2026-06-01,24.296240601503758,665,0.9236111111111112
509,2026-07-01,23.310408921933085,538,0.7231182795698925
509,2026-08-01,23.01673640167364,478,0.6424731182795699
509,2026-09-01,15.434456928838951,267,0.37083333333333335
513,2019-03-01,9.5,2,0.002688172043010753
513,2019-04-01,23.546592489568845,719,0.9986111111111111
513,2019-05-01,25.47972972972973,740,0.9946236559139785
513,2019-06-01,34.15159944367176,719,0.9986111111111111
513,2019-07-01,42.07300275482093,726,0.9758064516129032
513,2019-08-01,25.22222222222222,738,0.9919354838709677
513,2019-09-01,16.33736762481089,661,0.9180555555555555
513,2019-10-01,10.96602658788774,677,0.9099462365591398
513,2019-11-01,15.180806675938804,719,0.9986111111111111
513,2019-12-01,10.944444444444445,738,0.9919354838709677
513,2020-01-01,10.664872139973083,743,0.9986559139784946
513,2020-02-01,11.057720057720058,693,0.9956896551724138
513,2020-03-01,11.041722745625842,743,0.9986559139784946
513,2020-04-01,17.71932299012694,709,0.9847222222222223
513,2020-05-01,23.901881720430108,744,1.0
513,2020-06-01,31.819327731092436,714,0.9916666666666667
513,2020-07-01,33.10363391655451,743,0.9986559139784946
513,2020-08-01,25.66715328467153,685,0.9206989247311828
513,2020-09-01,18.81388888888889,720,1.0
513,2020-10-01,13.608163265306123,735,0.9879032258064516
513,2020-11-01,10.752461322081576,711,0.9875
513,2020-12-01,11.124156545209177,741,0.9959677419354839
513,2021-01-01,17.12855209742896,739,0.9932795698924731
513,2021-02-01,12.15223880597015,670,0.9970238095238095
513,2021-03-01,13.795640326975477,734,0.9865591397849462
513,2021-04-01,18.431754874651812,718,0.9972222222222222
513,2021-05-01,27.885402455661666,733,0.9852150537634409
513,2021-06-01,28.9438202247191,712,0.9888888888888889
513,2021-07-01,41.30332409972299,722,0.9704301075268817
513,2021-08-01,30.858490566037737,742,0.9973118279569892
513,2021-09-01,14.692196531791907,692,0.9611111111111111
513,2021-10-01,9.574898785425102,741,0.9959677419354839
513,2021-11-01,8.662030598052851,719,0.9986111111111111
513,2021-12-01,8.216178521617852,717,0.9637096774193549
513,2022-01-01,4.224299065420561,642,0.8629032258064516
513,2022-02-01,9.029900332225914,602,0.8958333333333334
513,2022-03-01,12.899449035812673,726,0.9758064516129032
513,2022-04-01,18.189522342064716,649,0.9013888888888889
513,2022-05-01,37.43001443001443,693,0.9314516129032258
513,2022-06-01,33.53907496012759,627,0.8708333333333333
513,2022-07-01,30.04323570432357,717,0.9637096774193549
513,2022-08-01,26.119791666666668,192,0.25806451612903225
513,2022-09-01,15.631160572337043,629,0.8736111111111111
513,2022-10-01,7.93519882179676,679,0.9126344086021505
513,2022-11-01,6.757281553398058,618,0.8583333333333333
513,2022-12-01,9.754957507082153,706,0.9489247311827957
513,2023-01-01,8.535864978902953,711,0.9556451612903226
513,2023-02-01,18.13981762917933,658,0.9791666666666666
513,2023-03-01,9.538062283737025,578,0.7768817204301075
513,2023-04-01,13.35423197492163,638,0.8861111111111111
513,2023-05-01,27.146776406035666,729,0.9798387096774194
513,2023-06-01,28.368200836820083,717,0.9958333333333333
513,2023-07-01,26.654232424677186,697,0.9368279569892473
513,2023-08-01,16.703703703703702,675,0.907258064516129
513,2023-09-01,12.337243401759531,682,0.9472222222222222
513,2023-10-01,12.396200814111262,737,0.9905913978494624
513,2023-11-01,8.439372325249643,701,0.9736111111111111
513,2023-12-01,8.22475106685633,703,0.9448924731182796
513,2024-01-01,9.0,719,0.9663978494623656
513,2024-02-01,9.425925925925926,594,0.853448275862069
513,2024-03-01,11.458987783595113,573,0.7701612903225806
513,2024-04-01,14.714285714285714,546,0.7583333333333333
513,2024-05-01,29.26869806094183,722,0.9704301075268817
513,2024-06-01,24.882608695652173,690,0.9583333333333334
513,2024-07-01,41.629834254143645,724,0.9731182795698925
513,2024-08-01,21.40544217687075,735,0.9879032258064516
513,2024-09-01,14.09483960948396,717,0.9958333333333333
513,2024-10-01,7.976056338028169,710,0.9543010752688172
513,2024-11-01,7.568011958146487,669,0.9291666666666667
513,2024-12-01,8.655667144906744,697,0.9368279569892473
513,2025-01-01,7.8302158273381295,695,0.9341397849462365
513,2025-02-01,11.076687116564417,652,0.9702380952380952
513,2025-03-01,11.047819971870604,711,0.9556451612903226
513,2025-04-01,13.106858054226475,627,0.8708333333333333
513,2025-05-01,24.100271002710027,369,0.4959677419354839
513,2025-06-01,40.89473684210526,247,0.34305555555555556
513,2025-07-01,31.341961852861036,734,0.9865591397849462
513,2025-08-01,17.063063063063062,666,0.8951612903225806
513,2025-09-01,8.782679738562091,612,0.85
513,2025-10-01,6.884310618066561,631,0.8481182795698925
513,2025-11-01,5.112932604735883,549,0.7625
513,2025-12-01,4.984526112185686,517,0.6948924731182796
513,2026-01-01,6.583333333333333,492,0.6612903225806451
513,2026-02-01,5.276923076923077,390,0.5803571428571429
513,2026-03-01,7.696787148594377,498,0.6693548387096774
513,2026-04-01,9.539781591263651,641,0.8902777777777777
513,2026-05-01,24.465217391304346,690,0.9274193548387096
513,2026-06-01,32.04741980474198,717,0.9958333333333333
513,2026-07-01,21.301652892561982,726,0.9758064516129032
513,2026-08-01,15.891632373113854,729,0.9798387096774194
513,2026-09-01,10.249190938511326,309,0.42916666666666664
514,2019-03-01,7.0,2,0.002688172043010753
514,2019-04-01,20.21478382147838,717,0.9958333333333333
514,2019-05-01,21.021592442645073,741,0.9959677419354839
514,2019-06-01,34.107093184979135,719,0.9986111111111111
514,2019-07-01,30.466124661246614,738,0.9919354838709677
514,2019-08-01,21.23004059539919,739,0.9932795698924731
514,2019-09-01,13.586255259467041,713,0.9902777777777778
514,2019-10-01,10.778611632270168,533,0.7163978494623656
514,2019-11-01,14.219749652294855,719,0.9986111111111111
514,2019-12-01,10.89851150202977,739,0.9932795698924731
514,2020-01-01,11.293405114401077,743,0.9986559139784946
514,2020-02-01,11.132564841498558,694,0.9971264367816092
514,2020-03-01,11.408192090395481,708,0.9516129032258065
514,2020-04-01,16.301659125188536,663,0.9208333333333333
514,2020-05-01,22.348586810228802,743,0.9986559139784946
514,2020-06-01,25.705539358600582,686,0.9527777777777777
514,2020-07-01,21.82456140350877,741,0.9959677419354839
514,2020-08-01,19.0,736,0.989247311827957
514,2020-09-01,14.316473988439306,692,0.9611111111111111
514,2020-10-01,11.926027397260274,730,0.9811827956989247
514,2020-11-01,10.037868162692847,713,0.9902777777777778
514,2020-12-01,9.858870967741936,744,1.0
514,2021-01-01,13.551532033426184,718,0.9650537634408602
514,2021-02-01,6.170278637770898,646,0.9613095238095238
514,2021-03-01,12.499319727891157,735,0.9879032258064516
514,2021-04-01,17.21478382147838,717,0.9958333333333333
514,2021-05-01,22.994277539341915,699,0.9395161290322581
514,2021-06-01,23.3643949930459,719,0.9986111111111111
514,2021-07-01,34.37601078167116,742,0.9973118279569892
514,2021-08-01,28.887978142076502,732,0.9838709677419355
514,2021-09-01,12.947222222222223,720,1.0
514,2021-10-01,11.033485540334855,657,0.8830645161290323
514,2021-11-01,10.023776223776224,715,0.9930555555555556
514,2021-12-01,9.725915875169607,737,0.9905913978494624
514,2022-01-01,5.55503144654088,636,0.8548387096774194
514,2022-02-01,8.94556765163297,643,0.9568452380952381
514,2022-03-01,13.422764227642276,738,0.9919354838709677
514,2022-04-01,15.868898186889819,717,0.9958333333333333
514,2022-05-01,31.62972972972973,740,0.9946236559139785
514,2022-06-01,27.901408450704224,710,0.9861111111111112
514,2022-07-01,22.614864864864863,740,0.9946236559139785
514,2022-08-01,27.19781718963165,733,0.9852150537634409
514,2022-09-01,15.490934449093444,717,0.9958333333333333
514,2022-10-01,10.205761316872428,729,0.9798387096774194
514,2022-11-01,9.640113798008535,703,0.9763888888888889
514,2022-12-01,12.341430499325236,741,0.9959677419354839
514,2023-01-01,10.468579234972678,732,0.9838709677419355
514,2023-02-01,19.638364779874212,636,0.9464285714285714
514,2023-03-01,11.893877551020408,735,0.9879032258064516
514,2023-04-01,16.326589595375722,692,0.9611111111111111
514,2023-05-01,25.826458036984352,703,0.9448924731182796
514,2023-06-01,24.89718309859155,710,0.9861111111111112
514,2023-07-01,25.03392130257802,737,0.9905913978494624
514,2023-08-01,17.629943502824858,708,0.9516129032258065
514,2023-09-01,14.781997187060478,711,0.9875
514,2023-10-01,13.272972972972973,740,0.9946236559139785
514,2023-11-01,9.310136157337368,661,0.9180555555555555
514,2023-12-01,10.979495268138802,634,0.8521505376344086
514,2024-01-01,9.099836333878887,611,0.821236559139785
514,2024-02-01,8.293577981651376,545,0.7830459770114943
514,2024-03-01,11.88076923076923,520,0.6989247311827957
514,2024-04-01,15.991364421416234,579,0.8041666666666667
514,2024-05-01,27.743338008415147,713,0.9583333333333334
514,2024-06-01,27.39275766016713,718,0.9972222222222222
514,2024-07-01,39.73351278600269,743,0.9986559139784946
514,2024-08-01,21.915629322268327,723,0.9717741935483871
514,2024-09-01,19.66431593794076,709,0.9847222222222223
514,2024-10-01,11.716016150740241,743,0.9986559139784946
514,2024-11-01,11.159253945480632,697,0.9680555555555556
514,2024-12-01,13.435483870967742,744,1.0
514,2025-01-01,12.276005547850207,721,0.9690860215053764
514,2025-02-01,14.825448613376835,613,0.9122023809523809
514,2025-03-01,12.823214285714286,560,0.7526881720430108
514,2025-04-01,16.597727272727273,440,0.6111111111111112
514,2025-05-01,20.71967654986523,371,0.4986559139784946
514,2025-06-01,30.592039800995025,201,0.2791666666666667
514,2025-07-01,27.32650273224044,732,0.9838709677419355
514,2025-08-01,14.555555555555555,729,0.9798387096774194
514,2025-09-01,9.74563953488372,688,0.9555555555555556
514,2025-10-01,8.34185303514377,626,0.8413978494623656
514,2025-11-01,7.115141955835962,634,0.8805555555555555
514,2025-12-01,8.085195530726256,716,0.9623655913978495
514,2026-01-01,8.748971193415638,729,0.9798387096774194
514,2026-02-01,7.286852589641434,502,0.7470238095238095
514,2026-03-01,9.240231548480462,691,0.928763440860215
514,2026-04-01,12.458100558659218,716,0.9944444444444445
514,2026-05-01,25.849056603773583,742,0.9973118279569892
514,2026-06-01,25.754901960784313,714,0.9916666666666667
514,2026-07-01,20.473227206946454,691,0.928763440860215
514,2026-08-01,10.991712707182321,724,0.9731182795698925
514,2026-09-01,7.462837837837838,296,0.4111111111111111
515,2022-01-01,9.5,4,0.005376344086021506
515,2022-02-01,8.0,1,0.001488095238095238
515,2022-09-01,17.0,3,0.004166666666666667
515,2025-07-01,22.19685039370079,381,0.5120967741935484
515,2025-08-01,12.418338108882521,698,0.9381720430107527
515,2025-09-01,9.13063063063063,666,0.925
515,2025-10-01,8.8353765323993,571,0.7674731182795699
515,2025-11-01,6.5606060606060606,660,0.9166666666666666
515,2025-12-01,8.645776566757494,734,0.9865591397849462
515,2026-01-01,9.67123287671233,730,0.9811827956989247
515,2026-02-01,7.551724137931035,551,0.8199404761904762
515,2026-03-01,8.611570247933884,726,0.9758064516129032
515,2026-04-01,11.853556485355648,717,0.9958333333333333
515,2026-05-01,23.918809201623816,739,0.9932795698924731
515,2026-06-01,23.147353361945637,699,0.9708333333333333
515,2026-07-01,16.535893155258766,599,0.8051075268817204
515,2026-08-01,10.550824175824175,728,0.978494623655914
515,2026-09-01,8.640522875816993,306,0.425
529,2004-12-01,4.9,10,0.013440860215053764
529,2008-07-01,28.338844820143887,139,0.1868279569892473
529,2008-08-01,18.326777377963737,717,0.9637096774193549
529,2008-09-01,17.778550501392758,718,0.9972222222222222
529,2008-10-01,16.17273891242938,708,0.9516129032258065
529,2008-11-01,14.580574107913668,695,0.9652777777777778
529,2008-12-01,13.327498330277779,720,0.967741935483871
529,2009-01-01,19.54645906298003,651,0.875
529,2009-02-01,19.176436851549756,613,0.9122023809523809
529,2009-03-01,23.125113044117647,680,0.9139784946236559
529,2009-04-01,24.985201730769234,676,0.9388888888888889
529,2009-05-01,28.943212967542504,647,0.8696236559139785
529,2009-06-01,44.52091043115438,719,0.9986111111111111
529,2009-07-01,25.126937400537635,744,1.0
529,2009-08-01,23.745321994609164,742,0.9973118279569892
529,2009-09-01,22.04174094416667,720,1.0
529,2009-10-01,17.853947618893386,741,0.9959677419354839
529,2009-11-01,13.35032453388889,720,1.0
529,2009-12-01,19.473115066666665,744,1.0
529,2010-01-01,23.251037785813633,719,0.9663978494623656
529,2010-02-01,18.304729685154975,613,0.9122023809523809
529,2010-03-01,18.63483076851852,648,0.8709677419354839
529,2010-04-01,23.6151054676259,695,0.9652777777777778
529,2011-01-01,23.330230361757106,387,0.5201612903225806
529,2012-08-01,19.249492387843706,691,0.928763440860215
529,2012-09-01,14.94916257660167,718,0.9972222222222222
529,2012-10-01,10.786739548660085,709,0.9529569892473119
529,2012-11-01,11.942535899581591,717,0.9958333333333333
529,2012-12-01,9.592357462482946,733,0.9852150537634409
529,2013-02-01,2.0,1,0.001488095238095238
529,2013-03-01,16.068548387096776,744,1.0
529,2013-04-01,22.867346938775512,588,0.8166666666666667
529,2013-05-01,30.062992125984252,508,0.6827956989247311
529,2013-06-01,25.916666666666668,468,0.65
529,2014-05-01,16.167441860465118,430,0.5779569892473119
529,2014-06-01,26.20707831325301,664,0.9222222222222223
529,2014-07-01,12.75,744,1.0
529,2014-08-01,11.40568681451613,744,1.0
529,2014-09-01,10.277777777777779,720,1.0
529,2014-10-01,8.431163924731184,744,1.0
529,2014-11-01,8.422767458333333,720,1.0
529,2014-12-01,11.15517400843882,474,0.6370967741935484
529,2015-01-01,13.26713553763441,744,1.0
529,2015-02-01,16.383839285714288,672,1.0
529,2015-03-01,21.190649345238096,168,0.22580645161290322
529,2015-04-01,16.624368055555557,720,1.0
529,2015-05-01,16.671087025572007,743,0.9986559139784946
529,2015-06-01,21.037561180555556,720,1.0
529,2015-07-01,20.591050551075266,744,1.0
529,2015-08-01,21.983360409769336,737,0.9905913978494624
529,2015-09-01,27.922464069444445,720,1.0
529,2015-10-01,17.111080175438598,741,0.9959677419354839
529,2015-11-01,20.35361001396648,716,0.9944444444444445
529,2015-12-01,20.817870201612905,744,1.0
529,2016-01-01,19.90576311320755,742,0.9973118279569892
529,2016-02-01,22.702662132564843,694,0.9971264367816092
529,2016-03-01,25.9766225,744,1.0
529,2016-04-01,18.987844863387977,549,0.7625
529,2016-05-01,16.86257744248985,739,0.9932795698924731
529,2016-06-01,24.601582384291728,713,0.9902777777777778
529,2016-07-01,23.279139564032697,734,0.9865591397849462
529,2016-08-01,20.225684220430107,744,1.0
529,2016-09-01,20.27928029288703,717,0.9958333333333333
529,2016-10-01,19.551379756427604,739,0.9932795698924731
529,2016-11-01,19.562346754874653,718,0.9972222222222222
529,2016-12-01,18.05296239247312,744,1.0
529,2017-01-01,28.247449208633096,695,0.9341397849462365
529,2017-02-01,7.591274262295082,671,0.9985119047619048
529,2017-03-01,10.192200257104195,739,0.9932795698924731
529,2017-04-01,10.507029207232268,719,0.9986111111111111
529,2017-05-01,16.645466847090663,739,0.9932795698924731
529,2017-06-01,17.341225626740947,718,0.9972222222222222
529,2017-07-01,16.65069551777434,647,0.8696236559139785
529,2017-08-01,11.355072463768115,690,0.9274193548387096
529,2017-09-01,10.480555555555556,720,1.0
529,2017-10-01,7.689516129032258,744,1.0
529,2017-11-01,8.190277777777778,720,1.0
529,2017-12-01,8.803763440860216,744,1.0
529,2018-01-01,9.111559139784946,744,1.0
529,2018-02-01,9.75223880597015,670,0.9970238095238095
529,2018-03-01,9.920592193808883,743,0.9986559139784946
529,2018-04-01,12.827247191011235,712,0.9888888888888889
529,2018-05-01,17.99865410497981,743,0.9986559139784946
529,2018-06-01,20.979166666666668,720,1.0
529,2018-07-01,16.353494623655912,744,1.0
529,2018-08-01,18.665706051873197,694,0.9327956989247311
529,2018-09-01,11.63888888888889,720,1.0
529,2018-10-01,8.15477792732167,743,0.9986559139784946
529,2018-11-01,8.306944444444444,720,1.0
529,2018-12-01,8.89516129032258,744,1.0
529,2019-01-01,11.200268817204302,744,1.0
529,2019-02-01,11.871747211895912,538,0.8005952380952381
529,2019-03-01,13.65994623655914,744,1.0
529,2019-04-01,19.641666666666666,720,1.0
529,2019-05-01,17.844804318488528,741,0.9959677419354839
529,2019-06-01,15.36144578313253,664,0.9222222222222223
529,2019-07-01,19.535616438356165,730,0.9811827956989247
529,2019-08-01,14.469086021505376,744,1.0
529,2019-09-01,9.981944444444444,720,1.0
529,2019-10-01,9.669354838709678,744,1.0
529,2019-11-01,16.43888888888889,720,1.0
529,2019-12-01,10.086021505376344,744,1.0
529,2020-01-01,10.544354838709678,744,1.0
529,2020-02-01,11.070402298850574,696,1.0
529,2020-03-01,9.603825136612022,732,0.9838709677419355
529,2020-04-01,13.650904033379694,719,0.9986111111111111
529,2020-05-01,16.701612903225808,744,1.0
529,2020-06-01,16.769113149847094,654,0.9083333333333333
529,2020-07-01,14.799731182795698,744,1.0
529,2020-08-01,12.539703903095559,743,0.9986559139784946
529,2020-09-01,12.626760563380282,710,0.9861111111111112
529,2020-10-01,10.594436310395315,683,0.918010752688172
529,2020-11-01,9.511111111111111,720,1.0
529,2020-12-01,10.187079407806191,743,0.9986559139784946
529,2021-01-01,18.029411764705884,714,0.9596774193548387
529,2021-02-01,12.265202702702704,592,0.8809523809523809
529,2021-03-01,14.133235724743777,683,0.918010752688172
529,2021-04-01,14.45201668984701,719,0.9986111111111111
529,2021-05-01,17.771587743732592,718,0.9650537634408602
529,2021-06-01,16.102920723226703,719,0.9986111111111111
529,2021-07-01,22.416666666666668,744,1.0
529,2021-08-01,17.638440860215052,744,1.0
529,2021-09-01,10.562218890554723,667,0.9263888888888889
529,2021-10-01,10.352702702702702,740,0.9946236559139785
529,2021-11-01,9.728789986091794,719,0.9986111111111111
529,2021-12-01,11.238482384823849,738,0.9919354838709677
529,2022-01-01,9.020352781546812,737,0.9905913978494624
529,2022-02-01,11.884176182707993,613,0.9122023809523809
529,2022-03-01,13.530913978494624,744,1.0
529,2022-04-01,13.974100719424461,695,0.9652777777777778
529,2022-05-01,22.198924731182796,744,1.0
529,2022-06-01,18.412831241283126,717,0.9958333333333333
529,2022-07-01,13.083333333333334,732,0.9838709677419355
529,2022-08-01,14.84885290148448,741,0.9959677419354839
529,2022-09-01,10.86111111111111,720,1.0
529,2022-10-01,9.665714285714285,700,0.9408602150537635
529,2022-11-01,10.571865443425077,654,0.9083333333333333
529,2022-12-01,12.381159420289855,690,0.9274193548387096
529,2023-01-01,9.934032983508246,667,0.896505376344086
529,2023-02-01,19.166666666666668,672,1.0
529,2023-03-01,10.844086021505376,744,1.0
529,2023-04-01,11.818055555555556,720,1.0
529,2023-05-01,17.76145552560647,742,0.9973118279569892
529,2023-06-01,16.176388888888887,720,1.0
529,2023-07-01,14.403532608695652,736,0.989247311827957
529,2023-08-01,11.527536231884058,690,0.9274193548387096
529,2023-09-01,5.252525252525253,693,0.9625
529,2023-10-01,8.514131897711978,743,0.9986559139784946
529,2023-11-01,7.7855153203342615,718,0.9972222222222222
529,2023-12-01,8.918588873812755,737,0.9905913978494624
529,2024-01-01,8.74123989218329,742,0.9973118279569892
529,2024-02-01,15.302898550724638,690,0.9913793103448276
529,2024-03-01,10.566037735849056,742,0.9973118279569892
529,2024-04-01,10.350486787204451,719,0.9986111111111111
529,2024-05-01,15.539083557951482,742,0.9973118279569892
529,2024-06-01,13.895953757225433,692,0.9611111111111111
529,2024-07-01,23.45986394557823,735,0.9879032258064516
529,2024-08-01,11.378706199460916,742,0.9973118279569892
529,2024-09-01,10.752100840336135,714,0.9916666666666667
529,2024-10-01,8.62449528936743,743,0.9986559139784946
529,2024-11-01,7.945682451253482,718,0.9972222222222222
529,2024-12-01,9.664420485175203,742,0.9973118279569892
529,2025-01-01,10.481732070365359,739,0.9932795698924731
529,2025-02-01,12.287650602409638,664,0.9880952380952381
529,2025-03-01,11.597297297297297,740,0.9946236559139785
529,2025-04-01,12.229805013927576,718,0.9972222222222222
529,2025-05-01,15.732432432432432,740,0.9946236559139785
529,2025-06-01,16.318497913769125,719,0.9986111111111111
529,2025-07-01,12.821862348178138,741,0.9959677419354839
529,2025-08-01,4.7310443490701,699,0.9395161290322581
529,2025-09-01,5.282009724473258,617,0.8569444444444444
529,2025-10-01,7.645776566757493,734,0.9865591397849462
529,2025-11-01,6.226123595505618,712,0.9888888888888889
529,2025-12-01,7.42089552238806,670,0.9005376344086021
529,2026-01-01,8.783018867924529,742,0.9973118279569892
529,2026-02-01,6.926756352765321,669,0.9955357142857143
529,2026-03-01,7.630229419703104,741,0.9959677419354839
529,2026-04-01,10.962395543175488,718,0.9972222222222222
529,2026-05-01,21.99865229110512,742,0.9973118279569892
529,2026-06-01,19.823119777158773,718,0.9972222222222222
529,2026-07-01,13.105849582172702,718,0.9650537634408602
529,2026-08-01,8.966076696165192,678,0.9112903225806451
529,2026-09-01,7.116129032258065,310,0.4305555555555556
532,2008-07-01,53.3,1,0.0013440860215053765
532,2008-08-01,24.381960737550468,743,0.9986559139784946
532,2008-09-01,24.228250387412587,715,0.9930555555555556
532,2008-10-01,25.300532110215055,744,1.0
532,2008-11-01,31.409299027777777,720,1.0
532,2008-12-01,21.680450323014806,743,0.9986559139784946
532,2009-01-01,23.665836428571428,322,0.4327956989247312
539,2019-07-01,21.49438202247191,534,0.717741935483871
539,2019-08-01,17.871724137931036,725,0.9744623655913979
539,2019-09-01,13.436699857752489,703,0.9763888888888889
539,2019-10-01,13.581967213114755,732,0.9838709677419355
539,2019-11-01,16.036211699164344,718,0.9972222222222222
539,2019-12-01,14.72983870967742,744,1.0
539,2020-01-01,15.59005376344086,744,1.0
539,2020-02-01,17.653735632183906,696,1.0
539,2020-03-01,14.757412398921833,742,0.9973118279569892
539,2020-04-01,21.190277777777776,720,1.0
539,2020-05-01,28.594850948509485,738,0.9919354838709677
539,2020-06-01,30.579166666666666,720,1.0
539,2020-07-01,27.287634408602152,744,1.0
539,2020-08-01,27.302702702702703,740,0.9946236559139785
539,2020-09-01,20.075,720,1.0
539,2020-10-01,16.342741935483872,744,1.0
539,2020-11-01,12.78888888888889,720,1.0
539,2020-12-01,13.43010752688172,744,1.0
539,2021-01-01,13.706122448979592,735,0.9879032258064516
539,2021-02-01,12.735119047619047,672,1.0
539,2021-03-01,14.225806451612904,744,1.0
539,2021-04-01,20.157082748948106,713,0.9902777777777778
539,2021-05-01,29.02016129032258,744,1.0
539,2021-06-01,30.977777777777778,720,1.0
539,2021-07-01,38.645161290322584,744,1.0
539,2021-08-01,29.47983870967742,744,1.0
539,2021-09-01,17.259722222222223,720,1.0
539,2021-10-01,16.487903225806452,744,1.0
539,2021-11-01,13.305750350631136,713,0.9902777777777778
539,2021-12-01,13.036290322580646,744,1.0
539,2022-01-01,12.52016129032258,744,1.0
539,2022-02-01,15.985119047619047,672,1.0
539,2022-03-01,19.625,736,0.989247311827957
539,2022-04-01,20.836111111111112,720,1.0
539,2022-05-01,32.21448087431694,732,0.9838709677419355
539,2022-06-01,27.065277777777776,720,1.0
539,2022-07-01,24.72983870967742,744,1.0
539,2022-08-01,23.35810810810811,740,0.9946236559139785
539,2022-09-01,14.756944444444445,720,1.0
539,2022-10-01,12.044354838709678,744,1.0
539,2022-11-01,9.2033426183844,718,0.9972222222222222
539,2022-12-01,13.153638814016173,742,0.9973118279569892
539,2023-01-01,12.452956989247312,744,1.0
539,2023-02-01,22.907462686567165,670,0.9970238095238095
539,2023-03-01,14.44743935309973,742,0.9973118279569892
539,2023-04-01,15.975,720,1.0
539,2023-05-01,29.758064516129032,744,1.0
539,2023-06-01,24.825,720,1.0
539,2023-07-01,22.629032258064516,744,1.0
539,2023-08-01,16.18707940780619,743,0.9986559139784946
539,2023-09-01,13.643055555555556,720,1.0
539,2023-10-01,13.530913978494624,744,1.0
539,2023-11-01,11.133891213389122,717,0.9958333333333333
539,2023-12-01,11.754032258064516,744,1.0
539,2024-01-01,12.345430107526882,744,1.0
539,2024-02-01,13.415229885057471,696,1.0
539,2024-03-01,13.573924731182796,744,1.0
539,2024-04-01,14.719444444444445,720,1.0
539,2024-05-01,24.33288409703504,742,0.9973118279569892
539,2024-06-01,18.493055555555557,720,1.0
539,2024-07-01,32.25202156334232,742,0.9973118279569892
539,2024-08-01,17.191836734693876,735,0.9879032258064516
539,2024-09-01,16.051388888888887,720,1.0
539,2024-10-01,10.686827956989248,744,1.0
539,2024-11-01,9.656467315716272,719,0.9986111111111111
539,2024-12-01,4.693389592123769,711,0.9556451612903226
539,2025-01-01,4.458333333333333,744,1.0
539,2025-02-01,5.9879518072289155,664,0.9880952380952381
539,2025-03-01,5.891129032258065,744,1.0
539,2025-04-01,6.534722222222222,720,1.0
539,2025-05-01,10.571236559139784,744,1.0
539,2025-06-01,30.03611111111111,720,1.0
539,2025-07-01,27.258064516129032,744,1.0
539,2025-08-01,16.794354838709676,744,1.0
539,2025-09-01,13.761111111111111,720,1.0
539,2025-10-01,11.57123287671233,730,0.9811827956989247
539,2025-11-01,9.456582633053221,714,0.9916666666666667
539,2025-12-01,10.0420054200542,738,0.9919354838709677
539,2026-01-01,10.818045112781954,665,0.8938172043010753
539,2026-02-01,11.369760479041917,668,0.9940476190476191
539,2026-03-01,13.315363881401618,742,0.9973118279569892
539,2026-04-01,16.49789621318373,713,0.9902777777777778
539,2026-05-01,38.88738127544098,737,0.9905913978494624
539,2026-06-01,37.04189944134078,716,0.9944444444444445
539,2026-07-01,10.351851851851851,702,0.9435483870967742
539,2026-08-01,5.317204301075269,744,1.0
539,2026-09-01,15.555194805194805,308,0.42777777777777776
540,2016-02-01,15.036023066666667,690,0.9913793103448276
540,2016-03-01,17.916840697580643,744,1.0
540,2016-04-01,14.398086159901387,720,1.0
540,2016-05-01,17.951175753991937,744,1.0
540,2016-06-01,31.366380159198314,711,0.9875
540,2016-07-01,22.854507303763437,744,1.0
540,2016-08-01,19.503489985135136,740,0.9946236559139785
540,2016-09-01,20.18431723074753,709,0.9847222222222223
540,2016-10-01,10.15480264623656,744,1.0
540,2016-11-01,11.667173109182208,697,0.9680555555555556
540,2016-12-01,11.011707504032257,744,1.0
540,2017-01-01,14.867726750620688,725,0.9744623655913979
540,2017-02-01,12.238828377190332,662,0.9851190476190477
540,2017-03-01,12.696333112903226,744,1.0
540,2017-04-01,15.416270342736249,709,0.9847222222222223
540,2017-05-01,17.51478494623656,744,1.0
540,2017-06-01,16.715287517531557,713,0.9902777777777778
540,2017-07-01,21.4177897574124,742,0.9973118279569892
540,2017-08-01,16.282258064516128,744,1.0
540,2017-09-01,13.490883590462833,713,0.9902777777777778
540,2017-10-01,11.182795698924732,744,1.0
540,2017-11-01,11.6,720,1.0
540,2017-12-01,11.459677419354838,744,1.0
540,2018-01-01,14.331501831501832,546,0.7338709677419355
540,2018-02-01,12.881720430107526,651,0.96875
540,2018-03-01,12.592847317744154,727,0.9771505376344086
540,2018-04-01,16.70653685674548,719,0.9986111111111111
540,2018-05-01,19.572222222222223,720,0.967741935483871
540,2018-06-01,24.03476821192053,604,0.8388888888888889
540,2018-07-01,19.68548387096774,744,1.0
540,2018-08-01,20.607526881720432,744,1.0
540,2018-09-01,18.113888888888887,720,1.0
540,2018-10-01,11.673441734417343,738,0.9919354838709677
540,2018-11-01,11.232142857142858,672,0.9333333333333333
540,2018-12-01,8.995850622406639,723,0.9717741935483871
540,2019-01-01,12.523809523809524,735,0.9879032258064516
540,2019-02-01,13.358490566037736,636,0.9464285714285714
540,2019-03-01,14.599462365591398,744,1.0
540,2019-04-01,18.10972222222222,720,1.0
540,2019-05-01,19.818548387096776,744,1.0
540,2019-06-01,18.653203342618383,718,0.9972222222222222
540,2019-07-01,21.580645161290324,744,1.0
540,2019-08-01,18.781893004115226,729,0.9798387096774194
540,2019-09-01,14.758670520231213,692,0.9611111111111111
540,2019-10-01,13.973463687150838,716,0.9623655913978495
540,2019-11-01,15.616835994194485,689,0.9569444444444445
540,2019-12-01,12.651917404129794,678,0.9112903225806451
540,2020-01-01,11.816044260027663,723,0.9717741935483871
540,2020-02-01,14.689430894308943,615,0.8836206896551724
540,2020-03-01,13.494768310911809,669,0.8991935483870968
540,2020-04-01,19.577712609970675,682,0.9472222222222222
540,2020-05-01,21.53846153846154,741,0.9959677419354839
540,2020-06-01,18.85542168674699,664,0.9222222222222223
540,2020-07-01,17.3806275579809,733,0.9852150537634409
540,2020-08-01,18.465444287729195,709,0.9529569892473119
540,2020-09-01,17.290368271954673,706,0.9805555555555555
540,2020-10-01,15.760778859527122,719,0.9663978494623656
540,2020-11-01,12.570977917981072,634,0.8805555555555555
540,2020-12-01,12.783519553072626,716,0.9623655913978495
540,2021-01-01,14.450070323488045,711,0.9556451612903226
540,2021-02-01,14.937086092715232,604,0.8988095238095238
540,2021-03-01,14.251497005988025,668,0.8978494623655914
540,2021-04-01,16.197991391678624,697,0.9680555555555556
540,2021-05-01,22.545454545454547,715,0.9610215053763441
540,2021-06-01,19.330555555555556,720,1.0
540,2021-07-01,24.741935483870968,744,1.0
540,2021-08-01,17.815860215053764,744,1.0
540,2021-09-01,13.722222222222221,720,1.0
540,2021-10-01,13.05241935483871,744,1.0
540,2021-11-01,9.954166666666667,720,1.0
540,2021-12-01,10.21505376344086,744,1.0
540,2022-01-01,10.036535859269282,739,0.9932795698924731
540,2022-02-01,13.825892857142858,672,1.0
540,2022-03-01,17.234396671289876,721,0.9690860215053764
540,2022-04-01,15.481315396113603,669,0.9291666666666667
540,2022-05-01,20.381147540983605,732,0.9838709677419355
540,2022-06-01,14.834770114942529,696,0.9666666666666667
540,2022-07-01,13.904109589041095,730,0.9811827956989247
540,2022-08-01,15.0472334682861,741,0.9959677419354839
540,2022-09-01,10.343705799151344,707,0.9819444444444444
540,2022-10-01,9.55241935483871,744,1.0
540,2022-11-01,8.66421207658321,679,0.9430555555555555
540,2022-12-01,11.00976290097629,717,0.9637096774193549
540,2023-01-01,10.407967032967033,728,0.978494623655914
540,2023-02-01,18.256838905775076,658,0.9791666666666666
540,2023-03-01,11.548022598870057,708,0.9516129032258065
540,2023-04-01,12.200286123032905,699,0.9708333333333333
540,2023-05-01,20.166892808683855,737,0.9905913978494624
540,2023-06-01,14.19020979020979,715,0.9930555555555556
540,2023-07-01,12.989100817438691,734,0.9865591397849462
540,2023-08-01,11.422402159244264,741,0.9959677419354839
540,2023-09-01,10.893162393162394,702,0.975
540,2023-10-01,11.719298245614034,741,0.9959677419354839
540,2023-11-01,9.693430656934307,685,0.9513888888888888
540,2023-12-01,10.450762829403606,721,0.9690860215053764
540,2024-01-01,11.827445652173912,736,0.989247311827957
540,2024-02-01,12.308396946564885,655,0.9410919540229885
540,2024-03-01,12.52016129032258,744,1.0
540,2024-04-01,13.197222222222223,720,1.0
540,2024-05-01,19.858870967741936,744,1.0
540,2024-06-01,16.76527777777778,720,1.0
540,2024-07-01,30.68825910931174,741,0.9959677419354839
540,2024-08-01,16.697547683923705,734,0.9865591397849462
540,2024-09-01,16.054242002781642,719,0.9986111111111111
540,2024-10-01,10.437246963562753,741,0.9959677419354839
540,2024-11-01,11.693409742120345,698,0.9694444444444444
540,2024-12-01,10.205163043478262,736,0.989247311827957
540,2025-01-01,9.89516129032258,744,1.0
540,2025-02-01,10.670212765957446,658,0.9791666666666666
540,2025-03-01,12.562584118438762,743,0.9986559139784946
540,2025-04-01,13.92608089260809,717,0.9958333333333333
540,2025-05-01,22.33424283765348,733,0.9852150537634409
540,2025-06-01,24.06388888888889,720,1.0
540,2025-07-01,22.980926430517712,734,0.9865591397849462
540,2025-08-01,13.637466307277627,742,0.9973118279569892
540,2025-09-01,13.25,720,1.0
540,2025-10-01,11.49795918367347,735,0.9879032258064516
540,2025-11-01,8.465829846582984,717,0.9958333333333333
540,2025-12-01,7.986413043478261,736,0.989247311827957
540,2026-01-01,9.361559139784946,744,1.0
540,2026-02-01,8.065967016491754,667,0.9925595238095238
540,2026-03-01,11.156378600823045,729,0.9798387096774194
540,2026-04-01,11.938920454545455,704,0.9777777777777777
540,2026-05-01,19.589189189189188,740,0.9946236559139785
540,2026-06-01,22.316666666666666,720,1.0
540,2026-07-01,12.941970310391364,741,0.9959677419354839
540,2026-08-01,13.765060240963855,664,0.8924731182795699
540,2026-09-01,8.83673469387755,245,0.3402777777777778
547,2015-11-01,9.035474531722056,331,0.4597222222222222
547,2015-12-01,10.00668704607046,738,0.9919354838709677
547,2016-01-01,12.263361693548386,744,1.0
547,2016-02-01,16.250443994252873,696,1.0
547,2016-03-01,18.23461754032258,744,1.0
547,2016-04-01,21.501300561797752,712,0.9888888888888889
547,2016-05-01,18.25700708502024,741,0.9959677419354839
547,2016-06-01,29.76469064788732,710,0.9861111111111112
547,2016-07-01,24.39351510752688,744,1.0
547,2016-08-01,17.975474770889488,742,0.9973118279569892
547,2016-09-01,18.819006833333333,720,1.0
547,2016-10-01,11.279120833333334,744,1.0
547,2016-11-01,12.400129402777777,720,1.0
547,2016-12-01,11.36443946236559,744,1.0
547,2017-01-01,19.538927419354838,744,1.0
547,2017-02-01,14.474071654247393,671,0.9985119047619048
547,2017-03-01,12.599610295698925,744,1.0
547,2017-04-01,20.734481983240222,716,0.9944444444444445
547,2017-05-01,17.579301075268816,744,1.0
547,2017-06-01,16.127629733520337,713,0.9902777777777778
547,2017-07-01,23.103494623655912,744,1.0
547,2017-08-01,13.71505376344086,744,1.0
547,2017-09-01,15.173852573018081,719,0.9986111111111111
547,2017-10-01,11.201612903225806,744,1.0
547,2017-11-01,12.433333333333334,720,1.0
547,2017-12-01,13.16263440860215,744,1.0
547,2018-01-01,14.028225806451612,744,1.0
547,2018-02-01,16.782738095238095,672,1.0
547,2018-03-01,16.711201079622132,741,0.9959677419354839
547,2018-04-01,18.573018080667595,719,0.9986111111111111
547,2018-05-01,23.017473118279568,744,1.0
547,2018-06-01,25.162237762237762,715,0.9930555555555556
547,2018-07-01,20.658935879945428,733,0.9852150537634409
547,2018-08-01,22.59543010752688,744,1.0
547,2018-09-01,16.603905160390514,717,0.9958333333333333
547,2018-10-01,10.639189189189189,740,0.9946236559139785
547,2018-11-01,10.185714285714285,700,0.9722222222222222
547,2018-12-01,1.0,2,0.002688172043010753
547,2019-10-01,14.157221206581353,547,0.7352150537634409
547,2019-11-01,14.953191489361702,705,0.9791666666666666
547,2019-12-01,13.625520110957003,721,0.9690860215053764
547,2020-01-01,14.536986301369863,730,0.9811827956989247
547,2020-02-01,16.697810218978102,685,0.9841954022988506
547,2020-03-01,13.04951856946355,727,0.9771505376344086
547,2020-04-01,17.290854572713645,667,0.9263888888888889
547,2020-05-01,21.175271739130434,736,0.989247311827957
547,2020-06-01,16.857558139534884,688,0.9555555555555556
547,2020-07-01,16.875181422351233,689,0.9260752688172043
547,2020-08-01,15.611263736263735,728,0.978494623655914
547,2020-09-01,15.606789250353607,707,0.9819444444444444
547,2020-10-01,14.652114597544339,733,0.9852150537634409
547,2020-11-01,13.535966149506347,709,0.9847222222222223
547,2020-12-01,12.819648093841643,682,0.9166666666666666
547,2021-01-01,11.972543352601155,692,0.9301075268817204
547,2021-02-01,12.212403100775195,645,0.9598214285714286
547,2021-03-01,10.384297520661157,726,0.9758064516129032
547,2021-04-01,14.089615931721195,703,0.9763888888888889
547,2021-05-01,19.55692729766804,729,0.9798387096774194
547,2021-06-01,19.01154401154401,693,0.9625
547,2021-07-01,23.60789844851904,709,0.9529569892473119
547,2021-08-01,18.966339410939693,713,0.9583333333333334
547,2021-09-01,12.940677966101696,708,0.9833333333333333
547,2021-10-01,13.827397260273973,730,0.9811827956989247
547,2021-11-01,11.35735294117647,680,0.9444444444444444
547,2021-12-01,8.895569620253164,632,0.8494623655913979
547,2022-01-01,9.851296043656207,733,0.9852150537634409
547,2022-02-01,12.806060606060607,660,0.9821428571428571
547,2022-03-01,13.462707182320441,724,0.9731182795698925
547,2022-04-01,14.268847795163584,703,0.9763888888888889
547,2022-05-01,19.44704264099037,727,0.9771505376344086
547,2022-06-01,14.547169811320755,689,0.9569444444444445
547,2022-07-01,11.722727272727273,660,0.8870967741935484
547,2022-08-01,13.312412831241284,717,0.9637096774193549
547,2022-09-01,9.912981455064195,701,0.9736111111111111
547,2022-10-01,8.381635581061692,697,0.9368279569892473
547,2022-11-01,7.417276720351391,683,0.9486111111111111
547,2022-12-01,9.853982300884956,678,0.9112903225806451
547,2023-01-01,9.536585365853659,656,0.8817204301075269
547,2023-02-01,19.680685358255452,642,0.9553571428571429
547,2023-03-01,10.072058823529412,680,0.9139784946236559
547,2023-04-01,13.396306818181818,704,0.9777777777777777
547,2023-05-01,18.43646408839779,724,0.9731182795698925
547,2023-06-01,12.865443425076453,654,0.9083333333333333
547,2023-07-01,10.928994082840237,676,0.9086021505376344
547,2023-08-01,8.505672609400325,617,0.8293010752688172
547,2023-09-01,7.827794561933535,662,0.9194444444444444
547,2023-10-01,8.25,720,0.967741935483871
547,2023-11-01,6.455772113943029,667,0.9263888888888889
547,2023-12-01,7.610407876230661,711,0.9556451612903226
547,2024-01-01,8.855570839064649,727,0.9771505376344086
547,2024-02-01,10.201694915254237,590,0.8477011494252874
547,2024-03-01,10.64767616191904,667,0.896505376344086
547,2024-04-01,11.142335766423358,548,0.7611111111111111
547,2024-05-01,14.480555555555556,720,0.967741935483871
547,2024-06-01,12.763425253991292,689,0.9569444444444445
547,2024-07-01,20.607843137254903,663,0.8911290322580645
547,2024-08-01,11.59500693481276,721,0.9690860215053764
547,2024-09-01,10.85,700,0.9722222222222222
547,2024-10-01,7.104519774011299,708,0.9516129032258065
547,2024-11-01,9.541428571428572,700,0.9722222222222222
547,2024-12-01,9.086510263929618,682,0.9166666666666666
547,2025-01-01,8.62865090403338,719,0.9663978494623656
547,2025-02-01,12.393026941362915,631,0.9389880952380952
547,2025-03-01,10.550906555090656,717,0.9637096774193549
547,2025-04-01,11.331825037707391,663,0.9208333333333333
547,2025-05-01,16.68238557558946,721,0.9690860215053764
547,2025-06-01,19.792341678939618,679,0.9430555555555555
547,2025-07-01,18.404463040446306,717,0.9637096774193549
547,2025-08-01,11.577405857740585,717,0.9637096774193549
547,2025-09-01,10.73134328358209,670,0.9305555555555556
547,2025-10-01,11.15032679738562,612,0.8225806451612904
547,2025-11-01,10.060921248142645,673,0.9347222222222222
547,2025-12-01,9.14367816091954,696,0.9354838709677419
547,2026-01-01,11.0,721,0.9690860215053764
547,2026-02-01,10.906976744186046,645,0.9598214285714286
547,2026-03-01,9.981455064194009,701,0.9422043010752689
547,2026-04-01,12.639484978540773,699,0.9708333333333333
547,2026-05-01,21.35326842837274,719,0.9663978494623656
547,2026-06-01,20.024673439767778,689,0.9569444444444445
547,2026-07-01,13.316165951359084,699,0.9395161290322581
547,2026-08-01,10.594516594516595,693,0.9314516129032258
547,2026-09-01,8.882978723404255,282,0.39166666666666666
548,2012-12-01,24.1,1,0.0013440860215053765
548,2013-01-01,9.691825176282052,624,0.8387096774193549
548,2013-02-01,14.379165061728395,648,0.9642857142857143
548,2013-03-01,12.751658181818183,693,0.9314516129032258
548,2013-04-01,14.772789943899017,713,0.9902777777777778
548,2013-05-01,22.569045306603773,636,0.8548387096774194
548,2013-06-01,27.654049872878996,719,0.9986111111111111
548,2013-07-01,24.212873454790824,741,0.9959677419354839
548,2013-08-01,24.09416104108108,740,0.9946236559139785
548,2013-09-01,16.4802669875,720,1.0
548,2013-10-01,11.845443413189772,743,0.9986559139784946
548,2013-11-01,10.848274141101696,708,0.9833333333333333
548,2013-12-01,10.964174663230148,743,0.9986559139784946
548,2014-01-01,13.948613106796115,721,0.9690860215053764
548,2014-02-01,14.063228223880596,670,0.9970238095238095
548,2014-03-01,12.93099183183183,666,0.8951612903225806
548,2014-04-01,17.83626407239819,663,0.9208333333333333
548,2014-05-01,17.12630558041958,715,0.9610215053763441
548,2014-06-01,18.038535257503508,713,0.9902777777777778
548,2014-07-01,19.347301029207234,719,0.9663978494623656
548,2014-08-01,15.64826211568915,682,0.9166666666666666
548,2014-09-01,13.087209771708682,714,0.9916666666666667
548,2014-10-01,14.64636451568895,733,0.9852150537634409
548,2014-11-01,13.210706184593024,688,0.9555555555555556
548,2014-12-01,11.73627247304582,742,0.9973118279569892
548,2015-01-01,16.38381928973277,711,0.9556451612903226
548,2015-02-01,19.972522667673715,662,0.9851190476190477
548,2015-03-01,15.961867859078591,738,0.9919354838709677
548,2015-04-01,22.318102764295677,717,0.9958333333333333
548,2015-05-01,24.84230717362046,743,0.9986559139784946
548,2015-06-01,28.55430295154185,681,0.9458333333333333
548,2015-07-01,27.682385143638854,731,0.9825268817204301
548,2015-08-01,20.356552749788435,709,0.9529569892473119
548,2015-09-01,16.032036091581197,702,0.975
548,2015-10-01,12.37635274206799,706,0.9489247311827957
548,2015-11-01,11.444318251748252,715,0.9930555555555556
548,2015-12-01,12.852888947110216,744,1.0
548,2016-01-01,13.95561780605227,727,0.9771505376344086
548,2016-02-01,16.645028310791368,695,0.9985632183908046
548,2016-03-01,17.676665009421267,743,0.9986559139784946
548,2016-04-01,13.434209974490278,720,1.0
548,2016-05-01,16.964213041351353,740,0.9946236559139785
548,2016-06-01,27.508670220961005,718,0.9972222222222222
548,2016-07-01,24.02788990537634,744,1.0
548,2016-08-01,20.31392414324693,733,0.9852150537634409
548,2016-09-01,20.294432111739745,707,0.9819444444444444
548,2016-10-01,10.586608120564517,744,1.0
548,2016-11-01,11.34240017842399,717,0.9958333333333333
548,2016-12-01,11.006762928718683,744,1.0
548,2017-01-01,17.98778189516129,744,1.0
548,2017-02-01,13.864375690476189,672,1.0
548,2017-03-01,11.423649817156335,742,0.9973118279569892
548,2017-04-01,13.552354969958333,720,1.0
548,2017-05-01,15.156037991858888,737,0.9905913978494624
548,2017-06-01,15.397849462365592,651,0.9041666666666667
548,2017-07-01,20.90612244897959,735,0.9879032258064516
548,2017-08-01,14.82857142857143,700,0.9408602150537635
548,2017-09-01,13.43884892086331,695,0.9652777777777778
548,2017-10-01,10.526881720430108,744,1.0
548,2017-11-01,10.784722222222221,720,1.0
548,2017-12-01,10.720430107526882,744,1.0
548,2018-01-01,12.214285714285714,728,0.978494623655914
548,2018-02-01,16.11904761904762,672,1.0
548,2018-03-01,12.213001383125864,723,0.9717741935483871
548,2018-04-01,14.559109874826147,719,0.9986111111111111
548,2018-05-01,17.979702300405954,739,0.9932795698924731
548,2018-06-01,18.864145658263304,714,0.9916666666666667
548,2018-07-01,18.29861111111111,720,0.967741935483871
548,2018-08-01,19.34550561797753,712,0.956989247311828
548,2018-09-01,14.573611111111111,720,1.0
548,2018-10-01,10.60056258790436,711,0.9556451612903226
548,2018-11-01,10.113888888888889,720,1.0
548,2018-12-01,10.778225806451612,744,1.0
548,2019-01-01,16.25,744,1.0
548,2019-02-01,15.783333333333333,660,0.9821428571428571
548,2019-03-01,15.019444444444444,720,0.967741935483871
548,2019-04-01,18.895251396648046,716,0.9944444444444445
548,2019-05-01,18.983310152990263,719,0.9663978494623656
548,2019-06-01,14.702928870292887,717,0.9958333333333333
548,2019-07-01,18.086021505376344,744,1.0
548,2019-08-01,16.724420190995907,733,0.9852150537634409
548,2019-09-01,12.804225352112676,710,0.9861111111111112
548,2019-10-01,12.390013495276653,741,0.9959677419354839
548,2019-11-01,14.890625,704,0.9777777777777777
548,2019-12-01,15.287943262411348,705,0.9475806451612904
548,2020-01-01,15.120665742024965,721,0.9690860215053764
548,2020-02-01,15.236231884057972,690,0.9913793103448276
548,2020-03-01,10.76183844011142,718,0.9650537634408602
548,2020-04-01,14.742657342657342,715,0.9930555555555556
548,2020-05-01,17.36648501362398,734,0.9865591397849462
548,2020-06-01,12.46013986013986,715,0.9930555555555556
548,2020-07-01,12.749661705006766,739,0.9932795698924731
548,2020-08-01,13.811397557666215,737,0.9905913978494624
548,2020-09-01,13.6731843575419,716,0.9944444444444445
548,2020-10-01,13.228882833787466,734,0.9865591397849462
548,2020-11-01,11.615598885793872,718,0.9972222222222222
548,2020-12-01,12.693793103448275,725,0.9744623655913979
548,2021-01-01,14.717241379310344,725,0.9744623655913979
548,2021-02-01,12.711043872919818,661,0.9836309523809523
548,2021-03-01,14.356652949245541,729,0.9798387096774194
548,2021-04-01,15.147988505747126,696,0.9666666666666667
548,2021-05-01,19.516216216216215,740,0.9946236559139785
548,2021-06-01,18.521008403361346,714,0.9916666666666667
548,2021-07-01,23.568707482993197,735,0.9879032258064516
548,2021-08-01,19.005442176870748,735,0.9879032258064516
548,2021-09-01,13.736619718309859,710,0.9861111111111112
548,2021-10-01,14.871724137931034,725,0.9744623655913979
548,2021-11-01,14.258594917787743,669,0.9291666666666667
548,2021-12-01,14.12937595129376,657,0.8830645161290323
548,2022-01-01,16.926426426426428,666,0.8951612903225806
548,2022-02-01,23.134715025906736,579,0.8616071428571429
548,2022-03-01,15.111898016997166,706,0.9489247311827957
548,2022-04-01,13.193965517241379,696,0.9666666666666667
548,2022-05-01,19.55266757865937,731,0.9825268817204301
548,2022-06-01,15.266197183098592,710,0.9861111111111112
548,2022-07-01,13.277932960893855,716,0.9623655913978495
548,2022-08-01,15.291497975708502,741,0.9959677419354839
548,2022-09-01,11.434357541899441,716,0.9944444444444445
548,2022-10-01,11.663967611336032,741,0.9959677419354839
548,2022-11-01,11.110791366906474,695,0.9652777777777778
548,2022-12-01,14.150273224043715,732,0.9838709677419355
548,2023-01-01,14.678321678321678,715,0.9610215053763441
548,2023-02-01,23.805059523809526,672,1.0
548,2023-03-01,13.79864864864865,740,0.9946236559139785
548,2023-04-01,17.29393468118196,643,0.8930555555555556
548,2023-05-01,24.217585692995527,671,0.9018817204301075
548,2023-06-01,20.66824644549763,633,0.8791666666666667
548,2023-07-01,21.095975232198143,646,0.8682795698924731
548,2023-08-01,20.801313628899837,609,0.8185483870967742
548,2023-09-01,15.754172989377846,659,0.9152777777777777
548,2023-10-01,15.933694181326116,739,0.9932795698924731
548,2023-11-01,14.993939393939394,660,0.9166666666666666
548,2023-12-01,16.018571428571427,700,0.9408602150537635
548,2024-01-01,15.232839838492598,743,0.9986559139784946
548,2024-02-01,18.674107142857142,672,0.9655172413793104
548,2024-03-01,17.041265474552958,727,0.9771505376344086
548,2024-04-01,17.36743515850144,694,0.9638888888888889
548,2024-05-01,20.55650929899857,699,0.9395161290322581
548,2024-06-01,15.726315789473684,665,0.9236111111111112
548,2024-07-01,26.928370786516854,712,0.956989247311828
548,2024-08-01,16.92679355783309,683,0.918010752688172
548,2024-09-01,18.028787878787877,660,0.9166666666666666
548,2024-10-01,13.8393135725429,641,0.8615591397849462
548,2024-11-01,20.545927209705372,577,0.8013888888888889
548,2024-12-01,20.51480263157895,608,0.8172043010752689
548,2025-01-01,18.88214904679376,577,0.7755376344086021
548,2025-02-01,23.19159663865546,595,0.8854166666666666
548,2025-03-01,17.615625,640,0.8602150537634409
548,2025-04-01,16.5873786407767,618,0.8583333333333333
548,2025-05-01,19.96217851739788,661,0.8884408602150538
548,2025-06-01,23.114728682170544,645,0.8958333333333334
548,2025-07-01,21.067335243553007,698,0.9381720430107527
548,2025-08-01,15.282334384858045,634,0.8521505376344086
548,2025-09-01,16.011986301369863,584,0.8111111111111111
548,2025-10-01,14.776699029126213,618,0.8306451612903226
548,2025-11-01,16.857692307692307,520,0.7222222222222222
548,2025-12-01,9.36189069423929,677,0.9099462365591398
548,2026-01-01,10.952314165497896,713,0.9583333333333334
548,2026-02-01,12.617495711835334,583,0.8675595238095238
548,2026-03-01,11.553129548762737,687,0.9233870967741935
548,2026-04-01,13.492732558139535,688,0.9555555555555556
548,2026-05-01,17.747586206896553,725,0.9744623655913979
548,2026-06-01,17.942577030812323,714,0.9916666666666667
548,2026-07-01,13.374635568513119,686,0.9220430107526881
548,2026-08-01,10.41678520625889,703,0.9448924731182796
548,2026-09-01,9.14344262295082,244,0.3388888888888889
549,2013-12-01,10.329428989751099,683,0.918010752688172
549,2014-01-01,13.626344086021506,744,1.0
549,2014-02-01,9.956845238095237,672,1.0
549,2014-03-01,14.041379310344828,725,0.9744623655913979
549,2014-04-01,17.608333333333334,720,1.0
549,2014-05-01,25.450874831763123,743,0.9986559139784946
549,2014-06-01,36.845565749235476,654,0.9083333333333333
549,2014-07-01,34.083333333333336,744,1.0
549,2014-08-01,103.1491935483871,744,1.0
549,2014-09-01,14.96,225,0.3125
549,2014-10-01,14.221547873239436,710,0.9543010752688172
549,2014-11-01,9.197772284122562,718,0.9972222222222222
549,2014-12-01,9.188810753701212,743,0.9986559139784946
549,2015-01-01,12.831049798115746,743,0.9986559139784946
549,2015-02-01,15.102940298507463,670,0.9970238095238095
549,2015-03-01,14.094838709677418,744,1.0
549,2015-04-01,18.362622036262202,717,0.9958333333333333
549,2015-05-01,25.87590671601615,743,0.9986559139784946
549,2015-06-01,37.5908006095791,689,0.9569444444444445
549,2015-07-01,36.89978782726046,741,0.9959677419354839
549,2015-08-01,20.82678502710027,738,0.9919354838709677
549,2015-09-01,10.134340363128493,716,0.9944444444444445
549,2015-10-01,6.430966570247934,726,0.9758064516129032
549,2015-11-01,5.11650418767507,714,0.9916666666666667
549,2015-12-01,7.319300929919137,742,0.9973118279569892
549,2016-01-01,6.871094233576643,685,0.9206989247311828
549,2016-02-01,8.806277293777134,691,0.992816091954023
549,2016-03-01,17.499046046511626,731,0.9825268817204301
549,2016-04-01,13.421549762237762,715,0.9930555555555556
549,2016-05-01,26.6439691902834,741,0.9959677419354839
549,2016-06-01,46.86041936886396,713,0.9902777777777778
549,2016-07-01,37.03731210884354,735,0.9879032258064516
549,2016-08-01,17.65117326585695,741,0.9959677419354839
549,2016-09-01,18.482,500,0.6944444444444444
550,2002-02-01,59.89786789473685,19,0.028273809523809524
550,2004-12-01,10.053020476190476,21,0.028225806451612902
550,2013-04-01,0.0,1,0.001388888888888889
550,2013-11-01,10.780357142857143,560,0.7777777777777778
550,2013-12-01,11.309139784946236,744,1.0
550,2014-01-01,13.494623655913978,744,1.0
550,2014-02-01,13.578869047619047,672,1.0
550,2014-03-01,16.080645161290324,744,1.0
550,2014-04-01,19.79502196193265,683,0.9486111111111111
550,2014-05-01,20.239247311827956,744,1.0
550,2014-06-01,19.788888888888888,720,1.0
550,2014-07-01,20.384408602150536,744,1.0
550,2014-08-01,17.863751478494624,744,1.0
550,2014-09-01,10.838396180555556,720,1.0
550,2014-10-01,12.955743951612904,744,1.0
550,2014-11-01,11.86403273611111,720,1.0
550,2014-12-01,12.124035510752687,744,1.0
550,2015-01-01,15.091734408602152,744,1.0
550,2015-02-01,18.93270193452381,672,1.0
550,2015-03-01,18.042256182795697,744,1.0
550,2015-04-01,19.991352777777777,720,1.0
550,2015-05-01,21.1745524327957,744,1.0
550,2015-06-01,23.846124333333332,720,1.0
550,2015-07-01,20.505757567204302,744,1.0
550,2015-08-01,17.799658259109314,741,0.9959677419354839
550,2015-09-01,16.956006328233656,719,0.9986111111111111
550,2015-10-01,9.760503905405406,740,0.9946236559139785
550,2015-11-01,8.774199302649931,717,0.9958333333333333
550,2015-12-01,10.564622405913978,744,1.0
550,2016-01-01,9.461941129032258,744,1.0
550,2016-02-01,11.315637629310345,696,1.0
550,2016-03-01,16.479734946236558,744,1.0
550,2016-04-01,12.430807625000002,720,1.0
550,2016-05-01,15.747615760869564,736,0.989247311827957
550,2016-06-01,24.104223513888886,720,1.0
550,2016-07-01,20.66757452088452,407,0.5470430107526881
550,2016-08-01,18.420522483130902,741,0.9959677419354839
550,2016-09-01,18.142813726346436,687,0.9541666666666667
550,2016-10-01,12.743256980337078,712,0.956989247311828
550,2016-11-01,13.382839122541604,661,0.9180555555555555
550,2016-12-01,12.433604432432434,740,0.9946236559139785
550,2017-01-01,22.85759061764706,680,0.9139784946236559
550,2017-02-01,12.97637220566319,671,0.9985119047619048
550,2017-03-01,12.932792532942898,683,0.918010752688172
550,2017-04-01,13.776387148876404,712,0.9888888888888889
550,2017-05-01,17.36302294197031,741,0.9959677419354839
550,2017-06-01,16.099023709902372,717,0.9958333333333333
550,2017-07-01,18.398921832884096,742,0.9973118279569892
550,2017-08-01,13.266937669376693,738,0.9919354838709677
550,2017-09-01,13.337517433751744,717,0.9958333333333333
550,2017-10-01,9.74932614555256,742,0.9973118279569892
550,2017-11-01,11.414141414141413,693,0.9625
550,2017-12-01,12.485135135135135,740,0.9946236559139785
550,2018-01-01,13.650815217391305,736,0.989247311827957
550,2018-02-01,12.864381520119226,671,0.9985119047619048
550,2018-03-01,13.067476383265857,741,0.9959677419354839
550,2018-04-01,15.605594405594406,715,0.9930555555555556
550,2018-05-01,20.42914979757085,741,0.9959677419354839
550,2018-06-01,22.64885496183206,655,0.9097222222222222
550,2018-07-01,17.474809160305345,655,0.8803763440860215
550,2018-08-01,18.426075268817204,744,1.0
550,2018-09-01,14.130914826498422,634,0.8805555555555555
550,2018-10-01,9.359078590785908,738,0.9919354838709677
550,2018-11-01,9.474125874125875,715,0.9930555555555556
550,2018-12-01,10.567567567567568,740,0.9946236559139785
550,2019-01-01,12.3382949932341,739,0.9932795698924731
550,2019-02-01,13.245535714285714,672,1.0
550,2019-03-01,14.273469387755101,735,0.9879032258064516
550,2019-04-01,16.884239888423988,717,0.9958333333333333
550,2019-05-01,15.612162162162162,740,0.9946236559139785
550,2019-06-01,13.123955431754874,718,0.9972222222222222
550,2019-07-01,17.966307277628033,742,0.9973118279569892
550,2019-08-01,15.477088948787062,742,0.9973118279569892
550,2019-09-01,10.883426966292134,712,0.9888888888888889
550,2019-10-01,9.921621621621622,740,0.9946236559139785
550,2019-11-01,16.889355742296917,714,0.9916666666666667
550,2019-12-01,12.633841886269071,721,0.9690860215053764
550,2020-01-01,13.453869047619047,672,0.9032258064516129
550,2020-02-01,12.096960926193923,691,0.992816091954023
550,2020-03-01,11.356353591160222,724,0.9731182795698925
550,2020-04-01,14.947148817802503,719,0.9986111111111111
550,2020-05-01,17.54032258064516,744,1.0
550,2020-06-01,12.753481894150418,718,0.9972222222222222
550,2020-07-01,15.009459459459459,740,0.9946236559139785
550,2020-08-01,12.735090152565881,721,0.9690860215053764
550,2020-09-01,13.346368715083798,716,0.9944444444444445
550,2020-10-01,10.971621621621622,740,0.9946236559139785
550,2020-11-01,9.803370786516854,712,0.9888888888888889
550,2020-12-01,11.037685060565275,743,0.9986559139784946
550,2021-01-01,12.352054794520548,730,0.9811827956989247
550,2021-02-01,10.108761329305135,662,0.9851190476190477
550,2021-03-01,12.271214642262896,601,0.8077956989247311
550,2021-04-01,16.82456140350877,684,0.95
550,2021-05-01,17.38586156111929,679,0.9126344086021505
550,2021-06-01,14.338368580060424,662,0.9194444444444444
550,2021-07-01,21.30791788856305,682,0.9166666666666666
550,2021-08-01,18.980654761904763,672,0.9032258064516129
550,2021-09-01,11.60281690140845,710,0.9861111111111112
550,2021-10-01,12.193150684931506,730,0.9811827956989247
550,2021-11-01,11.088888888888889,720,1.0
550,2021-12-01,13.108870967741936,744,1.0
550,2022-01-01,9.916666666666666,744,1.0
550,2022-02-01,12.071428571428571,602,0.8958333333333334
550,2022-03-01,14.3433242506812,734,0.9865591397849462
550,2022-04-01,13.925,720,1.0
550,2022-05-01,22.631720430107528,744,1.0
550,2022-06-01,16.774687065368568,719,0.9986111111111111
550,2022-07-01,12.032432432432433,740,0.9946236559139785
550,2022-08-01,18.336021505376344,744,1.0
550,2022-09-01,13.966620305980529,719,0.9986111111111111
550,2022-10-01,9.435483870967742,744,1.0
550,2022-11-01,9.290277777777778,720,1.0
550,2022-12-01,12.63762102351314,723,0.9717741935483871
550,2023-01-01,11.317808219178081,730,0.9811827956989247
550,2023-02-01,22.732142857142858,672,1.0
550,2023-03-01,14.284366576819407,742,0.9973118279569892
550,2023-04-01,15.947222222222223,720,1.0
550,2023-05-01,23.447580645161292,744,1.0
550,2023-06-01,20.448611111111113,720,1.0
550,2023-07-01,17.501344086021504,744,1.0
550,2023-08-01,13.084677419354838,744,1.0
550,2023-09-01,10.380222841225626,718,0.9972222222222222
550,2023-10-01,10.42074074074074,675,0.907258064516129
550,2023-11-01,9.045521292217327,681,0.9458333333333333
550,2023-12-01,10.383561643835616,730,0.9811827956989247
550,2024-01-01,12.144628099173554,726,0.9758064516129032
550,2024-02-01,14.536321483771252,647,0.9295977011494253
550,2024-03-01,18.372093023255815,602,0.8091397849462365
550,2024-04-01,188.375,8,0.011111111111111112
550,2024-05-01,119.54545454545455,11,0.01478494623655914
550,2024-10-01,1.6129032258064515,31,0.041666666666666664
550,2024-11-01,6.970670391061453,716,0.9944444444444445
550,2024-12-01,8.702156334231805,742,0.9973118279569892
550,2025-01-01,8.960863697705802,741,0.9959677419354839
550,2025-02-01,10.97289156626506,664,0.9880952380952381
550,2025-03-01,11.125179856115109,695,0.9341397849462365
550,2025-04-01,10.933333333333334,705,0.9791666666666666
550,2025-05-01,16.814266487214,743,0.9986559139784946
550,2025-06-01,19.014450867052023,692,0.9611111111111111
550,2025-07-01,20.324797843665767,742,0.9973118279569892
550,2025-08-01,12.140350877192983,741,0.9959677419354839
550,2025-09-01,8.768802228412257,718,0.9972222222222222
550,2025-10-01,8.184281842818429,738,0.9919354838709677
550,2025-11-01,7.465924895688456,719,0.9986111111111111
550,2025-12-01,9.184722222222222,720,0.967741935483871
550,2026-01-01,10.435309973045822,742,0.9973118279569892
550,2026-02-01,7.953731343283582,670,0.9970238095238095
550,2026-03-01,9.373315363881401,742,0.9973118279569892
550,2026-04-01,12.986072423398328,718,0.9972222222222222
550,2026-05-01,21.73009446693657,741,0.9959677419354839
550,2026-06-01,19.065550906555092,717,0.9958333333333333
550,2026-07-01,12.02710027100271,738,0.9919354838709677
550,2026-08-01,9.294594594594594,740,0.9946236559139785
550,2026-09-01,7.932258064516129,310,0.4305555555555556
551,2023-08-01,12.5,2,0.002688172043010753
551,2023-09-01,8.190743338008415,713,0.9902777777777778
551,2023-10-01,7.005376344086022,744,1.0
551,2023-11-01,5.125523012552302,717,0.9958333333333333
551,2023-12-01,6.123655913978495,744,1.0
551,2024-01-01,6.087483176312247,743,0.9986559139784946
551,2024-02-01,10.821533923303836,678,0.9741379310344828
551,2024-03-01,8.530364372469636,741,0.9959677419354839
551,2024-04-01,8.06824512534819,718,0.9972222222222222
551,2024-05-01,25.18733153638814,742,0.9973118279569892
551,2024-06-01,31.870860927152318,302,0.41944444444444445
551,2024-07-01,38.99573257467994,703,0.9448924731182796
551,2024-08-01,16.593451568894952,733,0.9852150537634409
551,2024-09-01,10.314763231197771,718,0.9972222222222222
551,2024-10-01,7.554865424430642,483,0.6491935483870968
551,2024-11-01,6.513888888888889,576,0.8
551,2024-12-01,7.849931787175989,733,0.9852150537634409
551,2025-01-01,6.987870619946092,742,0.9973118279569892
551,2025-02-01,8.990922844175492,661,0.9836309523809523
551,2025-03-01,9.359945872801083,739,0.9932795698924731
551,2025-04-01,10.88268156424581,716,0.9944444444444445
551,2025-05-01,20.675202156334233,742,0.9973118279569892
551,2025-06-01,34.81752873563219,696,0.9666666666666667
551,2025-07-01,31.30229419703104,741,0.9959677419354839
551,2025-08-01,19.422554347826086,736,0.989247311827957
551,2025-09-01,10.3109243697479,714,0.9916666666666667
551,2025-10-01,8.87245590230665,737,0.9905913978494624
551,2025-11-01,7.581005586592179,716,0.9944444444444445
551,2025-12-01,8.8371467025572,743,0.9986559139784946
551,2026-01-01,9.078167115902964,742,0.9973118279569892
551,2026-02-01,7.284649776453056,671,0.9985119047619048
551,2026-03-01,8.241565452091768,741,0.9959677419354839
551,2026-04-01,11.649513212795549,719,0.9986111111111111
551,2026-05-01,27.51212938005391,742,0.9973118279569892
551,2026-06-01,27.360724233983287,718,0.9972222222222222
551,2026-07-01,25.244952893674295,743,0.9986559139784946
551,2026-08-01,13.679676985195155,743,0.9986559139784946
551,2026-09-01,8.296774193548387,310,0.4305555555555556
560,2005-12-01,8.0,2,0.002688172043010753
560,2006-02-01,46.0,2,0.002976190476190476
560,2006-03-01,45.5,2,0.002688172043010753
560,2007-02-01,4.666666666666667,3,0.004464285714285714
560,2007-03-01,5.2,5,0.006720430107526882
560,2007-08-01,162.5,2,0.002688172043010753
560,2007-10-01,1.0,2,0.002688172043010753
560,2007-12-01,37.5,2,0.002688172043010753
560,2008-03-01,1.5,2,0.002688172043010753
560,2009-02-01,9.0,2,0.002976190476190476
560,2009-07-01,15.333333333333334,3,0.004032258064516129
560,2009-10-01,43.5,2,0.002688172043010753
560,2009-12-01,43.5,2,0.002688172043010753
560,2010-03-01,135.5,2,0.002688172043010753
560,2010-05-01,6.0,2,0.002688172043010753
560,2010-09-01,40.5,2,0.002777777777777778
560,2011-11-01,10.5,2,0.002777777777777778
560,2012-06-01,95.0,3,0.004166666666666667
560,2012-08-01,9.0,2,0.002688172043010753
560,2012-09-01,150.5,2,0.002777777777777778
560,2012-10-01,37.5,2,0.002688172043010753
560,2017-12-01,10.298657718120806,298,0.40053763440860213
560,2018-01-01,11.51278600269179,743,0.9986559139784946
560,2018-02-01,11.232203389830508,590,0.8779761904761905
560,2018-03-01,12.833333333333334,744,1.0
560,2018-04-01,15.12227074235808,687,0.9541666666666667
560,2018-05-01,22.331983805668017,741,0.9959677419354839
560,2018-06-01,27.507670850767084,717,0.9958333333333333
560,2018-07-01,21.571428571428573,686,0.9220430107526881
560,2018-08-01,22.895020188425303,743,0.9986559139784946
560,2018-09-01,15.808926080892608,717,0.9958333333333333
560,2018-10-01,10.675675675675675,740,0.9946236559139785
560,2018-11-01,9.503477051460361,719,0.9986111111111111
560,2018-12-01,10.218034993270525,743,0.9986559139784946
560,2019-01-01,11.702156334231805,742,0.9973118279569892
560,2019-02-01,12.786786786786786,666,0.9910714285714286
560,2019-03-01,11.499327052489905,743,0.9986559139784946
560,2019-04-01,15.82122905027933,716,0.9944444444444445
560,2019-05-01,16.448924731182796,744,1.0
560,2019-06-01,17.095104895104896,715,0.9930555555555556
560,2019-07-01,21.473755047106327,743,0.9986559139784946
560,2019-08-01,17.73954116059379,741,0.9959677419354839
560,2019-09-01,11.78888888888889,720,1.0
560,2019-10-01,10.687752355316285,743,0.9986559139784946
560,2019-11-01,12.952777777777778,720,1.0
560,2019-12-01,10.307560137457045,582,0.782258064516129
560,2020-01-01,9.31650750341064,733,0.9852150537634409
560,2020-02-01,9.579479768786127,692,0.9942528735632183
560,2020-03-01,11.713709677419354,744,1.0
560,2020-04-01,16.21001390820584,719,0.9986111111111111
560,2020-05-01,19.310901749663525,743,0.9986559139784946
560,2020-06-01,19.948467966573816,718,0.9972222222222222
560,2020-07-01,17.935397039030956,743,0.9986559139784946
560,2020-08-01,16.357624831309042,741,0.9959677419354839
560,2020-09-01,15.093055555555555,720,1.0
560,2020-10-01,12.185135135135136,740,0.9946236559139785
560,2020-11-01,11.383866481223922,719,0.9986111111111111
560,2020-12-01,11.82857142857143,735,0.9879032258064516
560,2021-01-01,14.901484480431849,741,0.9959677419354839
560,2021-02-01,9.216541353383459,665,0.9895833333333334
560,2021-03-01,10.77088948787062,742,0.9973118279569892
560,2021-04-01,13.081118881118881,715,0.9930555555555556
560,2021-05-01,18.74966352624495,743,0.9986559139784946
560,2021-06-01,17.920391061452513,716,0.9944444444444445
560,2021-07-01,23.516348773841962,734,0.9865591397849462
560,2021-08-01,16.672064777327936,741,0.9959677419354839
560,2021-09-01,10.164788732394365,710,0.9861111111111112
560,2021-10-01,9.117808219178082,730,0.9811827956989247
560,2021-11-01,8.719054242002782,719,0.9986111111111111
560,2021-12-01,8.45,740,0.9946236559139785
560,2022-01-01,8.402964959568733,742,0.9973118279569892
560,2022-02-01,10.131618759455371,661,0.9836309523809523
560,2022-03-01,14.739247311827956,744,1.0
560,2022-04-01,15.653409090909092,704,0.9777777777777777
560,2022-05-01,29.836927223719677,742,0.9973118279569892
560,2022-06-01,23.661516853932586,712,0.9888888888888889
560,2022-07-01,14.730820995962315,743,0.9986559139784946
560,2022-08-01,16.654520917678813,741,0.9959677419354839
560,2022-09-01,10.625869262865091,719,0.9986111111111111
560,2022-10-01,8.06267029972752,734,0.9865591397849462
560,2022-11-01,6.976388888888889,720,1.0
560,2022-12-01,9.778833107191316,737,0.9905913978494624
560,2023-01-01,9.977150537634408,744,1.0
560,2023-02-01,16.470764617691156,667,0.9925595238095238
560,2023-03-01,9.621621621621621,740,0.9946236559139785
560,2023-04-01,12.638772663877266,717,0.9958333333333333
560,2023-05-01,20.451962110960757,739,0.9932795698924731
560,2023-06-01,18.640167364016737,717,0.9958333333333333
560,2023-07-01,15.917789757412399,742,0.9973118279569892
560,2023-08-01,11.491228070175438,741,0.9959677419354839
560,2023-09-01,11.00597014925373,670,0.9305555555555556
560,2023-10-01,10.021097046413502,711,0.9556451612903226
560,2023-11-01,7.0693374422187985,649,0.9013888888888889
560,2023-12-01,7.377747252747253,728,0.978494623655914
560,2024-01-01,6.990527740189445,739,0.9932795698924731
560,2024-02-01,8.877167630057803,692,0.9942528735632183
560,2024-03-01,8.233468286099866,741,0.9959677419354839
560,2024-04-01,9.766666666666667,720,1.0
560,2024-05-01,14.823529411764707,714,0.9596774193548387
560,2024-06-01,13.944367176634215,719,0.9986111111111111
560,2024-07-01,23.622311827956988,744,1.0
560,2024-08-01,11.39622641509434,742,0.9973118279569892
560,2024-09-01,10.35064935064935,616,0.8555555555555555
560,2025-11-01,4.465408805031447,159,0.22083333333333333
560,2025-12-01,6.959404600811908,739,0.9932795698924731
560,2026-01-01,9.393530997304582,742,0.9973118279569892
560,2026-02-01,6.594029850746269,670,0.9970238095238095
560,2026-03-01,6.890540540540541,740,0.9946236559139785
560,2026-04-01,10.335203366058906,713,0.9902777777777778
560,2026-05-01,21.17789757412399,742,0.9973118279569892
560,2026-06-01,19.355153203342617,718,0.9972222222222222
560,2026-07-01,14.26450742240216,741,0.9959677419354839
560,2026-08-01,9.514864864864865,740,0.9946236559139785
560,2026-09-01,8.351612903225806,310,0.4305555555555556
609,2008-07-01,65.72131817333333,675,0.907258064516129
609,2008-08-01,48.38807350684932,730,0.9811827956989247
609,2008-09-01,28.500179836065573,549,0.7625
609,2008-10-01,21.188977177419353,744,1.0
609,2008-11-01,21.507141795714286,700,0.9722222222222222
609,2008-12-01,24.155219713876967,699,0.9395161290322581
609,2009-01-01,28.75281940833333,744,1.0
609,2009-02-01,28.89878187250384,651,0.96875
609,2009-03-01,32.31134704918033,732,0.9838709677419355
609,2009-04-01,42.15122065,720,1.0
609,2009-05-01,67.24430499327052,743,0.9986559139784946
609,2009-06-01,82.01365420974889,677,0.9402777777777778
609,2009-07-01,73.8180073755047,743,0.9986559139784946
609,2009-08-01,47.33091647907648,693,0.9314516129032258
609,2009-09-01,29.185140506521737,552,0.7666666666666667
609,2009-10-01,23.371467222222222,702,0.9435483870967742
609,2009-11-01,21.3051147518797,665,0.9236111111111112
609,2009-12-01,19.641318288920058,713,0.9583333333333334
609,2010-01-01,21.631929356435645,404,0.543010752688172
609,2010-02-01,22.28596557692308,624,0.9285714285714286
609,2010-03-01,34.48936499675851,617,0.8293010752688172
609,2010-04-01,74.85286046511628,43,0.059722222222222225
609,2010-06-01,34.933252276785716,448,0.6222222222222222
609,2010-08-01,76.59998333333333,6,0.008064516129032258
609,2010-12-01,42.57012636363636,77,0.10349462365591398
609,2011-01-01,26.761762140000002,340,0.45698924731182794
609,2011-02-01,32.417926978620685,580,0.8630952380952381
609,2011-03-01,32.854683591328666,715,0.9610215053763441
609,2011-04-01,46.94247375563909,532,0.7388888888888889
609,2011-05-01,45.87468672256097,656,0.8817204301075269
609,2011-06-01,88.29010756338027,710,0.9861111111111112
609,2011-07-01,88.5017751461039,616,0.8279569892473119
609,2011-08-01,44.80441850622407,723,0.9717741935483871
609,2011-09-01,33.23702410939691,713,0.9902777777777778
609,2011-10-01,30.115816918844565,727,0.9771505376344086
609,2011-11-01,31.50806482614743,719,0.9986111111111111
609,2011-12-01,37.46349916398714,622,0.8360215053763441
609,2012-01-01,29.19615225071225,702,0.9435483870967742
609,2012-02-01,28.95849182795699,465,0.6681034482758621
609,2012-03-01,19.486691201478745,541,0.7271505376344086
609,2012-04-01,31.414365135135135,703,0.9763888888888889
609,2012-05-01,51.84197207810321,717,0.9637096774193549
609,2012-06-01,58.49332433048433,702,0.975
609,2012-07-01,86.34739573569483,734,0.9865591397849462
609,2012-08-01,52.84170525815217,736,0.989247311827957
609,2012-09-01,24.238217557471263,696,0.9666666666666667
609,2012-10-01,16.811541710709317,719,0.9663978494623656
609,2012-11-01,13.872877260083449,719,0.9986111111111111
609,2012-12-01,11.826357712412833,717,0.9637096774193549
609,2013-02-01,9.0,2,0.002976190476190476
609,2013-03-01,16.14644970414201,676,0.9086021505376344
609,2013-04-01,32.50507211678832,685,0.9513888888888888
609,2013-05-01,51.94927914110429,652,0.8763440860215054
609,2013-06-01,85.42559333333334,600,0.8333333333333334
609,2013-07-01,70.54916202702702,740,0.9946236559139785
609,2013-08-01,58.68783783783784,740,0.9946236559139785
609,2013-09-01,28.716954022988507,696,0.9666666666666667
609,2013-10-01,17.798920377867745,741,0.9959677419354839
609,2013-11-01,11.428969359331477,718,0.9972222222222222
609,2013-12-01,14.891129032258064,744,1.0
609,2014-01-01,15.775202156334233,742,0.9973118279569892
609,2014-02-01,13.886736214605067,671,0.9985119047619048
609,2014-03-01,16.02294197031039,741,0.9959677419354839
609,2014-04-01,29.52094972067039,716,0.9944444444444445
609,2014-05-01,42.13218428184282,738,0.9919354838709677
609,2014-06-01,63.661064425770306,714,0.9916666666666667
609,2014-07-01,61.652759084791384,743,0.9986559139784946
609,2014-08-01,41.089172029569895,744,1.0
609,2014-09-01,20.996203059805286,719,0.9986111111111111
609,2014-10-01,11.738048517520214,742,0.9973118279569892
609,2014-11-01,9.47291609034268,642,0.8916666666666667
609,2014-12-01,9.298569079837618,739,0.9932795698924731
609,2015-01-01,15.405560053981107,741,0.9959677419354839
609,2015-02-01,18.28358208955224,670,0.9970238095238095
609,2015-03-01,14.243904427994616,743,0.9986559139784946
609,2015-04-01,23.351279415855352,719,0.9986111111111111
609,2015-05-01,41.29092336486487,740,0.9946236559139785
609,2015-06-01,51.825219454806316,697,0.9680555555555556
609,2015-07-01,53.62374332417583,728,0.978494623655914
609,2015-08-01,28.379691370420623,737,0.9905913978494624
609,2015-09-01,19.512875658263305,714,0.9916666666666667
609,2015-10-01,10.847688135135135,740,0.9946236559139785
609,2015-11-01,6.783208521617852,717,0.9958333333333333
609,2015-12-01,8.992145575101487,739,0.9932795698924731
609,2016-01-01,10.805489810771471,687,0.9233870967741935
609,2016-02-01,8.151466671490594,691,0.992816091954023
609,2016-03-01,18.212906169354838,744,1.0
609,2016-04-01,19.390032611111113,720,1.0
609,2016-05-01,40.25471720053836,743,0.9986559139784946
609,2016-06-01,63.17905611267606,710,0.9861111111111112
609,2016-07-01,46.998699689189195,740,0.9946236559139785
609,2016-08-01,33.10904277777777,738,0.9919354838709677
609,2016-09-01,20.189060366197182,710,0.9861111111111112
609,2016-10-01,9.571145837837838,740,0.9946236559139785
609,2016-11-01,9.551959596100279,718,0.9972222222222222
609,2016-12-01,8.929686771117167,734,0.9865591397849462
609,2017-01-01,23.276661934032983,667,0.896505376344086
609,2017-02-01,10.754964366616989,671,0.9985119047619048
609,2017-03-01,11.834627880434784,736,0.989247311827957
609,2017-04-01,13.88107009735744,719,0.9986111111111111
609,2017-05-01,34.067385444743934,742,0.9973118279569892
609,2017-06-01,47.90973201692525,709,0.9847222222222223
609,2017-07-01,51.0554054054054,740,0.9946236559139785
609,2017-08-01,36.41160593792173,741,0.9959677419354839
609,2017-09-01,19.875354107648725,706,0.9805555555555555
609,2017-10-01,10.162381596752368,739,0.9932795698924731
609,2017-11-01,10.632776934749621,659,0.9152777777777777
609,2017-12-01,9.157894736842104,741,0.9959677419354839
609,2018-01-01,8.337950138504155,722,0.9704301075268817
609,2018-02-01,9.70679012345679,648,0.9642857142857143
609,2018-03-01,8.536959553695956,717,0.9637096774193549
609,2018-04-01,16.489539748953973,717,0.9958333333333333
609,2018-05-01,29.465940054495913,734,0.9865591397849462
609,2018-06-01,53.39858156028369,705,0.9791666666666666
609,2018-07-01,44.55327868852459,732,0.9838709677419355
609,2018-08-01,37.72727272727273,737,0.9905913978494624
609,2018-09-01,21.594142259414227,717,0.9958333333333333
609,2018-10-01,11.92944369063772,737,0.9905913978494624
609,2018-11-01,5.523809523809524,714,0.9916666666666667
609,2018-12-01,7.581491712707182,724,0.9731182795698925
609,2019-01-01,9.814159292035399,678,0.9112903225806451
609,2019-02-01,12.207890743550834,659,0.9806547619047619
609,2019-03-01,16.001398601398602,715,0.9610215053763441
609,2019-04-01,27.023809523809526,714,0.9916666666666667
609,2019-05-01,38.4700139470014,717,0.9637096774193549
609,2019-06-01,48.46508379888268,716,0.9944444444444445
609,2019-07-01,58.91228070175438,741,0.9959677419354839
609,2019-08-01,32.4366576819407,742,0.9973118279569892
609,2019-09-01,17.548660084626235,709,0.9847222222222223
609,2019-10-01,11.500699300699301,715,0.9610215053763441
609,2019-11-01,9.364500792393027,631,0.8763888888888889
609,2019-12-01,10.129905277401894,739,0.9932795698924731
609,2020-01-01,11.195121951219512,738,0.9919354838709677
609,2020-02-01,18.197122302158274,695,0.9985632183908046
609,2020-03-01,14.429149797570851,741,0.9959677419354839
609,2020-04-01,19.870473537604457,718,0.9972222222222222
609,2020-05-01,36.30135135135135,740,0.9946236559139785
609,2020-06-01,42.464285714285715,644,0.8944444444444445
609,2020-07-01,48.21632653061224,735,0.9879032258064516
609,2020-08-01,29.34543010752688,744,1.0
609,2020-09-01,20.383164005805515,689,0.9569444444444445
609,2020-10-01,13.993252361673415,741,0.9959677419354839
609,2020-11-01,12.460881934566146,703,0.9763888888888889
609,2020-12-01,10.526244952893673,743,0.9986559139784946
609,2021-01-01,12.420980926430518,734,0.9865591397849462
609,2021-02-01,12.626934984520124,646,0.9613095238095238
609,2021-03-01,13.569688768606225,739,0.9932795698924731
609,2021-04-01,19.59540889526542,697,0.9680555555555556
609,2021-05-01,38.7760989010989,728,0.978494623655914
609,2021-06-01,45.860759493670884,711,0.9875
609,2021-07-01,61.079837618403246,739,0.9932795698924731
609,2021-08-01,44.97978436657682,742,0.9973118279569892
609,2021-09-01,19.27136431784108,667,0.9263888888888889
609,2021-10-01,12.643337819650068,743,0.9986559139784946
609,2021-11-01,12.523743016759777,716,0.9944444444444445
609,2021-12-01,16.326145552560646,742,0.9973118279569892
609,2022-01-01,9.150815217391305,736,0.989247311827957
609,2022-02-01,12.391044776119402,670,0.9970238095238095
609,2022-03-01,14.94108527131783,645,0.8669354838709677
609,2022-04-01,18.917712691771268,717,0.9958333333333333
609,2022-05-01,50.48448043184885,741,0.9959677419354839
609,2022-06-01,51.22284122562674,718,0.9972222222222222
609,2022-07-01,41.836486486486486,740,0.9946236559139785
609,2022-08-01,34.5472972972973,740,0.9946236559139785
609,2022-09-01,19.982978723404255,705,0.9791666666666666
609,2022-10-01,13.586486486486486,740,0.9946236559139785
609,2022-11-01,12.793991416309012,699,0.9708333333333333
609,2022-12-01,12.41150442477876,678,0.9112903225806451
609,2023-01-01,15.441091954022989,696,0.9354838709677419
609,2023-02-01,37.146268656716416,670,0.9970238095238095
609,2023-03-01,16.487074829931974,735,0.9879032258064516
609,2023-04-01,22.614206128133706,718,0.9972222222222222
609,2023-05-01,39.945872801082544,739,0.9932795698924731
609,2023-06-01,42.41283124128312,717,0.9958333333333333
609,2023-07-01,48.77088948787062,742,0.9973118279569892
609,2023-08-01,24.92722371967655,742,0.9973118279569892
609,2023-09-01,19.766114180478823,543,0.7541666666666667
609,2023-10-01,11.072972972972973,740,0.9946236559139785
609,2023-11-01,6.97071129707113,717,0.9958333333333333
609,2023-12-01,7.146900269541779,742,0.9973118279569892
609,2024-01-01,7.445355191256831,732,0.9838709677419355
609,2024-02-01,7.388969521044992,689,0.9899425287356322
609,2024-03-01,9.495481927710843,664,0.8924731182795699
609,2024-04-01,15.620979020979021,715,0.9930555555555556
609,2024-05-01,37.12820512820513,741,0.9959677419354839
609,2024-06-01,39.22829131652661,714,0.9916666666666667
609,2024-07-01,66.44662921348315,712,0.956989247311828
609,2024-08-01,30.802168021680217,738,0.9919354838709677
609,2024-09-01,17.957865168539325,712,0.9888888888888889
609,2024-10-01,9.68421052631579,741,0.9959677419354839
609,2024-11-01,7.901823281907434,713,0.9902777777777778
609,2024-12-01,8.223880597014926,737,0.9905913978494624
609,2025-01-01,7.834464043419267,737,0.9905913978494624
609,2025-02-01,11.825227963525835,658,0.9791666666666666
609,2025-03-01,10.118263473053892,668,0.8978494623655914
609,2025-04-01,16.558495821727018,718,0.9972222222222222
609,2025-05-01,29.916216216216217,740,0.9946236559139785
609,2025-06-01,41.69338959212377,711,0.9875
609,2025-07-01,50.49931224209078,727,0.9771505376344086
609,2025-08-01,27.02834008097166,741,0.9959677419354839
609,2025-09-01,18.689606741573034,712,0.9888888888888889
609,2025-10-01,11.986468200270636,739,0.9932795698924731
609,2025-11-01,10.99442119944212,717,0.9958333333333333
609,2025-12-01,9.927350427350428,702,0.9435483870967742
609,2026-01-01,12.792767732962448,719,0.9663978494623656
609,2026-02-01,11.681203007518796,665,0.9895833333333334
609,2026-03-01,13.844537815126051,714,0.9596774193548387
609,2026-04-01,18.467605633802815,710,0.9861111111111112
609,2026-05-01,41.174089068825914,741,0.9959677419354839
609,2026-06-01,43.677374301675975,716,0.9944444444444445
609,2026-07-01,27.101078167115904,742,0.9973118279569892
609,2026-08-01,23.237196765498652,742,0.9973118279569892
609,2026-09-01,16.401960784313726,306,0.425
611,2016-11-01,27.62812008888889,225,0.3125
611,2016-12-01,16.691639337837838,740,0.9946236559139785
611,2017-01-01,30.962415808625334,742,0.9973118279569892
611,2017-02-01,19.99077282843895,647,0.9627976190476191
611,2017-03-01,21.277993535762484,741,0.9959677419354839
611,2017-04-01,20.694308135593218,708,0.9833333333333333
611,2017-05-01,30.24133148404993,721,0.9690860215053764
611,2017-06-01,43.333796940194716,719,0.9986111111111111
611,2017-07-01,37.153324287652644,737,0.9905913978494624
611,2017-08-01,33.17320703653586,739,0.9932795698924731
611,2017-09-01,13.825418994413408,716,0.9944444444444445
611,2017-10-01,5.392550143266476,698,0.9381720430107527
611,2017-11-01,4.471509971509971,702,0.975
611,2017-12-01,4.648575305291724,737,0.9905913978494624
611,2018-01-01,5.398914518317503,737,0.9905913978494624
611,2018-02-01,9.458646616541353,665,0.9895833333333334
611,2018-03-01,10.498652291105122,742,0.9973118279569892
611,2018-04-01,18.034965034965033,715,0.9930555555555556
611,2018-05-01,32.19386331938633,717,0.9637096774193549
611,2018-06-01,55.67921686746988,664,0.9222222222222223
611,2018-07-01,46.11066126855601,741,0.9959677419354839
611,2018-08-01,38.836158192090394,708,0.9516129032258065
611,2018-09-01,19.5041782729805,718,0.9972222222222222
611,2018-10-01,10.397834912043301,739,0.9932795698924731
611,2018-11-01,6.621169916434541,718,0.9972222222222222
611,2018-12-01,9.366083445491252,743,0.9986559139784946
611,2019-01-01,9.939310344827586,725,0.9744623655913979
611,2019-02-01,12.818862275449101,668,0.9940476190476191
611,2019-03-01,12.843243243243244,740,0.9946236559139785
611,2019-04-01,22.73109243697479,714,0.9916666666666667
611,2019-05-01,40.94885598923284,743,0.9986559139784946
611,2019-06-01,50.36312849162011,716,0.9944444444444445
611,2019-07-01,56.3733153638814,742,0.9973118279569892
611,2019-08-01,33.63972602739726,730,0.9811827956989247
611,2019-09-01,15.752808988764045,712,0.9888888888888889
611,2019-10-01,9.165178571428571,672,0.9032258064516129
611,2019-11-01,5.654377880184332,651,0.9041666666666667
611,2019-12-01,6.205633802816902,710,0.9543010752688172
611,2020-01-01,8.497282608695652,736,0.989247311827957
611,2020-02-01,9.563492063492063,630,0.9051724137931034
611,2020-03-01,10.910690121786198,739,0.9932795698924731
611,2020-04-01,17.609826589595375,692,0.9611111111111111
611,2020-05-01,35.1881051175657,723,0.9717741935483871
611,2020-06-01,48.87755102040816,686,0.9527777777777777
611,2020-07-01,52.825,720,0.967741935483871
611,2020-08-01,32.14535666218035,743,0.9986559139784946
611,2020-09-01,18.285118219749652,719,0.9986111111111111
611,2020-10-01,10.198648648648648,740,0.9946236559139785
611,2020-11-01,9.412921348314606,712,0.9888888888888889
611,2020-12-01,7.972299168975069,722,0.9704301075268817
611,2021-01-01,9.309782608695652,736,0.989247311827957
611,2021-02-01,7.9507389162561575,609,0.90625
611,2021-03-01,10.18034993270525,743,0.9986559139784946
611,2021-04-01,15.568435754189943,716,0.9944444444444445
611,2021-05-01,28.704851752021565,742,0.9973118279569892
611,2021-06-01,43.100278551532035,718,0.9972222222222222
611,2021-07-01,34.857335127860026,743,0.9986559139784946
611,2021-08-01,35.09902370990237,717,0.9637096774193549
611,2021-09-01,14.71866295264624,718,0.9972222222222222
611,2021-10-01,9.035040431266847,742,0.9973118279569892
611,2021-11-01,7.169705469845722,713,0.9902777777777778
611,2021-12-01,8.705722070844686,734,0.9865591397849462
611,2022-01-01,6.685754189944134,716,0.9623655913978495
611,2022-02-01,9.182539682539682,630,0.9375
611,2022-03-01,10.804255319148936,705,0.9475806451612904
611,2022-04-01,15.850724637681159,690,0.9583333333333334
611,2022-05-01,39.67025572005384,743,0.9986559139784946
611,2022-06-01,49.03667136812412,709,0.9847222222222223
611,2022-07-01,40.3054054054054,740,0.9946236559139785
611,2022-08-01,35.40650406504065,738,0.9919354838709677
611,2022-09-01,21.575208913649025,718,0.9972222222222222
611,2022-10-01,9.616010854816825,737,0.9905913978494624
611,2022-11-01,9.395804195804196,715,0.9930555555555556
611,2022-12-01,11.788409703504042,742,0.9973118279569892
611,2023-01-01,9.43108108108108,740,0.9946236559139785
611,2023-02-01,31.55517826825127,589,0.8764880952380952
611,2023-03-01,11.59919028340081,741,0.9959677419354839
611,2023-04-01,18.05738880918221,697,0.9680555555555556
611,2023-05-01,35.79045643153527,482,0.6478494623655914
611,2023-06-01,40.28920863309352,695,0.9652777777777778
611,2023-07-01,42.915208613728126,743,0.9986559139784946
611,2023-08-01,24.63464140730717,739,0.9932795698924731
611,2023-09-01,18.247566063977747,719,0.9986111111111111
611,2023-10-01,8.330175913396483,739,0.9932795698924731
611,2023-11-01,5.083449235048679,719,0.9986111111111111
611,2023-12-01,9.224887556221889,667,0.896505376344086
611,2024-01-01,11.543859649122806,741,0.9959677419354839
611,2024-02-01,7.96656976744186,688,0.9885057471264368
611,2024-03-01,8.654002713704207,737,0.9905913978494624
611,2024-04-01,18.11946902654867,678,0.9416666666666667
611,2024-05-01,43.09722222222222,648,0.8709677419354839
611,2024-06-01,45.250398724082935,627,0.8708333333333333
611,2024-07-01,59.46268656716418,737,0.9905913978494624
611,2024-08-01,32.37671232876713,730,0.9811827956989247
611,2024-09-01,17.842618384401113,718,0.9972222222222222
611,2024-10-01,7.945070422535212,710,0.9543010752688172
611,2024-11-01,5.479136690647482,695,0.9652777777777778
611,2024-12-01,7.048961424332345,674,0.9059139784946236
611,2025-01-01,7.623641304347826,736,0.989247311827957
611,2025-02-01,10.804841149773072,661,0.9836309523809523
611,2025-03-01,9.645746164574616,717,0.9637096774193549
611,2025-04-01,13.632716049382717,648,0.9
611,2025-05-01,32.6765899864682,739,0.9932795698924731
611,2025-06-01,45.67039106145251,716,0.9944444444444445
611,2025-07-01,52.567832167832165,715,0.9610215053763441
611,2025-08-01,28.951020408163266,735,0.9879032258064516
611,2025-09-01,14.852986217457886,653,0.9069444444444444
611,2025-10-01,8.497260273972604,730,0.9811827956989247
611,2025-11-01,7.4,715,0.9930555555555556
611,2025-12-01,7.053941908713693,723,0.9717741935483871
611,2026-01-01,9.294197031039136,741,0.9959677419354839
611,2026-02-01,7.5473684210526315,665,0.9895833333333334
611,2026-03-01,8.543448275862069,725,0.9744623655913979
611,2026-04-01,15.419943820224718,712,0.9888888888888889
611,2026-05-01,42.67479674796748,738,0.9919354838709677
611,2026-06-01,47.29329608938548,716,0.9944444444444445
611,2026-07-01,34.29886685552408,706,0.9489247311827957
611,2026-08-01,23.875542691751086,691,0.928763440860215
611,2026-09-01,13.206451612903226,310,0.4305555555555556
612,2009-04-01,6.0,1,0.001388888888888889
612,2016-03-01,22.792847842105264,190,0.2553763440860215
612,2016-04-01,22.20983186111111,720,1.0
612,2016-05-01,34.12877778225806,744,1.0
612,2016-06-01,49.23425616133519,719,0.9986111111111111
612,2016-07-01,60.67441627688172,744,1.0
612,2016-08-01,32.843044032258064,744,1.0
612,2016-09-01,23.468774458333332,720,1.0
612,2016-10-01,13.27399251682369,743,0.9986559139784946
612,2016-11-01,13.78788427777778,720,1.0
612,2016-12-01,13.647569341397851,744,1.0
612,2017-01-01,22.62024948924731,744,1.0
612,2017-02-01,12.618477005988025,668,0.9940476190476191
612,2017-03-01,13.420835,742,0.9973118279569892
612,2017-04-01,16.873847033426184,718,0.9972222222222222
612,2017-05-01,32.307913669064746,695,0.9341397849462365
612,2017-06-01,38.67461430575035,713,0.9902777777777778
612,2017-07-01,39.72275862068965,725,0.9744623655913979
612,2017-08-01,37.2972972972973,740,0.9946236559139785
612,2017-09-01,19.459885386819483,698,0.9694444444444444
612,2017-10-01,8.297843665768195,742,0.9973118279569892
612,2017-11-01,7.847041847041847,693,0.9625
612,2017-12-01,7.025675675675676,740,0.9946236559139785
612,2018-01-01,8.730820995962315,743,0.9986559139784946
612,2018-02-01,8.396706586826348,668,0.9940476190476191
612,2018-03-01,8.989174560216508,739,0.9932795698924731
612,2018-04-01,19.455840455840455,702,0.975
612,2018-05-01,33.286675639300135,743,0.9986559139784946
612,2018-06-01,44.72596843615495,697,0.9680555555555556
612,2018-07-01,25.010796221322536,741,0.9959677419354839
612,2018-08-01,18.76986301369863,730,0.9811827956989247
612,2018-09-01,14.594142259414227,717,0.9958333333333333
612,2018-10-01,12.189292543021033,523,0.7029569892473119
612,2018-11-01,8.202513966480447,716,0.9944444444444445
612,2018-12-01,9.1455525606469,742,0.9973118279569892
612,2019-01-01,9.97983870967742,744,1.0
612,2019-02-01,12.830584707646176,667,0.9925595238095238
612,2019-03-01,12.177658142664873,743,0.9986559139784946
612,2019-04-01,19.805594405594405,715,0.9930555555555556
612,2019-05-01,38.69946091644205,742,0.9973118279569892
612,2019-06-01,41.75313807531381,717,0.9958333333333333
612,2019-07-01,47.125,744,1.0
612,2019-08-01,27.130727762803236,742,0.9973118279569892
612,2019-09-01,13.63649025069638,718,0.9972222222222222
612,2019-10-01,8.269541778975741,742,0.9973118279569892
612,2019-11-01,5.873259052924791,718,0.9972222222222222
612,2019-12-01,5.60377358490566,742,0.9973118279569892
612,2020-01-01,8.308209959623149,743,0.9986559139784946
612,2020-02-01,114.13893653516296,583,0.8376436781609196
612,2020-03-01,10.489159891598916,738,0.9919354838709677
612,2020-04-01,19.134078212290504,716,0.9944444444444445
612,2020-05-01,30.911290322580644,744,1.0
612,2020-06-01,45.97146932952924,701,0.9736111111111111
612,2020-07-01,37.42530282637954,743,0.9986559139784946
612,2020-08-01,26.59757738896366,743,0.9986559139784946
612,2020-09-01,18.090655509065552,717,0.9958333333333333
612,2020-10-01,10.74123989218329,742,0.9973118279569892
612,2020-11-01,9.995810055865922,716,0.9944444444444445
612,2020-12-01,8.702557200538358,743,0.9986559139784946
612,2021-01-01,11.044354838709678,744,1.0
612,2021-02-01,11.379256965944272,646,0.9613095238095238
612,2021-03-01,11.232839838492598,743,0.9986559139784946
612,2021-04-01,19.04735376044568,718,0.9972222222222222
612,2021-05-01,36.48118279569893,744,1.0
612,2021-06-01,50.559274755927476,717,0.9958333333333333
612,2021-07-01,49.19515477792732,743,0.9986559139784946
612,2021-08-01,39.61356932153392,678,0.9112903225806451
612,2021-09-01,16.218055555555555,720,1.0
612,2021-10-01,10.365721997300945,741,0.9959677419354839
612,2021-11-01,7.8180555555555555,720,1.0
612,2021-12-01,9.071641791044776,670,0.9005376344086021
612,2022-01-01,6.221774193548387,744,1.0
612,2022-02-01,11.296803652968036,657,0.9776785714285714
612,2022-03-01,12.554929577464788,710,0.9543010752688172
612,2022-04-01,16.765051395007344,681,0.9458333333333333
612,2022-05-01,39.244952893674295,743,0.9986559139784946
612,2022-06-01,53.329624478442284,719,0.9986111111111111
612,2022-07-01,47.30323450134771,742,0.9973118279569892
612,2022-08-01,33.29284750337382,741,0.9959677419354839
612,2022-09-01,23.591098748261473,719,0.9986111111111111
612,2022-10-01,9.732432432432432,740,0.9946236559139785
612,2022-11-01,8.99721059972106,717,0.9958333333333333
612,2022-12-01,9.967698519515478,743,0.9986559139784946
612,2023-01-01,7.977150537634409,744,1.0
612,2023-02-01,35.31791044776119,670,0.9970238095238095
612,2023-03-01,11.542625169147497,739,0.9932795698924731
612,2023-04-01,23.75799721835883,719,0.9986111111111111
612,2023-05-01,40.48118279569893,744,1.0
612,2023-06-01,39.94364161849711,692,0.9611111111111111
612,2023-07-01,42.068548387096776,744,1.0
612,2023-08-01,27.30135135135135,740,0.9946236559139785
612,2023-09-01,22.31388888888889,720,1.0
612,2023-10-01,14.634641407307171,739,0.9932795698924731
612,2023-11-01,12.235048678720444,719,0.9986111111111111
612,2023-12-01,12.46374829001368,731,0.9825268817204301
612,2024-01-01,13.207267833109018,743,0.9986559139784946
612,2024-02-01,12.280979827089338,694,0.9971264367816092
612,2024-03-01,13.424731182795698,744,1.0
612,2024-04-01,16.921311475409837,610,0.8472222222222222
612,2024-05-01,38.92577597840756,741,0.9959677419354839
612,2024-06-01,39.77663934426229,488,0.6777777777777778
612,2024-07-01,34.45286885245902,488,0.6559139784946236
612,2024-08-01,28.675202156334233,742,0.9973118279569892
612,2024-09-01,16.74269819193324,719,0.9986111111111111
612,2024-10-01,9.354925775978408,741,0.9959677419354839
612,2024-11-01,6.7924791086350975,718,0.9972222222222222
612,2024-12-01,8.05114401076716,743,0.9986559139784946
612,2025-01-01,7.473755047106326,743,0.9986559139784946
612,2025-02-01,10.085585585585585,666,0.9910714285714286
612,2025-03-01,10.404312668463612,742,0.9973118279569892
612,2025-04-01,13.943181818181818,616,0.8555555555555555
612,2025-05-01,34.337907375643226,583,0.7836021505376344
612,2025-06-01,43.814092953523236,667,0.9263888888888889
612,2025-07-01,41.21438848920863,695,0.9341397849462365
612,2025-08-01,23.096336499321573,737,0.9905913978494624
612,2025-09-01,12.126564673157162,719,0.9986111111111111
612,2025-10-01,6.534265734265734,715,0.9610215053763441
612,2025-11-01,5.278164116828929,719,0.9986111111111111
612,2025-12-01,4.61808367071525,741,0.9959677419354839
612,2026-01-01,8.409152086137281,743,0.9986559139784946
612,2026-02-01,5.57847533632287,669,0.9955357142857143
612,2026-03-01,7.262803234501348,742,0.9973118279569892
612,2026-04-01,15.463703703703704,675,0.9375
612,2026-05-01,42.92351274787536,706,0.9489247311827957
612,2026-06-01,39.8941504178273,718,0.9972222222222222
612,2026-07-01,32.456258411843876,743,0.9986559139784946
612,2026-08-01,22.594885598923284,743,0.9986559139784946
612,2026-09-01,15.522580645161291,310,0.4305555555555556
615,2012-06-01,83.44727164744646,607,0.8430555555555556
615,2012-07-01,132.51113429411765,680,0.9139784946236559
615,2012-08-01,79.76977905952381,672,0.9032258064516129
615,2012-09-01,27.179841069767445,645,0.8958333333333334
615,2012-10-01,12.257603447887323,710,0.9543010752688172
615,2012-11-01,31.0612443090625,640,0.8888888888888888
615,2013-02-01,13.0,1,0.001488095238095238
615,2013-03-01,23.20457604306864,743,0.9986559139784946
615,2013-04-01,82.77611940298507,603,0.8375
615,2013-05-01,90.48258706467662,603,0.8104838709677419
615,2013-06-01,114.93044822256569,647,0.8986111111111111
615,2013-07-01,63.286026200873366,458,0.6155913978494624
615,2013-08-01,30.502018842530283,743,0.9986559139784946
615,2013-09-01,32.55653450807636,681,0.9458333333333333
615,2013-10-01,14.900680272108843,735,0.9879032258064516
615,2013-11-01,10.833333333333334,720,1.0
615,2013-12-01,13.612903225806452,744,1.0
615,2014-01-01,14.256720430107526,744,1.0
615,2014-02-01,12.413690476190476,672,1.0
615,2014-03-01,20.85917496443812,703,0.9448924731182796
615,2014-04-01,38.26111111111111,720,1.0
615,2014-05-01,45.26210826210826,702,0.9435483870967742
615,2014-06-01,79.33757062146893,708,0.9833333333333333
615,2014-07-01,64.42241379310344,696,0.9354838709677419
615,2014-08-01,52.31182795698925,744,1.0
615,2014-09-01,32.14437486111111,720,1.0
615,2014-10-01,16.638735752688174,744,1.0
615,2014-11-01,10.232492997198879,714,0.9916666666666667
615,2014-12-01,10.518169582772543,743,0.9986559139784946
615,2015-01-01,16.66911345744681,564,0.7580645161290323
615,2015-03-01,17.38947366396761,494,0.6639784946236559
615,2015-04-01,28.093824756606395,719,0.9986111111111111
615,2015-05-01,55.564009535864976,711,0.9556451612903226
615,2015-06-01,63.8077068575419,716,0.9944444444444445
615,2015-07-01,65.98608201793722,669,0.8991935483870968
615,2015-08-01,39.84022395663956,738,0.9919354838709677
615,2015-09-01,30.785637713068184,704,0.9777777777777777
615,2015-10-01,22.688361942544457,731,0.9825268817204301
615,2015-11-01,13.83570425141243,708,0.9833333333333333
615,2015-12-01,13.92801577027027,740,0.9946236559139785
615,2016-01-01,15.76614447761194,737,0.9905913978494624
615,2016-02-01,12.483540819912152,683,0.9813218390804598
615,2016-03-01,19.899082922868743,739,0.9932795698924731
615,2016-04-01,28.13033307004471,671,0.9319444444444445
615,2016-05-01,52.47054246594005,734,0.9865591397849462
615,2016-06-01,77.97841022408964,714,0.9916666666666667
615,2016-07-01,59.30105266757866,731,0.9825268817204301
615,2016-08-01,37.11714935704514,731,0.9825268817204301
615,2016-09-01,24.85122675070028,714,0.9916666666666667
615,2016-10-01,11.080829481582537,733,0.9852150537634409
615,2016-11-01,12.30057685840708,678,0.9416666666666667
615,2016-12-01,13.128515,740,0.9946236559139785
615,2017-01-01,21.049024276048716,739,0.9932795698924731
615,2017-02-01,12.954776402985074,670,0.9970238095238095
615,2017-03-01,14.35227351826793,739,0.9932795698924731
615,2017-04-01,17.359706285310732,708,0.9833333333333333
615,2017-05-01,37.512995896032834,731,0.9825268817204301
615,2017-06-01,49.13528591352859,717,0.9958333333333333
615,2017-07-01,53.68843537414966,735,0.9879032258064516
615,2017-08-01,43.210312075983715,737,0.9905913978494624
615,2017-09-01,23.6453488372093,688,0.9555555555555556
615,2017-10-01,11.560379918588874,737,0.9905913978494624
615,2017-11-01,11.85195530726257,716,0.9944444444444445
615,2017-12-01,11.186301369863013,730,0.9811827956989247
615,2018-01-01,13.161428571428571,700,0.9408602150537635
615,2018-02-01,11.527863777089783,646,0.9613095238095238
615,2018-03-01,13.309782608695652,736,0.989247311827957
615,2018-04-01,21.096638655462186,714,0.9916666666666667
615,2018-05-01,36.572404371584696,732,0.9838709677419355
615,2018-06-01,68.68016759776536,716,0.9944444444444445
615,2018-07-01,59.40755735492578,741,0.9959677419354839
615,2018-08-01,47.17972972972973,740,0.9946236559139785
615,2018-09-01,24.921896792189678,717,0.9958333333333333
615,2018-10-01,15.013623978201634,734,0.9865591397849462
615,2018-11-01,10.585507246376812,690,0.9583333333333334
615,2018-12-01,12.860433604336043,738,0.9919354838709677
615,2019-01-01,11.545822102425875,742,0.9973118279569892
615,2019-02-01,16.07046476761619,667,0.9925595238095238
615,2019-03-01,16.889958734525447,727,0.9771505376344086
615,2019-04-01,28.517531556802243,713,0.9902777777777778
615,2019-05-01,40.89715832205683,739,0.9932795698924731
615,2019-06-01,52.96666666666667,720,1.0
615,2019-07-01,63.227053140096615,621,0.8346774193548387
615,2019-08-01,37.821862348178136,741,0.9959677419354839
615,2019-09-01,18.817294281729428,717,0.9958333333333333
615,2019-10-01,14.7516960651289,737,0.9905913978494624
615,2019-11-01,12.408391608391609,715,0.9930555555555556
615,2019-12-01,14.302702702702703,740,0.9946236559139785
615,2020-01-01,13.262228260869565,736,0.989247311827957
615,2020-02-01,17.74025974025974,693,0.9956896551724138
615,2020-03-01,13.755405405405405,740,0.9946236559139785
615,2020-04-01,20.795264623955433,718,0.9972222222222222
615,2020-05-01,38.07891156462585,735,0.9879032258064516
615,2020-06-01,49.9971671388102,706,0.9805555555555555
615,2020-07-01,52.620199146514935,703,0.9448924731182796
615,2020-08-01,36.304054054054056,740,0.9946236559139785
615,2020-09-01,21.15223463687151,716,0.9944444444444445
615,2020-10-01,13.943548387096774,744,1.0
615,2020-11-01,12.689944134078212,716,0.9944444444444445
615,2020-12-01,11.40080971659919,741,0.9959677419354839
615,2021-01-01,10.201623815967524,739,0.9932795698924731
615,2021-02-01,11.452380952380953,672,1.0
615,2021-03-01,10.789757412398922,742,0.9973118279569892
615,2021-04-01,14.783898305084746,708,0.9833333333333333
615,2021-05-01,37.55,740,0.9946236559139785
615,2021-06-01,47.400837988826815,716,0.9944444444444445
615,2021-07-01,72.23916083916085,715,0.9610215053763441
615,2021-08-01,45.60916442048517,742,0.9973118279569892
615,2021-09-01,15.565034965034965,715,0.9930555555555556
615,2021-10-01,10.41,700,0.9408602150537635
615,2021-11-01,8.268907563025211,714,0.9916666666666667
615,2021-12-01,12.03929539295393,738,0.9919354838709677
615,2022-01-01,7.30257801899593,737,0.9905913978494624
615,2022-02-01,14.530864197530864,648,0.9642857142857143
615,2022-03-01,14.75438596491228,741,0.9959677419354839
615,2022-04-01,21.95536959553696,717,0.9958333333333333
615,2022-05-01,50.55121293800539,742,0.9973118279569892
615,2022-06-01,60.34540389972145,718,0.9972222222222222
615,2022-07-01,57.511756569847854,723,0.9717741935483871
615,2022-08-01,41.96603260869565,736,0.989247311827957
615,2022-09-01,27.266165413533834,665,0.9236111111111112
615,2022-10-01,17.373477672530445,739,0.9932795698924731
615,2022-11-01,16.479389312977098,655,0.9097222222222222
615,2022-12-01,17.62431693989071,732,0.9838709677419355
615,2023-01-01,12.023776223776224,715,0.9610215053763441
615,2023-02-01,29.73898305084746,590,0.8779761904761905
615,2023-03-01,12.289256198347108,726,0.9758064516129032
615,2023-04-01,19.860795454545453,704,0.9777777777777777
615,2023-05-01,39.43390804597701,696,0.9354838709677419
615,2023-06-01,42.60982658959538,692,0.9611111111111111
615,2023-07-01,46.49861111111111,720,0.967741935483871
615,2023-08-01,23.826739427012278,733,0.9852150537634409
615,2023-09-01,20.891396332863188,709,0.9847222222222223
615,2023-10-01,13.79372197309417,669,0.8991935483870968
615,2023-11-01,10.913649025069638,718,0.9972222222222222
615,2023-12-01,10.806802721088435,735,0.9879032258064516
615,2024-01-01,12.562932226832642,723,0.9717741935483871
615,2024-02-01,12.138801261829652,634,0.9109195402298851
615,2024-03-01,10.419618528610354,734,0.9865591397849462
615,2024-04-01,17.645714285714284,700,0.9722222222222222
615,2024-05-01,43.36473755047106,743,0.9986559139784946
615,2024-06-01,40.98463687150838,716,0.9944444444444445
615,2024-07-01,70.86756756756756,740,0.9946236559139785
615,2024-08-01,31.128099173553718,726,0.9758064516129032
615,2024-09-01,19.29360465116279,688,0.9555555555555556
615,2024-10-01,10.562922868741543,739,0.9932795698924731
615,2024-11-01,7.4636871508379885,716,0.9944444444444445
615,2024-12-01,6.129380053908355,742,0.9973118279569892
615,2025-01-01,6.161028416779431,739,0.9932795698924731
615,2025-02-01,10.243531202435312,657,0.9776785714285714
615,2025-03-01,9.432432432432432,740,0.9946236559139785
615,2025-04-01,18.03347280334728,717,0.9958333333333333
615,2025-05-01,30.296296296296298,729,0.9798387096774194
615,2025-06-01,45.95403899721448,718,0.9972222222222222
615,2025-07-01,51.77204884667571,737,0.9905913978494624
615,2025-08-01,27.54798331015299,719,0.9663978494623656
615,2025-09-01,17.404225352112675,710,0.9861111111111112
615,2025-10-01,9.507442489851151,739,0.9932795698924731
615,2025-11-01,8.861538461538462,715,0.9930555555555556
615,2025-12-01,8.18733153638814,742,0.9973118279569892
615,2026-01-01,10.91123439667129,721,0.9690860215053764
615,2026-02-01,7.503058103975535,654,0.9732142857142857
615,2026-03-01,9.184782608695652,736,0.989247311827957
615,2026-04-01,19.073919107391912,717,0.9958333333333333
615,2026-05-01,44.06216216216216,740,0.9946236559139785
615,2026-06-01,46.351877607788595,719,0.9986111111111111
615,2026-07-01,29.565217391304348,736,0.989247311827957
615,2026-08-01,24.08097165991903,741,0.9959677419354839
615,2026-09-01,15.921768707482993,294,0.4083333333333333
703,2013-03-01,23.067924528301887,265,0.35618279569892475
703,2013-04-01,25.548780487804876,574,0.7972222222222223
703,2013-05-01,74.58362989323844,562,0.7553763440860215
703,2013-06-01,63.53951367781155,658,0.9138888888888889
703,2013-07-01,92.16037735849056,742,0.9973118279569892
703,2013-08-01,85.84324324324324,740,0.9946236559139785
703,2013-09-01,34.61944444444445,720,1.0
703,2013-10-01,13.131284916201118,716,0.9623655913978495
703,2013-11-01,10.816666666666666,720,1.0
703,2013-12-01,12.06155950752394,731,0.9825268817204301
703,2014-01-01,25.931818181818183,660,0.8870967741935484
703,2014-02-01,14.377289377289378,546,0.8125
703,2014-03-01,17.972789115646258,735,0.9879032258064516
703,2014-04-01,41.87029288702929,717,0.9958333333333333
703,2014-05-01,68.99819892473118,744,1.0
703,2014-06-01,66.29861111111111,720,1.0
703,2014-07-01,64.95161290322581,744,1.0
703,2014-08-01,65.24196236559139,744,1.0
703,2014-09-01,19.314518055555556,720,1.0
703,2014-10-01,8.367461430575036,713,0.9583333333333334
703,2014-11-01,5.4887290071942445,695,0.9652777777777778
703,2014-12-01,5.852918922413793,696,0.9354838709677419
703,2015-01-01,10.611036339165546,743,0.9986559139784946
703,2015-02-01,15.884434523809524,672,1.0
703,2015-03-01,12.464333781965006,743,0.9986559139784946
703,2015-04-01,28.588563458856346,717,0.9958333333333333
703,2015-05-01,70.31444737837838,740,0.9946236559139785
703,2015-06-01,70.27475932867134,715,0.9930555555555556
703,2015-07-01,81.15478055330634,741,0.9959677419354839
703,2015-08-01,48.1063846008119,739,0.9932795698924731
703,2015-09-01,22.740683913649026,718,0.9972222222222222
703,2015-10-01,9.139658738127544,737,0.9905913978494624
703,2015-11-01,4.8147104052098415,691,0.9597222222222223
703,2015-12-01,8.024981765498651,742,0.9973118279569892
703,2016-01-01,7.519682547425473,738,0.9919354838709677
703,2016-02-01,8.190063111782477,662,0.9511494252873564
703,2016-03-01,21.36528620081411,737,0.9905913978494624
703,2016-04-01,27.80741769874477,717,0.9958333333333333
703,2016-05-01,60.20650285714286,693,0.9314516129032258
703,2016-06-01,71.32864670850768,717,0.9958333333333333
703,2016-07-01,68.69123834464044,737,0.9905913978494624
703,2016-08-01,35.54133215924426,741,0.9959677419354839
703,2016-09-01,23.020925754189946,716,0.9944444444444445
703,2016-10-01,9.7877258401084,738,0.9919354838709677
703,2016-11-01,7.6044395118549515,717,0.9958333333333333
703,2016-12-01,10.78149402422611,743,0.9986559139784946
703,2017-01-01,29.52821979108635,718,0.9650537634408602
703,2017-02-01,7.567450164424515,669,0.9955357142857143
703,2017-03-01,10.302846202702703,740,0.9946236559139785
703,2017-04-01,14.564538442280947,719,0.9986111111111111
703,2017-05-01,48.44353741496599,735,0.9879032258064516
703,2017-06-01,37.38041958041958,715,0.9930555555555556
703,2017-07-01,62.333333333333336,744,1.0
703,2017-08-01,40.497975708502025,741,0.9959677419354839
703,2017-09-01,17.271587743732592,718,0.9972222222222222
703,2017-10-01,7.73734610123119,731,0.9825268817204301
703,2017-11-01,6.7652777777777775,720,1.0
703,2017-12-01,5.497311827956989,744,1.0
703,2018-01-01,8.28763440860215,744,1.0
703,2018-02-01,10.830357142857142,672,1.0
703,2018-03-01,10.336021505376344,744,1.0
703,2018-04-01,23.787412587412586,715,0.9930555555555556
703,2018-05-01,53.021947873799725,729,0.9798387096774194
703,2018-06-01,74.52758132956153,707,0.9819444444444444
703,2018-07-01,74.33064516129032,744,1.0
703,2018-08-01,50.98654104979811,743,0.9986559139784946
703,2018-09-01,18.759722222222223,720,1.0
703,2018-10-01,7.686827956989247,744,1.0
703,2018-11-01,6.102777777777778,720,1.0
703,2018-12-01,7.384408602150538,744,1.0
703,2019-01-01,7.07277628032345,742,0.9973118279569892
703,2019-02-01,12.322916666666666,672,1.0
703,2019-03-01,16.86522911051213,742,0.9973118279569892
703,2019-04-01,32.09444444444444,720,1.0
703,2019-05-01,52.755464480874316,732,0.9838709677419355
703,2019-06-01,44.24027777777778,720,1.0
703,2019-07-01,49.32108843537415,735,0.9879032258064516
703,2019-08-01,36.92741935483871,744,1.0
703,2019-09-01,14.1125,720,1.0
703,2019-10-01,8.626344086021506,744,1.0
703,2019-11-01,5.555393586005831,686,0.9527777777777777
703,2019-12-01,6.80437756497948,731,0.9825268817204301
703,2020-01-01,8.858695652173912,736,0.989247311827957
703,2020-02-01,9.695402298850574,696,1.0
703,2020-03-01,9.792963464140731,739,0.9932795698924731
703,2020-04-01,20.88038942976356,719,0.9986111111111111
703,2020-05-01,46.85103448275862,725,0.9744623655913979
703,2020-06-01,65.51893408134643,713,0.9902777777777778
703,2020-07-01,64.99730458221025,742,0.9973118279569892
703,2020-08-01,41.09756097560975,738,0.9919354838709677
703,2020-09-01,21.858345021037866,713,0.9902777777777778
703,2020-10-01,10.490591397849462,744,1.0
703,2020-11-01,9.182328190743338,713,0.9902777777777778
703,2020-12-01,8.690444145356663,743,0.9986559139784946
703,2021-01-01,8.28415300546448,732,0.9838709677419355
703,2021-02-01,7.651266766020864,671,0.9985119047619048
703,2021-03-01,10.56140350877193,741,0.9959677419354839
703,2021-04-01,22.477715877437326,718,0.9972222222222222
703,2021-05-01,68.18623481781377,741,0.9959677419354839
703,2021-06-01,66.5258019525802,717,0.9958333333333333
703,2021-07-01,73.14693877551021,735,0.9879032258064516
703,2021-08-01,45.301886792452834,742,0.9973118279569892
703,2021-09-01,21.181058495821727,718,0.9972222222222222
703,2021-10-01,10.772849462365592,744,1.0
703,2021-11-01,7.9442119944212,717,0.9958333333333333
703,2021-12-01,13.323450134770889,742,0.9973118279569892
703,2022-01-01,7.1043360433604335,738,0.9919354838709677
703,2022-02-01,15.302848575712144,667,0.9925595238095238
703,2022-03-01,10.607046070460704,738,0.9919354838709677
703,2022-04-01,21.408901251738527,719,0.9986111111111111
703,2022-05-01,53.95810810810811,740,0.9946236559139785
703,2022-06-01,54.83286908077994,718,0.9972222222222222
703,2022-07-01,46.49122807017544,741,0.9959677419354839
703,2022-08-01,40.658569500674766,741,0.9959677419354839
703,2022-09-01,18.86889818688982,717,0.9958333333333333
703,2022-10-01,6.428763440860215,744,1.0
703,2022-11-01,6.1114245416078985,709,0.9847222222222223
703,2022-12-01,6.154569892473118,744,1.0
703,2023-01-01,6.975609756097561,738,0.9919354838709677
703,2023-02-01,33.19225037257824,671,0.9985119047619048
703,2023-03-01,12.326086956521738,736,0.989247311827957
703,2023-04-01,20.11699164345404,718,0.9972222222222222
703,2023-05-01,44.40970350404313,742,0.9973118279569892
703,2023-06-01,44.638888888888886,720,1.0
703,2023-07-01,58.37246963562753,741,0.9959677419354839
703,2023-08-01,40.499325236167344,741,0.9959677419354839
703,2023-09-01,14.75208913649025,718,0.9972222222222222
703,2023-10-01,7.788978494623656,744,1.0
703,2023-11-01,4.512534818941504,718,0.9972222222222222
703,2023-12-01,4.839838492597577,743,0.9986559139784946
703,2024-01-01,6.520974289580514,739,0.9932795698924731
703,2024-02-01,7.129682997118156,694,0.9971264367816092
703,2024-03-01,7.2625169147496615,739,0.9932795698924731
703,2024-04-01,13.6884561891516,719,0.9986111111111111
703,2024-05-01,68.0121293800539,742,0.9973118279569892
703,2024-06-01,44.17663421418637,719,0.9986111111111111
703,2024-07-01,70.38783783783784,740,0.9946236559139785
703,2024-08-01,44.6693657219973,741,0.9959677419354839
703,2024-09-01,14.0,715,0.9930555555555556
703,2024-10-01,5.446927374301676,716,0.9623655913978495
703,2024-11-01,2.6366906474820144,556,0.7722222222222223
703,2024-12-01,4.031123139377537,739,0.9932795698924731
703,2025-01-01,4.374324324324324,740,0.9946236559139785
703,2025-02-01,8.430284857571214,667,0.9925595238095238
703,2025-03-01,9.075778078484438,739,0.9932795698924731
703,2025-04-01,18.593880389429764,719,0.9986111111111111
703,2025-05-01,39.49122807017544,741,0.9959677419354839
703,2025-06-01,66.59803921568627,714,0.9916666666666667
703,2025-07-01,61.62822252374491,737,0.9905913978494624
703,2025-08-01,32.81965006729475,743,0.9986559139784946
703,2025-09-01,10.245255474452554,685,0.9513888888888888
703,2025-10-01,4.7677793904209,689,0.9260752688172043
703,2025-11-01,3.0102639296187683,682,0.9472222222222222
703,2025-12-01,3.696969696969697,693,0.9314516129032258
703,2026-01-01,5.807277628032345,742,0.9973118279569892
703,2026-02-01,2.9107981220657275,639,0.9508928571428571
703,2026-03-01,4.171853856562923,739,0.9932795698924731
703,2026-04-01,19.51392757660167,718,0.9972222222222222
703,2026-05-01,62.071524966261805,741,0.9959677419354839
703,2026-06-01,52.391364902506965,718,0.9972222222222222
703,2026-07-01,42.113821138211385,738,0.9919354838709677
703,2026-08-01,42.36522911051213,742,0.9973118279569892
703,2026-09-01,18.406666666666666,300,0.4166666666666667
709,2012-07-01,90.08050642348755,562,0.7553763440860215
709,2012-08-01,174.4257342441054,721,0.9690860215053764
709,2012-09-01,753.6143578104575,306,0.425
709,2013-02-01,6.0,1,0.001488095238095238
709,2013-03-01,19.877523553162852,743,0.9986559139784946
709,2013-04-01,30.25348189415042,718,0.9972222222222222
709,2013-05-01,65.40655737704918,610,0.8198924731182796
709,2013-06-01,65.72900158478605,631,0.8763888888888889
709,2013-07-01,56.682561307901906,734,0.9865591397849462
709,2013-08-01,54.31401617250674,742,0.9973118279569892
709,2013-09-01,29.13956834532374,695,0.9652777777777778
709,2013-10-01,16.256130790190735,734,0.9865591397849462
709,2013-11-01,11.498579545454545,704,0.9777777777777777
709,2013-12-01,14.385245901639344,732,0.9838709677419355
709,2014-01-01,16.281632653061223,735,0.9879032258064516
709,2014-02-01,11.943661971830986,639,0.9508928571428571
709,2014-03-01,22.205234159779614,726,0.9758064516129032
709,2014-04-01,38.69595536959554,717,0.9958333333333333
709,2014-05-01,51.59404600811908,739,0.9932795698924731
709,2014-06-01,56.42127659574468,705,0.9791666666666666
709,2014-07-01,59.36290322580645,744,1.0
709,2014-08-01,52.49881455525606,742,0.9973118279569892
709,2014-09-01,19.263053930555557,720,1.0
709,2014-10-01,12.955397345013477,742,0.9973118279569892
709,2014-11-01,11.12108924778761,678,0.9416666666666667
709,2014-12-01,10.874159451008646,694,0.9327956989247311
709,2015-01-01,15.532408899569583,697,0.9368279569892473
709,2015-02-01,20.239597709923665,655,0.9747023809523809
709,2015-03-01,17.634614668769714,634,0.8521505376344086
709,2015-04-01,34.302381249999996,720,1.0
709,2015-05-01,50.622110797297296,740,0.9946236559139785
709,2015-06-01,42.38434030555556,720,1.0
709,2015-07-01,43.47848442204301,744,1.0
709,2015-08-01,26.69540061911171,743,0.9986559139784946
709,2015-09-01,19.558659692737432,716,0.9944444444444445
709,2015-10-01,12.224782993197278,735,0.9879032258064516
709,2015-11-01,7.321586036432927,656,0.9111111111111111
709,2015-12-01,5.012967203883495,515,0.6922043010752689
709,2016-01-01,11.193774423407918,581,0.7809139784946236
709,2016-02-01,11.491868181818182,693,0.9956896551724138
709,2016-03-01,22.41308333783784,740,0.9946236559139785
709,2016-04-01,27.189250529986055,717,0.9958333333333333
709,2016-05-01,48.89197384931507,730,0.9811827956989247
709,2016-06-01,63.793309596662034,719,0.9986111111111111
709,2016-07-01,62.878125115020296,739,0.9932795698924731
709,2016-08-01,34.41950599190284,741,0.9959677419354839
709,2016-09-01,25.412120640668526,718,0.9972222222222222
709,2016-10-01,10.982925932432433,740,0.9946236559139785
709,2016-11-01,9.219745910987482,719,0.9986111111111111
709,2016-12-01,10.403292051282051,741,0.9959677419354839
709,2017-01-01,25.012124594594596,740,0.9946236559139785
709,2017-02-01,13.050174969879517,664,0.9880952380952381
709,2017-03-01,13.566779850340135,735,0.9879032258064516
709,2017-04-01,17.846684631432545,719,0.9986111111111111
709,2017-05-01,39.78455284552845,738,0.9919354838709677
709,2017-06-01,44.414084507042254,710,0.9861111111111112
709,2017-07-01,56.652702702702705,740,0.9946236559139785
709,2017-08-01,40.76043068640646,743,0.9986559139784946
709,2017-09-01,18.68022440392707,713,0.9902777777777778
709,2017-10-01,8.375168690958164,741,0.9959677419354839
709,2017-11-01,7.887186629526463,718,0.9972222222222222
709,2017-12-01,7.208894878706199,742,0.9973118279569892
709,2018-01-01,6.796448087431694,732,0.9838709677419355
709,2018-02-01,7.663173652694611,668,0.9940476190476191
709,2018-03-01,9.126514131897713,743,0.9986559139784946
709,2018-04-01,20.436541143654114,717,0.9958333333333333
709,2018-05-01,39.12719891745602,739,0.9932795698924731
709,2018-06-01,64.23676880222841,718,0.9972222222222222
709,2018-07-01,48.32793522267207,741,0.9959677419354839
709,2018-08-01,45.56214689265537,708,0.9516129032258065
709,2018-09-01,20.048882681564248,716,0.9944444444444445
709,2018-10-01,7.846467391304348,736,0.989247311827957
709,2018-11-01,4.367176634214187,719,0.9986111111111111
709,2018-12-01,5.60377358490566,742,0.9973118279569892
709,2019-01-01,6.443243243243243,740,0.9946236559139785
709,2019-02-01,12.373134328358208,670,0.9970238095238095
709,2019-03-01,15.514824797843666,742,0.9973118279569892
709,2019-04-01,28.29346314325452,719,0.9986111111111111
709,2019-05-01,42.730555555555554,720,0.967741935483871
709,2019-06-01,46.60083449235049,719,0.9986111111111111
709,2019-07-01,55.15924426450742,741,0.9959677419354839
709,2019-08-01,36.045698924731184,744,1.0
709,2019-09-01,19.46100278551532,718,0.9972222222222222
709,2019-10-01,11.138814016172507,742,0.9973118279569892
709,2019-11-01,9.380222841225626,718,0.9972222222222222
709,2019-12-01,10.13978494623656,744,1.0
709,2020-01-01,11.371934604904633,734,0.9865591397849462
709,2020-02-01,11.715107913669065,695,0.9985632183908046
709,2020-03-01,11.340108401084011,738,0.9919354838709677
709,2020-04-01,23.541374474053296,713,0.9902777777777778
709,2020-05-01,43.19054054054054,740,0.9946236559139785
709,2020-06-01,47.22598870056497,708,0.9833333333333333
709,2020-07-01,42.07181571815718,738,0.9919354838709677
709,2020-08-01,32.66307277628032,742,0.9973118279569892
709,2020-09-01,19.800279329608937,716,0.9944444444444445
709,2020-10-01,12.117092866756392,743,0.9986559139784946
709,2020-11-01,9.695104895104896,715,0.9930555555555556
709,2020-12-01,9.166435506241331,721,0.9690860215053764
709,2021-01-01,10.980662983425415,724,0.9731182795698925
709,2021-02-01,6.706766917293233,665,0.9895833333333334
709,2021-03-01,11.509510869565217,736,0.989247311827957
709,2021-04-01,24.151810584958216,718,0.9972222222222222
709,2021-05-01,48.016260162601625,738,0.9919354838709677
709,2021-06-01,52.31843575418994,716,0.9944444444444445
709,2021-07-01,62.56388888888889,720,0.967741935483871
709,2021-08-01,43.6644204851752,742,0.9973118279569892
709,2021-09-01,19.983286908077993,718,0.9972222222222222
709,2021-10-01,11.12768817204301,744,1.0
709,2021-11-01,7.575418994413408,716,0.9944444444444445
709,2021-12-01,11.231182795698924,744,1.0
709,2022-01-01,7.151020408163265,735,0.9879032258064516
709,2022-02-01,14.095238095238095,672,1.0
709,2022-03-01,12.12431693989071,732,0.9838709677419355
709,2022-04-01,18.985632183908045,696,0.9666666666666667
709,2022-05-01,45.59299191374663,742,0.9973118279569892
709,2022-06-01,45.04231311706629,709,0.9847222222222223
709,2022-07-01,40.17983651226158,734,0.9865591397849462
709,2022-08-01,35.32432432432432,740,0.9946236559139785
709,2022-09-01,19.611918604651162,688,0.9555555555555556
709,2022-10-01,9.99320652173913,736,0.989247311827957
709,2022-11-01,9.417489421720733,709,0.9847222222222223
709,2022-12-01,9.638211382113822,738,0.9919354838709677
709,2023-01-01,9.68945868945869,702,0.9435483870967742
709,2023-02-01,39.97593984962406,665,0.9895833333333334
709,2023-03-01,11.13531799729364,739,0.9932795698924731
709,2023-04-01,20.660589060308556,713,0.9902777777777778
709,2023-05-01,43.68606224627875,739,0.9932795698924731
709,2023-06-01,41.121212121212125,693,0.9625
709,2023-07-01,42.53171390013495,741,0.9959677419354839
709,2023-08-01,26.878186968838527,706,0.9489247311827957
709,2023-09-01,16.445062586926287,719,0.9986111111111111
709,2023-10-01,11.513440860215054,744,1.0
709,2023-11-01,7.497913769123783,719,0.9986111111111111
709,2023-12-01,7.230148048452221,743,0.9986559139784946
709,2024-01-01,8.31132075471698,742,0.9973118279569892
709,2024-02-01,8.11807580174927,686,0.985632183908046
709,2024-03-01,8.508771929824562,741,0.9959677419354839
709,2024-04-01,16.17385257301808,719,0.9986111111111111
709,2024-05-01,49.777027027027025,740,0.9946236559139785
709,2024-06-01,40.14035087719298,684,0.95
709,2024-07-01,60.886792452830186,742,0.9973118279569892
709,2024-08-01,34.26917900403768,743,0.9986559139784946
709,2024-09-01,17.006993006993007,715,0.9930555555555556
709,2024-10-01,8.248990578734858,743,0.9986559139784946
709,2024-11-01,6.343532684283727,719,0.9986111111111111
709,2024-12-01,8.159029649595688,742,0.9973118279569892
709,2025-01-01,7.943472409152086,743,0.9986559139784946
709,2025-02-01,10.490166414523449,661,0.9836309523809523
709,2025-03-01,8.991987179487179,624,0.8387096774193549
709,2025-04-01,17.246861924686193,717,0.9958333333333333
709,2025-05-01,40.47560975609756,738,0.9919354838709677
709,2025-06-01,62.01549295774648,710,0.9861111111111112
709,2025-07-01,56.264150943396224,742,0.9973118279569892
709,2025-08-01,32.61167883211679,685,0.9206989247311828
709,2025-09-01,17.92112676056338,710,0.9861111111111112
709,2025-10-01,10.446091644204852,742,0.9973118279569892
709,2025-11-01,8.761506276150628,717,0.9958333333333333
709,2025-12-01,8.712162162162162,740,0.9946236559139785
709,2026-01-01,12.350948509485095,738,0.9919354838709677
709,2026-02-01,9.478193146417446,642,0.9553571428571429
709,2026-03-01,9.861601085481682,737,0.9905913978494624
709,2026-04-01,22.376044568245124,718,0.9972222222222222
709,2026-05-01,51.59568733153639,742,0.9973118279569892
709,2026-06-01,49.60778859527121,719,0.9986111111111111
709,2026-07-01,43.15384615384615,741,0.9959677419354839
709,2026-08-01,32.84636118598383,742,0.9973118279569892
709,2026-09-01,16.767741935483873,310,0.4305555555555556
710,2001-04-01,3.72858,1,0.001388888888888889
710,2002-08-01,32.2317,1,0.0013440860215053765
710,2003-12-01,191.325,1,0.0013440860215053765
710,2007-05-01,7.23183,1,0.0013440860215053765
710,2008-09-01,107.855,1,0.001388888888888889
710,2011-04-01,0.0,1,0.001388888888888889
710,2012-08-01,120.943,1,0.0013440860215053765
710,2013-03-01,19.155378486055778,251,0.33736559139784944
710,2013-04-01,27.009722222222223,720,1.0
710,2013-05-01,37.20967741935484,744,1.0
710,2013-06-01,36.312788906009246,649,0.9013888888888889
710,2013-07-01,45.2244623655914,744,1.0
710,2013-08-01,44.221774193548384,744,1.0
710,2013-09-01,24.302777777777777,720,1.0
710,2013-10-01,12.39247311827957,744,1.0
710,2013-11-01,10.93175487465181,718,0.9972222222222222
710,2013-12-01,9.05179282868526,251,0.33736559139784944
710,2014-01-01,9.079234972677595,366,0.49193548387096775
710,2014-02-01,10.889221556886227,668,0.9940476190476191
710,2014-03-01,15.547779273216689,743,0.9986559139784946
710,2014-04-01,29.46829971181556,694,0.9638888888888889
710,2014-05-01,41.30820995962315,743,0.9986559139784946
710,2014-06-01,41.6768558951965,687,0.9541666666666667
710,2014-07-01,34.855405405405406,740,0.9946236559139785
710,2014-08-01,36.44697146739131,736,0.989247311827957
710,2014-09-01,17.109029166666666,720,1.0
710,2014-10-01,11.435275510752687,744,1.0
710,2014-11-01,6.523770611961056,719,0.9986111111111111
710,2014-12-01,7.391187150537634,744,1.0
710,2015-01-01,11.936742934051145,743,0.9986559139784946
710,2015-02-01,17.847388059701494,670,0.9970238095238095
710,2015-03-01,13.725295698924732,744,1.0
710,2015-04-01,25.614200264255913,719,0.9986111111111111
710,2015-05-01,46.947105721997296,741,0.9959677419354839
710,2015-06-01,40.48312864902507,718,0.9972222222222222
710,2015-07-01,44.02319440860215,744,1.0
710,2015-08-01,31.621293023255813,731,0.9825268817204301
710,2015-09-01,18.124043082287308,717,0.9958333333333333
710,2015-10-01,10.299482595108696,736,0.989247311827957
710,2015-11-01,7.0952359527121,719,0.9986111111111111
710,2015-12-01,6.314414486486487,740,0.9946236559139785
710,2016-01-01,7.724483541383989,737,0.9905913978494624
710,2016-02-01,7.82343473227207,691,0.992816091954023
710,2016-03-01,16.758462217687075,735,0.9879032258064516
710,2016-04-01,19.421868061366805,717,0.9958333333333333
710,2016-05-01,35.97136947225981,739,0.9932795698924731
710,2016-06-01,46.226882278481014,711,0.9875
710,2016-07-01,40.9889885560054,741,0.9959677419354839
710,2016-08-01,24.94524801886792,742,0.9973118279569892
710,2016-09-01,17.592708786610878,717,0.9958333333333333
710,2016-10-01,6.04531584345479,741,0.9959677419354839
710,2016-11-01,5.126477883008357,718,0.9972222222222222
710,2016-12-01,7.987653319838056,741,0.9959677419354839
710,2017-01-01,30.90587174211248,729,0.9798387096774194
710,2017-02-01,8.287355081967213,671,0.9985119047619048
710,2017-03-01,11.512975710419486,739,0.9932795698924731
710,2017-04-01,14.258436244604317,695,0.9652777777777778
710,2017-05-01,34.0564738292011,726,0.9758064516129032
710,2017-06-01,32.30515759312321,698,0.9694444444444444
710,2017-07-01,40.34185733512786,743,0.9986559139784946
710,2017-08-01,28.357624831309042,741,0.9959677419354839
710,2017-09-01,17.42420027816412,719,0.9986111111111111
710,2017-10-01,8.477239353891337,681,0.9153225806451613
710,2017-11-01,7.298050139275766,718,0.9972222222222222
710,2017-12-01,6.241803278688525,732,0.9838709677419355
710,2018-01-01,8.106469002695418,742,0.9973118279569892
710,2018-02-01,9.736131934032983,667,0.9925595238095238
710,2018-03-01,8.116059379217274,741,0.9959677419354839
710,2018-04-01,18.621417797888387,663,0.9208333333333333
710,2018-05-01,34.064864864864866,740,0.9946236559139785
710,2018-06-01,47.997206703910614,716,0.9944444444444445
710,2018-07-01,41.71832884097035,742,0.9973118279569892
710,2018-08-01,32.02159244264507,741,0.9959677419354839
710,2018-09-01,13.833333333333334,714,0.9916666666666667
710,2018-10-01,7.442622950819672,732,0.9838709677419355
710,2018-11-01,4.607293127629734,713,0.9902777777777778
710,2018-12-01,11.190735694822889,734,0.9865591397849462
710,2019-01-01,9.121584699453551,732,0.9838709677419355
710,2019-02-01,12.201515151515151,660,0.9821428571428571
710,2019-03-01,17.708843537414968,735,0.9879032258064516
710,2019-04-01,25.721678321678322,715,0.9930555555555556
710,2019-05-01,34.063257065948854,743,0.9986559139784946
710,2019-06-01,28.269444444444446,720,1.0
710,2019-07-01,35.0,736,0.989247311827957
710,2019-08-01,31.447297297297297,740,0.9946236559139785
710,2019-09-01,16.493055555555557,720,1.0
710,2019-10-01,11.562584118438762,743,0.9986559139784946
710,2019-11-01,8.234550561797754,712,0.9888888888888889
710,2019-12-01,7.1686909581646425,741,0.9959677419354839
710,2020-01-01,8.837047353760445,718,0.9650537634408602
710,2020-02-01,9.363358778625955,655,0.9410919540229885
710,2020-03-01,6.986541049798116,743,0.9986559139784946
710,2020-04-01,18.333333333333332,720,1.0
710,2020-05-01,32.57645466847091,739,0.9932795698924731
710,2020-06-01,34.77638888888889,720,1.0
710,2020-07-01,32.54435483870968,744,1.0
710,2020-08-01,19.8110661268556,741,0.9959677419354839
710,2020-09-01,13.255555555555556,720,1.0
710,2020-10-01,7.223118279569892,744,1.0
710,2020-11-01,7.926388888888889,720,1.0
710,2020-12-01,6.137174211248285,729,0.9798387096774194
710,2021-01-01,7.856534090909091,704,0.946236559139785
710,2021-02-01,9.9625748502994,668,0.9940476190476191
710,2021-03-01,12.222222222222221,738,0.9919354838709677
710,2021-04-01,16.28472222222222,720,1.0
710,2021-05-01,34.949864498644985,738,0.9919354838709677
710,2021-06-01,42.27513966480447,716,0.9944444444444445
710,2021-07-01,41.153324287652644,737,0.9905913978494624
710,2021-08-01,32.80431848852901,741,0.9959677419354839
710,2021-09-01,18.247142857142858,700,0.9722222222222222
710,2021-10-01,11.378196500672948,743,0.9986559139784946
710,2021-11-01,8.825597749648383,711,0.9875
710,2021-12-01,12.747638326585696,741,0.9959677419354839
710,2022-01-01,7.812244897959184,735,0.9879032258064516
710,2022-02-01,15.818862275449101,668,0.9940476190476191
710,2022-03-01,11.07859078590786,738,0.9919354838709677
710,2022-04-01,15.900560224089636,714,0.9916666666666667
710,2022-05-01,32.796472184531886,737,0.9905913978494624
710,2022-06-01,30.22128851540616,714,0.9916666666666667
710,2022-07-01,25.671641791044777,737,0.9905913978494624
710,2022-08-01,27.113513513513514,740,0.9946236559139785
710,2022-09-01,16.47826086956522,713,0.9902777777777778
710,2022-10-01,7.237449118046133,737,0.9905913978494624
710,2022-11-01,8.201977401129943,708,0.9833333333333333
710,2022-12-01,8.172789115646259,735,0.9879032258064516
710,2023-01-01,6.919137466307277,742,0.9973118279569892
710,2023-02-01,40.02595419847328,655,0.9747023809523809
710,2023-03-01,9.24484181568088,727,0.9771505376344086
710,2023-04-01,18.123385939741752,697,0.9680555555555556
710,2023-05-01,27.43012211668928,737,0.9905913978494624
710,2023-06-01,27.499222395023327,643,0.8930555555555556
710,2023-07-01,29.426450742240217,741,0.9959677419354839
710,2023-08-01,19.29284750337382,741,0.9959677419354839
710,2023-09-01,9.544179523141654,713,0.9902777777777778
710,2023-10-01,8.285326086956522,736,0.989247311827957
710,2023-11-01,5.526610644257703,714,0.9916666666666667
710,2023-12-01,5.818428184281843,738,0.9919354838709677
710,2024-01-01,6.207598371777476,737,0.9905913978494624
710,2024-02-01,6.693098384728341,681,0.978448275862069
710,2024-03-01,6.282303370786517,712,0.956989247311828
710,2024-04-01,8.255944055944056,715,0.9930555555555556
710,2024-05-01,40.19485791610284,739,0.9932795698924731
710,2024-06-01,23.595100864553313,694,0.9638888888888889
710,2024-07-01,43.51219512195122,738,0.9919354838709677
710,2024-08-01,26.333333333333332,741,0.9959677419354839
710,2024-09-01,12.376044568245126,718,0.9972222222222222
710,2024-10-01,9.775393419170243,699,0.9395161290322581
710,2024-11-01,10.395804195804196,715,0.9930555555555556
710,2024-12-01,12.353970390309556,743,0.9986559139784946
710,2025-01-01,12.822102425876011,742,0.9973118279569892
710,2025-02-01,16.179012345679013,648,0.9642857142857143
710,2025-03-01,15.88544474393531,742,0.9973118279569892
710,2025-04-01,23.51129943502825,708,0.9833333333333333
710,2025-05-01,34.51902173913044,736,0.989247311827957
710,2025-06-01,46.342900302114806,662,0.9194444444444444
710,2025-07-01,40.15405405405406,740,0.9946236559139785
710,2025-08-01,23.832432432432434,740,0.9946236559139785
710,2025-09-01,11.514084507042254,710,0.9861111111111112
710,2025-10-01,7.6625,720,0.967741935483871
710,2025-11-01,6.718662952646239,718,0.9972222222222222
710,2025-12-01,6.138627187079408,743,0.9986559139784946
710,2026-01-01,9.686909581646423,741,0.9959677419354839
710,2026-02-01,5.819672131147541,671,0.9985119047619048
710,2026-03-01,8.082321187584345,741,0.9959677419354839
710,2026-04-01,17.991620111731844,716,0.9944444444444445
710,2026-05-01,43.1025641025641,741,0.9959677419354839
710,2026-06-01,34.61258741258741,715,0.9930555555555556
710,2026-07-01,31.288409703504044,742,0.9973118279569892
710,2026-08-01,24.889487870619945,742,0.9973118279569892
710,2026-09-01,14.051612903225806,310,0.4305555555555556
711,2013-03-01,20.041509433962265,265,0.35618279569892475
711,2013-04-01,27.881780250347706,719,0.9986111111111111
711,2013-05-01,51.55792682926829,656,0.8817204301075269
711,2013-06-01,50.54616588419405,639,0.8875
711,2013-07-01,42.56586021505376,744,1.0
711,2013-08-01,42.84543010752688,744,1.0
711,2013-09-01,25.281944444444445,720,1.0
711,2013-10-01,14.888440860215054,744,1.0
711,2013-11-01,12.41388888888889,720,1.0
711,2013-12-01,12.599462365591398,744,1.0
711,2014-01-01,19.05114401076716,743,0.9986559139784946
711,2014-02-01,13.748493975903614,664,0.9880952380952381
711,2014-03-01,17.977746870653686,719,0.9663978494623656
711,2014-04-01,27.38912732474964,699,0.9708333333333333
711,2014-05-01,32.59543010752688,744,1.0
711,2014-06-01,30.45480631276901,697,0.9680555555555556
711,2014-07-01,52.293103448275865,174,0.23387096774193547
711,2014-08-01,36.88364255771906,719,0.9663978494623656
711,2014-09-01,13.66762154294032,687,0.9541666666666667
711,2014-10-01,32.71656828193833,681,0.9153225806451613
711,2014-11-01,5.515826111111111,648,0.9
711,2014-12-01,5.756780696220931,688,0.9247311827956989
711,2015-01-01,9.46774193548387,744,1.0
711,2015-02-01,14.91315476190476,672,1.0
711,2015-03-01,11.952126514131898,743,0.9986559139784946
711,2015-04-01,22.634588563458856,717,0.9958333333333333
711,2015-05-01,36.53847068918919,740,0.9946236559139785
711,2015-06-01,36.196626064841496,694,0.9638888888888889
711,2015-07-01,36.07555715492958,710,0.9543010752688172
711,2015-08-01,27.586225353107345,708,0.9516129032258065
711,2015-09-01,13.3658092906815,719,0.9986111111111111
711,2015-10-01,8.326770776566757,734,0.9865591397849462
711,2015-11-01,5.655246428571428,714,0.9916666666666667
711,2015-12-01,5.823608903924221,739,0.9932795698924731
711,2016-01-01,5.841228109756098,656,0.8817204301075269
711,2016-02-01,6.703566255442671,689,0.9899425287356322
711,2016-03-01,18.326941253369274,742,0.9973118279569892
711,2016-04-01,17.91493634317862,711,0.9875
711,2016-05-01,31.145427926829267,738,0.9919354838709677
711,2016-06-01,44.31037793006993,715,0.9930555555555556
711,2016-07-01,39.14388767160162,743,0.9986559139784946
711,2016-08-01,24.00377911051213,742,0.9973118279569892
711,2016-09-01,16.73153631799163,717,0.9958333333333333
711,2016-10-01,6.466923319672131,732,0.9838709677419355
711,2016-11-01,5.599329144927536,690,0.9583333333333334
711,2016-12-01,7.990667792732167,743,0.9986559139784946
711,2017-01-01,23.423600290964778,653,0.8776881720430108
711,2017-02-01,6.112905949177877,669,0.9955357142857143
711,2017-03-01,9.00961449255751,739,0.9932795698924731
711,2017-04-01,11.781410567375886,705,0.9791666666666666
711,2017-05-01,30.978378378378377,740,0.9946236559139785
711,2017-06-01,26.936079545454547,704,0.9777777777777777
711,2017-07-01,33.13746630727763,742,0.9973118279569892
711,2017-08-01,23.891304347826086,690,0.9274193548387096
711,2017-09-01,15.702364394993046,719,0.9986111111111111
711,2017-10-01,5.573549257759784,741,0.9959677419354839
711,2017-11-01,4.994413407821229,716,0.9944444444444445
711,2017-12-01,3.8260869565217392,690,0.9274193548387096
711,2018-01-01,6.096598639455783,735,0.9879032258064516
711,2018-02-01,7.541158536585366,656,0.9761904761904762
711,2018-03-01,7.130790190735695,734,0.9865591397849462
711,2018-04-01,16.72005772005772,693,0.9625
711,2018-05-01,30.818059299191376,742,0.9973118279569892
711,2018-06-01,44.127167630057805,692,0.9611111111111111
711,2018-07-01,41.45822102425876,742,0.9973118279569892
711,2018-08-01,30.54054054054054,740,0.9946236559139785
711,2018-09-01,11.243732590529248,718,0.9972222222222222
711,2018-10-01,5.472261735419631,703,0.9448924731182796
711,2018-11-01,3.5335276967930027,686,0.9527777777777777
711,2018-12-01,6.08421052631579,665,0.8938172043010753
711,2019-01-01,6.708446866485014,734,0.9865591397849462
711,2019-02-01,9.517857142857142,672,1.0
711,2019-03-01,15.631147540983607,732,0.9838709677419355
711,2019-04-01,21.892608089260808,717,0.9958333333333333
711,2019-05-01,29.071135430916552,731,0.9825268817204301
711,2019-06-01,25.827794561933533,662,0.9194444444444444
711,2019-07-01,35.6484268125855,731,0.9825268817204301
711,2019-08-01,30.243169398907103,732,0.9838709677419355
711,2019-09-01,13.553695955369596,717,0.9958333333333333
711,2019-10-01,7.471544715447155,738,0.9919354838709677
711,2019-11-01,4.491551459293395,651,0.9041666666666667
711,2019-12-01,4.573388203017832,729,0.9798387096774194
711,2020-01-01,6.475274725274725,728,0.978494623655914
711,2020-02-01,6.800578034682081,692,0.9942528735632183
711,2020-03-01,7.167119565217392,736,0.989247311827957
711,2020-04-01,16.16106442577031,714,0.9916666666666667
711,2020-05-01,28.26530612244898,735,0.9879032258064516
711,2020-06-01,34.65918653576438,713,0.9902777777777778
711,2020-07-01,31.513513513513512,740,0.9946236559139785
711,2020-08-01,19.16059379217274,741,0.9959677419354839
711,2020-09-01,13.202263083451202,707,0.9819444444444444
711,2020-10-01,5.86053412462908,674,0.9059139784946236
711,2020-11-01,4.874826147426982,719,0.9986111111111111
711,2020-12-01,5.5013550135501355,738,0.9919354838709677
711,2021-01-01,8.540871934604905,734,0.9865591397849462
711,2021-02-01,6.155354449472097,663,0.9866071428571429
711,2021-03-01,9.85945945945946,740,0.9946236559139785
711,2021-04-01,16.750348675034868,717,0.9958333333333333
711,2021-05-01,33.2199730094467,741,0.9959677419354839
711,2021-06-01,37.25174825174825,715,0.9930555555555556
711,2021-07-01,35.560810810810814,740,0.9946236559139785
711,2021-08-01,25.57298772169168,733,0.9852150537634409
711,2021-09-01,14.112359550561798,712,0.9888888888888889
711,2021-10-01,6.313432835820896,670,0.9005376344086021
711,2021-11-01,4.4937062937062935,715,0.9930555555555556
711,2021-12-01,9.309362279511534,737,0.9905913978494624
711,2022-01-01,4.2122448979591836,735,0.9879032258064516
711,2022-02-01,12.219284603421462,643,0.9568452380952381
711,2022-03-01,8.652645861601085,737,0.9905913978494624
711,2022-04-01,14.90436005625879,711,0.9875
711,2022-05-01,29.912280701754387,741,0.9959677419354839
711,2022-06-01,31.36953455571227,709,0.9847222222222223
711,2022-07-01,22.89068825910931,741,0.9959677419354839
711,2022-08-01,25.12347354138399,737,0.9905913978494624
711,2022-09-01,14.630919220055711,718,0.9972222222222222
711,2022-10-01,5.995720399429387,701,0.9422043010752689
711,2022-11-01,4.98041958041958,715,0.9930555555555556
711,2022-12-01,4.834912043301759,739,0.9932795698924731
711,2023-01-01,6.2668463611859835,742,0.9973118279569892
711,2023-02-01,35.87198795180723,664,0.9880952380952381
711,2023-03-01,10.419485791610285,739,0.9932795698924731
711,2023-04-01,17.21044992743106,689,0.9569444444444445
711,2023-05-01,27.142276422764226,738,0.9919354838709677
711,2023-06-01,28.648475120385232,623,0.8652777777777778
711,2023-07-01,28.60461956521739,736,0.989247311827957
711,2023-08-01,22.991883116883116,616,0.8279569892473119
711,2023-09-01,7.6700434153400865,691,0.9597222222222223
711,2023-10-01,6.590909090909091,704,0.946236559139785
711,2023-11-01,4.536296296296296,675,0.9375
711,2023-12-01,4.676900584795321,684,0.9193548387096774
711,2024-01-01,4.40218878248974,731,0.9825268817204301
711,2024-02-01,5.353474320241692,662,0.9511494252873564
711,2024-03-01,5.679296346414073,739,0.9932795698924731
711,2024-04-01,9.944767441860465,688,0.9555555555555556
711,2024-05-01,37.58606557377049,732,0.9838709677419355
711,2024-06-01,19.514245014245013,702,0.975
711,2024-07-01,39.69688768606225,739,0.9932795698924731
711,2024-08-01,22.519727891156464,735,0.9879032258064516
711,2024-09-01,11.428571428571429,679,0.9430555555555555
711,2024-10-01,6.592987804878049,656,0.8817204301075269
711,2024-11-01,2.823776223776224,715,0.9930555555555556
711,2024-12-01,3.700137551581843,727,0.9771505376344086
711,2025-01-01,4.558108108108108,740,0.9946236559139785
711,2025-02-01,8.110773899848255,659,0.9806547619047619
711,2025-03-01,7.389715832205684,739,0.9932795698924731
711,2025-04-01,12.859154929577464,710,0.9861111111111112
711,2025-05-01,23.93548387096774,713,0.9583333333333334
711,2025-06-01,34.84873949579832,714,0.9916666666666667
711,2025-07-01,35.78503401360544,735,0.9879032258064516
711,2025-08-01,21.516304347826086,736,0.989247311827957
711,2025-09-01,10.951048951048952,715,0.9930555555555556
711,2025-10-01,6.26566757493188,734,0.9865591397849462
711,2025-11-01,5.55076495132128,719,0.9986111111111111
711,2025-12-01,4.863201094391245,731,0.9825268817204301
711,2026-01-01,9.100271002710027,738,0.9919354838709677
711,2026-02-01,5.851063829787234,658,0.9791666666666666
711,2026-03-01,7.462585034013605,735,0.9879032258064516
711,2026-04-01,17.107142857142858,700,0.9722222222222222
711,2026-05-01,39.88951048951049,715,0.9610215053763441
711,2026-06-01,34.93491124260355,676,0.9388888888888889
711,2026-07-01,32.56661991584853,713,0.9583333333333334
711,2026-08-01,22.57025920873124,733,0.9852150537634409
711,2026-09-01,14.270627062706271,303,0.42083333333333334
713,2013-04-01,0.0,1,0.001388888888888889
713,2015-05-01,83.86333107260727,606,0.8145161290322581
713,2015-06-01,70.92425549019607,714,0.9916666666666667
713,2015-07-01,80.87718356275303,741,0.9959677419354839
713,2015-08-01,57.24814660300136,733,0.9852150537634409
713,2015-09-01,35.94321925352113,710,0.9861111111111112
713,2015-10-01,16.32133243502052,731,0.9825268817204301
713,2015-11-01,9.27792789844852,709,0.9847222222222223
713,2015-12-01,6.896981956521739,736,0.989247311827957
713,2016-01-01,8.61274808219178,730,0.9811827956989247
713,2016-02-01,10.787166801736612,691,0.992816091954023
713,2016-03-01,20.792644397834913,739,0.9932795698924731
713,2016-04-01,32.5943550140056,714,0.9916666666666667
713,2016-05-01,60.91010971621621,740,0.9946236559139785
713,2016-06-01,81.57527503496503,715,0.9930555555555556
713,2016-07-01,69.74179573170731,738,0.9919354838709677
713,2016-08-01,42.46398348710991,737,0.9905913978494624
713,2016-09-01,28.481314092178767,716,0.9944444444444445
713,2016-10-01,9.54085405953992,739,0.9932795698924731
713,2016-11-01,6.91761611961057,719,0.9986111111111111
713,2016-12-01,10.505180296096905,743,0.9986559139784946
713,2017-01-01,21.908557311977717,718,0.9650537634408602
713,2017-02-01,9.120392833583209,667,0.9925595238095238
713,2017-03-01,11.65535266487214,743,0.9986559139784946
713,2017-04-01,25.287135460893854,716,0.9944444444444445
713,2017-05-01,55.00538358008075,743,0.9986559139784946
713,2017-06-01,49.309192200557106,718,0.9972222222222222
713,2017-07-01,74.30686406460296,743,0.9986559139784946
713,2017-08-01,43.892183288409704,742,0.9973118279569892
713,2017-09-01,24.481894150417826,718,0.9972222222222222
713,2017-10-01,7.381596752368065,739,0.9932795698924731
713,2017-11-01,5.2887029288702925,717,0.9958333333333333
713,2017-12-01,4.978231292517007,735,0.9879032258064516
713,2018-01-01,6.479082321187584,741,0.9959677419354839
713,2018-02-01,7.995522388059701,670,0.9970238095238095
713,2018-03-01,9.374663072776281,742,0.9973118279569892
713,2018-04-01,30.27207977207977,702,0.975
713,2018-05-01,57.14804845222073,743,0.9986559139784946
713,2018-06-01,81.08519553072625,716,0.9944444444444445
713,2018-07-01,66.20323014804845,743,0.9986559139784946
713,2018-08-01,58.31258457374831,739,0.9932795698924731
713,2018-09-01,21.061366806136682,717,0.9958333333333333
713,2018-10-01,9.137931034482758,667,0.896505376344086
713,2018-11-01,4.402234636871508,716,0.9944444444444445
713,2018-12-01,5.2907133243607,743,0.9986559139784946
713,2019-01-01,5.5049088359046285,713,0.9583333333333334
713,2019-02-01,9.556716417910447,670,0.9970238095238095
713,2019-03-01,14.693243243243243,740,0.9946236559139785
713,2019-04-01,37.23537604456825,718,0.9972222222222222
713,2019-05-01,57.829268292682926,738,0.9919354838709677
713,2019-06-01,46.452513966480446,716,0.9944444444444445
713,2019-07-01,58.89636608344549,743,0.9986559139784946
713,2019-08-01,48.77807848443843,739,0.9932795698924731
713,2019-09-01,24.771587743732592,718,0.9972222222222222
713,2019-10-01,9.982432432432432,740,0.9946236559139785
713,2019-11-01,8.796373779637378,717,0.9958333333333333
713,2019-12-01,8.658904109589042,730,0.9811827956989247
713,2020-01-01,11.082975679542203,699,0.9395161290322581
713,2020-02-01,11.317901234567902,648,0.9310344827586207
713,2020-03-01,13.080221300138312,723,0.9717741935483871
713,2020-04-01,28.151129943502823,708,0.9833333333333333
713,2020-05-01,59.23252688172043,744,1.0
713,2020-06-01,52.20757363253857,713,0.9902777777777778
713,2020-07-01,55.84615384615385,741,0.9959677419354839
713,2020-08-01,42.185733512786,743,0.9986559139784946
713,2020-09-01,21.803894297635605,719,0.9986111111111111
713,2020-10-01,11.371621621621621,740,0.9946236559139785
713,2020-11-01,7.823943661971831,710,0.9861111111111112
713,2020-12-01,4.164864864864865,740,0.9946236559139785
713,2021-01-01,5.810483870967742,744,1.0
713,2021-02-01,9.548091603053436,655,0.9747023809523809
713,2021-03-01,14.0,740,0.9946236559139785
713,2021-04-01,28.622905027932962,716,0.9944444444444445
713,2021-05-01,56.72409152086137,743,0.9986559139784946
713,2021-06-01,63.66295264623955,718,0.9972222222222222
713,2021-07-01,72.78061911170929,743,0.9986559139784946
713,2021-08-01,53.16304347826087,736,0.989247311827957
713,2021-09-01,23.292479108635096,718,0.9972222222222222
713,2021-10-01,10.825675675675676,740,0.9946236559139785
713,2021-11-01,6.985974754558205,713,0.9902777777777778
713,2021-12-01,7.598382749326146,742,0.9973118279569892
713,2022-01-01,5.499327052489906,743,0.9986559139784946
713,2022-02-01,17.372488408037093,647,0.9627976190476191
713,2022-03-01,13.58991825613079,734,0.9865591397849462
713,2022-04-01,22.506382978723405,705,0.9791666666666666
713,2022-05-01,57.378116343490305,722,0.9704301075268817
713,2022-06-01,48.68934911242604,676,0.9388888888888889
713,2022-07-01,49.39083557951483,742,0.9973118279569892
713,2022-08-01,49.34620689655173,725,0.9744623655913979
713,2022-09-01,26.85376044568245,718,0.9972222222222222
713,2022-10-01,8.949932341001354,739,0.9932795698924731
713,2022-11-01,7.980528511821975,719,0.9986111111111111
713,2022-12-01,6.770804911323329,733,0.9852150537634409
713,2023-01-01,7.6812585499316,731,0.9825268817204301
713,2023-02-01,56.973134328358206,670,0.9970238095238095
713,2023-03-01,11.508086253369273,742,0.9973118279569892
713,2023-04-01,25.681564245810055,716,0.9944444444444445
713,2023-05-01,47.62533692722372,742,0.9973118279569892
713,2023-06-01,50.613861386138616,707,0.9819444444444444
713,2023-07-01,49.473118279569896,744,1.0
713,2023-08-01,31.31578947368421,608,0.8172043010752689
713,2023-09-01,22.093525179856115,139,0.19305555555555556
713,2023-10-01,6.880952380952381,126,0.1693548387096774
713,2024-09-01,16.268987341772153,632,0.8777777777777778
713,2024-10-01,6.385135135135135,740,0.9946236559139785
713,2024-11-01,6.17966573816156,718,0.9972222222222222
713,2024-12-01,7.629228687415426,739,0.9932795698924731
713,2025-01-01,8.139973082099596,743,0.9986559139784946
713,2025-02-01,12.751515151515152,660,0.9821428571428571
713,2025-03-01,12.48582995951417,741,0.9959677419354839
713,2025-04-01,26.224403927068725,713,0.9902777777777778
713,2025-05-01,49.25405405405405,740,0.9946236559139785
713,2025-06-01,72.62517482517482,715,0.9930555555555556
713,2025-07-01,69.86838534599728,737,0.9905913978494624
713,2025-08-01,34.01891891891892,740,0.9946236559139785
713,2025-09-01,10.711699164345404,718,0.9972222222222222
713,2025-10-01,4.063253012048193,664,0.8924731182795699
713,2025-11-01,3.5093167701863353,644,0.8944444444444445
713,2025-12-01,3.122670807453416,644,0.8655913978494624
713,2026-01-01,7.706594885598923,743,0.9986559139784946
713,2026-02-01,2.5951035781544256,531,0.7901785714285714
713,2026-03-01,5.612521150592217,591,0.7943548387096774
713,2026-04-01,19.83240223463687,716,0.9944444444444445
713,2026-05-01,69.07402422611037,743,0.9986559139784946
713,2026-06-01,46.06311360448808,713,0.9902777777777778
713,2026-07-01,46.82513661202186,732,0.9838709677419355
713,2026-08-01,37.92193808882907,743,0.9986559139784946
713,2026-09-01,20.361290322580643,310,0.4305555555555556
714,2021-03-01,11.348387096774193,310,0.4166666666666667
714,2021-04-01,13.285515320334262,718,0.9972222222222222
714,2021-05-01,30.866941015089164,729,0.9798387096774194
714,2021-06-01,34.745098039215684,714,0.9916666666666667
714,2021-07-01,34.29579375848033,737,0.9905913978494624
714,2021-08-01,25.48521505376344,744,1.0
714,2021-09-01,16.485314685314684,715,0.9930555555555556
714,2021-10-01,10.870967741935484,744,1.0
714,2021-11-01,9.14066852367688,718,0.9972222222222222
714,2021-12-01,15.997300944669366,741,0.9959677419354839
714,2022-01-01,8.759784075573549,741,0.9959677419354839
714,2022-02-01,14.565671641791045,670,0.9970238095238095
714,2022-03-01,11.319060773480663,724,0.9731182795698925
714,2022-04-01,13.424200278164117,719,0.9986111111111111
714,2022-05-01,28.42740841248304,737,0.9905913978494624
714,2022-06-01,36.22112676056338,710,0.9861111111111112
714,2022-07-01,27.40625,736,0.989247311827957
714,2022-08-01,21.081491712707184,724,0.9731182795698925
714,2022-09-01,14.446927374301676,716,0.9944444444444445
714,2022-10-01,7.913862718707941,743,0.9986559139784946
714,2022-11-01,9.433380084151473,713,0.9902777777777778
714,2022-12-01,5.23680649526387,739,0.9932795698924731
714,2023-01-01,6.89622641509434,742,0.9973118279569892
714,2023-02-01,35.950980392156865,612,0.9107142857142857
714,2023-03-01,7.617050067658998,739,0.9932795698924731
714,2023-04-01,12.029207232267037,719,0.9986111111111111
714,2023-05-01,24.90502035278155,737,0.9905913978494624
714,2023-06-01,31.73919107391911,717,0.9958333333333333
714,2023-07-01,29.966216216216218,740,0.9946236559139785
714,2023-08-01,23.681139755766623,737,0.9905913978494624
714,2023-09-01,16.61671469740634,694,0.9638888888888889
714,2023-10-01,8.76850605652759,743,0.9986559139784946
714,2023-11-01,5.628133704735376,718,0.9972222222222222
714,2023-12-01,4.737903225806452,744,1.0
714,2024-01-01,5.994609164420485,742,0.9973118279569892
714,2024-02-01,6.912536443148688,686,0.985632183908046
714,2024-03-01,6.786197564276049,739,0.9932795698924731
714,2024-04-01,11.359832635983263,717,0.9958333333333333
714,2024-05-01,36.63599458728011,739,0.9932795698924731
714,2024-06-01,24.682788051209105,703,0.9763888888888889
714,2024-07-01,39.04120879120879,728,0.978494623655914
714,2024-08-01,23.260631001371742,729,0.9798387096774194
714,2024-09-01,13.716875871687588,717,0.9958333333333333
714,2024-10-01,8.438761776581426,743,0.9986559139784946
714,2024-11-01,5.727653631284916,716,0.9944444444444445
714,2024-12-01,6.525885558583107,734,0.9865591397849462
714,2025-01-01,5.976995940460081,739,0.9932795698924731
714,2025-02-01,9.856711915535445,663,0.9866071428571429
714,2025-03-01,8.543360433604336,738,0.9919354838709677
714,2025-04-01,12.757746478873239,710,0.9861111111111112
714,2025-05-01,25.0,720,0.967741935483871
714,2025-06-01,38.45798319327731,714,0.9916666666666667
714,2025-07-01,31.254716981132077,742,0.9973118279569892
714,2025-08-01,15.61507402422611,743,0.9986559139784946
714,2025-09-01,6.093837535014005,714,0.9916666666666667
714,2025-10-01,3.356374807987711,651,0.875
714,2025-11-01,3.204710144927536,552,0.7666666666666667
714,2025-12-01,2.2789915966386554,595,0.7997311827956989
714,2026-01-01,9.228260869565217,736,0.989247311827957
714,2026-02-01,2.6791044776119404,402,0.5982142857142857
714,2026-03-01,3.4389799635701275,549,0.7379032258064516
714,2026-04-01,12.823033707865168,712,0.9888888888888889
714,2026-05-01,32.57412398921833,742,0.9973118279569892
714,2026-06-01,35.75626740947075,718,0.9972222222222222
714,2026-07-01,28.491891891891893,740,0.9946236559139785
714,2026-08-01,23.08479138627187,743,0.9986559139784946
714,2026-09-01,13.96078431372549,306,0.425
802,2004-12-01,0.0,1,0.0013440860215053765
802,2011-12-01,12.0,1,0.0013440860215053765
802,2016-10-01,12.924846846473029,241,0.3239247311827957
802,2016-11-01,13.217301499250375,667,0.9263888888888889
802,2016-12-01,11.07408362589928,695,0.9341397849462365
802,2017-01-01,12.387293600543478,736,0.989247311827957
802,2017-02-01,9.398438125,672,1.0
802,2017-03-01,12.529908626907073,721,0.9690860215053764
802,2017-04-01,17.272583579387188,718,0.9972222222222222
802,2017-05-01,46.21617852161785,717,0.9637096774193549
802,2017-06-01,37.60740740740741,675,0.9375
802,2017-07-01,43.31713900134953,741,0.9959677419354839
802,2017-08-01,27.11670480549199,437,0.5873655913978495
802,2017-09-01,16.777049180327868,610,0.8472222222222222
802,2017-10-01,9.72911051212938,742,0.9973118279569892
802,2017-11-01,10.05849582172702,718,0.9972222222222222
802,2017-12-01,9.701317715959004,683,0.918010752688172
802,2018-01-01,10.667613636363637,704,0.946236559139785
802,2018-02-01,11.943686006825939,586,0.8720238095238095
802,2018-03-01,12.045081967213115,732,0.9838709677419355
802,2018-04-01,22.61624649859944,714,0.9916666666666667
802,2018-05-01,33.24091520861373,743,0.9986559139784946
802,2018-06-01,51.29228243021346,609,0.8458333333333333
802,2018-07-01,54.18787878787879,660,0.8870967741935484
802,2018-08-01,34.21270718232044,724,0.9731182795698925
802,2018-09-01,16.81639344262295,610,0.8472222222222222
802,2018-10-01,10.620738636363637,704,0.946236559139785
802,2018-11-01,7.586324786324786,585,0.8125
802,2018-12-01,9.301564722617353,703,0.9448924731182796
802,2019-01-01,10.770580296896087,741,0.9959677419354839
802,2019-02-01,16.891044776119404,670,0.9970238095238095
802,2019-03-01,12.017520215633423,742,0.9973118279569892
802,2019-04-01,21.56100981767181,713,0.9902777777777778
802,2019-05-01,38.0393487109905,737,0.9905913978494624
802,2019-06-01,43.15983026874116,707,0.9819444444444444
802,2019-07-01,30.78975741239892,742,0.9973118279569892
802,2019-08-01,29.329744279946166,743,0.9986559139784946
802,2019-09-01,19.581589958158997,717,0.9958333333333333
802,2019-10-01,12.509142053445851,711,0.9556451612903226
802,2019-11-01,8.737658674189,709,0.9847222222222223
802,2019-12-01,8.690121786197563,739,0.9932795698924731
802,2020-01-01,13.043656207366984,733,0.9852150537634409
802,2020-02-01,10.189349112426035,676,0.9712643678160919
802,2020-03-01,8.926128590971272,731,0.9825268817204301
802,2020-04-01,17.147058823529413,714,0.9916666666666667
802,2020-05-01,36.388888888888886,720,0.967741935483871
802,2020-06-01,44.254901960784316,714,0.9916666666666667
802,2020-07-01,35.94316644113667,739,0.9932795698924731
802,2020-08-01,24.490358126721762,726,0.9758064516129032
802,2020-09-01,21.130434782608695,690,0.9583333333333334
802,2020-10-01,10.600539811066128,741,0.9959677419354839
802,2020-11-01,7.846796657381615,718,0.9972222222222222
802,2020-12-01,7.510752688172043,744,1.0
802,2021-01-01,8.988965517241379,725,0.9744623655913979
802,2021-02-01,8.943368107302534,671,0.9985119047619048
802,2021-03-01,12.178378378378378,740,0.9946236559139785
802,2021-04-01,16.24895104895105,715,0.9930555555555556
802,2021-05-01,41.432432432432435,740,0.9946236559139785
802,2021-06-01,45.62250712250712,702,0.975
802,2021-07-01,41.17934782608695,736,0.989247311827957
802,2021-08-01,29.272976680384087,729,0.9798387096774194
802,2021-09-01,17.2704309063893,673,0.9347222222222222
802,2021-10-01,12.257142857142858,735,0.9879032258064516
802,2021-11-01,7.129707112970712,717,0.9958333333333333
802,2021-12-01,9.587044534412955,741,0.9959677419354839
802,2022-01-01,4.943089430894309,738,0.9919354838709677
802,2022-02-01,10.146788990825687,654,0.9732142857142857
802,2022-03-01,9.297931034482758,725,0.9744623655913979
802,2022-04-01,17.723463687150836,716,0.9944444444444445
802,2022-05-01,40.55720053835801,743,0.9986559139784946
802,2022-06-01,32.68583450210379,713,0.9902777777777778
802,2022-07-01,33.21265141318977,743,0.9986559139784946
802,2022-08-01,22.60622462787551,739,0.9932795698924731
802,2022-09-01,17.196378830083564,718,0.9972222222222222
802,2022-10-01,8.815718157181571,738,0.9919354838709677
802,2022-11-01,6.99721059972106,717,0.9958333333333333
802,2022-12-01,7.251012145748988,741,0.9959677419354839
802,2023-01-01,6.426450742240216,741,0.9959677419354839
802,2023-02-01,17.970149253731343,670,0.9970238095238095
802,2023-03-01,8.06081081081081,740,0.9946236559139785
802,2023-04-01,15.948396094839609,717,0.9958333333333333
802,2023-05-01,26.186486486486487,740,0.9946236559139785
802,2023-06-01,37.674094707520894,718,0.9972222222222222
802,2023-07-01,43.946175637393765,706,0.9489247311827957
802,2023-08-01,25.575581395348838,688,0.9247311827956989
802,2023-09-01,14.163059163059163,693,0.9625
802,2023-10-01,9.448424068767908,698,0.9381720430107527
802,2023-11-01,8.267254038179148,681,0.9458333333333333
802,2023-12-01,7.803116147308782,706,0.9489247311827957
802,2024-01-01,9.833810888252149,698,0.9381720430107527
802,2024-02-01,9.31548480463097,691,0.992816091954023
802,2024-03-01,9.32991202346041,682,0.9166666666666666
802,2024-04-01,18.750350631136044,713,0.9902777777777778
802,2024-05-01,52.01943198804185,669,0.8991935483870968
802,2024-06-01,29.890225563909773,665,0.9236111111111112
802,2024-07-01,44.32471264367816,696,0.9354838709677419
802,2024-08-01,32.08011049723757,724,0.9731182795698925
802,2024-09-01,14.063202247191011,712,0.9888888888888889
802,2024-10-01,10.077235772357724,738,0.9919354838709677
802,2024-11-01,6.646239554317549,718,0.9972222222222222
802,2024-12-01,6.373793103448276,725,0.9744623655913979
802,2025-01-01,6.040485829959514,741,0.9959677419354839
802,2025-02-01,7.084243369734789,641,0.9538690476190477
802,2025-03-01,8.27260083449235,719,0.9663978494623656
802,2025-04-01,15.53641456582633,714,0.9916666666666667
802,2025-05-01,37.05631868131868,728,0.978494623655914
802,2025-06-01,44.774647887323944,710,0.9861111111111112
802,2025-07-01,24.047683923705723,734,0.9865591397849462
802,2025-08-01,21.424581005586592,716,0.9623655913978495
802,2025-09-01,10.058823529411764,697,0.9680555555555556
802,2025-10-01,5.667127071823204,724,0.9731182795698925
802,2025-11-01,7.1414285714285715,700,0.9722222222222222
802,2025-12-01,5.454293628808864,722,0.9704301075268817
802,2026-01-01,7.605919003115265,642,0.8629032258064516
802,2026-02-01,6.005988023952096,668,0.9940476190476191
802,2026-03-01,7.6909581646423755,741,0.9959677419354839
802,2026-04-01,16.103641456582633,714,0.9916666666666667
802,2026-05-01,32.76222826086956,736,0.989247311827957
802,2026-06-01,35.93247126436781,696,0.9666666666666667
802,2026-07-01,32.45165745856354,724,0.9731182795698925
802,2026-08-01,21.46082949308756,651,0.875
802,2026-09-01,18.288990825688074,218,0.30277777777777776
804,2011-12-01,20.063507901234566,81,0.10887096774193548
804,2012-01-01,16.30791332038835,515,0.6922043010752689
804,2016-05-01,51.25118198135198,429,0.5766129032258065
804,2016-06-01,92.92941792719547,706,0.9805555555555555
804,2016-07-01,49.23288430675676,740,0.9946236559139785
804,2016-08-01,36.424015308198925,744,1.0
804,2016-09-01,18.041672734957018,698,0.9694444444444444
804,2016-10-01,12.099499768994413,716,0.9623655913978495
804,2016-11-01,9.2519123206993,715,0.9930555555555556
804,2016-12-01,7.6524843393103446,725,0.9744623655913979
804,2017-01-01,10.383215506122449,735,0.9879032258064516
804,2017-02-01,9.214303183856503,669,0.9955357142857143
804,2017-03-01,12.052666332884096,742,0.9973118279569892
804,2017-04-01,21.272425235624123,713,0.9902777777777778
804,2017-05-01,63.147222222222226,720,0.967741935483871
804,2017-06-01,58.37902097902098,715,0.9930555555555556
804,2017-07-01,67.56634746922025,731,0.9825268817204301
804,2017-08-01,36.40771349862259,726,0.9758064516129032
804,2017-09-01,21.167130919220057,718,0.9972222222222222
804,2017-10-01,11.109607577807848,739,0.9932795698924731
804,2017-11-01,9.21540656205421,701,0.9736111111111111
804,2017-12-01,8.94722598105548,739,0.9932795698924731
804,2018-01-01,10.692524682651621,709,0.9529569892473119
804,2018-02-01,11.625196850393701,635,0.9449404761904762
804,2018-03-01,10.913161465400272,737,0.9905913978494624
804,2018-04-01,27.10252808988764,712,0.9888888888888889
804,2018-05-01,52.26151761517615,738,0.9919354838709677
804,2018-06-01,46.49262536873157,678,0.9416666666666667
804,2018-07-01,51.31024531024531,693,0.9314516129032258
804,2018-08-01,32.04347826086956,713,0.9583333333333334
804,2018-09-01,18.131837307152875,713,0.9902777777777778
804,2018-10-01,10.105405405405405,740,0.9946236559139785
804,2018-11-01,9.016901408450705,710,0.9861111111111112
804,2018-12-01,10.247297297297298,740,0.9946236559139785
804,2019-01-01,12.59919028340081,741,0.9959677419354839
804,2019-02-01,20.805389221556887,668,0.9940476190476191
804,2019-03-01,14.308108108108108,740,0.9946236559139785
804,2019-04-01,23.67042253521127,710,0.9861111111111112
804,2019-05-01,53.09324324324324,740,0.9946236559139785
804,2019-06-01,50.771954674220964,706,0.9805555555555555
804,2019-07-01,41.68470906630582,739,0.9932795698924731
804,2019-08-01,33.64507422402159,741,0.9959677419354839
804,2019-09-01,20.872521246458923,706,0.9805555555555555
804,2019-10-01,15.513477088948788,742,0.9973118279569892
804,2019-11-01,11.50436046511628,688,0.9555555555555556
804,2019-12-01,8.3544474393531,742,0.9973118279569892
804,2020-01-01,12.822222222222223,720,0.967741935483871
804,2020-02-01,12.017441860465116,688,0.9885057471264368
804,2020-03-01,11.58174386920981,734,0.9865591397849462
804,2020-04-01,20.374651810584957,718,0.9972222222222222
804,2020-05-01,49.96527777777778,720,0.967741935483871
804,2020-06-01,60.04532577903683,706,0.9805555555555555
804,2020-07-01,51.336486486486486,740,0.9946236559139785
804,2020-08-01,38.05420054200542,738,0.9919354838709677
804,2020-09-01,23.145048814504882,717,0.9958333333333333
804,2020-10-01,10.761776581426648,743,0.9986559139784946
804,2020-11-01,7.64245810055866,716,0.9944444444444445
804,2020-12-01,7.506089309878214,739,0.9932795698924731
804,2021-01-01,9.120383036935705,731,0.9825268817204301
804,2021-02-01,10.366766467065869,668,0.9940476190476191
804,2021-03-01,12.928667563930013,743,0.9986559139784946
804,2021-04-01,17.655021834061134,687,0.9541666666666667
804,2021-05-01,55.03030303030303,726,0.9758064516129032
804,2021-06-01,56.66342141863699,719,0.9986111111111111
804,2021-07-01,60.307065217391305,736,0.989247311827957
804,2021-08-01,33.72739541160594,741,0.9959677419354839
804,2021-09-01,19.98472222222222,720,1.0
804,2021-10-01,10.939477303988996,727,0.9771505376344086
804,2021-11-01,8.3125,720,1.0
804,2021-12-01,13.905277401894452,739,0.9932795698924731
804,2022-01-01,9.583333333333334,744,1.0
804,2022-02-01,17.424242424242426,660,0.9821428571428571
804,2022-03-01,16.27513966480447,716,0.9623655913978495
804,2022-04-01,26.070278184480234,683,0.9486111111111111
804,2022-05-01,68.78925035360679,707,0.9502688172043011
804,2022-06-01,59.596774193548384,682,0.9472222222222222
804,2022-07-01,50.87647058823529,680,0.9139784946236559
804,2022-08-01,35.94117647058823,697,0.9368279569892473
804,2022-09-01,21.854466858789625,694,0.9638888888888889
804,2022-10-01,15.307162534435262,726,0.9758064516129032
804,2022-11-01,12.721030042918455,699,0.9708333333333333
804,2022-12-01,10.931693989071038,732,0.9838709677419355
804,2023-01-01,11.188172043010752,744,1.0
804,2023-02-01,21.591772151898734,632,0.9404761904761905
804,2023-03-01,13.351278600269179,743,0.9986559139784946
804,2023-04-01,19.115438108484007,719,0.9986111111111111
804,2023-05-01,37.29254571026723,711,0.9556451612903226
804,2023-06-01,56.67655367231639,708,0.9833333333333333
804,2023-07-01,64.93910690121787,739,0.9932795698924731
804,2023-08-01,37.16016150740242,743,0.9986559139784946
804,2023-09-01,21.987465181058496,718,0.9972222222222222
804,2023-10-01,19.613513513513514,740,0.9946236559139785
804,2023-11-01,12.611500701262273,713,0.9902777777777778
804,2023-12-01,9.444897959183674,735,0.9879032258064516
804,2024-01-01,14.831491712707182,724,0.9731182795698925
804,2024-02-01,11.816091954022989,696,1.0
804,2024-03-01,14.5,744,1.0
804,2024-04-01,26.97071129707113,717,0.9958333333333333
804,2024-05-01,73.95561719833564,721,0.9690860215053764
804,2024-06-01,43.55522388059701,670,0.9305555555555556
804,2024-07-01,76.9986013986014,715,0.9610215053763441
804,2024-08-01,49.29551820728291,714,0.9596774193548387
804,2024-09-01,29.366058906030855,713,0.9902777777777778
804,2024-10-01,16.66216216216216,740,0.9946236559139785
804,2024-11-01,14.531468531468532,715,0.9930555555555556
804,2024-12-01,12.22,600,0.8064516129032258
804,2025-01-01,20.997474747474747,396,0.532258064516129
804,2025-02-01,14.10880829015544,193,0.28720238095238093
804,2025-03-01,17.31527093596059,609,0.8185483870967742
804,2025-04-01,27.014064697609,711,0.9875
804,2025-05-01,57.349726775956285,732,0.9838709677419355
804,2025-06-01,69.07823613086771,703,0.9763888888888889
804,2025-07-01,42.41304347826087,736,0.989247311827957
804,2025-08-01,35.48285322359396,729,0.9798387096774194
804,2025-09-01,18.427762039660056,706,0.9805555555555555
804,2025-10-01,11.446153846153846,715,0.9610215053763441
804,2025-11-01,16.307909604519775,708,0.9833333333333333
804,2025-12-01,13.279291553133515,734,0.9865591397849462
804,2026-01-01,12.876967095851215,699,0.9395161290322581
804,2026-02-01,15.782934131736527,668,0.9940476190476191
804,2026-03-01,15.856950067476383,741,0.9959677419354839
804,2026-04-01,27.491643454038996,718,0.9972222222222222
804,2026-05-01,46.548611111111114,720,0.967741935483871
804,2026-06-01,62.09116409537167,713,0.9902777777777778
804,2026-07-01,47.41470588235294,680,0.9139784946236559
804,2026-08-01,44.989203778677464,741,0.9959677419354839
804,2026-09-01,26.490322580645163,310,0.4305555555555556
805,2016-05-01,19.781083922400633,629,0.8454301075268817
805,2016-06-01,33.328339957924264,713,0.9902777777777778
805,2016-07-01,18.2116303266129,744,1.0
805,2016-08-01,21.00143792204301,744,1.0
805,2016-09-01,11.754700044568244,718,0.9972222222222222
805,2016-10-01,7.682898665768193,742,0.9973118279569892
805,2016-11-01,7.229876637377964,717,0.9958333333333333
805,2016-12-01,6.100434067321178,713,0.9583333333333334
805,2017-01-01,7.222784921621622,740,0.9946236559139785
805,2017-02-01,6.368832506746627,667,0.9925595238095238
805,2017-03-01,7.692213837177747,737,0.9905913978494624
805,2017-04-01,10.636253473389356,714,0.9916666666666667
805,2017-05-01,22.68377253814147,721,0.9690860215053764
805,2017-06-01,20.826330532212886,714,0.9916666666666667
805,2017-07-01,24.983783783783785,740,0.9946236559139785
805,2017-08-01,18.520917678812417,741,0.9959677419354839
805,2017-09-01,12.296829971181555,694,0.9638888888888889
805,2017-10-01,6.9,740,0.9946236559139785
805,2017-11-01,6.628133704735376,718,0.9972222222222222
805,2017-12-01,6.82027027027027,740,0.9946236559139785
805,2018-01-01,8.462887989203779,741,0.9959677419354839
805,2018-02-01,8.523952095808383,668,0.9940476190476191
805,2018-03-01,9.454790823211876,741,0.9959677419354839
805,2018-04-01,15.577247191011235,712,0.9888888888888889
805,2018-05-01,24.117241379310343,725,0.9744623655913979
805,2018-06-01,26.839210155148095,709,0.9847222222222223
805,2018-07-01,27.22161422708618,731,0.9825268817204301
805,2018-08-01,17.92037786774629,741,0.9959677419354839
805,2018-09-01,10.493016759776536,716,0.9944444444444445
805,2018-10-01,5.948509485094851,738,0.9919354838709677
805,2018-11-01,6.510518934081347,713,0.9902777777777778
805,2018-12-01,7.986486486486487,740,0.9946236559139785
805,2019-01-01,8.859269282814614,739,0.9932795698924731
805,2019-02-01,16.63134328358209,670,0.9970238095238095
805,2019-03-01,9.503373819163293,741,0.9959677419354839
805,2019-04-01,14.754532775453278,717,0.9958333333333333
805,2019-05-01,23.100430416068868,697,0.9368279569892473
805,2019-06-01,17.69943820224719,712,0.9888888888888889
805,2019-07-01,16.03125,736,0.989247311827957
805,2019-08-01,17.3472972972973,740,0.9946236559139785
805,2019-09-01,9.356944444444444,720,1.0
805,2019-10-01,9.508795669824087,739,0.9932795698924731
805,2019-11-01,8.31375358166189,698,0.9694444444444444
805,2019-12-01,7.22672064777328,741,0.9959677419354839
805,2020-01-01,12.691358024691358,729,0.9798387096774194
805,2021-03-01,10.25,684,0.9193548387096774
805,2021-04-01,11.916666666666666,720,1.0
805,2021-05-01,27.341463414634145,615,0.8266129032258065
805,2021-06-01,26.357798165137616,327,0.45416666666666666
805,2021-07-01,22.394594594594594,740,0.9946236559139785
805,2021-08-01,20.302826379542395,743,0.9986559139784946
805,2021-09-01,9.755927475592747,717,0.9958333333333333
805,2021-10-01,7.808108108108108,740,0.9946236559139785
805,2021-11-01,6.855555555555555,720,1.0
805,2021-12-01,10.219086021505376,744,1.0
805,2022-01-01,5.138627187079408,743,0.9986559139784946
805,2022-02-01,9.985119047619047,672,1.0
805,2022-03-01,9.573924731182796,744,1.0
805,2022-04-01,13.367316341829085,667,0.9263888888888889
805,2022-05-01,28.759206798866856,706,0.9489247311827957
805,2022-06-01,24.582260371959944,699,0.9708333333333333
805,2022-07-01,19.87516960651289,737,0.9905913978494624
805,2022-08-01,20.532235939643346,729,0.9798387096774194
805,2022-09-01,12.38581560283688,705,0.9791666666666666
805,2022-10-01,6.357336956521739,736,0.989247311827957
805,2022-11-01,6.829817158931083,711,0.9875
805,2022-12-01,7.955102040816326,735,0.9879032258064516
805,2023-01-01,7.614247311827957,744,1.0
805,2023-02-01,16.937313432835822,670,0.9970238095238095
805,2023-03-01,10.17910447761194,737,0.9905913978494624
805,2023-04-01,11.278538812785389,657,0.9125
805,2023-05-01,1.263157894736842,19,0.025537634408602152
805,2023-09-01,20.8,5,0.006944444444444444
805,2024-01-01,16.0,1,0.0013440860215053765
805,2024-02-01,27.35,40,0.05747126436781609
805,2024-03-01,20.717391304347824,46,0.06182795698924731
805,2024-04-01,44.0,5,0.006944444444444444
805,2024-09-01,7.926829268292683,410,0.5694444444444444
805,2024-10-01,8.83085250338295,739,0.9932795698924731
805,2024-11-01,6.757997218358832,719,0.9986111111111111
805,2024-12-01,9.541496598639457,735,0.9879032258064516
805,2025-01-01,10.002699055330634,741,0.9959677419354839
805,2025-02-01,8.766116941529235,667,0.9925595238095238
805,2025-03-01,9.233468286099866,741,0.9959677419354839
805,2025-04-01,10.297635605006954,719,0.9986111111111111
805,2025-05-01,21.981081081081083,740,0.9946236559139785
805,2025-06-01,26.292929292929294,693,0.9625
805,2025-07-01,19.68825910931174,741,0.9959677419354839
805,2025-08-01,14.540431266846362,742,0.9973118279569892
805,2025-09-01,8.927728613569322,678,0.9416666666666667
805,2025-10-01,6.073071718538565,739,0.9932795698924731
805,2025-11-01,6.039160839160839,715,0.9930555555555556
805,2025-12-01,5.477027027027027,740,0.9946236559139785
805,2026-01-01,7.925775978407557,741,0.9959677419354839
805,2026-02-01,6.609538002980626,671,0.9985119047619048
805,2026-03-01,7.787262872628726,738,0.9919354838709677
805,2026-04-01,14.602777777777778,720,1.0
805,2026-05-01,27.151967435549526,737,0.9905913978494624
805,2026-06-01,24.8008356545961,718,0.9972222222222222
805,2026-07-01,19.676113360323885,741,0.9959677419354839
805,2026-08-01,15.040485829959515,741,0.9959677419354839
805,2026-09-01,10.912621359223301,309,0.42916666666666664
806,2012-10-01,10.3116223125,160,0.21505376344086022
806,2012-11-01,13.634691359649121,228,0.31666666666666665
806,2012-12-01,9.558198545893719,207,0.2782258064516129
806,2013-01-01,14.804277161803713,377,0.5067204301075269
806,2013-02-01,18.51973294736842,95,0.14136904761904762
806,2013-03-01,17.602467401626015,246,0.33064516129032256
806,2013-04-01,16.106083409961684,261,0.3625
806,2013-05-01,97.72439888888889,36,0.04838709677419355
806,2013-07-01,18.367529313868616,137,0.18413978494623656
806,2013-08-01,21.238486377649323,519,0.6975806451612904
806,2013-09-01,17.57620683070866,508,0.7055555555555556
806,2013-10-01,11.407509745839636,661,0.8884408602150538
806,2013-11-01,10.494080820143886,556,0.7722222222222223
806,2013-12-01,14.408585971764706,425,0.571236559139785
806,2014-01-01,12.395235540983606,671,0.9018817204301075
806,2014-02-01,12.252763996343692,547,0.8139880952380952
806,2014-03-01,14.047201924959216,613,0.8239247311827957
806,2014-04-01,17.91511246724891,458,0.6361111111111111
806,2014-08-01,7.752499575757576e-05,330,0.4435483870967742
806,2014-09-01,9.401675641025641e-05,39,0.05416666666666667
806,2015-01-01,25.83650956521739,322,0.4327956989247312
806,2015-02-01,36.1009438034188,468,0.6964285714285714
806,2015-03-01,33.46687166666666,426,0.5725806451612904
806,2015-04-01,41.17096205,400,0.5555555555555556
806,2015-05-01,55.433659739130434,230,0.30913978494623656
806,2016-04-01,13.395117500000001,4,0.005555555555555556
806,2016-05-01,35.82672367791411,652,0.8763440860215054
806,2016-06-01,89.0726226993007,715,0.9930555555555556
806,2016-07-01,38.26338519489247,744,1.0
806,2016-08-01,38.291595482946796,733,0.9852150537634409
806,2016-09-01,17.594273422096318,706,0.9805555555555555
806,2016-10-01,10.34171448443843,739,0.9932795698924731
806,2016-11-01,8.349488227972028,715,0.9930555555555556
806,2016-12-01,7.014563963114755,732,0.9838709677419355
806,2017-01-01,9.354664606998654,743,0.9986559139784946
806,2017-02-01,7.509233022421525,669,0.9955357142857143
806,2017-03-01,11.19907174393531,742,0.9973118279569892
806,2017-04-01,16.206239767085076,717,0.9958333333333333
806,2017-05-01,60.66621438263229,737,0.9905913978494624
806,2017-06-01,45.60729312762973,713,0.9902777777777778
806,2017-07-01,56.762942779291556,734,0.9865591397849462
806,2017-08-01,34.578947368421055,741,0.9959677419354839
806,2017-09-01,19.745125348189415,718,0.9972222222222222
806,2017-10-01,10.129526462395543,718,0.9650537634408602
806,2017-11-01,8.29050279329609,716,0.9944444444444445
806,2017-12-01,18.28474114441417,734,0.9865591397849462
806,2018-01-01,10.303643724696355,741,0.9959677419354839
806,2018-02-01,12.696562032884902,669,0.9955357142857143
806,2018-03-01,9.802702702702703,740,0.9946236559139785
806,2018-04-01,27.063113604488077,713,0.9902777777777778
806,2018-05-01,47.62737127371274,738,0.9919354838709677
806,2018-06-01,68.4876989869754,691,0.9597222222222223
806,2018-07-01,61.85892116182573,723,0.9717741935483871
806,2018-08-01,42.19945725915875,737,0.9905913978494624
806,2018-09-01,17.700557103064067,718,0.9972222222222222
806,2018-10-01,11.765498652291106,742,0.9973118279569892
806,2018-11-01,10.646648044692737,716,0.9944444444444445
806,2018-12-01,9.685560053981106,741,0.9959677419354839
806,2019-01-01,8.25876010781671,742,0.9973118279569892
806,2019-02-01,20.978947368421053,665,0.9895833333333334
806,2019-03-01,9.704851752021563,742,0.9973118279569892
806,2019-04-01,20.284122562674096,718,0.9972222222222222
806,2019-05-01,46.013138686131384,685,0.9206989247311828
806,2019-06-01,50.08720112517581,711,0.9875
806,2019-07-01,30.16432584269663,712,0.956989247311828
806,2019-08-01,27.140161725067387,742,0.9973118279569892
806,2019-09-01,13.916666666666666,684,0.95
806,2019-10-01,9.852150537634408,744,1.0
806,2019-11-01,5.911519198664441,599,0.8319444444444445
806,2019-12-01,7.592991913746631,742,0.9973118279569892
806,2020-01-01,12.310391363022942,741,0.9959677419354839
806,2020-02-01,9.483405483405484,693,0.9956896551724138
806,2020-03-01,9.278225806451612,744,1.0
806,2020-04-01,14.937325905292479,718,0.9972222222222222
806,2020-05-01,42.84097035040431,742,0.9973118279569892
806,2020-06-01,51.31549295774648,710,0.9861111111111112
806,2020-07-01,41.369565217391305,736,0.989247311827957
806,2020-08-01,27.264227642276424,738,0.9919354838709677
806,2020-09-01,18.259052924791085,718,0.9972222222222222
806,2020-10-01,10.268392370572206,734,0.9865591397849462
806,2020-11-01,6.541143654114365,717,0.9958333333333333
806,2020-12-01,6.568151147098516,741,0.9959677419354839
806,2021-01-01,7.974462365591398,744,1.0
806,2021-02-01,7.32089552238806,670,0.9970238095238095
806,2021-03-01,9.905149051490515,738,0.9919354838709677
806,2021-04-01,13.125698324022347,716,0.9944444444444445
806,2021-05-01,45.202429149797574,741,0.9959677419354839
806,2021-06-01,49.05034965034965,715,0.9930555555555556
806,2021-07-01,45.94002789400279,717,0.9637096774193549
806,2021-08-01,29.073924731182796,744,1.0
806,2021-09-01,13.335654596100278,718,0.9972222222222222
806,2021-10-01,7.85752688172043,744,1.0
806,2021-11-01,5.581180811808118,542,0.7527777777777778
806,2021-12-01,11.515477792732167,743,0.9986559139784946
806,2022-01-01,6.817039106145251,716,0.9623655913978495
806,2022-02-01,12.263392857142858,672,1.0
806,2022-03-01,10.944141689373296,734,0.9865591397849462
806,2022-04-01,20.41176470588235,697,0.9680555555555556
806,2022-05-01,53.83380281690141,710,0.9543010752688172
806,2022-06-01,35.726890756302524,714,0.9916666666666667
806,2022-07-01,37.64705882352941,731,0.9825268817204301
806,2022-08-01,26.565880721220527,721,0.9690860215053764
806,2022-09-01,18.2909604519774,708,0.9833333333333333
806,2022-10-01,8.871273712737127,738,0.9919354838709677
806,2022-11-01,9.304843304843304,702,0.975
806,2022-12-01,9.497953615279673,733,0.9852150537634409
806,2023-01-01,8.161290322580646,744,1.0
806,2023-02-01,20.251488095238095,672,1.0
806,2023-03-01,8.897435897435898,741,0.9959677419354839
806,2023-04-01,15.789106145251397,716,0.9944444444444445
806,2023-05-01,29.017473118279568,744,1.0
806,2023-06-01,51.382147838214784,717,0.9958333333333333
806,2023-07-01,49.52162162162162,740,0.9946236559139785
806,2023-08-01,30.43951612903226,744,1.0
806,2023-09-01,15.013927576601672,718,0.9972222222222222
806,2023-10-01,9.324549237170597,721,0.9690860215053764
806,2023-11-01,4.981843575418995,716,0.9944444444444445
806,2023-12-01,5.720053835800807,743,0.9986559139784946
806,2024-01-01,7.359396433470508,729,0.9798387096774194
806,2024-02-01,7.7764876632801165,689,0.9899425287356322
806,2024-03-01,7.262162162162162,740,0.9946236559139785
806,2024-04-01,16.6875,720,1.0
806,2024-05-01,58.96900269541779,742,0.9973118279569892
806,2024-06-01,33.09610027855153,718,0.9972222222222222
806,2024-07-01,51.933802816901405,710,0.9543010752688172
806,2024-08-01,38.472409152086136,743,0.9986559139784946
806,2024-09-01,9.96078431372549,714,0.9916666666666667
806,2024-10-01,7.941655359565807,737,0.9905913978494624
806,2024-11-01,5.189928057553957,695,0.9652777777777778
806,2024-12-01,5.313937753721245,739,0.9932795698924731
806,2025-01-01,5.1275440976933515,737,0.9905913978494624
806,2025-02-01,6.494720965309201,663,0.9866071428571429
806,2025-03-01,7.7888283378746594,734,0.9865591397849462
806,2025-04-01,16.75212464589235,706,0.9805555555555555
806,2025-05-01,52.8601108033241,722,0.9704301075268817
806,2025-06-01,55.75208913649025,718,0.9972222222222222
806,2025-07-01,27.598382749326145,742,0.9973118279569892
806,2025-08-01,25.38191632928475,741,0.9959677419354839
806,2025-09-01,11.844228094575799,719,0.9986111111111111
806,2025-10-01,4.957746478873239,710,0.9543010752688172
806,2025-11-01,4.069111424541608,709,0.9847222222222223
806,2025-12-01,5.023035230352304,738,0.9919354838709677
806,2026-01-01,6.987870619946092,742,0.9973118279569892
806,2026-02-01,5.160862354892205,603,0.8973214285714286
806,2026-03-01,6.116059379217274,741,0.9959677419354839
806,2026-04-01,15.731468531468531,715,0.9930555555555556
806,2026-05-01,37.472334682860996,741,0.9959677419354839
806,2026-06-01,44.95104895104895,715,0.9930555555555556
806,2026-07-01,38.47625508819539,737,0.9905913978494624
806,2026-08-01,30.407806191117093,743,0.9986559139784946
806,2026-09-01,17.954692556634303,309,0.42916666666666664
807,2017-02-01,9.297013061919504,323,0.4806547619047619
807,2017-03-01,9.096993787061995,742,0.9973118279569892
807,2017-04-01,13.779953138268157,716,0.9944444444444445
807,2017-05-01,32.481632653061226,735,0.9879032258064516
807,2017-06-01,29.83679525222552,674,0.9361111111111111
807,2017-07-01,36.0325644504749,737,0.9905913978494624
807,2017-08-01,21.795264623955433,718,0.9650537634408602
807,2017-09-01,15.210306406685238,718,0.9972222222222222
807,2017-10-01,9.323319027181688,699,0.9395161290322581
807,2017-11-01,8.73816155988858,718,0.9972222222222222
807,2017-12-01,8.857923497267759,732,0.9838709677419355
807,2018-01-01,13.381916329284751,741,0.9959677419354839
807,2018-02-01,12.01044776119403,670,0.9970238095238095
807,2018-03-01,10.156968876860622,739,0.9932795698924731
807,2018-04-01,18.292717086834735,714,0.9916666666666667
807,2018-05-01,31.81646423751687,741,0.9959677419354839
807,2018-06-01,31.26487252124646,706,0.9805555555555555
807,2018-07-01,18.908967391304348,736,0.989247311827957
807,2018-08-01,11.363636363636363,737,0.9905913978494624
807,2018-09-01,6.090909090909091,715,0.9930555555555556
807,2018-10-01,4.0584958217270195,718,0.9650537634408602
807,2018-11-01,4.7531380753138075,717,0.9958333333333333
807,2018-12-01,5.354319180087848,683,0.918010752688172
807,2019-01-01,14.90708661417323,635,0.853494623655914
807,2019-02-01,19.44182389937107,636,0.9464285714285714
807,2019-03-01,11.633423180592992,742,0.9973118279569892
807,2019-04-01,18.20891364902507,718,0.9972222222222222
807,2019-05-01,30.980978260869566,736,0.989247311827957
807,2019-06-01,24.738095238095237,714,0.9916666666666667
807,2019-07-01,21.88037634408602,744,1.0
807,2019-08-01,20.260162601626018,738,0.9919354838709677
807,2019-09-01,13.1115760111576,717,0.9958333333333333
807,2019-10-01,9.19811320754717,742,0.9973118279569892
807,2019-11-01,7.356643356643357,715,0.9930555555555556
807,2019-12-01,8.95135135135135,740,0.9946236559139785
807,2020-01-01,13.27800269905533,741,0.9959677419354839
807,2020-02-01,10.826839826839826,693,0.9956896551724138
807,2020-03-01,11.38515406162465,714,0.9596774193548387
807,2020-04-01,16.00862068965517,696,0.9666666666666667
807,2020-05-01,27.12855209742896,739,0.9932795698924731
807,2020-06-01,26.178370786516854,712,0.9888888888888889
807,2020-07-01,23.82456140350877,741,0.9959677419354839
807,2020-08-01,18.789473684210527,741,0.9959677419354839
807,2020-09-01,16.26536312849162,716,0.9944444444444445
807,2020-10-01,10.017520215633423,742,0.9973118279569892
807,2020-11-01,8.886075949367088,711,0.9875
807,2020-12-01,8.335607094133698,733,0.9852150537634409
807,2021-01-01,10.054127198917456,739,0.9932795698924731
807,2021-02-01,9.76497005988024,668,0.9940476190476191
807,2021-03-01,11.660834454912516,743,0.9986559139784946
807,2021-04-01,12.554301833568406,709,0.9847222222222223
807,2021-05-01,26.79542395693136,743,0.9986559139784946
807,2021-06-01,27.601671309192202,718,0.9972222222222222
807,2021-07-01,30.41565452091768,741,0.9959677419354839
807,2021-08-01,18.925675675675677,740,0.9946236559139785
807,2021-09-01,10.108333333333333,720,1.0
807,2021-10-01,8.10926694329184,723,0.9717741935483871
807,2021-11-01,7.129526462395543,718,0.9972222222222222
807,2021-12-01,10.4,740,0.9946236559139785
807,2022-01-01,7.665680473372781,676,0.9086021505376344
807,2022-02-01,12.735820895522387,670,0.9970238095238095
807,2022-03-01,12.012113055181695,743,0.9986559139784946
807,2022-04-01,13.871345029239766,684,0.95
807,2022-05-01,30.527570789865873,671,0.9018817204301075
807,2022-06-01,23.96041055718475,682,0.9472222222222222
807,2022-07-01,22.019635343618514,713,0.9583333333333334
807,2022-08-01,18.130434782608695,690,0.9274193548387096
807,2022-09-01,13.064194008559202,701,0.9736111111111111
807,2022-10-01,7.474043715846994,732,0.9838709677419355
807,2022-11-01,7.733333333333333,705,0.9791666666666666
807,2022-12-01,7.68724279835391,729,0.9798387096774194
807,2023-01-01,8.46971736204576,743,0.9986559139784946
807,2023-02-01,21.96577380952381,672,1.0
807,2023-03-01,8.686827956989248,744,1.0
807,2023-04-01,12.500695410292073,719,0.9986111111111111
807,2023-05-01,23.098118279569892,744,1.0
807,2023-06-01,25.822222222222223,720,1.0
807,2023-07-01,28.518417462482947,733,0.9852150537634409
807,2023-08-01,18.81989247311828,744,1.0
807,2023-09-01,15.379358437935844,717,0.9958333333333333
807,2023-10-01,8.384408602150538,744,1.0
807,2023-11-01,6.402777777777778,720,1.0
807,2023-12-01,6.2075471698113205,742,0.9973118279569892
807,2024-01-01,9.663448275862068,725,0.9744623655913979
807,2024-02-01,8.98121387283237,692,0.9942528735632183
807,2024-03-01,8.016282225237449,737,0.9905913978494624
807,2024-04-01,13.190058479532164,684,0.95
807,2024-05-01,30.21031207598372,737,0.9905913978494624
807,2024-06-01,15.0084388185654,711,0.9875
807,2024-07-01,40.9421265141319,743,0.9986559139784946
807,2024-08-01,25.605815831987076,619,0.831989247311828
807,2024-09-01,9.286127167630058,692,0.9611111111111111
807,2024-10-01,8.782016348773842,734,0.9865591397849462
807,2024-11-01,7.292576419213974,687,0.9541666666666667
807,2024-12-01,9.037940379403794,738,0.9919354838709677
807,2025-01-01,7.222982216142271,731,0.9825268817204301
807,2025-02-01,8.694992412746586,659,0.9806547619047619
807,2025-03-01,11.51983584131327,731,0.9825268817204301
807,2025-04-01,15.430835734870318,694,0.9638888888888889
807,2025-05-01,26.824728260869566,736,0.989247311827957
807,2025-06-01,37.18349928876245,703,0.9763888888888889
807,2025-07-01,24.56292286874154,739,0.9932795698924731
807,2025-08-01,18.009472259810554,739,0.9932795698924731
807,2025-09-01,10.533519553072626,716,0.9944444444444445
807,2025-10-01,5.417808219178082,730,0.9811827956989247
807,2025-11-01,8.740532959326789,713,0.9902777777777778
807,2025-12-01,5.309243697478991,595,0.7997311827956989
807,2026-01-01,8.874493927125506,741,0.9959677419354839
807,2026-02-01,8.886706948640484,662,0.9851190476190477
807,2026-03-01,6.740082079343365,731,0.9825268817204301
807,2026-04-01,14.91352859135286,717,0.9958333333333333
807,2026-05-01,27.21709633649932,737,0.9905913978494624
807,2026-06-01,30.276203966005667,706,0.9805555555555555
807,2026-07-01,23.040110650069156,723,0.9717741935483871
807,2026-08-01,18.102702702702704,740,0.9946236559139785
807,2026-09-01,12.491909385113269,309,0.42916666666666664
810,2008-09-01,27.97644405475638,431,0.5986111111111111
810,2008-10-01,14.019843285444743,742,0.9973118279569892
810,2008-11-01,13.330768133333333,429,0.5958333333333333
810,2008-12-01,13.645593539647576,454,0.6102150537634409
810,2009-03-01,21.35613211981567,217,0.2916666666666667
810,2009-04-01,23.038025548194447,720,1.0
810,2009-05-01,56.71399525572006,743,0.9986559139784946
810,2009-06-01,60.79692151810585,718,0.9972222222222222
810,2009-07-01,54.1696273954116,741,0.9959677419354839
810,2009-08-01,34.78247815735492,741,0.9959677419354839
810,2009-09-01,27.494576869262865,719,0.9986111111111111
810,2009-10-01,18.248324502688174,744,1.0
810,2009-11-01,10.576524436717664,719,0.9986111111111111
810,2009-12-01,8.318024068640646,743,0.9986559139784946
810,2010-01-01,10.126924345026882,744,1.0
810,2010-02-01,11.553681258620689,580,0.8630952380952381
810,2010-03-01,18.1744164052795,644,0.8655913978494624
810,2010-04-01,39.08532273361227,717,0.9958333333333333
810,2010-05-01,59.516259789473686,95,0.12768817204301075
810,2012-05-01,35.933726953124996,384,0.5161290322580645
810,2012-07-01,301.4077943396226,636,0.8548387096774194
810,2012-08-01,377.6669318813954,430,0.5779569892473119
810,2012-11-01,15.265645152737752,347,0.48194444444444445
810,2012-12-01,17.073065376168223,428,0.5752688172043011
810,2013-01-01,34.123864011477764,697,0.9368279569892473
810,2013-02-01,50.4587918510158,443,0.6592261904761905
810,2013-03-01,8.189712914018692,535,0.7190860215053764
810,2013-04-01,50.20800328268551,283,0.39305555555555555
810,2013-06-01,42.15370031847134,157,0.21805555555555556
810,2013-07-01,35.867620967741935,744,1.0
810,2013-08-01,38.694647163978495,744,1.0
810,2013-09-01,28.38942859722222,720,1.0
810,2013-10-01,16.300016518817202,744,1.0
810,2013-11-01,13.637083277777778,720,1.0
810,2013-12-01,14.064224798387098,744,1.0
810,2014-01-01,14.877812836021505,744,1.0
810,2014-02-01,13.101538392857142,672,1.0
810,2014-03-01,15.971215443478261,575,0.7728494623655914
810,2014-04-01,27.058841492537315,603,0.8375
810,2014-05-01,39.01119989552239,670,0.9005376344086021
810,2014-06-01,33.24898403453689,637,0.8847222222222222
810,2014-07-01,44.30310166292134,445,0.5981182795698925
810,2014-08-01,32.23359830645161,744,1.0
810,2014-09-01,20.21563684722222,720,1.0
810,2014-10-01,12.3204567025572,743,0.9986559139784946
810,2014-11-01,7.886295805555556,720,1.0
810,2014-12-01,12.531937123655915,744,1.0
810,2015-01-01,20.11199041778976,742,0.9973118279569892
810,2015-02-01,27.894551800595238,672,1.0
810,2015-03-01,28.59833923387097,744,1.0
810,2015-04-01,42.2804492906815,719,0.9986111111111111
810,2015-05-01,45.621803200268815,744,1.0
810,2015-06-01,40.059164408450705,710,0.9861111111111112
810,2015-07-01,35.657372815172415,725,0.9744623655913979
810,2015-08-01,31.729852207267836,743,0.9986559139784946
810,2015-09-01,24.70570912280702,684,0.95
810,2015-10-01,16.991167222797927,386,0.5188172043010753
810,2015-11-01,14.054734937062939,715,0.9930555555555556
810,2015-12-01,11.84183561827957,744,1.0
810,2016-01-01,14.544370450204639,733,0.9852150537634409
810,2016-02-01,22.08925827785818,691,0.992816091954023
810,2016-03-01,24.65708301759134,739,0.9932795698924731
810,2016-04-01,19.24261270687237,713,0.9902777777777778
810,2016-05-01,23.233596163069546,417,0.5604838709677419
810,2016-08-01,17.87967362017804,674,0.9059139784946236
810,2016-09-01,15.163729038167938,655,0.9097222222222222
810,2016-10-01,9.54531119623656,744,1.0
810,2016-11-01,9.679561125000001,720,1.0
810,2016-12-01,9.008904494382023,178,0.239247311827957
810,2017-05-01,54.324022346368714,537,0.7217741935483871
810,2017-06-01,35.88795518207283,714,0.9916666666666667
810,2017-07-01,38.57374830852503,739,0.9932795698924731
810,2017-08-01,32.523035230352306,738,0.9919354838709677
810,2017-09-01,22.850974930362117,718,0.9972222222222222
810,2017-10-01,10.37246963562753,741,0.9959677419354839
810,2017-11-01,6.501404494382022,712,0.9888888888888889
810,2017-12-01,6.769851951547779,743,0.9986559139784946
810,2018-01-01,8.450134770889488,742,0.9973118279569892
810,2018-02-01,11.834834834834835,666,0.9910714285714286
810,2018-03-01,16.528301886792452,742,0.9973118279569892
810,2018-04-01,27.535310734463277,708,0.9833333333333333
810,2018-05-01,31.842105263157894,741,0.9959677419354839
810,2018-06-01,37.82984658298466,717,0.9958333333333333
810,2018-07-01,41.850605652759086,743,0.9986559139784946
810,2018-08-01,33.35849056603774,742,0.9973118279569892
810,2018-09-01,19.090529247910865,718,0.9972222222222222
810,2018-10-01,5.244665718349929,703,0.9448924731182796
810,2018-11-01,2.1849791376912377,719,0.9986111111111111
810,2018-12-01,3.1541609822646657,733,0.9852150537634409
810,2019-01-01,7.112328767123287,730,0.9811827956989247
810,2019-02-01,13.248502994011975,668,0.9940476190476191
810,2019-03-01,17.287061994609164,742,0.9973118279569892
810,2019-04-01,19.64664804469274,716,0.9944444444444445
810,2019-05-01,23.005405405405405,740,0.9946236559139785
810,2019-06-01,16.97913769123783,719,0.9986111111111111
810,2019-07-01,14.879892037786774,741,0.9959677419354839
810,2019-08-01,18.063172043010752,744,1.0
810,2019-09-01,12.842398884239888,717,0.9958333333333333
810,2019-10-01,13.49527665317139,741,0.9959677419354839
810,2019-11-01,10.721448467966574,718,0.9972222222222222
810,2019-12-01,9.166666666666666,744,1.0
810,2020-01-01,11.346414073071719,739,0.9932795698924731
810,2020-02-01,10.97844827586207,696,1.0
810,2020-03-01,11.090174966352624,743,0.9986559139784946
810,2020-04-01,15.35933147632312,718,0.9972222222222222
810,2020-05-01,23.160493827160494,729,0.9798387096774194
810,2020-06-01,22.558073654390935,706,0.9805555555555555
810,2020-07-01,22.728378378378377,740,0.9946236559139785
810,2020-08-01,11.016973125884016,707,0.9502688172043011
810,2020-09-01,6.390691114245416,709,0.9847222222222223
810,2020-10-01,5.923076923076923,741,0.9959677419354839
810,2020-11-01,5.9135285913528595,717,0.9958333333333333
810,2020-12-01,7.22972972972973,740,0.9946236559139785
810,2021-01-01,8.452220726783311,743,0.9986559139784946
810,2021-02-01,8.980392156862745,663,0.9866071428571429
810,2021-03-01,12.445491251682368,743,0.9986559139784946
810,2021-04-01,16.886871508379887,716,0.9944444444444445
810,2021-05-01,42.82002706359946,739,0.9932795698924731
810,2021-06-01,41.962078651685395,712,0.9888888888888889
810,2021-07-01,34.52660300136426,733,0.9852150537634409
810,2021-08-01,31.013458950201883,743,0.9986559139784946
810,2021-09-01,18.517385257301807,719,0.9986111111111111
810,2021-10-01,11.310901749663527,743,0.9986559139784946
810,2021-11-01,10.182072829131652,714,0.9916666666666667
810,2021-12-01,10.77972972972973,740,0.9946236559139785
810,2022-01-01,6.773889636608344,743,0.9986559139784946
810,2022-02-01,17.3343653250774,646,0.9613095238095238
810,2022-03-01,12.0,744,1.0
810,2022-04-01,15.147426981919333,719,0.9986111111111111
810,2022-05-01,34.73082099596232,743,0.9986559139784946
810,2022-06-01,29.991643454038996,718,0.9972222222222222
810,2022-07-01,25.231805929919137,742,0.9973118279569892
810,2022-08-01,24.84722222222222,720,0.967741935483871
810,2022-09-01,13.374651810584957,718,0.9972222222222222
810,2022-10-01,6.690121786197564,739,0.9932795698924731
810,2022-11-01,5.079276773296245,719,0.9986111111111111
810,2022-12-01,3.3409703504043127,742,0.9973118279569892
810,2023-01-01,2.3620689655172415,580,0.7795698924731183
810,2023-02-01,56.7973174366617,671,0.9985119047619048
810,2023-03-01,9.755047106325707,743,0.9986559139784946
810,2023-04-01,20.99860529986053,717,0.9958333333333333
810,2023-05-01,27.593539703903094,743,0.9986559139784946
810,2023-06-01,29.128935532233882,667,0.9263888888888889
810,2023-07-01,30.69179004037685,743,0.9986559139784946
810,2023-08-01,22.3954802259887,708,0.9516129032258065
810,2023-09-01,11.059001512859304,661,0.9180555555555555
810,2023-10-01,8.798115746971737,743,0.9986559139784946
810,2023-11-01,7.044506258692628,719,0.9986111111111111
810,2023-12-01,7.029609690444145,743,0.9986559139784946
810,2024-01-01,8.271870794078062,743,0.9986559139784946
810,2024-02-01,10.138129496402877,695,0.9985632183908046
810,2024-03-01,10.587601078167117,742,0.9973118279569892
810,2024-04-01,18.40921787709497,716,0.9944444444444445
810,2024-05-01,44.60323886639676,741,0.9959677419354839
810,2024-06-01,23.79050279329609,716,0.9944444444444445
810,2024-07-01,38.539083557951486,742,0.9973118279569892
810,2024-08-01,23.370619946091644,742,0.9973118279569892
810,2024-09-01,14.241084165477888,701,0.9736111111111111
810,2024-10-01,8.649171270718233,724,0.9731182795698925
810,2024-11-01,4.6369958275382475,719,0.9986111111111111
810,2024-12-01,6.797297297297297,740,0.9946236559139785
810,2025-01-01,6.402422611036339,743,0.9986559139784946
810,2025-02-01,8.966666666666667,600,0.8928571428571429
810,2025-03-01,8.054869684499314,729,0.9798387096774194
810,2025-04-01,20.494417862838915,627,0.8708333333333333
810,2025-05-01,28.952766531713902,741,0.9959677419354839
810,2025-06-01,36.69958275382476,719,0.9986111111111111
810,2025-07-01,33.16150740242261,743,0.9986559139784946
810,2025-08-01,20.115760111576012,717,0.9637096774193549
810,2025-09-01,8.481223922114047,719,0.9986111111111111
810,2025-10-01,3.6507713884992987,713,0.9583333333333334
810,2025-11-01,4.687086092715232,604,0.8388888888888889
810,2025-12-01,4.674763832658569,741,0.9959677419354839
810,2026-01-01,12.576043068640645,743,0.9986559139784946
810,2026-02-01,5.825633383010432,671,0.9985119047619048
810,2026-03-01,8.499327052489905,743,0.9986559139784946
810,2026-04-01,20.458856345885636,717,0.9958333333333333
810,2026-05-01,36.88425302826379,743,0.9986559139784946
810,2026-06-01,29.07112970711297,717,0.9958333333333333
810,2026-07-01,28.646029609690444,743,0.9986559139784946
810,2026-08-01,22.735922330097086,515,0.6922043010752689
810,2026-09-01,18.035830618892508,307,0.4263888888888889
818,2019-03-01,23.010752688172044,186,0.25
818,2019-04-01,22.175,720,1.0
818,2019-05-01,48.278225806451616,744,1.0
818,2019-06-01,45.978861788617884,615,0.8541666666666666
818,2019-07-01,46.67818181818182,550,0.739247311827957
818,2019-08-01,47.75376196990424,731,0.9825268817204301
818,2019-09-01,24.422005571030642,718,0.9972222222222222
818,2019-10-01,14.590296495956874,742,0.9973118279569892
818,2019-11-01,7.432203389830509,708,0.9833333333333333
818,2019-12-01,10.137096774193548,744,1.0
818,2020-01-01,12.496626180836707,741,0.9959677419354839
818,2020-02-01,16.22589928057554,695,0.9985632183908046
818,2020-03-01,14.242547425474255,738,0.9919354838709677
818,2020-04-01,18.3463687150838,716,0.9944444444444445
818,2020-05-01,40.57123473541384,737,0.9905913978494624
818,2020-06-01,52.346969696969694,660,0.9166666666666666
818,2020-07-01,97.79054054054055,740,0.9946236559139785
818,2020-08-01,34.54532967032967,728,0.978494623655914
818,2020-09-01,27.17211948790896,703,0.9763888888888889
818,2020-10-01,15.612685560053981,741,0.9959677419354839
818,2020-11-01,9.387372013651877,586,0.8138888888888889
818,2020-12-01,7.02683615819209,708,0.9516129032258065
818,2021-01-01,7.655367231638418,708,0.9516129032258065
818,2021-02-01,8.751131221719458,663,0.9866071428571429
818,2021-03-01,11.324728260869565,736,0.989247311827957
818,2021-04-01,20.564539007092197,705,0.9791666666666666
818,2021-05-01,43.63461538461539,728,0.978494623655914
818,2021-06-01,55.645714285714284,700,0.9722222222222222
818,2021-07-01,50.922544951590595,723,0.9717741935483871
818,2021-08-01,26.38950276243094,724,0.9731182795698925
818,2021-09-01,45.94076163610719,709,0.9847222222222223
818,2021-10-01,15.289617486338798,732,0.9838709677419355
818,2021-11-01,12.237215909090908,704,0.9777777777777777
818,2021-12-01,12.013850415512465,722,0.9704301075268817
818,2022-01-01,7.411516853932584,712,0.956989247311828
818,2022-02-01,18.332307692307694,650,0.9672619047619048
818,2022-03-01,7.654166666666667,720,0.967741935483871
818,2022-04-01,15.15886524822695,705,0.9791666666666666
818,2022-05-01,38.73756906077348,724,0.9731182795698925
818,2022-06-01,29.433238636363637,704,0.9777777777777777
818,2022-07-01,16.318741450068398,731,0.9825268817204301
818,2022-08-01,25.89051094890511,137,0.18413978494623656
818,2022-09-01,20.829337094499294,709,0.9847222222222223
818,2022-10-01,9.819178082191781,730,0.9811827956989247
818,2022-11-01,6.491404011461318,698,0.9694444444444444
818,2022-12-01,7.557083906464924,727,0.9771505376344086
818,2023-01-01,10.18870523415978,726,0.9758064516129032
818,2023-02-01,52.666666666666664,657,0.9776785714285714
818,2023-03-01,10.259917920656635,731,0.9825268817204301
818,2023-04-01,21.04101838755304,707,0.9819444444444444
818,2023-05-01,46.02209944751381,724,0.9731182795698925
818,2023-06-01,54.59774964838256,711,0.9875
818,2023-07-01,59.930362116991645,718,0.9650537634408602
818,2023-08-01,44.74759945130315,729,0.9798387096774194
818,2023-09-01,23.007062146892654,708,0.9833333333333333
818,2023-10-01,14.92054794520548,730,0.9811827956989247
818,2023-11-01,10.737215909090908,704,0.9777777777777777
818,2023-12-01,7.498626373626373,728,0.978494623655914
818,2024-01-01,8.64861111111111,720,0.967741935483871
818,2024-02-01,11.54940119760479,668,0.9597701149425287
818,2024-03-01,12.621861152141802,677,0.9099462365591398
818,2024-04-01,25.286743515850144,694,0.9638888888888889
818,2024-05-01,63.244505494505496,728,0.978494623655914
818,2024-06-01,36.50919377652051,707,0.9819444444444444
818,2024-07-01,49.44444444444444,729,0.9798387096774194
818,2024-08-01,47.43300653594771,612,0.8225806451612904
818,2024-09-01,21.236389684813755,698,0.9694444444444444
818,2024-10-01,12.053295932678822,713,0.9583333333333334
818,2024-11-01,7.830268741159831,707,0.9819444444444444
818,2024-12-01,6.900826446280992,726,0.9758064516129032
818,2025-01-01,9.691988950276244,724,0.9731182795698925
818,2025-02-01,17.408037094281298,647,0.9627976190476191
818,2025-03-01,9.682320441988951,724,0.9731182795698925
818,2025-04-01,23.001432664756447,698,0.9694444444444444
818,2025-05-01,41.70735090152566,721,0.9690860215053764
818,2025-06-01,57.51445086705202,692,0.9611111111111111
818,2025-07-01,47.51815642458101,716,0.9623655913978495
818,2025-08-01,42.84923928077455,723,0.9717741935483871
818,2025-09-01,23.818705035971224,695,0.9652777777777778
818,2025-10-01,11.691444600280505,713,0.9583333333333334
818,2025-11-01,7.869440459110473,697,0.9680555555555556
818,2025-12-01,5.899018232819074,713,0.9583333333333334
818,2026-01-01,11.121379310344828,725,0.9744623655913979
818,2026-02-01,6.9892638036809815,652,0.9702380952380952
818,2026-03-01,12.116666666666667,720,0.967741935483871
818,2026-04-01,25.517241379310345,696,0.9666666666666667
818,2026-05-01,48.32267037552156,719,0.9663978494623656
818,2026-06-01,51.13848396501458,686,0.9527777777777777
818,2026-07-01,42.799442896935936,718,0.9650537634408602
818,2026-08-01,30.5,720,0.967741935483871
818,2026-09-01,17.80392156862745,306,0.425
826,2019-07-01,33.90087463556851,343,0.46102150537634407
826,2019-08-01,38.01076716016151,743,0.9986559139784946
826,2019-09-01,21.342618384401113,718,0.9972222222222222
826,2019-10-01,18.610958904109587,730,0.9811827956989247
826,2019-11-01,5.718887262079063,683,0.9486111111111111
826,2019-12-01,4.655963302752293,654,0.8790322580645161
826,2020-01-01,8.214783821478383,717,0.9637096774193549
826,2020-02-01,10.208643815201192,671,0.9640804597701149
826,2020-03-01,8.102643856920684,643,0.864247311827957
826,2020-04-01,19.00431654676259,695,0.9652777777777778
826,2020-05-01,48.66255144032922,729,0.9798387096774194
826,2020-06-01,65.39024390243902,41,0.05694444444444444
826,2022-12-01,38.157303370786515,89,0.1196236559139785
826,2023-01-01,10.358126721763085,726,0.9758064516129032
826,2023-02-01,76.30112721417069,621,0.9241071428571429
826,2023-03-01,9.539835164835164,728,0.978494623655914
826,2023-04-01,21.173541963015648,703,0.9763888888888889
826,2023-05-01,40.478737997256516,729,0.9798387096774194
826,2023-06-01,52.55761024182077,703,0.9763888888888889
826,2023-07-01,59.251318101933215,569,0.7647849462365591
826,2023-10-01,12.666666666666666,624,0.8387096774193549
826,2023-11-01,7.96755994358251,709,0.9847222222222223
826,2023-12-01,6.218617771509168,709,0.9529569892473119
826,2024-01-01,7.169209431345354,721,0.9690860215053764
826,2024-02-01,9.17007874015748,635,0.9123563218390804
826,2024-03-01,9.290983606557377,732,0.9838709677419355
826,2024-04-01,20.092424242424244,660,0.9166666666666666
826,2024-05-01,59.750342935528124,729,0.9798387096774194
826,2024-06-01,89.19402985074628,67,0.09305555555555556
826,2024-08-01,51.58713136729222,373,0.5013440860215054
826,2024-09-01,32.11694152923538,667,0.9263888888888889
826,2024-10-01,22.778846153846153,728,0.978494623655914
826,2024-11-01,7.982758620689655,696,0.9666666666666667
826,2024-12-01,3.4455445544554455,707,0.9502688172043011
826,2025-01-01,1.8011527377521614,694,0.9327956989247311
826,2025-02-01,7.402439024390244,492,0.7321428571428571
826,2025-03-01,2.446455505279035,663,0.8911290322580645
826,2025-04-01,27.602601156069365,692,0.9611111111111111
826,2025-05-01,44.93723849372385,717,0.9637096774193549
826,2025-06-01,63.35775862068966,696,0.9666666666666667
826,2025-07-01,49.340782122905026,716,0.9623655913978495
826,2025-08-01,37.909476661951906,707,0.9502688172043011
826,2025-09-01,16.560761346998536,683,0.9486111111111111
826,2025-10-01,9.18208516886931,681,0.9153225806451613
826,2025-11-01,6.516739446870451,687,0.9541666666666667
826,2025-12-01,4.961971830985916,710,0.9543010752688172
826,2026-01-01,9.933621933621934,693,0.9314516129032258
826,2026-02-01,5.272445820433436,646,0.9613095238095238
826,2026-03-01,7.592753623188406,690,0.9274193548387096
826,2026-04-01,25.004424778761063,678,0.9416666666666667
826,2026-05-01,53.478873239436616,710,0.9543010752688172
826,2026-06-01,58.8371757925072,694,0.9638888888888889
826,2026-07-01,41.88985507246377,690,0.9274193548387096
826,2026-08-01,45.052863436123346,681,0.9153225806451613
826,2026-09-01,28.29194630872483,298,0.41388888888888886
827,2009-08-01,234.0350634032634,429,0.5766129032258065
827,2009-09-01,7.263063636363637,165,0.22916666666666666
827,2015-03-01,15.687013470588235,170,0.22849462365591397
827,2015-04-01,22.969226888888887,720,1.0
827,2015-05-01,30.706224018817206,744,1.0
827,2015-06-01,29.040696125000004,720,1.0
827,2015-07-01,25.43612176075269,744,1.0
827,2015-08-01,20.756229220430107,744,1.0
827,2015-09-01,16.829404791666665,720,1.0
827,2015-10-01,11.986295335215054,744,1.0
827,2015-11-01,12.921770209497208,716,0.9944444444444445
827,2015-12-01,15.673327318116975,701,0.9422043010752689
827,2016-01-01,31.96620296416938,614,0.8252688172043011
827,2016-02-01,32.72932030874785,583,0.8376436781609196
827,2016-03-01,25.015074979811576,743,0.9986559139784946
827,2016-04-01,25.361307711598748,638,0.8861111111111111
827,2016-05-01,26.365167991913747,742,0.9973118279569892
827,2016-06-01,39.56423242816092,696,0.9666666666666667
827,2016-07-01,22.49531141129032,744,1.0
827,2016-08-01,24.37795506775068,738,0.9919354838709677
827,2016-09-01,14.805222930555555,720,1.0
827,2016-10-01,11.277699916666668,120,0.16129032258064516
827,2016-11-01,2.7622373887240355,337,0.46805555555555556
827,2016-12-01,5.680937186147186,462,0.6209677419354839
827,2017-01-01,15.688706962025318,553,0.7432795698924731
827,2017-02-01,11.902288876404494,623,0.9270833333333334
827,2017-03-01,12.416513730272596,697,0.9368279569892473
827,2017-04-01,13.461472170087976,682,0.9472222222222222
827,2017-05-01,27.954293628808863,722,0.9704301075268817
827,2017-06-01,28.033755274261605,711,0.9875
827,2017-07-01,27.191374663072775,742,0.9973118279569892
827,2017-08-01,18.859269282814616,739,0.9932795698924731
827,2017-09-01,16.196105702364395,719,0.9986111111111111
827,2017-10-01,8.243243243243244,740,0.9946236559139785
827,2017-11-01,8.673640167364017,717,0.9958333333333333
827,2017-12-01,8.047683923705723,734,0.9865591397849462
827,2018-01-01,9.929919137466307,742,0.9973118279569892
827,2018-02-01,12.675226586102719,662,0.9851190476190477
827,2018-03-01,13.578378378378378,740,0.9946236559139785
827,2018-04-01,19.433988764044944,712,0.9888888888888889
827,2018-05-01,26.34993270524899,743,0.9986559139784946
827,2018-06-01,33.981507823613086,703,0.9763888888888889
827,2018-07-01,33.44248985115021,739,0.9932795698924731
827,2018-08-01,25.132611637347768,739,0.9932795698924731
827,2018-09-01,14.968011126564674,719,0.9986111111111111
827,2018-10-01,13.954154727793696,698,0.9381720430107527
827,2018-11-01,12.629787234042553,705,0.9791666666666666
827,2018-12-01,12.134535367545077,721,0.9690860215053764
827,2019-01-01,10.889945652173912,736,0.989247311827957
827,2019-02-01,15.452631578947368,665,0.9895833333333334
827,2019-03-01,10.694481830417228,743,0.9986559139784946
827,2019-04-01,18.023809523809526,714,0.9916666666666667
827,2019-05-01,24.69701086956522,736,0.989247311827957
827,2019-06-01,19.78622668579627,697,0.9680555555555556
827,2019-07-01,18.52964959568733,742,0.9973118279569892
827,2019-08-01,22.738191632928476,741,0.9959677419354839
827,2019-09-01,12.32909604519774,708,0.9833333333333333
827,2019-10-01,8.638472032742156,733,0.9852150537634409
827,2019-11-01,7.104311543810849,719,0.9986111111111111
827,2019-12-01,7.956989247311828,744,1.0
827,2020-01-01,12.20467032967033,728,0.978494623655914
827,2020-02-01,9.89655172413793,696,1.0
827,2020-03-01,9.187837837837838,740,0.9946236559139785
827,2020-04-01,12.636111111111111,720,1.0
827,2020-05-01,23.780784844384304,739,0.9932795698924731
827,2020-06-01,21.336146272855135,711,0.9875
827,2020-07-01,21.193504736129906,739,0.9932795698924731
827,2020-08-01,18.583333333333332,744,1.0
827,2020-09-01,13.467605633802817,710,0.9861111111111112
827,2020-10-01,8.498655913978494,744,1.0
827,2020-11-01,6.491573033707865,712,0.9888888888888889
827,2020-12-01,5.4830393487109905,737,0.9905913978494624
827,2021-01-01,7.384375,640,0.8602150537634409
827,2021-02-01,8.127105666156202,653,0.9717261904761905
827,2021-03-01,9.570629370629371,715,0.9610215053763441
827,2021-04-01,11.889664804469273,716,0.9944444444444445
827,2021-05-01,25.33469387755102,735,0.9879032258064516
827,2021-06-01,23.52314165497896,713,0.9902777777777778
827,2021-07-01,26.219197707736388,698,0.9381720430107527
827,2021-08-01,20.778859527121,719,0.9663978494623656
827,2021-09-01,11.831476323119777,718,0.9972222222222222
827,2021-10-01,8.653638814016173,742,0.9973118279569892
827,2021-11-01,6.918994413407821,716,0.9944444444444445
827,2021-12-01,10.60565275908479,743,0.9986559139784946
827,2022-01-01,4.657608695652174,736,0.989247311827957
827,2022-02-01,10.896860986547086,669,0.9955357142857143
827,2022-03-01,9.488497970230041,739,0.9932795698924731
827,2022-04-01,12.857954545454545,704,0.9777777777777777
827,2022-05-01,27.351902173913043,736,0.989247311827957
827,2022-06-01,21.34078212290503,716,0.9944444444444445
827,2022-07-01,17.251351351351353,740,0.9946236559139785
827,2022-08-01,18.8975468975469,693,0.9314516129032258
827,2022-09-01,14.202231520223153,717,0.9958333333333333
827,2022-10-01,8.03382949932341,739,0.9932795698924731
827,2022-11-01,8.434965034965035,715,0.9930555555555556
827,2022-12-01,9.598382749326145,742,0.9973118279569892
827,2023-01-01,6.3270013568521035,737,0.9905913978494624
827,2023-02-01,19.80780780780781,666,0.9910714285714286
827,2023-03-01,6.677069199457259,737,0.9905913978494624
827,2023-04-01,10.4593837535014,714,0.9916666666666667
827,2023-05-01,19.687415426251693,739,0.9932795698924731
827,2023-06-01,20.252199413489738,682,0.9472222222222222
827,2023-07-01,21.457223001402525,713,0.9583333333333334
827,2023-08-01,14.916329284750338,741,0.9959677419354839
827,2023-09-01,9.142454160789844,709,0.9847222222222223
827,2023-10-01,8.27170868347339,714,0.9596774193548387
827,2023-11-01,5.2727272727272725,715,0.9930555555555556
827,2023-12-01,4.346361185983827,742,0.9973118279569892
827,2024-01-01,6.734837799717913,709,0.9529569892473119
827,2024-02-01,6.922077922077922,693,0.9956896551724138
827,2024-03-01,6.993234100135318,739,0.9932795698924731
827,2024-04-01,12.016783216783217,715,0.9930555555555556
827,2024-05-01,31.879943502824858,708,0.9516129032258065
827,2024-06-01,16.318941504178273,718,0.9972222222222222
827,2024-07-01,32.42645074224021,741,0.9959677419354839
827,2024-08-01,23.048986486486488,592,0.7956989247311828
827,2024-09-01,9.831241283124129,717,0.9958333333333333
827,2024-10-01,9.024291497975709,741,0.9959677419354839
827,2024-11-01,6.306834030683403,717,0.9958333333333333
827,2024-12-01,6.827027027027027,740,0.9946236559139785
827,2025-01-01,6.650997150997151,702,0.9435483870967742
827,2025-02-01,8.605143721633889,661,0.9836309523809523
827,2025-03-01,8.474966170500677,739,0.9932795698924731
827,2025-04-01,10.906424581005586,716,0.9944444444444445
827,2025-05-01,20.920485175202156,742,0.9973118279569892
827,2025-06-01,28.34451219512195,656,0.9111111111111111
827,2025-07-01,20.37601078167116,742,0.9973118279569892
827,2025-08-01,15.350404312668463,742,0.9973118279569892
827,2025-09-01,9.285913528591353,717,0.9958333333333333
827,2025-10-01,6.476993865030675,652,0.8763440860215054
827,2025-11-01,6.182873730043541,689,0.9569444444444445
827,2025-12-01,5.032831737346101,731,0.9825268817204301
827,2026-01-01,8.5283540802213,723,0.9717741935483871
827,2026-02-01,4.447761194029851,670,0.9970238095238095
827,2026-03-01,4.979050279329609,716,0.9623655913978495
827,2026-04-01,13.144846796657381,718,0.9972222222222222
827,2026-05-01,21.87348586810229,743,0.9986559139784946
827,2026-06-01,23.026462395543174,718,0.9972222222222222
827,2026-07-01,17.060931899641577,558,0.75
827,2026-08-01,13.925608011444922,699,0.9395161290322581
827,2026-09-01,11.158064516129032,310,0.4305555555555556
830,2004-12-01,11.523809523809524,21,0.028225806451612902
830,2005-12-01,17.0,1,0.0013440860215053765
830,2006-07-01,1.0,1,0.0013440860215053765
830,2007-01-01,22.0,1,0.0013440860215053765
830,2007-07-01,23.0,1,0.0013440860215053765
830,2008-11-01,94.0,1,0.001388888888888889
830,2008-12-01,1.0,1,0.0013440860215053765
830,2009-08-01,62.48143717948718,429,0.5766129032258065
830,2009-09-01,45.31400695121951,164,0.22777777777777777
830,2010-08-01,5.0,1,0.0013440860215053765
830,2010-09-01,12.0,1,0.001388888888888889
830,2011-12-01,0.0,1,0.0013440860215053765
830,2012-11-01,2.0,1,0.001388888888888889
830,2013-08-01,0.0,1,0.0013440860215053765
830,2014-04-01,7.054317636363636,22,0.030555555555555555
830,2014-05-01,17.594687098450706,71,0.09543010752688172
830,2014-07-01,8.677792678936607,489,0.657258064516129
830,2014-08-01,14.919312809139786,744,1.0
830,2014-09-01,12.516559582753825,719,0.9986111111111111
830,2014-10-01,11.199453629032257,744,1.0
830,2014-11-01,11.655316430555557,720,1.0
830,2014-12-01,12.602181129707114,717,0.9637096774193549
830,2015-01-01,12.777982607526882,744,1.0
830,2015-02-01,17.538821696428574,672,1.0
830,2015-03-01,11.85902810483871,744,1.0
830,2015-04-01,8.283196694444444,720,1.0
830,2015-05-01,12.895457151767152,481,0.646505376344086
830,2015-06-01,20.34934404166667,720,1.0
830,2015-07-01,19.476607271505376,744,1.0
830,2015-08-01,19.818563252688172,744,1.0
830,2015-09-01,12.301892694444446,720,1.0
830,2015-10-01,12.90920214992928,707,0.9502688172043011
830,2015-11-01,14.237857,720,1.0
830,2015-12-01,15.097220657894738,152,0.20430107526881722
830,2016-01-01,14.529420188383044,637,0.8561827956989247
830,2016-02-01,17.64696430745814,657,0.9439655172413793
830,2016-03-01,23.26284689335394,647,0.8696236559139785
830,2016-04-01,27.16768455830389,566,0.7861111111111111
830,2016-05-01,24.728639248120302,133,0.17876344086021506
830,2016-06-01,34.52081583333333,36,0.05
830,2016-09-01,28.75,1,0.001388888888888889
830,2016-10-01,12.32611050761194,670,0.9005376344086021
830,2016-11-01,11.891066777777779,720,1.0
830,2016-12-01,7.693433458333334,720,0.967741935483871
830,2017-01-01,17.016205,742,0.9973118279569892
830,2017-02-01,9.480282886904762,672,1.0
830,2017-03-01,7.250727040540541,740,0.9946236559139785
830,2017-04-01,10.022222222222222,720,1.0
830,2017-05-01,20.663072776280323,742,0.9973118279569892
830,2017-06-01,18.460028050490884,713,0.9902777777777778
830,2017-07-01,20.778242677824267,717,0.9637096774193549
830,2017-08-01,15.474622770919067,729,0.9798387096774194
830,2017-09-01,12.312934631432546,719,0.9986111111111111
830,2017-10-01,11.401628222523746,737,0.9905913978494624
830,2017-11-01,10.029207232267037,719,0.9986111111111111
830,2017-12-01,9.38586956521739,736,0.989247311827957
830,2018-01-01,10.960969044414536,743,0.9986559139784946
830,2018-02-01,11.865470852017937,669,0.9955357142857143
830,2018-03-01,12.621438263229308,737,0.9905913978494624
830,2018-04-01,21.408510638297873,705,0.9791666666666666
830,2018-05-01,29.64883401920439,729,0.9798387096774194
830,2018-06-01,37.23019431988042,669,0.9291666666666667
830,2018-07-01,35.524324324324326,740,0.9946236559139785
830,2018-08-01,29.844804318488528,741,0.9959677419354839
830,2018-09-01,18.502793296089386,716,0.9944444444444445
830,2018-10-01,14.082321187584345,741,0.9959677419354839
830,2018-11-01,7.913123844731977,541,0.7513888888888889
830,2018-12-01,8.056241426611797,729,0.9798387096774194
830,2019-01-01,9.356368563685637,738,0.9919354838709677
830,2019-02-01,15.354354354354355,666,0.9910714285714286
830,2019-03-01,12.644204851752022,742,0.9973118279569892
830,2019-04-01,20.84873949579832,714,0.9916666666666667
830,2019-05-01,27.01675977653631,716,0.9623655913978495
830,2019-06-01,19.043872919818458,661,0.9180555555555555
830,2019-07-01,17.36178861788618,738,0.9919354838709677
830,2019-08-01,22.985175202156334,742,0.9973118279569892
830,2019-09-01,13.659693165969317,717,0.9958333333333333
830,2019-10-01,10.631720430107526,744,1.0
830,2019-11-01,8.074022346368714,716,0.9944444444444445
830,2019-12-01,9.164420485175203,742,0.9973118279569892
830,2020-01-01,14.426829268292684,738,0.9919354838709677
830,2020-02-01,10.017291066282421,694,0.9971264367816092
830,2020-03-01,9.479784366576819,742,0.9973118279569892
830,2020-04-01,15.073611111111111,720,1.0
830,2020-05-01,23.181695827725438,743,0.9986559139784946
830,2020-06-01,16.604456824512535,718,0.9972222222222222
830,2020-07-01,18.223922114047287,719,0.9663978494623656
830,2020-08-01,15.181451612903226,744,1.0
830,2020-09-01,12.120833333333334,720,1.0
830,2020-10-01,10.201079622132253,741,0.9959677419354839
830,2020-11-01,7.732198142414861,646,0.8972222222222223
830,2020-12-01,7.503467406380028,721,0.9690860215053764
830,2021-01-01,9.627187079407806,743,0.9986559139784946
830,2021-02-01,7.820552147239264,652,0.9702380952380952
830,2021-03-01,8.79245283018868,742,0.9973118279569892
830,2021-04-01,13.624301675977653,716,0.9944444444444445
830,2021-05-01,24.69811320754717,742,0.9973118279569892
830,2021-06-01,25.26703755215577,719,0.9986111111111111
830,2021-07-01,29.483176312247643,743,0.9986559139784946
830,2021-08-01,19.611637347767253,739,0.9932795698924731
830,2021-09-01,16.222531293463142,719,0.9986111111111111
830,2021-10-01,12.824593128390596,553,0.7432795698924731
830,2021-11-01,9.05952380952381,672,0.9333333333333333
830,2021-12-01,12.477272727272727,704,0.946236559139785
830,2022-01-01,6.458616010854817,737,0.9905913978494624
830,2022-02-01,13.221532091097309,483,0.71875
830,2022-03-01,11.214180206794682,677,0.9099462365591398
830,2022-04-01,16.921875,704,0.9777777777777777
830,2022-05-01,30.666666666666668,741,0.9959677419354839
830,2022-06-01,20.214484679665738,718,0.9972222222222222
830,2022-07-01,17.362533692722373,742,0.9973118279569892
830,2022-08-01,22.390835579514825,742,0.9973118279569892
830,2022-09-01,18.314763231197773,718,0.9972222222222222
830,2022-10-01,9.628032345013477,742,0.9973118279569892
830,2022-11-01,7.409537166900421,713,0.9902777777777778
830,2022-12-01,7.862348178137652,741,0.9959677419354839
830,2023-01-01,8.310751104565538,679,0.9126344086021505
830,2023-02-01,28.29191616766467,668,0.9940476190476191
830,2023-03-01,8.642857142857142,672,0.9032258064516129
830,2023-04-01,15.132492113564668,634,0.8805555555555555
830,2023-05-01,25.98446327683616,708,0.9516129032258065
830,2023-06-01,24.647058823529413,663,0.9208333333333333
830,2023-07-01,24.69676549865229,742,0.9973118279569892
830,2023-08-01,20.354929577464787,710,0.9543010752688172
830,2023-09-01,11.935933147632312,718,0.9972222222222222
830,2023-10-01,10.1628532974428,743,0.9986559139784946
830,2023-11-01,7.3776223776223775,715,0.9930555555555556
830,2023-12-01,7.5473251028806585,729,0.9798387096774194
830,2024-01-01,9.554508748317632,743,0.9986559139784946
830,2024-02-01,9.43867243867244,693,0.9956896551724138
830,2024-03-01,9.381081081081081,740,0.9946236559139785
830,2024-04-01,13.646058732612056,647,0.8986111111111111
830,2024-05-01,29.412955465587043,741,0.9959677419354839
830,2024-06-01,17.38795518207283,714,0.9916666666666667
830,2024-07-01,31.911051212938006,742,0.9973118279569892
830,2024-08-01,22.66894664842681,731,0.9825268817204301
830,2024-09-01,10.775139664804469,716,0.9944444444444445
830,2024-10-01,11.299595141700404,741,0.9959677419354839
830,2024-11-01,6.731364275668073,711,0.9875
830,2024-12-01,7.735744089012518,719,0.9663978494623656
830,2025-01-01,6.876021798365122,734,0.9865591397849462
830,2025-02-01,9.907715582450832,661,0.9836309523809523
830,2025-03-01,9.615384615384615,715,0.9610215053763441
830,2025-04-01,14.28370786516854,712,0.9888888888888889
830,2025-05-01,22.508130081300813,738,0.9919354838709677
830,2025-06-01,27.208012326656394,649,0.9013888888888889
830,2025-07-01,18.954941860465116,688,0.9247311827956989
830,2025-08-01,12.43978349120433,739,0.9932795698924731
830,2025-09-01,7.9941434846266475,683,0.9486111111111111
830,2025-10-01,4.473684210526316,741,0.9959677419354839
830,2025-11-01,3.426448736998514,673,0.9347222222222222
830,2025-12-01,3.8068181818181817,704,0.946236559139785
830,2026-01-01,8.966521106259098,687,0.9233870967741935
830,2026-02-01,5.112107623318385,669,0.9955357142857143
830,2026-03-01,6.503373819163293,741,0.9959677419354839
830,2026-04-01,14.9915611814346,711,0.9875
830,2026-05-01,23.80195258019526,717,0.9637096774193549
830,2026-06-01,22.675034867503488,717,0.9958333333333333
830,2026-07-01,16.635374149659864,735,0.9879032258064516
830,2026-08-01,15.075880758807589,738,0.9919354838709677
830,2026-09-01,13.49671052631579,304,0.4222222222222222
831,2015-08-01,18.48623476635514,107,0.14381720430107528
831,2015-09-01,18.752749011299436,708,0.9833333333333333
831,2015-10-01,11.604561066216217,740,0.9946236559139785
831,2015-11-01,11.838449845505618,712,0.9888888888888889
831,2015-12-01,9.97466510176391,737,0.9905913978494624
831,2016-01-01,12.696838330893119,683,0.918010752688172
831,2016-02-01,10.440693204022988,696,1.0
831,2016-03-01,17.665507551020408,735,0.9879032258064516
831,2016-04-01,17.99087784916201,716,0.9944444444444445
831,2016-05-01,18.133617626262627,396,0.532258064516129
831,2016-06-01,30.324085375,720,1.0
831,2016-07-01,17.940263360215052,744,1.0
831,2016-08-01,19.592898400537635,744,1.0
831,2016-09-01,20.297304069444444,720,1.0
831,2016-10-01,13.988480864247311,744,1.0
831,2016-11-01,18.855292972222223,720,1.0
831,2016-12-01,19.032376864064602,743,0.9986559139784946
831,2017-01-01,17.167735309139786,744,1.0
831,2017-02-01,13.978529910447762,670,0.9970238095238095
831,2017-03-01,24.252450268817206,744,1.0
831,2017-04-01,45.56417636107193,709,0.9847222222222223
831,2017-05-01,23.336927223719677,742,0.9973118279569892
831,2017-06-01,24.098870056497177,708,0.9833333333333333
831,2017-07-01,27.148448043184885,741,0.9959677419354839
831,2017-08-01,20.768194070080863,742,0.9973118279569892
831,2017-09-01,21.44179523141655,713,0.9902777777777778
831,2017-10-01,14.672064777327936,741,0.9959677419354839
831,2017-11-01,15.23463687150838,716,0.9944444444444445
831,2017-12-01,14.373315363881401,742,0.9973118279569892
831,2018-01-01,18.155898876404493,712,0.956989247311828
831,2018-02-01,17.014263074484944,631,0.9389880952380952
831,2018-03-01,19.78167115902965,742,0.9973118279569892
831,2018-04-01,20.20810055865922,716,0.9944444444444445
831,2018-05-01,23.82345013477089,742,0.9973118279569892
831,2018-06-01,19.64951321279555,719,0.9986111111111111
831,2018-07-01,17.977653631284916,716,0.9623655913978495
831,2018-08-01,23.253369272237197,742,0.9973118279569892
831,2018-09-01,17.542538354253836,717,0.9958333333333333
831,2018-10-01,15.190026954177897,742,0.9973118279569892
831,2018-11-01,10.376753507014028,499,0.6930555555555555
831,2018-12-01,10.05256064690027,742,0.9973118279569892
831,2019-01-01,10.480431848852902,741,0.9959677419354839
831,2019-02-01,12.808955223880597,670,0.9970238095238095
831,2019-03-01,9.273954116059379,741,0.9959677419354839
831,2019-04-01,11.769553072625698,716,0.9944444444444445
831,2019-05-01,12.65564738292011,726,0.9758064516129032
831,2019-06-01,9.819327731092438,714,0.9916666666666667
831,2019-07-01,10.427800269905534,741,0.9959677419354839
831,2019-08-01,10.716981132075471,742,0.9973118279569892
831,2019-09-01,9.09596662030598,719,0.9986111111111111
831,2019-10-01,13.48509485094851,738,0.9919354838709677
831,2019-11-01,15.495664739884393,692,0.9611111111111111
831,2019-12-01,15.357534246575343,730,0.9811827956989247
831,2020-01-01,19.205882352941178,714,0.9596774193548387
831,2020-02-01,14.45611510791367,695,0.9985632183908046
831,2020-03-01,14.03382949932341,739,0.9932795698924731
831,2020-04-01,27.5625,720,1.0
831,2020-05-01,28.497975708502025,741,0.9959677419354839
831,2020-06-01,17.562849162011172,716,0.9944444444444445
831,2020-07-01,21.60922659430122,737,0.9905913978494624
831,2020-08-01,20.538978494623656,744,1.0
831,2020-09-01,17.9,720,1.0
831,2020-10-01,12.35685210312076,737,0.9905913978494624
831,2020-11-01,10.863888888888889,720,1.0
831,2020-12-01,9.031157270029674,674,0.9059139784946236
831,2021-01-01,12.492537313432836,737,0.9905913978494624
831,2021-02-01,11.001536098310291,651,0.96875
831,2021-03-01,16.91509433962264,742,0.9973118279569892
831,2021-04-01,18.05586592178771,716,0.9944444444444445
831,2021-05-01,27.150202976995942,739,0.9932795698924731
831,2021-06-01,25.352367688022284,718,0.9972222222222222
831,2021-07-01,28.66531713900135,741,0.9959677419354839
831,2021-08-01,22.110960757780784,739,0.9932795698924731
831,2021-09-01,16.603085553997197,713,0.9902777777777778
831,2021-10-01,13.481132075471699,742,0.9973118279569892
831,2021-11-01,9.721448467966574,718,0.9972222222222222
831,2021-12-01,14.1,740,0.9946236559139785
831,2022-01-01,7.141689373297003,734,0.9865591397849462
831,2022-02-01,14.256830601092895,549,0.8169642857142857
831,2022-03-01,12.39136302294197,741,0.9959677419354839
831,2022-04-01,15.789400278940027,717,0.9958333333333333
831,2022-05-01,27.291497975708502,741,0.9959677419354839
831,2022-06-01,18.048882681564248,716,0.9944444444444445
831,2022-07-01,14.874493927125506,741,0.9959677419354839
831,2022-08-01,20.82837837837838,740,0.9946236559139785
831,2022-09-01,17.439944134078214,716,0.9944444444444445
831,2022-10-01,11.20945945945946,740,0.9946236559139785
831,2022-11-01,9.089260808926081,717,0.9958333333333333
831,2022-12-01,7.593846153846154,650,0.8736559139784946
831,2023-01-01,7.605143721633888,661,0.8884408602150538
831,2023-02-01,27.936708860759495,632,0.9404761904761905
831,2023-03-01,9.790951638065522,641,0.8615591397849462
831,2023-04-01,18.08931419457735,627,0.8708333333333333
831,2023-05-01,26.76846590909091,704,0.946236559139785
831,2023-06-01,24.30191693290735,626,0.8694444444444445
831,2023-07-01,22.104565537555228,679,0.9126344086021505
831,2023-08-01,19.12483039348711,737,0.9905913978494624
831,2023-09-01,12.232590529247911,718,0.9972222222222222
831,2023-10-01,10.64245810055866,716,0.9623655913978495
831,2023-11-01,9.11576011157601,717,0.9958333333333333
831,2023-12-01,8.606580829756796,699,0.9395161290322581
831,2024-01-01,11.028070175438597,570,0.7661290322580645
831,2024-02-01,10.662280701754385,684,0.9827586206896551
831,2024-03-01,11.742240215924426,741,0.9959677419354839
831,2024-04-01,17.753501400560225,714,0.9916666666666667
831,2024-05-01,24.437246963562753,741,0.9959677419354839
831,2024-06-01,16.313286713286715,715,0.9930555555555556
831,2024-07-01,32.57142857142857,742,0.9973118279569892
831,2024-08-01,25.470858895705522,652,0.8763440860215054
831,2024-09-01,14.90516039051604,717,0.9958333333333333
831,2024-10-01,12.233926128590971,731,0.9825268817204301
831,2024-11-01,7.482614742698192,719,0.9986111111111111
831,2024-12-01,7.9082058414464536,719,0.9663978494623656
831,2025-01-01,6.724089635854342,714,0.9596774193548387
831,2025-02-01,9.602465331278891,649,0.9657738095238095
831,2025-03-01,8.54642313546423,657,0.8830645161290323
831,2025-04-01,13.53342618384401,718,0.9972222222222222
831,2025-05-01,20.72027027027027,740,0.9946236559139785
831,2025-06-01,24.822695035460992,705,0.9791666666666666
831,2025-07-01,21.645861601085482,737,0.9905913978494624
831,2025-08-01,15.103633916554509,743,0.9986559139784946
831,2025-09-01,8.047287899860917,719,0.9986111111111111
831,2025-10-01,5.372469635627531,741,0.9959677419354839
831,2025-11-01,10.3109243697479,714,0.9916666666666667
831,2025-12-01,13.538461538461538,741,0.9959677419354839
831,2026-01-01,14.379310344827585,725,0.9744623655913979
831,2026-02-01,9.704035874439462,669,0.9955357142857143
831,2026-03-01,11.131897711978466,743,0.9986559139784946
831,2026-04-01,15.105849582172702,718,0.9972222222222222
831,2026-05-01,26.69770580296896,741,0.9959677419354839
831,2026-06-01,19.99439775910364,714,0.9916666666666667
831,2026-07-01,12.732217573221757,717,0.9637096774193549
831,2026-08-01,13.448840381991815,733,0.9852150537634409
831,2026-09-01,10.654838709677419,310,0.4305555555555556
832,2004-12-01,0.0,1,0.0013440860215053765
832,2005-12-01,1.0,1,0.0013440860215053765
832,2006-07-01,2.24208e-44,1,0.0013440860215053765
832,2015-10-01,170.1,1,0.0013440860215053765
832,2015-11-01,41.29,2,0.002777777777777778
832,2016-10-01,36.39688160237388,337,0.4529569892473118
832,2016-11-01,27.56398522077922,462,0.6416666666666667
832,2016-12-01,23.87307064615385,715,0.9610215053763441
832,2017-01-01,12.620788951612905,744,1.0
832,2017-02-01,21.61132591928251,669,0.9955357142857143
832,2017-03-01,20.383113041722748,743,0.9986559139784946
832,2017-04-01,33.3118375,720,1.0
832,2017-05-01,84.52097428958051,739,0.9932795698924731
832,2017-06-01,72.79542203147354,699,0.9708333333333333
832,2017-07-01,73.95411605937922,741,0.9959677419354839
832,2017-08-01,48.53511235955056,712,0.956989247311828
832,2017-09-01,24.56836902800659,607,0.8430555555555556
832,2017-10-01,15.382481751824818,685,0.9206989247311828
832,2017-11-01,11.284106891701828,711,0.9875
832,2017-12-01,10.289367429340512,743,0.9986559139784946
832,2018-01-01,14.393001345895021,743,0.9986559139784946
832,2018-02-01,9.726726726726726,666,0.9910714285714286
832,2018-03-01,11.262449528936743,743,0.9986559139784946
832,2018-04-01,26.88888888888889,711,0.9875
832,2018-05-01,43.21768707482993,735,0.9879032258064516
832,2018-06-01,60.72803347280335,717,0.9958333333333333
832,2018-07-01,45.321668909825036,743,0.9986559139784946
832,2018-08-01,41.53794037940379,738,0.9919354838709677
832,2018-09-01,24.594707520891365,718,0.9972222222222222
832,2018-10-01,14.994490358126722,726,0.9758064516129032
832,2018-11-01,9.695898161244696,707,0.9819444444444444
832,2018-12-01,8.618528610354224,734,0.9865591397849462
832,2019-01-01,10.149394347240916,743,0.9986559139784946
832,2019-02-01,15.037735849056604,636,0.9464285714285714
832,2019-03-01,12.595598349381017,727,0.9771505376344086
832,2019-04-01,22.096100278551532,718,0.9972222222222222
832,2019-05-01,36.95135135135135,740,0.9946236559139785
832,2019-06-01,35.9178674351585,694,0.9638888888888889
832,2019-07-01,28.30510752688172,744,1.0
832,2019-08-01,43.809973045822105,742,0.9973118279569892
832,2019-09-01,24.130555555555556,720,1.0
832,2019-10-01,18.234185733512785,743,0.9986559139784946
832,2019-11-01,9.886713286713286,715,0.9930555555555556
832,2019-12-01,6.874831763122477,743,0.9986559139784946
832,2020-01-01,17.678763440860216,744,1.0
832,2020-02-01,12.893233082706766,665,0.9554597701149425
832,2020-03-01,11.10483870967742,744,1.0
832,2020-04-01,19.144846796657383,718,0.9972222222222222
832,2020-05-01,26.719086021505376,744,1.0
832,2020-06-01,32.151898734177216,711,0.9875
832,2020-07-01,34.060810810810814,740,0.9946236559139785
832,2020-08-01,14.619946091644206,742,0.9973118279569892
832,2020-09-01,15.627777777777778,720,1.0
832,2020-10-01,10.865671641791044,737,0.9905913978494624
832,2020-11-01,8.165738161559888,718,0.9972222222222222
832,2020-12-01,5.772290809327846,729,0.9798387096774194
832,2021-01-01,7.97165991902834,741,0.9959677419354839
832,2021-02-01,7.609230769230769,650,0.9672619047619048
832,2021-03-01,11.378231292517007,735,0.9879032258064516
832,2021-04-01,19.89325842696629,712,0.9888888888888889
832,2021-05-01,33.935309973045825,742,0.9973118279569892
832,2021-06-01,44.73816155988858,718,0.9972222222222222
832,2021-07-01,39.6972602739726,730,0.9811827956989247
832,2021-08-01,31.16150740242261,743,0.9986559139784946
832,2021-09-01,23.57887323943662,710,0.9861111111111112
832,2021-10-01,10.819407008086253,742,0.9973118279569892
832,2021-11-01,6.672701949860724,718,0.9972222222222222
832,2021-12-01,10.553908355795148,742,0.9973118279569892
832,2022-01-01,7.1409214092140925,738,0.9919354838709677
832,2022-02-01,12.594917787742899,669,0.9955357142857143
832,2022-03-01,9.959294436906378,737,0.9905913978494624
832,2022-04-01,19.328690807799443,718,0.9972222222222222
832,2022-05-01,37.236467236467234,702,0.9435483870967742
832,2022-06-01,41.47353760445682,718,0.9972222222222222
832,2022-07-01,41.116279069767444,731,0.9825268817204301
832,2022-08-01,24.578167115902964,742,0.9973118279569892
832,2022-09-01,20.988857938718663,718,0.9972222222222222
832,2022-10-01,12.10391363022942,741,0.9959677419354839
832,2022-11-01,10.57799442896936,718,0.9972222222222222
832,2022-12-01,7.527590847913863,743,0.9986559139784946
832,2023-01-01,7.1873315363881405,742,0.9973118279569892
832,2023-02-01,10.50297619047619,672,1.0
832,2023-03-01,9.422611036339166,743,0.9986559139784946
832,2023-04-01,18.38300835654596,718,0.9972222222222222
832,2023-05-01,31.815967523680648,739,0.9932795698924731
832,2023-06-01,46.77824267782427,717,0.9958333333333333
832,2023-07-01,47.832187070151306,727,0.9771505376344086
832,2023-08-01,33.6742934051144,743,0.9986559139784946
832,2023-09-01,20.401114206128135,718,0.9972222222222222
832,2023-10-01,8.967567567567567,740,0.9946236559139785
832,2023-11-01,7.1671469740634,694,0.9638888888888889
832,2023-12-01,6.997308209959623,743,0.9986559139784946
832,2024-01-01,6.674324324324324,740,0.9946236559139785
832,2024-02-01,6.898989898989899,693,0.9956896551724138
832,2024-03-01,6.788409703504043,742,0.9973118279569892
832,2024-04-01,22.93626062322946,706,0.9805555555555555
832,2024-05-01,62.49460916442049,742,0.9973118279569892
832,2024-06-01,37.3323782234957,698,0.9694444444444444
832,2024-07-01,50.646341463414636,738,0.9919354838709677
832,2024-08-01,40.34239130434783,736,0.989247311827957
832,2024-09-01,22.672701949860723,718,0.9972222222222222
832,2024-10-01,11.963414634146341,738,0.9919354838709677
832,2024-11-01,9.617524339360223,719,0.9986111111111111
832,2024-12-01,7.754716981132075,742,0.9973118279569892
832,2025-01-01,7.903663500678426,737,0.9905913978494624
832,2025-02-01,9.249621785173979,661,0.9836309523809523
832,2025-03-01,11.398110661268555,741,0.9959677419354839
832,2025-04-01,23.767085076708508,717,0.9958333333333333
832,2025-05-01,41.648648648648646,740,0.9946236559139785
832,2025-06-01,59.83714285714286,700,0.9722222222222222
832,2025-07-01,33.0013698630137,730,0.9811827956989247
832,2025-08-01,31.561904761904763,735,0.9879032258064516
832,2025-09-01,19.76338028169014,710,0.9861111111111112
832,2025-10-01,7.540136054421769,735,0.9879032258064516
832,2025-11-01,9.454277286135694,678,0.9416666666666667
832,2025-12-01,5.546031746031746,630,0.8467741935483871
832,2026-01-01,7.133783783783784,740,0.9946236559139785
832,2026-02-01,6.125373134328358,670,0.9970238095238095
832,2026-03-01,10.70135135135135,740,0.9946236559139785
832,2026-04-01,26.920612813370475,718,0.9972222222222222
832,2026-05-01,48.7092866756393,743,0.9986559139784946
832,2026-06-01,54.07112970711297,717,0.9958333333333333
832,2026-07-01,54.235849056603776,742,0.9973118279569892
832,2026-08-01,35.004070556309365,737,0.9905913978494624
832,2026-09-01,24.65472312703583,307,0.4263888888888889
833,2009-08-01,54.918707956600365,553,0.7432795698924731
833,2009-09-01,78.94359302325581,215,0.2986111111111111
837,2009-10-01,13.485723698253274,229,0.3077956989247312
837,2009-11-01,13.641671893055557,720,1.0
837,2009-12-01,15.409522466666665,744,1.0
837,2010-01-01,18.32953121908602,744,1.0
837,2010-02-01,16.862402780604135,629,0.9360119047619048
837,2010-03-01,9.594377201863354,322,0.4327956989247312
837,2010-04-01,18.98506367902778,720,1.0
837,2010-05-01,32.230342647715055,744,1.0
837,2010-06-01,24.10109742486111,720,1.0
837,2010-07-01,30.66845782607527,744,1.0
837,2010-08-01,28.010690490591397,744,1.0
837,2010-09-01,18.843111470694446,720,1.0
837,2010-10-01,14.364759903091397,744,1.0
837,2010-11-01,17.45241063888889,720,1.0
837,2010-12-01,16.2579875,744,1.0
837,2011-01-01,17.941211692204302,744,1.0
837,2011-02-01,17.655277961309523,672,1.0
837,2011-03-01,19.142392471774194,744,1.0
837,2011-04-01,20.082433233333333,720,1.0
837,2011-05-01,30.81218600658602,744,1.0
837,2011-06-01,32.37816903569444,720,1.0
837,2011-07-01,32.49531201424731,744,1.0
837,2011-08-01,26.034541462231182,744,1.0
837,2011-09-01,20.744643568055555,720,1.0
837,2011-10-01,18.9903197969086,744,1.0
837,2011-11-01,17.756246180555557,720,1.0
837,2011-12-01,19.991138654569895,744,1.0
837,2012-01-01,17.09043494623656,744,1.0
837,2012-02-01,15.915956823132182,696,1.0
837,2012-03-01,17.149913774193546,744,1.0
837,2012-04-01,23.87264231944444,720,1.0
837,2012-05-01,30.53703952405914,744,1.0
837,2012-06-01,30.045931981805555,720,1.0
837,2012-07-01,35.99703951612903,744,1.0
837,2012-08-01,24.683911759139782,744,1.0
837,2012-09-01,21.063372080555556,720,1.0
837,2012-10-01,14.709524614107883,723,0.9717741935483871
837,2012-11-01,19.31448851347222,720,1.0
837,2012-12-01,13.156757270161291,744,1.0
837,2013-01-01,16.43262984798387,744,1.0
837,2013-02-01,15.641408703869047,672,1.0
837,2013-03-01,19.564020752284947,744,1.0
837,2013-04-01,18.98844701388889,720,1.0
837,2013-05-01,27.787643440860215,744,1.0
837,2013-06-01,23.33522175791667,720,1.0
837,2013-07-01,26.406358412634408,744,1.0
837,2013-08-01,27.02735210752688,744,1.0
837,2013-09-01,20.752149481084842,719,0.9986111111111111
837,2013-10-01,15.528247815477792,743,0.9986559139784946
837,2013-11-01,16.845452479108634,718,0.9972222222222222
837,2013-12-01,18.145474724331926,711,0.9556451612903226
837,2014-01-01,16.767509541160596,741,0.9959677419354839
837,2014-02-01,16.621465416408668,646,0.9613095238095238
837,2014-03-01,16.52750442425952,709,0.9529569892473119
837,2014-04-01,19.391899458333334,720,1.0
837,2014-05-01,25.290094407123657,744,1.0
837,2014-06-01,24.73563214263675,713,0.9902777777777778
837,2014-07-01,23.81641878225806,744,1.0
837,2014-08-01,20.020078716282224,737,0.9905913978494624
837,2014-09-01,13.282683681944444,720,1.0
837,2014-10-01,12.561312376209676,744,1.0
837,2014-11-01,14.694200803894297,719,0.9986111111111111
837,2014-12-01,14.360238795532645,582,0.782258064516129
837,2015-01-01,17.677889447580647,744,1.0
837,2015-02-01,25.835187299107144,672,1.0
837,2015-03-01,4.254903336424731,744,1.0
837,2015-04-01,4.685465424089636,714,0.9916666666666667
837,2015-05-01,25.109550863586957,736,0.989247311827957
837,2015-06-01,28.9723717150838,716,0.9944444444444445
837,2015-07-01,24.13837179905787,743,0.9986559139784946
837,2015-08-01,21.192318693548387,744,1.0
837,2015-09-01,15.551044569166667,720,1.0
837,2015-10-01,13.161893838709679,744,1.0
837,2015-11-01,14.324327123611111,720,1.0
837,2015-12-01,15.315430746594005,734,0.9865591397849462
837,2016-01-01,14.911128088829072,743,0.9986559139784946
837,2016-02-01,17.537966634195403,696,1.0
837,2016-03-01,18.2775366802168,738,0.9919354838709677
837,2016-04-01,21.35878422752809,712,0.9888888888888889
837,2016-05-01,25.690974690860212,744,1.0
837,2016-06-01,53.04084433268366,667,0.9263888888888889
837,2016-07-01,25.689012273450132,742,0.9973118279569892
837,2016-08-01,26.127900840053762,744,1.0
837,2016-09-01,17.685997114206128,718,0.9972222222222222
837,2016-10-01,14.554483814016173,742,0.9973118279569892
837,2016-11-01,16.96235424986111,720,1.0
837,2016-12-01,13.863475900537633,744,1.0
837,2017-01-01,18.537486069986542,743,0.9986559139784946
837,2017-02-01,14.353096711309522,672,1.0
837,2017-03-01,15.470727506986302,730,0.9811827956989247
837,2017-04-01,17.90572692200557,718,0.9972222222222222
837,2017-05-01,34.10931174089069,741,0.9959677419354839
837,2017-06-01,29.994444444444444,720,1.0
837,2017-07-01,31.10931174089069,741,0.9959677419354839
837,2017-08-01,24.32705248990579,743,0.9986559139784946
837,2017-09-01,16.551532033426184,718,0.9972222222222222
837,2017-10-01,12.653225806451612,744,1.0
837,2017-11-01,14.417847025495751,706,0.9805555555555555
837,2017-12-01,16.749659863945578,735,0.9879032258064516
837,2018-01-01,17.422043010752688,744,1.0
837,2018-02-01,18.08545727136432,667,0.9925595238095238
837,2018-03-01,16.990514905149052,738,0.9919354838709677
837,2018-04-01,21.339410939691444,713,0.9902777777777778
837,2018-05-01,28.561475409836067,732,0.9838709677419355
837,2018-06-01,40.58356545961003,718,0.9972222222222222
837,2018-07-01,43.48924731182796,744,1.0
837,2018-08-01,28.336486486486486,740,0.9946236559139785
837,2018-09-01,15.588888888888889,720,1.0
837,2018-10-01,12.695417789757412,742,0.9973118279569892
837,2018-11-01,14.574408901251738,719,0.9986111111111111
837,2018-12-01,16.65718157181572,738,0.9919354838709677
837,2019-01-01,18.272849462365592,744,1.0
837,2019-02-01,23.120535714285715,672,1.0
837,2019-03-01,19.18707940780619,743,0.9986559139784946
837,2019-04-01,21.870833333333334,720,1.0
837,2019-05-01,28.662634408602152,744,1.0
837,2019-06-01,32.29207232267038,719,0.9986111111111111
837,2019-07-01,25.964071856287426,668,0.8978494623655914
837,2019-08-01,23.298387096774192,744,1.0
837,2019-09-01,18.00560224089636,714,0.9916666666666667
837,2019-10-01,15.60512129380054,742,0.9973118279569892
837,2019-11-01,17.02513966480447,716,0.9944444444444445
837,2019-12-01,17.055405405405406,740,0.9946236559139785
837,2020-01-01,19.374830852503383,739,0.9932795698924731
837,2020-02-01,16.291545189504372,686,0.985632183908046
837,2020-03-01,15.028225806451612,744,1.0
837,2020-04-01,17.66203059805285,719,0.9986111111111111
837,2020-05-01,25.643817204301076,744,1.0
837,2020-06-01,33.977777777777774,720,1.0
837,2020-07-01,28.998655913978496,744,1.0
837,2020-08-01,19.61021505376344,744,1.0
837,2020-09-01,20.462290502793294,716,0.9944444444444445
837,2020-10-01,16.76390773405699,737,0.9905913978494624
837,2020-11-01,13.033333333333333,720,1.0
837,2020-12-01,14.068548387096774,744,1.0
837,2021-01-01,14.440860215053764,744,1.0
837,2021-02-01,12.766369047619047,672,1.0
837,2021-03-01,14.974462365591398,744,1.0
837,2021-04-01,18.57162726008345,719,0.9986111111111111
837,2021-05-01,33.784946236559136,744,1.0
837,2021-06-01,37.75,720,1.0
837,2021-07-01,38.560483870967744,744,1.0
837,2021-08-01,29.517473118279568,744,1.0
837,2021-09-01,20.470833333333335,720,1.0
837,2021-10-01,19.120967741935484,744,1.0
837,2021-11-01,18.934722222222224,720,1.0
837,2021-12-01,22.77956989247312,744,1.0
837,2022-01-01,14.709677419354838,744,1.0
837,2022-02-01,22.30920060331825,663,0.9866071428571429
837,2022-03-01,21.568548387096776,744,1.0
837,2022-04-01,28.466666666666665,720,1.0
837,2022-05-01,47.836021505376344,744,1.0
837,2022-06-01,41.99861111111111,720,1.0
837,2022-07-01,37.47802197802198,546,0.7338709677419355
837,2022-08-01,18.344017094017094,468,0.6290322580645161
837,2022-09-01,21.769898697539798,691,0.9597222222222223
837,2022-10-01,11.96505376344086,744,1.0
837,2022-11-01,12.643055555555556,720,1.0
837,2022-12-01,13.926075268817204,744,1.0
837,2023-01-01,13.908602150537634,744,1.0
837,2023-02-01,26.77529761904762,672,1.0
837,2023-03-01,13.048387096774194,744,1.0
837,2023-04-01,20.854166666666668,720,1.0
837,2023-05-01,24.251381215469614,362,0.48655913978494625
837,2023-06-01,25.1811797752809,712,0.9888888888888889
837,2023-07-01,30.852272727272727,704,0.946236559139785
837,2023-08-01,26.667563930013458,743,0.9986559139784946
837,2023-09-01,16.863888888888887,720,1.0
837,2023-10-01,16.071236559139784,744,1.0
837,2023-11-01,13.069444444444445,720,1.0
837,2023-12-01,13.05921938088829,743,0.9986559139784946
837,2024-01-01,16.38037634408602,744,1.0
837,2024-02-01,15.83453237410072,695,0.9985632183908046
837,2024-03-01,13.640054127198917,739,0.9932795698924731
837,2024-04-01,22.541666666666668,720,1.0
837,2024-05-01,53.3,740,0.9946236559139785
837,2024-06-01,38.47222222222222,720,1.0
837,2024-07-01,52.12768817204301,744,1.0
837,2024-08-01,39.18817204301075,744,1.0
837,2024-09-01,14.468055555555555,720,1.0
837,2024-10-01,12.563172043010752,744,1.0
837,2024-11-01,9.402777777777779,720,1.0
837,2024-12-01,9.646505376344086,744,1.0
837,2025-01-01,8.138440860215054,744,1.0
837,2025-02-01,10.208333333333334,672,1.0
837,2025-03-01,11.801481481481481,675,0.907258064516129
837,2025-04-01,20.761111111111113,720,1.0
837,2025-05-01,43.67835365853659,656,0.8817204301075269
837,2025-06-01,56.09063893016345,673,0.9347222222222222
837,2025-07-01,18.954301075268816,744,1.0
837,2025-08-01,14.36021505376344,744,1.0
837,2025-09-01,6.757997218358832,719,0.9986111111111111
837,2025-10-01,3.870967741935484,744,1.0
837,2025-11-01,1.8503787878787878,528,0.7333333333333333
837,2025-12-01,6.177838577291381,731,0.9825268817204301
837,2026-01-01,9.791666666666666,744,1.0
837,2026-02-01,7.985052316890882,669,0.9955357142857143
837,2026-03-01,10.00268817204301,744,1.0
837,2026-04-01,20.81111111111111,720,1.0
837,2026-05-01,44.33870967741935,744,1.0
837,2026-06-01,47.763888888888886,720,1.0
837,2026-07-01,49.696236559139784,744,1.0
837,2026-08-01,25.002717391304348,736,0.989247311827957
837,2026-09-01,5.969581749049429,263,0.36527777777777776
838,2012-11-01,6.27067,10,0.013888888888888888
838,2012-12-01,6.915531791666666,672,0.9032258064516129
838,2013-01-01,10.61009099859155,710,0.9543010752688172
838,2013-02-01,8.551284636070854,621,0.9241071428571429
838,2013-03-01,11.058200899569584,697,0.9368279569892473
838,2013-04-01,14.193880467836259,684,0.95
838,2013-05-01,21.070050535663338,701,0.9422043010752689
838,2013-06-01,22.99583096223565,662,0.9194444444444444
838,2013-07-01,25.433900876420456,704,0.946236559139785
838,2013-08-01,23.260914331395348,688,0.9247311827956989
838,2013-09-01,17.15746869044006,659,0.9152777777777777
838,2013-10-01,10.462718409937889,644,0.8655913978494624
838,2013-11-01,9.067364379084967,153,0.2125
838,2014-07-01,34.48962364620938,277,0.37231182795698925
838,2014-08-01,26.33626738385269,706,0.9489247311827957
838,2014-09-01,16.84417907738095,672,0.9333333333333333
838,2014-10-01,8.533367451202263,707,0.9502688172043011
838,2014-11-01,7.407461605042017,595,0.8263888888888888
838,2014-12-01,7.405218760115607,692,0.9301075268817204
838,2015-01-01,11.16906851051051,666,0.8951612903225806
838,2015-02-01,19.483491047463176,611,0.9092261904761905
838,2015-03-01,14.390189698996656,598,0.803763440860215
838,2015-04-01,15.721794012433392,563,0.7819444444444444
838,2015-05-01,23.04407691276252,619,0.831989247311828
838,2015-06-01,28.85264553921569,612,0.85
838,2015-07-01,4.169277178367647,680,0.9139784946236559
838,2015-08-01,3.4451612561941447,649,0.8723118279569892
838,2015-09-01,2.0119557725239616,626,0.8694444444444445
838,2015-10-01,1.4799619979299363,628,0.8440860215053764
838,2015-11-01,1.0996141489210949,621,0.8625
838,2015-12-01,3.3332264919354837,744,1.0
838,2016-01-01,1.0075275939775912,714,0.9596774193548387
838,2016-02-01,1.0463358847272728,605,0.8692528735632183
838,2016-03-01,1.9665067609351434,663,0.8911290322580645
838,2016-06-01,42.3676295323741,278,0.3861111111111111
838,2016-07-01,26.684937653374234,652,0.8763440860215054
838,2016-08-01,23.99170607763975,644,0.8655913978494624
838,2016-09-01,13.788456601217657,657,0.9125
838,2016-10-01,11.101448554649265,613,0.8239247311827957
838,2016-11-01,12.83267397750865,578,0.8027777777777778
838,2016-12-01,10.11954089869281,612,0.8225806451612904
838,2017-01-01,10.816401153710247,566,0.760752688172043
838,2017-02-01,9.299049376114082,561,0.8348214285714286
838,2017-03-01,9.89479071698113,636,0.8548387096774194
838,2017-04-01,13.281035057192375,577,0.8013888888888889
838,2017-05-01,33.532758620689656,580,0.7795698924731183
838,2017-06-01,24.0016051364366,623,0.8652777777777778
838,2017-07-01,26.228571428571428,595,0.7997311827956989
838,2017-08-01,17.891525423728815,590,0.793010752688172
838,2017-09-01,10.223529411764705,680,0.9444444444444444
838,2017-10-01,7.2652777777777775,720,0.967741935483871
838,2017-11-01,7.696078431372549,714,0.9916666666666667
838,2017-12-01,7.69489247311828,744,1.0
838,2018-01-01,9.473045822102426,742,0.9973118279569892
838,2018-02-01,9.954954954954955,666,0.9910714285714286
838,2018-03-01,9.064690026954178,742,0.9973118279569892
838,2018-04-01,13.941340782122905,716,0.9944444444444445
838,2018-05-01,19.480431848852902,741,0.9959677419354839
838,2018-06-01,26.47972027972028,715,0.9930555555555556
838,2018-07-01,22.20788043478261,736,0.989247311827957
838,2018-08-01,14.55420054200542,738,0.9919354838709677
838,2018-09-01,10.433147632311977,718,0.9972222222222222
838,2018-10-01,6.894878706199461,742,0.9973118279569892
838,2018-11-01,7.362116991643454,718,0.9972222222222222
838,2018-12-01,8.672972972972973,740,0.9946236559139785
838,2019-01-01,9.055480378890392,739,0.9932795698924731
838,2019-02-01,15.25301204819277,664,0.9880952380952381
838,2019-03-01,10.59919028340081,741,0.9959677419354839
838,2019-04-01,14.205020920502092,717,0.9958333333333333
838,2019-05-01,20.496570644718794,729,0.9798387096774194
838,2019-06-01,19.01949860724234,718,0.9972222222222222
838,2019-07-01,15.113513513513514,740,0.9946236559139785
838,2019-08-01,14.386271870794078,743,0.9986559139784946
838,2019-09-01,10.122733612273361,717,0.9958333333333333
838,2019-10-01,8.876358695652174,736,0.989247311827957
838,2019-11-01,7.553546592489569,719,0.9986111111111111
838,2019-12-01,7.576819407008086,742,0.9973118279569892
838,2020-01-01,10.93927125506073,741,0.9959677419354839
838,2020-02-01,10.298398835516739,687,0.9870689655172413
838,2020-03-01,9.268194070080863,742,0.9973118279569892
838,2020-04-01,12.465181058495821,718,0.9972222222222222
838,2020-05-01,17.951285520974288,739,0.9932795698924731
838,2020-06-01,20.201668984700973,719,0.9986111111111111
838,2020-07-01,18.0843537414966,735,0.9879032258064516
838,2020-08-01,14.353741496598639,735,0.9879032258064516
838,2020-09-01,11.381084840055633,719,0.9986111111111111
838,2020-10-01,7.966261808367071,741,0.9959677419354839
838,2020-11-01,7.169680111265647,719,0.9986111111111111
838,2020-12-01,7.309139784946237,744,1.0
838,2021-01-01,8.616935483870968,744,1.0
838,2021-02-01,8.198804185351271,669,0.9955357142857143
838,2021-03-01,9.681022880215343,743,0.9986559139784946
838,2021-04-01,10.249303621169917,718,0.9972222222222222
838,2021-05-01,20.048517520215633,742,0.9973118279569892
838,2021-06-01,18.79315263908702,701,0.9736111111111111
838,2021-07-01,19.876750700280112,714,0.9596774193548387
838,2021-08-01,15.757162346521145,733,0.9852150537634409
838,2021-09-01,9.727019498607243,718,0.9972222222222222
838,2021-10-01,8.698762035763412,727,0.9771505376344086
838,2021-11-01,7.941666666666666,720,1.0
838,2021-12-01,11.378048780487806,738,0.9919354838709677
838,2022-01-01,7.696356275303644,741,0.9959677419354839
838,2022-02-01,11.467261904761905,672,1.0
838,2022-03-01,9.937072503419973,731,0.9825268817204301
838,2022-04-01,11.944767441860465,688,0.9555555555555556
838,2022-05-01,24.50141242937853,708,0.9516129032258065
838,2022-06-01,19.505169867060562,677,0.9402777777777778
838,2022-07-01,17.72398190045249,663,0.8911290322580645
838,2022-08-01,14.318965517241379,696,0.9354838709677419
838,2022-09-01,10.475574712643677,696,0.9666666666666667
838,2022-10-01,7.452883263009845,711,0.9556451612903226
838,2022-11-01,9.044862518089724,691,0.9597222222222223
838,2022-12-01,8.686440677966102,708,0.9516129032258065
838,2023-01-01,8.34005376344086,744,1.0
838,2023-02-01,15.25,672,1.0
838,2023-03-01,8.425101214574898,741,0.9959677419354839
838,2023-04-01,9.547222222222222,720,1.0
838,2023-05-01,15.362045760430686,743,0.9986559139784946
838,2023-06-01,18.381284916201118,716,0.9944444444444445
838,2023-07-01,20.09433962264151,742,0.9973118279569892
838,2023-08-01,13.784656796769852,743,0.9986559139784946
838,2023-09-01,10.54264705882353,680,0.9444444444444444
838,2023-10-01,8.687415426251691,739,0.9932795698924731
838,2023-11-01,6.7875,720,1.0
838,2023-12-01,7.776162790697675,688,0.9247311827956989
838,2024-01-01,9.763736263736265,728,0.978494623655914
838,2024-02-01,9.356304985337243,682,0.9798850574712644
838,2024-03-01,8.72678331090175,743,0.9986559139784946
838,2024-04-01,10.780250347705145,719,0.9986111111111111
838,2024-05-01,24.05668016194332,741,0.9959677419354839
838,2024-06-01,15.447330447330447,693,0.9625
838,2024-07-01,24.609756097560975,738,0.9919354838709677
838,2024-08-01,15.724576271186441,708,0.9516129032258065
838,2024-09-01,9.143059490084985,706,0.9805555555555555
838,2024-10-01,7.6421636615811375,721,0.9690860215053764
838,2024-11-01,8.32,675,0.9375
838,2024-12-01,8.797520661157025,726,0.9758064516129032
838,2025-01-01,7.665760869565218,736,0.989247311827957
838,2025-02-01,9.371775417298938,659,0.9806547619047619
838,2025-03-01,10.804347826086957,736,0.989247311827957
838,2025-04-01,11.29535864978903,711,0.9875
838,2025-05-01,19.44850948509485,738,0.9919354838709677
838,2025-06-01,22.51558073654391,706,0.9805555555555555
838,2025-07-01,15.825850340136055,735,0.9879032258064516
838,2025-08-01,12.258152173913043,736,0.989247311827957
838,2025-09-01,8.26752503576538,699,0.9708333333333333
838,2025-10-01,6.377204884667571,737,0.9905913978494624
838,2025-11-01,7.644163150492265,711,0.9875
838,2025-12-01,6.483739837398374,738,0.9919354838709677
838,2026-01-01,8.449118046132972,737,0.9905913978494624
838,2026-02-01,7.11044776119403,670,0.9970238095238095
838,2026-03-01,7.333787465940055,734,0.9865591397849462
838,2026-04-01,11.960729312762973,713,0.9902777777777778
838,2026-05-01,20.019099590723055,733,0.9852150537634409
838,2026-06-01,20.612156295224313,691,0.9597222222222223
838,2026-07-01,18.76750700280112,714,0.9596774193548387
838,2026-08-01,23.756569847856156,723,0.9717741935483871
838,2026-09-01,18.8989898989899,297,0.4125
841,2011-05-01,50.0,1,0.0013440860215053765
841,2012-08-01,40.0,1,0.0013440860215053765
841,2012-11-01,0.0,1,0.001388888888888889
841,2013-04-01,9.0,1,0.001388888888888889
841,2016-11-01,8.771007518796994,133,0.18472222222222223
841,2016-12-01,8.535231906721537,729,0.9798387096774194
841,2017-01-01,22.63829534008683,691,0.928763440860215
841,2017-02-01,12.224283975346687,649,0.9657738095238095
841,2017-03-01,14.350803015214385,723,0.9717741935483871
841,2017-04-01,21.650636128571428,700,0.9722222222222222
841,2017-05-01,31.640449438202246,712,0.956989247311828
841,2017-06-01,31.19584569732938,674,0.9361111111111111
841,2017-07-01,40.80842391304348,736,0.989247311827957
841,2017-08-01,30.09393063583815,692,0.9301075268817204
841,2017-09-01,27.37042253521127,710,0.9861111111111112
841,2017-10-01,13.964336661911554,701,0.9422043010752689
841,2017-11-01,11.16472303206997,686,0.9527777777777777
841,2017-12-01,10.125528913963329,709,0.9529569892473119
841,2018-01-01,11.1123439667129,721,0.9690860215053764
841,2018-02-01,11.897515527950311,644,0.9583333333333334
841,2018-03-01,13.106267029972752,734,0.9865591397849462
841,2018-04-01,27.001642036124796,609,0.8458333333333333
841,2018-05-01,29.9155749636099,687,0.9233870967741935
841,2018-06-01,33.80631276901004,697,0.9680555555555556
841,2018-07-01,37.07493188010899,734,0.9865591397849462
841,2018-08-01,34.744219653179194,692,0.9301075268817204
841,2018-09-01,17.218309859154928,710,0.9861111111111112
841,2018-10-01,11.1016713091922,718,0.9650537634408602
841,2018-11-01,7.439821693907875,673,0.9347222222222222
841,2018-12-01,8.84522207267833,743,0.9986559139784946
841,2019-01-01,9.910931174089068,741,0.9959677419354839
841,2019-02-01,12.090909090909092,671,0.9985119047619048
841,2019-03-01,13.318059299191376,742,0.9973118279569892
841,2019-04-01,24.966339410939693,713,0.9902777777777778
841,2019-05-01,36.93631436314363,738,0.9919354838709677
841,2019-06-01,34.313235294117646,680,0.9444444444444444
841,2019-07-01,35.226027397260275,730,0.9811827956989247
841,2019-08-01,32.9885877318117,701,0.9422043010752689
841,2019-09-01,26.252824858757062,708,0.9833333333333333
841,2019-10-01,15.215447154471544,738,0.9919354838709677
841,2019-11-01,9.6006006006006,666,0.925
841,2019-12-01,7.568820224719101,712,0.956989247311828
841,2020-01-01,16.009929078014185,705,0.9475806451612904
841,2020-02-01,10.52802359882006,678,0.9741379310344828
841,2020-03-01,9.401617250673855,742,0.9973118279569892
841,2020-04-01,21.43393602225313,719,0.9986111111111111
841,2020-05-01,35.13172043010753,744,1.0
841,2020-06-01,28.543478260869566,644,0.8944444444444445
841,2020-07-01,28.990437158469945,732,0.9838709677419355
841,2020-08-01,28.88829071332436,743,0.9986559139784946
841,2020-09-01,24.28233657858136,719,0.9986111111111111
841,2020-10-01,11.44489247311828,744,1.0
841,2020-11-01,6.576868829337094,709,0.9847222222222223
841,2020-12-01,7.251682368775236,743,0.9986559139784946
841,2021-01-01,9.247297297297298,740,0.9946236559139785
841,2021-02-01,7.973094170403588,669,0.9955357142857143
841,2021-03-01,11.061911170928667,743,0.9986559139784946
841,2021-04-01,20.65186246418338,698,0.9694444444444444
841,2021-05-01,39.16329284750337,741,0.9959677419354839
841,2021-06-01,40.72011251758087,711,0.9875
841,2021-07-01,41.681940700808624,742,0.9973118279569892
841,2021-08-01,33.29284750337382,741,0.9959677419354839
841,2021-09-01,20.833815028901736,692,0.9611111111111111
841,2021-10-01,14.002770083102494,722,0.9704301075268817
841,2021-11-01,7.3202797202797205,715,0.9930555555555556
841,2021-12-01,11.970189701897018,738,0.9919354838709677
841,2022-01-01,6.393775372124493,739,0.9932795698924731
841,2022-02-01,11.992548435171386,671,0.9985119047619048
841,2022-03-01,9.710632570659488,743,0.9986559139784946
841,2022-04-01,20.814285714285713,700,0.9722222222222222
841,2022-05-01,40.09375,736,0.989247311827957
841,2022-06-01,34.250347705146034,719,0.9986111111111111
841,2022-07-01,29.613297150610585,737,0.9905913978494624
841,2022-08-01,31.590971272229822,731,0.9825268817204301
841,2022-09-01,24.872044506258693,719,0.9986111111111111
841,2022-10-01,11.68733153638814,742,0.9973118279569892
841,2022-11-01,9.45034965034965,715,0.9930555555555556
841,2022-12-01,9.556156968876861,739,0.9932795698924731
841,2023-01-01,7.669811320754717,742,0.9973118279569892
841,2023-02-01,64.00913242009132,657,0.9776785714285714
841,2023-03-01,10.42896174863388,732,0.9838709677419355
841,2023-04-01,17.62586926286509,719,0.9986111111111111
841,2023-05-01,37.5668016194332,741,0.9959677419354839
841,2023-06-01,37.128133704735376,718,0.9972222222222222
841,2023-07-01,36.181695827725434,743,0.9986559139784946
841,2023-08-01,30.49122807017544,741,0.9959677419354839
841,2023-09-01,17.570412517780937,703,0.9763888888888889
841,2023-10-01,12.05986394557823,735,0.9879032258064516
841,2023-11-01,7.2360335195530725,716,0.9944444444444445
841,2023-12-01,7.84923928077455,723,0.9717741935483871
841,2024-01-01,9.384823848238483,738,0.9919354838709677
841,2024-02-01,8.872463768115942,690,0.9913793103448276
841,2024-03-01,9.77972972972973,740,0.9946236559139785
841,2024-04-01,23.716332378223495,698,0.9694444444444444
841,2024-05-01,51.108333333333334,240,0.3225806451612903
841,2024-06-01,30.19971671388102,706,0.9805555555555555
841,2024-07-01,58.81266846361186,742,0.9973118279569892
841,2024-08-01,35.328840970350406,742,0.9973118279569892
841,2024-09-01,21.725626740947074,718,0.9972222222222222
841,2024-10-01,13.247297297297298,740,0.9946236559139785
841,2024-11-01,8.239227340267458,673,0.9347222222222222
841,2024-12-01,8.143243243243242,740,0.9946236559139785
841,2025-01-01,7.688679245283019,742,0.9973118279569892
841,2025-02-01,10.648484848484848,660,0.9821428571428571
841,2025-03-01,10.106267029972752,734,0.9865591397849462
841,2025-04-01,24.48111888111888,715,0.9930555555555556
841,2025-05-01,35.265822784810126,711,0.9556451612903226
841,2025-06-01,44.9100145137881,689,0.9569444444444445
841,2025-07-01,37.93098782138024,739,0.9932795698924731
841,2025-08-01,26.20619946091644,742,0.9973118279569892
841,2025-09-01,15.614206128133704,718,0.9972222222222222
841,2025-10-01,8.12920592193809,743,0.9986559139784946
841,2025-11-01,5.453781512605042,714,0.9916666666666667
841,2025-12-01,4.0,717,0.9637096774193549
841,2026-01-01,9.377747252747254,728,0.978494623655914
841,2026-02-01,4.3053892215568865,668,0.9940476190476191
841,2026-03-01,7.7567164179104475,670,0.9005376344086021
841,2026-04-01,25.76923076923077,715,0.9930555555555556
841,2026-05-01,50.93460490463215,734,0.9865591397849462
841,2026-06-01,39.14186369958276,719,0.9986111111111111
841,2026-07-01,27.97956403269755,734,0.9865591397849462
841,2026-08-01,25.94979647218453,737,0.9905913978494624
841,2026-09-01,26.35483870967742,310,0.4305555555555556
854,2015-08-01,25.82164214912281,228,0.3064516129032258
854,2015-09-01,19.61154402777778,720,1.0
854,2015-10-01,16.51545127667185,643,0.864247311827957
854,2015-11-01,5.943675020327755,717,0.9958333333333333
854,2015-12-01,5.6359695874822195,703,0.9448924731182796
854,2016-01-01,7.094799819819819,666,0.8951612903225806
854,2016-02-01,5.947363849493487,691,0.992816091954023
854,2016-03-01,8.717361848852901,741,0.9959677419354839
854,2016-04-01,12.064841732026144,612,0.85
854,2016-05-01,17.935333501362397,734,0.9865591397849462
854,2016-06-01,20.540333411420207,683,0.9486111111111111
854,2016-07-01,14.546130663058188,739,0.9932795698924731
854,2016-08-01,14.268102228260869,736,0.989247311827957
854,2016-09-01,8.109013651079138,556,0.7722222222222223
854,2016-10-01,10.671817883096367,633,0.8508064516129032
854,2016-11-01,9.009995951008644,694,0.9638888888888889
854,2016-12-01,7.071896253369273,742,0.9973118279569892
854,2017-01-01,13.761147937584802,737,0.9905913978494624
854,2017-02-01,8.940361801526718,655,0.9747023809523809
854,2017-03-01,9.932439932523618,741,0.9959677419354839
854,2017-04-01,14.222942489451476,711,0.9875
854,2017-05-01,27.02710027100271,738,0.9919354838709677
854,2017-06-01,27.398280802292263,698,0.9694444444444444
854,2017-07-01,32.844384303112314,739,0.9932795698924731
854,2017-08-01,23.423751686909583,741,0.9959677419354839
854,2017-09-01,18.943582510578278,709,0.9847222222222223
854,2017-10-01,7.717842323651452,723,0.9717741935483871
854,2017-11-01,6.02928870292887,717,0.9958333333333333
854,2017-12-01,5.596752368064952,739,0.9932795698924731
854,2018-01-01,5.778378378378378,740,0.9946236559139785
854,2018-02-01,7.188905547226387,667,0.9925595238095238
854,2018-03-01,5.791891891891892,740,0.9946236559139785
854,2018-04-01,19.70406732117812,713,0.9902777777777778
854,2018-05-01,27.55135135135135,740,0.9946236559139785
854,2018-06-01,26.257142857142856,700,0.9722222222222222
854,2018-07-01,31.74089068825911,741,0.9959677419354839
854,2018-08-01,25.552097428958053,739,0.9932795698924731
854,2018-09-01,14.844011142061282,718,0.9972222222222222
854,2018-10-01,9.25679347826087,736,0.989247311827957
854,2018-11-01,5.815677966101695,472,0.6555555555555556
854,2018-12-01,7.195258019525802,717,0.9637096774193549
854,2019-01-01,7.683783783783784,740,0.9946236559139785
854,2019-02-01,12.02923076923077,650,0.9672619047619048
854,2019-03-01,9.580862533692722,742,0.9973118279569892
854,2019-04-01,18.42143906020558,681,0.9458333333333333
854,2019-05-01,30.502024291497975,741,0.9959677419354839
854,2019-06-01,32.05416666666667,720,1.0
854,2019-07-01,28.254032258064516,744,1.0
854,2019-08-01,30.243279569892472,744,1.0
854,2019-09-01,17.873435326842838,719,0.9986111111111111
854,2019-10-01,10.543010752688172,744,1.0
854,2019-11-01,5.534722222222222,720,1.0
854,2019-12-01,6.202956989247312,744,1.0
854,2020-01-01,14.688172043010752,744,1.0
854,2020-02-01,9.149425287356323,696,1.0
854,2020-03-01,8.022849462365592,744,1.0
854,2020-04-01,15.609722222222222,720,1.0
854,2020-05-01,29.743279569892472,744,1.0
854,2020-06-01,28.595833333333335,720,1.0
854,2020-07-01,25.408602150537636,744,1.0
854,2020-08-01,26.038978494623656,744,1.0
854,2020-09-01,19.01527777777778,720,1.0
854,2020-10-01,10.424731182795698,744,1.0
854,2020-11-01,6.440890125173852,719,0.9986111111111111
854,2020-12-01,6.064516129032258,744,1.0
854,2021-01-01,9.038978494623656,744,1.0
854,2021-02-01,8.763392857142858,672,1.0
854,2021-03-01,10.61021505376344,744,1.0
854,2021-04-01,16.75138888888889,720,1.0
854,2021-05-01,36.39381720430107,744,1.0
854,2021-06-01,30.064655172413794,696,0.9666666666666667
854,2021-07-01,30.235131396957122,723,0.9717741935483871
854,2021-08-01,26.001344086021504,744,1.0
854,2021-09-01,15.527855153203342,718,0.9972222222222222
854,2021-10-01,9.243279569892474,744,1.0
854,2021-11-01,5.280555555555556,720,1.0
854,2021-12-01,8.578729281767956,724,0.9731182795698925
854,2022-01-01,4.287634408602151,744,1.0
854,2022-02-01,9.546944858420268,671,0.9985119047619048
854,2022-03-01,7.352777777777778,720,0.967741935483871
854,2022-04-01,15.5,684,0.95
854,2022-05-01,32.043010752688176,744,1.0
854,2022-06-01,26.51123595505618,712,0.9888888888888889
854,2022-07-01,26.6797829036635,737,0.9905913978494624
854,2022-08-01,24.068918918918918,740,0.9946236559139785
854,2022-09-01,15.45138888888889,720,1.0
854,2022-10-01,9.580645161290322,744,1.0
854,2022-11-01,8.343023255813954,688,0.9555555555555556
854,2022-12-01,6.442204301075269,744,1.0
854,2023-01-01,5.505376344086022,744,1.0
854,2023-02-01,44.505970149253734,670,0.9970238095238095
854,2023-03-01,5.826612903225806,744,1.0
854,2023-04-01,12.118694362017804,674,0.9361111111111111
854,2023-05-01,30.415730337078653,712,0.956989247311828
854,2023-06-01,26.748948106591865,713,0.9902777777777778
854,2023-07-01,30.205555555555556,720,0.967741935483871
854,2023-08-01,21.251344086021504,744,1.0
854,2023-09-01,10.842776203966006,706,0.9805555555555555
854,2023-10-01,9.412483039348711,737,0.9905913978494624
854,2023-11-01,4.90436005625879,711,0.9875
854,2023-12-01,6.042492917847025,706,0.9489247311827957
854,2024-01-01,5.038348082595871,678,0.9112903225806451
854,2024-02-01,4.651888341543514,609,0.875
854,2024-03-01,4.183041722745626,743,0.9986559139784946
854,2024-04-01,11.375174337517434,717,0.9958333333333333
854,2024-05-01,40.33379120879121,728,0.978494623655914
854,2024-06-01,17.670833333333334,720,1.0
854,2024-07-01,42.49251700680272,735,0.9879032258064516
854,2024-08-01,25.297043010752688,744,1.0
854,2024-09-01,13.91388888888889,720,1.0
854,2024-10-01,9.213709677419354,744,1.0
854,2024-11-01,4.290277777777778,720,1.0
854,2024-12-01,5.433378196500673,743,0.9986559139784946
854,2025-01-01,5.545822102425876,742,0.9973118279569892
854,2025-02-01,8.440956651718983,669,0.9955357142857143
854,2025-03-01,7.954301075268817,744,1.0
854,2025-04-01,13.9375,720,1.0
854,2025-05-01,28.783602150537636,744,1.0
854,2025-06-01,34.675977653631286,716,0.9944444444444445
854,2025-07-01,28.133064516129032,744,1.0
854,2025-08-01,20.06199460916442,742,0.9973118279569892
854,2025-09-01,12.750348675034868,717,0.9958333333333333
854,2025-10-01,6.751344086021505,744,1.0
854,2025-11-01,5.128164556962025,632,0.8777777777777778
854,2025-12-01,4.534170153417016,717,0.9637096774193549
854,2026-01-01,8.461430575035063,713,0.9583333333333334
854,2026-02-01,4.6,670,0.9970238095238095
854,2026-03-01,5.26013986013986,715,0.9610215053763441
854,2026-04-01,17.680790960451976,708,0.9833333333333333
854,2026-05-01,29.523035230352303,738,0.9919354838709677
854,2026-06-01,29.474930362116993,718,0.9972222222222222
854,2026-07-01,20.304109589041097,730,0.9811827956989247
854,2026-08-01,20.63611859838275,742,0.9973118279569892
854,2026-09-01,14.204545454545455,308,0.42777777777777776
859,2015-08-01,40.06982046920821,682,0.9166666666666666
859,2015-09-01,38.84049959610028,718,0.9972222222222222
859,2015-10-01,39.405919690444144,743,0.9986559139784946
859,2015-11-01,15.590442708333333,720,1.0
859,2015-12-01,12.04974453179973,739,0.9932795698924731
859,2016-01-01,14.430499650537636,744,1.0
859,2016-02-01,12.916519213352686,689,0.9899425287356322
859,2016-03-01,24.1844486827957,744,1.0
859,2016-04-01,36.782601784689,627,0.8708333333333333
859,2016-05-01,46.115521490857944,711,0.9556451612903226
859,2016-06-01,77.19419838214783,717,0.9958333333333333
859,2016-07-01,52.061727095430115,744,1.0
859,2016-08-01,42.03852024793389,726,0.9758064516129032
859,2016-09-01,29.813729149025068,718,0.9972222222222222
859,2016-10-01,20.153179851150202,739,0.9932795698924731
859,2016-11-01,14.48635905982906,702,0.975
859,2016-12-01,11.81233721997301,741,0.9959677419354839
859,2017-01-01,12.469486653225808,744,1.0
859,2017-02-01,12.871139955357142,672,1.0
859,2017-03-01,21.639840188172045,744,1.0
859,2017-04-01,30.173349208333335,720,1.0
859,2017-05-01,51.98918918918919,740,0.9946236559139785
859,2017-06-01,51.63924963924964,693,0.9625
859,2017-07-01,54.60916442048517,742,0.9973118279569892
859,2017-08-01,40.079407806191114,743,0.9986559139784946
859,2017-09-01,32.391549295774645,710,0.9861111111111112
859,2017-10-01,17.58008075370121,743,0.9986559139784946
859,2017-11-01,14.537166900420758,713,0.9902777777777778
859,2017-12-01,12.049157303370787,712,0.956989247311828
859,2018-01-01,14.451470588235294,680,0.9139784946236559
859,2018-02-01,15.613084112149533,535,0.7961309523809523
859,2018-03-01,17.150537634408604,372,0.5
859,2018-04-01,39.93724696356275,494,0.6861111111111111
859,2018-05-01,77.28888888888889,45,0.06048387096774194
859,2018-06-01,89.9,20,0.027777777777777776
859,2018-07-01,12.0,5,0.006720430107526882
859,2018-09-01,11.6,5,0.006944444444444444
859,2018-10-01,30.933333333333334,15,0.020161290322580645
859,2018-11-01,9.545454545454545,22,0.030555555555555555
859,2019-04-01,17.4,5,0.006944444444444444
859,2019-05-01,64.3,10,0.013440860215053764
859,2020-12-01,7.472527472527473,182,0.2446236559139785
859,2021-01-01,11.044836956521738,736,0.989247311827957
859,2021-02-01,10.187908496732026,612,0.9107142857142857
859,2021-03-01,12.48,425,0.571236559139785
859,2021-04-01,15.627615062761507,717,0.9958333333333333
859,2021-05-01,24.487179487179485,663,0.8911290322580645
859,2021-06-01,17.01551480959097,709,0.9847222222222223
859,2021-07-01,25.028231797919762,673,0.9045698924731183
859,2021-08-01,15.414225941422593,717,0.9637096774193549
859,2021-09-01,23.316596931659692,717,0.9958333333333333
859,2021-10-01,8.333928571428572,560,0.7526881720430108
859,2021-11-01,7.666666666666667,666,0.925
859,2021-12-01,5.714285714285714,14,0.01881720430107527
859,2022-01-01,4.654255319148936,376,0.5053763440860215
859,2022-02-01,12.006088280060883,657,0.9776785714285714
859,2022-03-01,10.275537634408602,744,1.0
859,2022-04-01,14.643454038997215,718,0.9972222222222222
859,2022-05-01,22.594301221166894,737,0.9905913978494624
859,2022-06-01,16.88857938718663,718,0.9972222222222222
859,2022-07-01,12.160161507402423,743,0.9986559139784946
859,2022-08-01,14.43800539083558,742,0.9973118279569892
859,2022-09-01,13.813630041724618,719,0.9986111111111111
859,2022-10-01,8.63122476446837,743,0.9986559139784946
859,2022-11-01,8.571227080394923,709,0.9847222222222223
859,2022-12-01,8.254545454545454,660,0.8870967741935484
859,2023-01-01,6.510542168674699,664,0.8924731182795699
859,2023-02-01,16.503725782414307,671,0.9985119047619048
859,2023-03-01,5.367567567567567,740,0.9946236559139785
859,2023-04-01,11.429166666666667,720,1.0
859,2023-05-01,15.473755047106327,743,0.9986559139784946
859,2023-06-01,14.234794908062234,707,0.9819444444444444
859,2023-07-01,13.0,743,0.9986559139784946
859,2023-08-01,9.95135135135135,740,0.9946236559139785
859,2023-09-01,7.2444444444444445,720,1.0
859,2023-10-01,8.108108108108109,555,0.7459677419354839
859,2024-05-01,22.90909090909091,22,0.02956989247311828
859,2024-06-01,10.607575757575757,660,0.9166666666666666
859,2024-07-01,19.573924731182796,744,1.0
859,2024-08-01,12.618357487922705,621,0.8346774193548387
859,2024-09-01,5.128,625,0.8680555555555556
859,2024-10-01,7.047297297297297,740,0.9946236559139785
859,2024-11-01,3.5152979066022545,621,0.8625
859,2024-12-01,3.731081081081081,740,0.9946236559139785
859,2025-01-01,4.111859838274933,742,0.9973118279569892
859,2025-02-01,4.354642313546423,657,0.9776785714285714
859,2025-03-01,5.753036437246964,741,0.9959677419354839
859,2025-04-01,7.229166666666667,720,1.0
859,2025-05-01,8.451612903225806,744,1.0
859,2025-06-01,6.891666666666667,720,1.0
859,2025-07-01,7.737903225806452,744,1.0
859,2025-08-01,7.28494623655914,744,1.0
859,2025-09-01,4.631944444444445,720,1.0
859,2025-10-01,3.0243111831442464,617,0.8293010752688172
859,2025-11-01,3.855654761904762,672,0.9333333333333333
859,2025-12-01,2.521505376344086,744,1.0
859,2026-01-01,2.9301075268817205,744,1.0
859,2026-02-01,4.409226190476191,672,1.0
859,2026-03-01,5.876190476190477,735,0.9879032258064516
859,2026-04-01,14.11111111111111,720,1.0
859,2026-05-01,22.93951612903226,744,1.0
859,2026-06-01,18.259722222222223,720,1.0
859,2026-07-01,11.320205479452055,584,0.7849462365591398
859,2026-08-01,14.303763440860216,744,1.0
859,2026-09-01,9.693548387096774,310,0.4305555555555556
860,2015-08-01,36.63055834758735,601,0.8077956989247311
860,2015-09-01,17.242516224263674,713,0.9902777777777778
860,2015-10-01,10.063438965437157,732,0.9838709677419355
860,2015-11-01,9.875952705965908,704,0.9777777777777777
860,2015-12-01,9.031276098911805,737,0.9905913978494624
860,2016-01-01,13.516939461021504,744,1.0
860,2016-02-01,16.609254656934308,685,0.9841954022988506
860,2016-03-01,23.109694527027028,740,0.9946236559139785
860,2016-04-01,19.61073108757062,708,0.9833333333333333
860,2016-05-01,23.66194557909604,708,0.9516129032258065
860,2016-06-01,25.146086036161336,719,0.9986111111111111
860,2016-07-01,16.600228046448088,732,0.9838709677419355
860,2016-08-01,17.408383099730457,742,0.9973118279569892
860,2016-09-01,18.437570180806677,719,0.9986111111111111
860,2016-10-01,16.204455900277008,722,0.9704301075268817
860,2016-11-01,14.122755722222223,720,1.0
860,2016-12-01,9.786930147849462,744,1.0
860,2017-01-01,16.6483749255751,739,0.9932795698924731
860,2017-02-01,16.00565441132638,671,0.9985119047619048
860,2017-03-01,17.69991405114401,743,0.9986559139784946
860,2017-04-01,18.334673725490195,714,0.9916666666666667
860,2017-05-01,58.005457025920876,733,0.9852150537634409
860,2017-06-01,35.72361111111111,720,1.0
860,2017-07-01,18.38978494623656,744,1.0
860,2017-08-01,14.340511440107672,743,0.9986559139784946
860,2017-09-01,18.52513966480447,716,0.9944444444444445
860,2017-10-01,12.346774193548388,744,1.0
860,2017-11-01,13.745833333333334,720,1.0
860,2017-12-01,11.459128065395095,734,0.9865591397849462
860,2018-01-01,18.637636080870916,643,0.864247311827957
860,2018-02-01,21.805405405405406,555,0.8258928571428571
860,2018-03-01,29.152592592592594,675,0.907258064516129
860,2018-04-01,25.198748043818465,639,0.8875
860,2018-05-01,27.714697406340058,694,0.9327956989247311
860,2018-06-01,25.05151515151515,660,0.9166666666666666
860,2018-07-01,23.946273830155977,577,0.7755376344086021
860,2018-09-01,9.8,5,0.006944444444444444
860,2018-10-01,12.8,10,0.013440860215053764
860,2019-05-01,17.8,5,0.006720430107526882
860,2019-06-01,10.8,5,0.006944444444444444
860,2019-07-01,17.982142857142858,56,0.07526881720430108
860,2019-08-01,23.119718309859156,142,0.19086021505376344
860,2019-09-01,12.338461538461539,130,0.18055555555555555
860,2019-10-01,9.54,50,0.06720430107526881
860,2019-11-01,6.0,5,0.006944444444444444
860,2019-12-01,7.05,20,0.026881720430107527
860,2020-01-01,10.6,20,0.026881720430107527
860,2020-02-01,9.8,5,0.007183908045977011
860,2020-03-01,2.8,5,0.006720430107526882
860,2020-04-01,15.0,5,0.006944444444444444
860,2020-06-01,35.4,5,0.006944444444444444
860,2020-12-01,21.83977900552486,181,0.24327956989247312
860,2021-01-01,17.342428376534787,733,0.9852150537634409
860,2021-02-01,11.94712990936556,662,0.9851190476190477
860,2021-03-01,16.71967654986523,742,0.9973118279569892
860,2021-04-01,24.276162790697676,688,0.9555555555555556
860,2021-05-01,39.44264705882353,680,0.9139784946236559
860,2021-06-01,27.89637305699482,579,0.8041666666666667
860,2021-07-01,49.91576086956522,736,0.989247311827957
860,2021-08-01,40.51902173913044,736,0.989247311827957
860,2021-09-01,29.54735376044568,718,0.9972222222222222
860,2021-10-01,20.215384615384615,715,0.9610215053763441
860,2021-11-01,12.828451882845188,717,0.9958333333333333
860,2021-12-01,9.9375,16,0.021505376344086023
860,2022-01-01,10.847262247838616,347,0.46639784946236557
860,2022-02-01,16.82371794871795,624,0.9285714285714286
860,2022-03-01,17.264367816091955,696,0.9354838709677419
860,2022-04-01,30.73603351955307,716,0.9944444444444445
860,2022-05-01,51.30332409972299,722,0.9704301075268817
860,2022-06-01,33.64329268292683,656,0.9111111111111111
860,2022-07-01,32.453566621803496,743,0.9986559139784946
860,2022-08-01,38.267833109017495,743,0.9986559139784946
860,2022-09-01,28.08066759388039,719,0.9986111111111111
860,2022-10-01,16.651413189771198,743,0.9986559139784946
860,2022-11-01,11.124633431085044,682,0.9472222222222222
860,2022-12-01,8.7425068119891,734,0.9865591397849462
860,2023-01-01,8.22038980509745,667,0.896505376344086
860,2023-02-01,22.87630402384501,671,0.9985119047619048
860,2023-03-01,11.080779944289693,718,0.9650537634408602
860,2023-04-01,24.835714285714285,700,0.9722222222222222
860,2023-05-01,39.992805755395686,695,0.9341397849462365
860,2023-06-01,36.13142857142857,700,0.9722222222222222
860,2023-07-01,50.920471281296024,679,0.9126344086021505
860,2023-08-01,40.54843517138599,671,0.9018817204301075
860,2023-09-01,17.42983751846381,677,0.9402777777777778
860,2023-10-01,24.658333333333335,120,0.16129032258064516
860,2024-05-01,58.73913043478261,46,0.06182795698924731
860,2024-06-01,31.988555078683834,699,0.9708333333333333
860,2024-07-01,53.59833795013851,722,0.9704301075268817
860,2024-08-01,42.6225352112676,710,0.9543010752688172
860,2024-09-01,23.44079885877318,701,0.9736111111111111
860,2024-10-01,17.67321178120617,713,0.9583333333333334
860,2024-11-01,10.649072753209701,701,0.9736111111111111
860,2024-12-01,9.019363762102351,723,0.9717741935483871
860,2025-01-01,8.498603351955307,716,0.9623655913978495
860,2025-02-01,9.471138845553822,641,0.9538690476190477
860,2025-03-01,12.740997229916898,722,0.9704301075268817
860,2025-04-01,23.92222222222222,720,1.0
860,2025-05-01,40.3494623655914,744,1.0
860,2025-06-01,45.74722222222222,720,1.0
860,2025-07-01,41.68413978494624,744,1.0
860,2025-08-01,28.254032258064516,744,1.0
860,2025-09-01,20.2875,720,1.0
860,2025-10-01,11.946236559139784,744,1.0
860,2025-11-01,10.269444444444444,720,1.0
860,2025-12-01,6.277349768875193,649,0.8723118279569892
860,2026-01-01,8.09274193548387,744,1.0
860,2026-02-01,6.023809523809524,672,1.0
860,2026-03-01,8.77016129032258,744,1.0
860,2026-04-01,22.127777777777776,720,1.0
860,2026-05-01,36.45967741935484,744,1.0
860,2026-06-01,41.25833333333333,720,1.0
860,2026-07-01,29.646505376344088,744,1.0
860,2026-08-01,24.342741935483872,744,1.0
860,2026-09-01,19.9,310,0.4305555555555556
870,2019-04-01,43.5,32,0.044444444444444446
870,2019-05-01,98.78734858681023,743,0.9986559139784946
870,2019-06-01,85.98466257668711,652,0.9055555555555556
870,2019-07-01,99.45925925925926,540,0.7258064516129032
870,2019-08-01,104.33013698630137,730,0.9811827956989247
870,2019-09-01,59.52414772727273,704,0.9777777777777777
870,2019-10-01,32.641176470588235,680,0.9139784946236559
870,2019-11-01,10.883040935672515,684,0.95
870,2019-12-01,7.958217270194986,718,0.9650537634408602
870,2020-01-01,14.637107776261937,733,0.9852150537634409
870,2020-02-01,13.365925925925925,675,0.9698275862068966
870,2020-03-01,16.091539528432733,721,0.9690860215053764
870,2020-04-01,42.28111888111888,715,0.9930555555555556
870,2020-05-01,92.02553763440861,744,1.0
870,2020-06-01,97.00380228136882,526,0.7305555555555555
870,2020-07-01,96.74459459459459,740,0.9946236559139785
870,2020-08-01,68.7418918918919,740,0.9946236559139785
870,2020-09-01,50.9364161849711,692,0.9611111111111111
870,2020-10-01,22.72752420470263,723,0.9717741935483871
870,2020-11-01,9.352845528455285,615,0.8541666666666666
870,2020-12-01,7.2611940298507465,670,0.9005376344086021
870,2021-01-01,11.106849315068493,730,0.9811827956989247
870,2021-02-01,9.612275449101796,668,0.9940476190476191
870,2021-03-01,14.312925170068027,735,0.9879032258064516
870,2021-04-01,41.45582047685834,713,0.9902777777777778
870,2021-05-01,90.24275862068966,725,0.9744623655913979
870,2021-06-01,110.87571428571428,700,0.9722222222222222
870,2021-07-01,103.73333333333333,720,0.967741935483871
870,2021-08-01,65.78224687933425,721,0.9690860215053764
870,2021-09-01,48.9985590778098,694,0.9638888888888889
870,2021-10-01,16.156293222683264,723,0.9717741935483871
870,2021-11-01,6.242209631728045,706,0.9805555555555555
870,2021-12-01,10.411516853932584,712,0.956989247311828
870,2022-01-01,9.387412587412587,715,0.9610215053763441
870,2022-02-01,18.82488479262673,651,0.96875
870,2022-03-01,13.379943502824858,708,0.9516129032258065
870,2022-04-01,32.98086956521739,575,0.7986111111111112
870,2022-05-01,95.4777618364419,697,0.9368279569892473
870,2022-06-01,71.71834992887625,703,0.9763888888888889
870,2022-07-01,57.46334716459198,723,0.9717741935483871
870,2022-08-01,56.30524861878453,724,0.9731182795698925
870,2022-09-01,35.713213213213216,666,0.925
870,2022-10-01,20.968275862068964,725,0.9744623655913979
870,2022-11-01,12.567760342368045,701,0.9736111111111111
870,2022-12-01,13.998613037447988,721,0.9690860215053764
870,2023-01-01,16.08298755186722,723,0.9717741935483871
870,2023-02-01,53.67987804878049,656,0.9761904761904762
870,2023-03-01,13.389196675900276,722,0.9704301075268817
870,2023-04-01,29.540785498489427,662,0.9194444444444444
870,2023-05-01,68.98104956268222,686,0.9220430107526881
870,2023-06-01,88.01573676680972,699,0.9708333333333333
870,2023-07-01,98.63774104683196,726,0.9758064516129032
870,2023-08-01,70.80926430517711,734,0.9865591397849462
870,2023-09-01,36.733050847457626,708,0.9833333333333333
870,2023-10-01,18.318055555555556,720,0.967741935483871
870,2023-11-01,12.400580551523948,689,0.9569444444444445
870,2023-12-01,9.165969316596932,717,0.9637096774193549
870,2024-01-01,10.21595598349381,727,0.9771505376344086
870,2024-02-01,9.55306427503737,669,0.9612068965517241
870,2024-03-01,10.545706371191136,722,0.9704301075268817
870,2024-04-01,39.36873156342183,678,0.9416666666666667
870,2024-05-01,116.14049586776859,726,0.9758064516129032
870,2024-06-01,70.20143884892086,695,0.9652777777777778
870,2024-07-01,95.94635488308116,727,0.9771505376344086
870,2024-08-01,76.41501416430594,706,0.9489247311827957
870,2024-09-01,34.09106529209622,582,0.8083333333333333
870,2024-10-01,36.57492795389049,694,0.9327956989247311
870,2024-11-01,51.06428571428572,700,0.9722222222222222
870,2024-12-01,26.41068917018284,711,0.9556451612903226
870,2025-01-01,28.976256983240223,716,0.9623655913978495
870,2025-02-01,31.4585289514867,639,0.9508928571428571
870,2025-03-01,24.92767732962448,719,0.9663978494623656
870,2025-04-01,51.29083094555874,698,0.9694444444444444
870,2025-05-01,78.2086230876217,719,0.9663978494623656
870,2025-06-01,111.13362068965517,696,0.9666666666666667
870,2025-07-01,95.34733893557423,714,0.9596774193548387
870,2025-08-01,70.7116991643454,718,0.9650537634408602
870,2025-09-01,49.26255380200861,697,0.9680555555555556
870,2025-10-01,24.246397694524497,694,0.9327956989247311
870,2025-11-01,23.21965317919075,692,0.9611111111111111
870,2025-12-01,15.21664275466284,697,0.9368279569892473
870,2026-01-01,12.11631205673759,705,0.9475806451612904
870,2026-02-01,5.82225656877898,647,0.9627976190476191
870,2026-03-01,14.807262569832401,716,0.9623655913978495
870,2026-04-01,33.75542691751085,691,0.9597222222222223
870,2026-05-01,86.17299578059071,711,0.9556451612903226
870,2026-06-01,75.00574712643679,696,0.9666666666666667
870,2026-07-01,53.59065155807365,706,0.9489247311827957
870,2026-08-01,61.49789621318373,713,0.9583333333333334
870,2026-09-01,31.738255033557046,298,0.41388888888888886
873,2012-03-01,13.17748220207254,386,0.5188172043010753
873,2012-04-01,36.84549731571627,719,0.9986111111111111
873,2012-05-01,89.106756075419,716,0.9623655913978495
873,2012-06-01,70.152063,720,1.0
873,2012-07-01,77.22184970711297,717,0.9637096774193549
873,2012-08-01,61.71253008064516,744,1.0
873,2012-09-01,31.228033267477205,658,0.9138888888888889
873,2012-10-01,15.621906460273973,730,0.9811827956989247
873,2012-11-01,9.803137740947076,718,0.9972222222222222
873,2012-12-01,7.688444961165048,618,0.8306451612903226
873,2013-01-01,9.592432741935484,744,1.0
873,2013-02-01,9.039723967093236,547,0.8139880952380952
873,2013-03-01,15.337440667574931,734,0.9865591397849462
873,2013-04-01,25.925576003184712,628,0.8722222222222222
873,2013-05-01,73.59802360323887,741,0.9959677419354839
873,2013-06-01,52.118051,720,1.0
873,2013-07-01,62.81740430686407,743,0.9986559139784946
873,2013-08-01,71.3168990317919,692,0.9301075268817204
873,2013-09-01,37.41741161111111,720,1.0
873,2013-10-01,10.94290456284153,732,0.9838709677419355
873,2013-11-01,6.129646956521739,713,0.9902777777777778
873,2013-12-01,6.615601843876178,743,0.9986559139784946
873,2014-01-01,7.639505154777927,743,0.9986559139784946
873,2014-02-01,6.638319880952381,672,1.0
873,2014-03-01,12.625862911051213,742,0.9973118279569892
873,2014-04-01,34.303417320644215,683,0.9486111111111111
873,2014-05-01,72.35877065860214,744,1.0
873,2014-06-01,64.21636781337047,718,0.9972222222222222
873,2014-07-01,70.81398467025572,743,0.9986559139784946
873,2014-08-01,57.23524783310902,743,0.9986559139784946
873,2014-09-01,30.230927715959005,683,0.9486111111111111
873,2014-10-01,10.078287690217392,736,0.989247311827957
873,2014-11-01,5.510113165969316,717,0.9958333333333333
873,2014-12-01,5.551996823687753,743,0.9986559139784946
873,2015-01-01,7.888460592991914,742,0.9973118279569892
873,2015-02-01,13.778110386904762,672,1.0
873,2015-03-01,13.488451959183672,735,0.9879032258064516
873,2015-04-01,33.70920583094556,698,0.9694444444444444
873,2015-05-01,71.26021495276653,741,0.9959677419354839
873,2015-06-01,65.5636651046025,717,0.9958333333333333
873,2015-07-01,64.05429008086253,742,0.9973118279569892
873,2015-08-01,48.34927099863201,731,0.9825268817204301
873,2015-09-01,32.44565716272601,719,0.9986111111111111
873,2015-10-01,17.231749287634408,744,1.0
873,2015-11-01,6.5896011961057015,719,0.9986111111111111
873,2015-12-01,5.894128825136612,732,0.9838709677419355
873,2016-01-01,7.380173028169014,710,0.9543010752688172
873,2016-02-01,7.038698764367815,696,1.0
873,2016-03-01,15.957640539083558,742,0.9973118279569892
873,2016-04-01,41.30978902506964,718,0.9972222222222222
873,2016-05-01,72.22669742657342,715,0.9610215053763441
873,2016-06-01,108.37349161559888,718,0.9972222222222222
873,2016-07-01,72.56140901351351,740,0.9946236559139785
873,2016-08-01,47.53414920698925,744,1.0
873,2016-09-01,24.520937115666182,683,0.9486111111111111
873,2016-10-01,10.955168949522509,733,0.9852150537634409
873,2016-11-01,6.12306157082749,713,0.9902777777777778
873,2016-12-01,5.585776585365853,738,0.9919354838709677
873,2017-01-01,41.98417433198381,741,0.9959677419354839
873,2017-02-01,8.602889297458894,669,0.9955357142857143
873,2017-03-01,11.311149582210243,742,0.9973118279569892
873,2017-04-01,19.014014058577406,717,0.9958333333333333
873,2017-05-01,81.14749661705007,739,0.9932795698924731
873,2017-06-01,55.50696378830084,718,0.9972222222222222
873,2017-07-01,71.8891891891892,740,0.9946236559139785
873,2017-08-01,54.19535519125683,732,0.9838709677419355
873,2017-09-01,32.419220055710305,718,0.9972222222222222
873,2017-10-01,13.806495263870096,739,0.9932795698924731
873,2017-11-01,8.141043723554303,709,0.9847222222222223
873,2017-12-01,7.286874154262517,739,0.9932795698924731
873,2018-01-01,8.281842818428185,738,0.9919354838709677
873,2018-02-01,10.991031390134529,669,0.9955357142857143
873,2018-03-01,10.695121951219512,738,0.9919354838709677
873,2018-04-01,34.1182197496523,719,0.9986111111111111
873,2018-05-01,63.37570621468927,708,0.9516129032258065
873,2018-06-01,93.04050279329608,716,0.9944444444444445
873,2018-07-01,98.96891891891892,740,0.9946236559139785
873,2018-08-01,73.61943319838056,741,0.9959677419354839
873,2018-09-01,20.782426778242677,717,0.9958333333333333
873,2018-10-01,12.7088948787062,742,0.9973118279569892
873,2018-11-01,6.734177215189874,711,0.9875
873,2018-12-01,5.878706199460916,742,0.9973118279569892
873,2019-01-01,6.001351351351351,740,0.9946236559139785
873,2019-02-01,10.922388059701493,670,0.9970238095238095
873,2019-03-01,21.043243243243243,740,0.9946236559139785
873,2019-04-01,38.0,716,0.9944444444444445
873,2019-05-01,69.99451303155007,729,0.9798387096774194
873,2019-06-01,68.39275766016713,718,0.9972222222222222
873,2019-07-01,59.027137042062414,737,0.9905913978494624
873,2019-08-01,54.11843876177658,743,0.9986559139784946
873,2019-09-01,28.717482517482516,715,0.9930555555555556
873,2019-10-01,12.329268292682928,738,0.9919354838709677
873,2019-11-01,6.379166666666666,720,1.0
873,2019-12-01,5.622100954979536,733,0.9852150537634409
873,2020-01-01,9.128552097428958,739,0.9932795698924731
873,2020-02-01,7.930434782608696,690,0.9913793103448276
873,2020-03-01,9.8544474393531,742,0.9973118279569892
873,2020-04-01,21.766016713091922,718,0.9972222222222222
873,2020-05-01,46.98252688172043,744,1.0
873,2020-06-01,57.307371349095966,719,0.9986111111111111
873,2020-07-01,74.52517006802721,735,0.9879032258064516
873,2020-08-01,40.637837837837836,740,0.9946236559139785
873,2020-09-01,24.038888888888888,720,1.0
873,2020-10-01,10.157894736842104,741,0.9959677419354839
873,2020-11-01,6.061538461538461,715,0.9930555555555556
873,2020-12-01,4.7618403247631935,739,0.9932795698924731
873,2021-01-01,6.634278002699055,741,0.9959677419354839
873,2021-02-01,8.945619335347432,662,0.9851190476190477
873,2021-03-01,12.842696629213483,712,0.956989247311828
873,2021-04-01,22.298050139275766,718,0.9972222222222222
873,2021-05-01,70.43396226415095,742,0.9973118279569892
873,2021-06-01,72.98609179415855,719,0.9986111111111111
873,2021-07-01,58.00672947510094,743,0.9986559139784946
873,2021-08-01,46.46122448979592,735,0.9879032258064516
873,2021-09-01,23.35376044568245,718,0.9972222222222222
873,2021-10-01,8.218918918918918,740,0.9946236559139785
873,2021-11-01,6.718662952646239,718,0.9972222222222222
873,2021-12-01,8.78918918918919,740,0.9946236559139785
873,2022-01-01,5.784366576819407,742,0.9973118279569892
873,2022-02-01,18.00473186119874,634,0.9434523809523809
873,2022-03-01,11.523035230352303,738,0.9919354838709677
873,2022-04-01,19.40972222222222,720,1.0
873,2022-05-01,67.03576341127923,727,0.9771505376344086
873,2022-06-01,57.70810055865922,716,0.9944444444444445
873,2022-07-01,46.959514170040485,741,0.9959677419354839
873,2022-08-01,39.147098515519566,741,0.9959677419354839
873,2022-09-01,22.04728789986092,719,0.9986111111111111
873,2022-10-01,11.212162162162162,740,0.9946236559139785
873,2022-11-01,6.002785515320334,718,0.9972222222222222
873,2022-12-01,4.8726207906295755,683,0.918010752688172
873,2023-01-01,5.153417015341701,717,0.9637096774193549
873,2023-02-01,59.721804511278194,665,0.9895833333333334
873,2023-03-01,11.078061911170929,743,0.9986559139784946
873,2023-04-01,28.462290502793294,716,0.9944444444444445
873,2023-05-01,42.20945945945946,740,0.9946236559139785
873,2023-06-01,58.86750348675035,717,0.9958333333333333
873,2023-07-01,59.74024226110363,743,0.9986559139784946
873,2023-08-01,43.902702702702705,740,0.9946236559139785
873,2023-09-01,21.463143254520165,719,0.9986111111111111
873,2023-10-01,9.432614555256064,742,0.9973118279569892
873,2023-11-01,7.489568845618916,719,0.9986111111111111
873,2023-12-01,5.518867924528302,742,0.9973118279569892
873,2024-01-01,6.524475524475524,715,0.9610215053763441
873,2024-02-01,7.1717612809315865,687,0.9870689655172413
873,2024-03-01,8.016238159675236,739,0.9932795698924731
873,2024-04-01,21.348189415041784,718,0.9972222222222222
873,2024-05-01,73.46029609690444,743,0.9986559139784946
873,2024-06-01,44.03059805285118,719,0.9986111111111111
873,2024-07-01,57.80080753701211,743,0.9986559139784946
873,2024-08-01,43.51278600269179,743,0.9986559139784946
873,2024-09-01,20.390820584144645,719,0.9986111111111111
873,2024-10-01,9.635627530364372,741,0.9959677419354839
873,2024-11-01,4.494428969359332,718,0.9972222222222222
873,2024-12-01,4.4110512129380055,742,0.9973118279569892
873,2025-01-01,5.553908355795148,742,0.9973118279569892
873,2025-02-01,9.905970149253731,670,0.9970238095238095
873,2025-03-01,7.532974427994616,743,0.9986559139784946
873,2025-04-01,26.19471488178025,719,0.9986111111111111
873,2025-05-01,42.53566621803499,743,0.9986559139784946
873,2025-06-01,61.813630041724615,719,0.9986111111111111
873,2025-07-01,57.22773722627737,685,0.9206989247311828
873,2025-08-01,37.2722371967655,742,0.9973118279569892
873,2025-09-01,15.37134909596662,719,0.9986111111111111
873,2025-10-01,7.344640434192673,737,0.9905913978494624
873,2025-11-01,5.735376044568246,718,0.9972222222222222
873,2025-12-01,4.282517482517482,715,0.9610215053763441
873,2026-01-01,12.322537112010796,741,0.9959677419354839
873,2026-02-01,4.901345291479821,669,0.9955357142857143
873,2026-03-01,8.542625169147497,739,0.9932795698924731
873,2026-04-01,22.816783216783218,715,0.9930555555555556
873,2026-05-01,65.67432432432433,740,0.9946236559139785
873,2026-06-01,46.71627260083449,719,0.9986111111111111
873,2026-07-01,45.87735849056604,742,0.9973118279569892
873,2026-08-01,39.15746971736205,743,0.9986559139784946
873,2026-09-01,27.58957654723127,307,0.4263888888888889
874,2012-05-01,201.80615344642857,168,0.22580645161290322
874,2012-06-01,550.8246666666666,12,0.016666666666666666
874,2013-01-01,14.632968309455586,349,0.46908602150537637
874,2013-02-01,11.584744232488822,671,0.9985119047619048
874,2013-03-01,103.57640531914893,141,0.18951612903225806
874,2013-04-01,25.637210404494382,445,0.6180555555555556
874,2013-05-01,25.01142846381093,677,0.9099462365591398
874,2013-06-01,35.631770864197534,81,0.1125
874,2013-07-01,73.22209403985508,552,0.7419354838709677
874,2013-09-01,32.54441717005545,541,0.7513888888888889
874,2013-10-01,144.25402920704846,227,0.30510752688172044
874,2013-11-01,240.9060593392857,336,0.4666666666666667
874,2013-12-01,42.681884102564105,273,0.36693548387096775
874,2014-01-01,74.7356027724719,356,0.478494623655914
874,2014-02-01,35.62224237394958,238,0.3541666666666667
874,2014-03-01,26.842057643758764,713,0.9583333333333334
874,2014-04-01,24.543482708333336,720,1.0
874,2014-05-01,27.855803965053763,744,1.0
874,2014-06-01,22.022918736111112,720,1.0
874,2014-07-01,31.2106250672043,744,1.0
874,2014-08-01,31.67261583333333,744,1.0
874,2014-09-01,25.596953541666668,720,1.0
874,2014-10-01,30.415540701754384,741,0.9959677419354839
874,2014-11-01,23.889467013888886,720,1.0
874,2014-12-01,24.47598630376344,744,1.0
874,2015-01-01,29.46230559139785,744,1.0
874,2015-02-01,46.86783892857143,672,1.0
874,2015-03-01,18.370508068669526,233,0.3131720430107527
874,2015-04-01,0.16785118080667594,719,0.9986111111111111
874,2015-05-01,36.78134626666667,450,0.6048387096774194
874,2015-06-01,30.88068375,720,1.0
874,2015-07-01,30.74150685483871,744,1.0
874,2015-08-01,28.30992008141113,737,0.9905913978494624
874,2015-09-01,27.55226095833333,720,1.0
874,2015-10-01,29.361882137096774,744,1.0
874,2015-11-01,27.457045861111112,720,1.0
874,2015-12-01,28.122164986559138,744,1.0
874,2016-01-01,36.86726959677419,744,1.0
874,2016-02-01,34.09833627873564,696,1.0
874,2016-03-01,45.669046854838705,744,1.0
874,2016-04-01,32.92806016689847,719,0.9986111111111111
874,2016-05-01,36.876657343532685,719,0.9663978494623656
874,2016-06-01,26.65710596385542,166,0.23055555555555557
874,2016-07-01,19.297182194092827,711,0.9556451612903226
874,2016-08-01,24.531723397058823,680,0.9139784946236559
874,2016-09-01,31.772382180555557,720,1.0
874,2016-10-01,22.209057129186604,418,0.5618279569892473
874,2016-11-01,22.39240201980198,505,0.7013888888888888
874,2016-12-01,21.69432359832636,717,0.9637096774193549
874,2017-01-01,25.58917610215054,744,1.0
874,2017-02-01,23.848632931654677,556,0.8273809523809523
874,2017-03-01,22.380224772727274,396,0.532258064516129
874,2017-07-01,1.0,1,0.0013440860215053765
874,2017-08-01,1.6904761904761905,42,0.056451612903225805
874,2017-09-01,13.0,2,0.002777777777777778
874,2017-10-01,1.2222222222222223,9,0.012096774193548387
874,2017-11-01,9.799342105263158,304,0.4222222222222222
874,2017-12-01,7.809973045822103,742,0.9973118279569892
874,2018-01-01,9.020361990950226,442,0.5940860215053764
874,2018-03-01,9.988721804511279,532,0.7150537634408602
874,2018-04-01,23.477051460361615,719,0.9986111111111111
874,2018-05-01,30.116689280868385,737,0.9905913978494624
874,2018-06-01,42.19914040114613,698,0.9694444444444444
874,2018-07-01,42.990566037735846,742,0.9973118279569892
874,2018-08-01,27.56140350877193,741,0.9959677419354839
874,2018-09-01,11.030898876404494,712,0.9888888888888889
874,2018-10-01,9.598591549295774,710,0.9543010752688172
874,2018-11-01,4.895543175487465,718,0.9972222222222222
874,2018-12-01,8.438430311231393,739,0.9932795698924731
874,2019-01-01,4.697173620457605,743,0.9986559139784946
874,2019-02-01,11.141579731743667,671,0.9985119047619048
874,2019-03-01,19.611336032388664,741,0.9959677419354839
874,2019-04-01,23.002980625931446,671,0.9319444444444445
874,2019-05-01,32.35734072022161,722,0.9704301075268817
874,2019-06-01,24.712056737588654,705,0.9791666666666666
874,2019-07-01,18.5609756097561,738,0.9919354838709677
874,2019-08-01,23.46657571623465,733,0.9852150537634409
874,2019-09-01,11.45125348189415,718,0.9972222222222222
874,2019-10-01,8.347708894878707,742,0.9973118279569892
874,2019-11-01,4.567208271787297,677,0.9402777777777778
874,2019-12-01,4.942204301075269,744,1.0
874,2020-01-01,8.537837837837838,740,0.9946236559139785
874,2020-02-01,6.681096681096681,693,0.9956896551724138
874,2020-03-01,9.076923076923077,741,0.9959677419354839
874,2020-04-01,16.747206703910614,716,0.9944444444444445
874,2020-05-01,24.576819407008085,742,0.9973118279569892
874,2020-06-01,20.328690807799443,718,0.9972222222222222
874,2020-07-01,24.327493261455526,742,0.9973118279569892
874,2020-08-01,16.835579514824797,742,0.9973118279569892
874,2020-09-01,15.808333333333334,720,1.0
874,2020-10-01,10.044534412955466,741,0.9959677419354839
874,2020-11-01,7.173611111111111,720,1.0
874,2020-12-01,4.714285714285714,742,0.9973118279569892
874,2021-01-01,5.997175141242938,708,0.9516129032258065
874,2021-02-01,6.035603715170279,646,0.9613095238095238
874,2021-03-01,9.471698113207546,742,0.9973118279569892
874,2021-04-01,12.894810659186536,713,0.9902777777777778
874,2021-05-01,22.719298245614034,741,0.9959677419354839
874,2021-06-01,28.167364016736403,717,0.9958333333333333
874,2021-07-01,23.441453566621803,743,0.9986559139784946
874,2021-08-01,17.171390013495277,741,0.9959677419354839
874,2021-09-01,10.352367688022284,718,0.9972222222222222
874,2021-10-01,5.569832402234637,716,0.9623655913978495
874,2021-11-01,5.0,717,0.9958333333333333
874,2021-12-01,11.987886944818305,743,0.9986559139784946
874,2022-01-01,4.283983849259758,743,0.9986559139784946
874,2022-02-01,22.122149837133552,614,0.9136904761904762
874,2022-03-01,10.53099730458221,742,0.9973118279569892
874,2022-04-01,10.918767507002801,714,0.9916666666666667
874,2022-05-01,21.808882907133242,743,0.9986559139784946
874,2022-06-01,22.766016713091922,718,0.9972222222222222
874,2022-07-01,15.369272237196766,742,0.9973118279569892
874,2022-08-01,14.928571428571429,742,0.9973118279569892
874,2022-09-01,11.036549707602338,684,0.95
874,2022-10-01,6.552702702702702,740,0.9946236559139785
874,2022-11-01,5.0476190476190474,714,0.9916666666666667
874,2022-12-01,3.877266387726639,717,0.9637096774193549
874,2023-01-01,4.880920162381597,739,0.9932795698924731
874,2023-02-01,45.019490254872565,667,0.9925595238095238
874,2023-03-01,7.944444444444445,738,0.9919354838709677
874,2023-04-01,10.506983240223464,716,0.9944444444444445
874,2023-05-01,17.667117726657647,739,0.9932795698924731
874,2023-06-01,19.83810888252149,698,0.9694444444444444
874,2023-07-01,24.558704453441294,741,0.9959677419354839
874,2023-08-01,20.194594594594594,740,0.9946236559139785
874,2023-09-01,9.170153417015342,717,0.9958333333333333
874,2023-10-01,8.082321187584345,741,0.9959677419354839
874,2023-11-01,4.809593023255814,688,0.9555555555555556
874,2023-12-01,2.684797768479777,717,0.9637096774193549
874,2024-01-01,2.8184480234260616,683,0.918010752688172
874,2024-02-01,6.044274809160306,655,0.9410919540229885
874,2024-03-01,7.192722371967655,742,0.9973118279569892
874,2024-04-01,13.185495118549511,717,0.9958333333333333
874,2024-05-01,30.524966261808366,741,0.9959677419354839
874,2024-06-01,14.736768802228413,718,0.9972222222222222
874,2024-07-01,26.795945945945945,740,0.9946236559139785
874,2024-08-01,17.29850746268657,737,0.9905913978494624
874,2024-09-01,9.156424581005586,716,0.9944444444444445
874,2024-10-01,6.533033033033033,666,0.8951612903225806
874,2024-11-01,4.370266479663394,713,0.9902777777777778
874,2024-12-01,4.670715249662618,741,0.9959677419354839
874,2025-01-01,4.492597577388963,743,0.9986559139784946
874,2025-02-01,10.34451219512195,656,0.9761904761904762
874,2025-03-01,7.6347708894878705,742,0.9973118279569892
874,2025-04-01,15.231520223152023,717,0.9958333333333333
874,2025-05-01,21.27088948787062,742,0.9973118279569892
874,2025-06-01,32.95944055944056,715,0.9930555555555556
874,2025-07-01,23.504076086956523,736,0.989247311827957
874,2025-08-01,17.972972972972972,740,0.9946236559139785
874,2025-09-01,12.765690376569038,717,0.9958333333333333
874,2025-10-01,5.8605633802816905,710,0.9543010752688172
874,2025-11-01,5.196629213483146,712,0.9888888888888889
874,2025-12-01,3.305389221556886,668,0.8978494623655914
874,2026-01-01,9.837618403247632,739,0.9932795698924731
874,2026-02-01,3.910179640718563,668,0.9940476190476191
874,2026-03-01,8.54847645429363,722,0.9704301075268817
874,2026-04-01,15.512676056338028,710,0.9861111111111112
874,2026-05-01,26.880758807588077,738,0.9919354838709677
874,2026-06-01,23.401673640167363,717,0.9958333333333333
874,2026-07-01,24.17479674796748,738,0.9919354838709677
874,2026-08-01,14.742895805142084,739,0.9932795698924731
874,2026-09-01,10.563106796116505,309,0.42916666666666664
875,2012-04-01,36.31961026570048,414,0.575
875,2012-05-01,71.83095897580645,744,1.0
875,2012-06-01,62.953937170694864,662,0.9194444444444444
875,2012-07-01,68.47606588709677,744,1.0
875,2012-08-01,45.848190855920116,701,0.9422043010752689
875,2012-09-01,29.370114316666665,720,1.0
875,2012-10-01,113.21471623719675,742,0.9973118279569892
875,2012-11-01,12.92683642339833,718,0.9972222222222222
875,2012-12-01,6.411364790794979,717,0.9637096774193549
875,2013-01-01,9.790396531986532,594,0.7983870967741935
875,2013-02-01,8.288148446455505,663,0.9866071428571429
875,2013-03-01,16.299851244695898,707,0.9502688172043011
875,2013-04-01,28.907800222551927,674,0.9361111111111111
875,2013-05-01,72.1357614363885,731,0.9825268817204301
875,2013-06-01,48.20389831944445,720,1.0
875,2013-07-01,52.1155024291498,741,0.9959677419354839
875,2013-08-01,51.74187812668464,742,0.9973118279569892
875,2013-09-01,33.23796674547983,719,0.9986111111111111
875,2013-10-01,10.727634852734923,713,0.9583333333333334
875,2013-11-01,5.893381974965229,719,0.9986111111111111
875,2013-12-01,6.073789986522911,742,0.9973118279569892
875,2014-01-01,10.797233373860182,658,0.8844086021505376
875,2014-02-01,6.894757134146341,656,0.9761904761904762
875,2014-03-01,12.264169810298103,738,0.9919354838709677
875,2014-04-01,28.899923271889403,651,0.9041666666666667
875,2014-05-01,56.60173909946237,744,1.0
875,2014-06-01,40.477201520223154,717,0.9958333333333333
875,2014-07-01,63.9175447983871,744,1.0
875,2014-08-01,54.37399599190283,741,0.9959677419354839
875,2014-09-01,27.27821321279555,719,0.9986111111111111
875,2014-10-01,11.673228894878706,742,0.9973118279569892
875,2014-11-01,6.085413296244784,719,0.9986111111111111
875,2014-12-01,5.765010986486486,740,0.9946236559139785
875,2015-01-01,7.109248359046283,713,0.9583333333333334
875,2015-02-01,18.245545141579733,671,0.9985119047619048
875,2015-03-01,18.649231807580172,686,0.9220430107526881
875,2015-04-01,27.991176153846155,715,0.9930555555555556
875,2015-05-01,56.0476482795699,744,1.0
875,2015-06-01,57.83279518678161,696,0.9666666666666667
875,2015-07-01,62.55975383468835,738,0.9919354838709677
875,2015-08-01,40.82333304993253,741,0.9959677419354839
875,2015-09-01,25.77662569637883,718,0.9972222222222222
875,2015-10-01,17.659983940620783,741,0.9959677419354839
875,2015-11-01,9.52690910739191,717,0.9958333333333333
875,2015-12-01,6.100195389876881,731,0.9825268817204301
875,2016-01-01,8.637569446693657,741,0.9959677419354839
875,2016-02-01,6.854933131313131,693,0.9956896551724138
875,2016-03-01,14.945736330645161,744,1.0
875,2016-04-01,46.47259875175316,713,0.9902777777777778
875,2016-05-01,78.99077402985074,737,0.9905913978494624
875,2016-06-01,90.02514000000001,716,0.9944444444444445
875,2016-07-01,60.301970204081634,735,0.9879032258064516
875,2016-08-01,43.39079686827957,744,1.0
875,2016-09-01,24.73154832869081,718,0.9972222222222222
875,2016-10-01,12.42827919945726,737,0.9905913978494624
875,2016-11-01,5.0056113426573425,715,0.9930555555555556
875,2016-12-01,4.295200365358593,739,0.9932795698924731
875,2017-01-01,11.315166086369771,741,0.9959677419354839
875,2017-02-01,8.93698958271237,671,0.9985119047619048
875,2017-03-01,12.258828854447438,742,0.9973118279569892
875,2017-04-01,24.07934715877437,718,0.9972222222222222
875,2017-05-01,64.51081081081081,740,0.9946236559139785
875,2017-06-01,57.296657381615596,718,0.9972222222222222
875,2017-07-01,58.80763983628922,733,0.9852150537634409
875,2017-08-01,39.6644204851752,742,0.9973118279569892
875,2017-09-01,29.814763231197773,718,0.9972222222222222
875,2017-10-01,11.981132075471699,742,0.9973118279569892
875,2017-11-01,9.0406162464986,714,0.9916666666666667
875,2017-12-01,6.455525606469003,742,0.9973118279569892
875,2018-01-01,7.4089068825910935,741,0.9959677419354839
875,2018-02-01,10.83134328358209,670,0.9970238095238095
875,2018-03-01,11.953296703296703,728,0.978494623655914
875,2018-04-01,40.889972144846794,718,0.9972222222222222
875,2018-05-01,61.199186991869915,738,0.9919354838709677
875,2018-06-01,75.68518518518519,702,0.975
875,2018-07-01,95.19407008086253,742,0.9973118279569892
875,2018-08-01,64.26081081081081,740,0.9946236559139785
875,2018-09-01,20.678321678321677,715,0.9930555555555556
875,2018-10-01,13.496607869742197,737,0.9905913978494624
875,2018-11-01,8.02683615819209,708,0.9833333333333333
875,2018-12-01,6.47843665768194,742,0.9973118279569892
875,2019-01-01,7.636977058029689,741,0.9959677419354839
875,2019-02-01,13.997019374068554,671,0.9985119047619048
875,2019-03-01,21.220708446866485,734,0.9865591397849462
875,2019-04-01,33.72841225626741,718,0.9972222222222222
875,2019-05-01,63.35983827493261,742,0.9973118279569892
875,2019-06-01,52.15481171548117,717,0.9958333333333333
875,2019-07-01,51.002702702702706,740,0.9946236559139785
875,2019-08-01,57.42664872139973,743,0.9986559139784946
875,2019-09-01,23.13649025069638,718,0.9972222222222222
875,2019-10-01,12.708843537414966,735,0.9879032258064516
875,2019-11-01,8.121338912133892,717,0.9958333333333333
875,2019-12-01,7.538565629228687,739,0.9932795698924731
875,2020-01-01,11.315555555555555,675,0.907258064516129
875,2020-02-01,8.979228486646884,674,0.9683908045977011
875,2020-03-01,11.906944444444445,720,0.967741935483871
875,2020-04-01,27.862937062937064,715,0.9930555555555556
875,2020-05-01,57.12049861495845,722,0.9704301075268817
875,2020-06-01,47.61834319526627,676,0.9388888888888889
875,2020-07-01,59.755405405405405,740,0.9946236559139785
875,2020-08-01,42.58601398601399,715,0.9610215053763441
875,2020-09-01,27.87308228730823,717,0.9958333333333333
875,2020-10-01,11.283765347885403,733,0.9852150537634409
875,2020-11-01,8.668523676880223,718,0.9972222222222222
875,2020-12-01,6.232118758434548,741,0.9959677419354839
875,2021-01-01,7.095816464237517,741,0.9959677419354839
875,2021-02-01,7.528716216216216,592,0.8809523809523809
875,2021-03-01,11.432249322493226,738,0.9919354838709677
875,2021-04-01,21.76437587657784,713,0.9902777777777778
875,2021-05-01,47.453566621803496,743,0.9986559139784946
875,2021-06-01,70.12831241283124,717,0.9958333333333333
875,2021-07-01,66.25876010781671,742,0.9973118279569892
875,2021-08-01,34.1889338731444,741,0.9959677419354839
875,2021-09-01,21.09090909090909,715,0.9930555555555556
875,2021-10-01,10.209742895805142,739,0.9932795698924731
875,2021-11-01,8.153631284916202,716,0.9944444444444445
875,2021-12-01,19.986522911051214,742,0.9973118279569892
875,2022-01-01,7.071718538565629,739,0.9932795698924731
875,2022-02-01,25.73502994011976,668,0.9940476190476191
875,2022-03-01,13.214574898785425,741,0.9959677419354839
875,2022-04-01,20.514644351464437,717,0.9958333333333333
875,2022-05-01,50.9553450608931,739,0.9932795698924731
875,2022-06-01,53.46861924686193,717,0.9958333333333333
875,2022-07-01,48.1,740,0.9946236559139785
875,2022-08-01,31.914634146341463,738,0.9919354838709677
875,2022-09-01,22.049226441631504,711,0.9875
875,2022-10-01,9.872801082543978,739,0.9932795698924731
875,2022-11-01,8.078762306610408,711,0.9875
875,2022-12-01,6.030812324929972,714,0.9596774193548387
875,2023-01-01,7.256756756756757,740,0.9946236559139785
875,2023-02-01,45.63704819277108,664,0.9880952380952381
875,2023-03-01,10.25575101488498,739,0.9932795698924731
875,2023-04-01,17.84453781512605,714,0.9916666666666667
875,2023-05-01,35.35190217391305,736,0.989247311827957
875,2023-06-01,48.757532281205165,697,0.9680555555555556
875,2023-07-01,59.197031039136306,741,0.9959677419354839
875,2023-08-01,45.555858310626704,734,0.9865591397849462
875,2023-09-01,18.245467224546722,717,0.9958333333333333
875,2023-10-01,12.237127371273713,738,0.9919354838709677
875,2023-11-01,9.23836389280677,709,0.9847222222222223
875,2023-12-01,7.433198380566802,741,0.9959677419354839
875,2024-01-01,5.791666666666667,720,0.967741935483871
875,2024-02-01,8.017291066282421,694,0.9971264367816092
875,2024-03-01,8.985175202156334,742,0.9973118279569892
875,2024-04-01,24.435146443514643,717,0.9958333333333333
875,2024-05-01,72.69811320754717,742,0.9973118279569892
875,2024-06-01,39.41480446927374,716,0.9944444444444445
875,2024-07-01,52.65948855989233,743,0.9986559139784946
875,2024-08-01,39.74089068825911,741,0.9959677419354839
875,2024-09-01,18.941504178272982,718,0.9972222222222222
875,2024-10-01,9.281081081081082,740,0.9946236559139785
875,2024-11-01,6.5083798882681565,716,0.9944444444444445
875,2024-12-01,7.344640434192673,737,0.9905913978494624
875,2025-01-01,7.024226110363392,743,0.9986559139784946
875,2025-02-01,13.974164133738602,658,0.9791666666666666
875,2025-03-01,10.421265141318978,743,0.9986559139784946
875,2025-04-01,27.381615598885794,718,0.9972222222222222
875,2025-05-01,48.77628032345014,742,0.9973118279569892
875,2025-06-01,75.18487394957984,714,0.9916666666666667
875,2025-07-01,56.312247644683715,743,0.9986559139784946
875,2025-08-01,37.82210242587601,742,0.9973118279569892
875,2025-09-01,20.58692628650904,719,0.9986111111111111
875,2025-10-01,7.37618403247632,739,0.9932795698924731
875,2025-11-01,5.9851190476190474,672,0.9333333333333333
875,2025-12-01,4.159029649595688,742,0.9973118279569892
875,2026-01-01,12.41025641025641,741,0.9959677419354839
875,2026-02-01,4.622388059701493,670,0.9970238095238095
875,2026-03-01,12.17092866756393,743,0.9986559139784946
875,2026-04-01,25.334728033472803,717,0.9958333333333333
875,2026-05-01,56.810554803788904,739,0.9932795698924731
875,2026-06-01,40.65459610027855,718,0.9972222222222222
875,2026-07-01,52.002702702702706,740,0.9946236559139785
875,2026-08-01,30.78488372093023,688,0.9247311827956989
875,2026-09-01,22.72491909385113,309,0.42916666666666664
878,2019-11-01,14.242424242424242,33,0.04583333333333333
878,2019-12-01,10.563172043010752,744,1.0
878,2020-01-01,18.385245901639344,732,0.9838709677419355
878,2020-02-01,13.545323741007195,695,0.9985632183908046
878,2020-03-01,12.326145552560646,742,0.9973118279569892
878,2020-04-01,35.57772020725388,386,0.5361111111111111
878,2020-05-01,88.47570332480818,391,0.5255376344086021
878,2020-06-01,65.4025069637883,718,0.9972222222222222
878,2020-07-01,71.085250338295,739,0.9932795698924731
878,2020-08-01,49.75039001560062,641,0.8615591397849462
878,2020-09-01,37.325452016689844,719,0.9986111111111111
878,2020-10-01,24.81401617250674,742,0.9973118279569892
878,2020-11-01,21.63187588152327,709,0.9847222222222223
878,2020-12-01,15.950953678474114,734,0.9865591397849462
878,2021-01-01,19.03927068723703,713,0.9583333333333334
878,2021-02-01,18.057488653555218,661,0.9836309523809523
878,2021-03-01,21.987603305785125,726,0.9758064516129032
878,2021-04-01,30.63187588152327,709,0.9847222222222223
878,2021-05-01,64.26601671309193,718,0.9650537634408602
878,2021-06-01,46.69601328903654,602,0.8361111111111111
878,2021-07-01,21.43621399176955,729,0.9798387096774194
878,2021-08-01,21.535714285714285,728,0.978494623655914
878,2021-09-01,12.30901287553648,699,0.9708333333333333
878,2021-10-01,8.5808,625,0.8400537634408602
878,2021-11-01,6.467343976777939,689,0.9569444444444445
878,2021-12-01,13.742028985507247,690,0.9274193548387096
878,2022-01-01,7.812233285917497,703,0.9448924731182796
878,2022-02-01,12.375212224108658,589,0.8764880952380952
878,2022-03-01,11.283497884344147,709,0.9529569892473119
878,2022-04-01,31.185449358059916,701,0.9736111111111111
878,2022-05-01,61.87694483734088,707,0.9502688172043011
878,2022-06-01,46.544668587896254,694,0.9638888888888889
878,2022-07-01,48.549511854951184,717,0.9637096774193549
878,2022-08-01,42.46666666666667,720,0.967741935483871
878,2022-09-01,32.789346246973366,413,0.5736111111111111
878,2022-10-01,13.005449591280653,367,0.4932795698924731
878,2022-11-01,12.049019607843137,714,0.9916666666666667
878,2022-12-01,10.900142653352354,701,0.9422043010752689
878,2023-01-01,9.708154506437769,699,0.9395161290322581
878,2023-02-01,27.950657894736842,608,0.9047619047619048
878,2023-03-01,12.010043041606886,697,0.9368279569892473
878,2023-04-01,23.33428981348637,697,0.9680555555555556
878,2023-05-01,61.84573002754821,726,0.9758064516129032
878,2023-06-01,65.33764367816092,696,0.9666666666666667
878,2023-07-01,62.913978494623656,651,0.875
878,2023-08-01,50.96725784447476,733,0.9852150537634409
878,2023-09-01,23.610787172011662,686,0.9527777777777777
878,2023-10-01,15.571134020618556,485,0.6518817204301075
878,2023-11-01,9.2882096069869,687,0.9541666666666667
878,2023-12-01,6.8698224852071,676,0.9086021505376344
878,2024-01-01,7.769452449567724,694,0.9327956989247311
878,2024-02-01,7.634408602150538,558,0.8017241379310345
878,2024-03-01,8.867036011080332,722,0.9704301075268817
878,2024-04-01,24.952173913043477,690,0.9583333333333334
878,2024-05-01,80.14557823129252,735,0.9879032258064516
878,2024-06-01,37.50098231827112,509,0.7069444444444445
878,2024-07-01,90.53125,736,0.989247311827957
878,2024-08-01,54.18041958041958,715,0.9610215053763441
878,2024-09-01,21.87272727272727,715,0.9930555555555556
878,2024-10-01,15.64169381107492,614,0.8252688172043011
878,2024-11-01,11.571969696969697,528,0.7333333333333333
878,2024-12-01,9.144827586206896,580,0.7795698924731183
878,2025-01-01,7.619230769230769,520,0.6989247311827957
878,2025-02-01,15.283246977547496,579,0.8616071428571429
878,2025-03-01,11.817403708987161,701,0.9422043010752689
878,2025-04-01,30.658246656760774,673,0.9347222222222222
878,2025-05-01,75.24932249322494,738,0.9919354838709677
878,2025-06-01,113.28807947019868,604,0.8388888888888889
878,2025-07-01,73.37707182320442,724,0.9731182795698925
878,2025-08-01,42.75244755244755,715,0.9610215053763441
878,2025-09-01,21.817619783616692,647,0.8986111111111111
878,2025-10-01,11.469359331476323,718,0.9650537634408602
878,2025-11-01,9.590651558073654,706,0.9805555555555555
878,2025-12-01,8.333848531684698,647,0.8696236559139785
878,2026-01-01,9.457063711911358,722,0.9704301075268817
878,2026-02-01,7.031298904538341,639,0.9508928571428571
878,2026-03-01,10.60875512995896,731,0.9825268817204301
878,2026-04-01,30.5,710,0.9861111111111112
878,2026-05-01,75.55890410958904,730,0.9811827956989247
878,2026-06-01,66.18014184397163,705,0.9791666666666666
878,2026-07-01,50.94613259668508,724,0.9731182795698925
878,2026-08-01,38.33605442176871,735,0.9879032258064516
878,2026-09-01,18.153558052434455,267,0.37083333333333335
879,2020-12-01,9.425414364640885,181,0.24327956989247312
879,2021-01-01,15.217821782178218,707,0.9502688172043011
879,2021-02-01,15.67100977198697,614,0.9136904761904762
879,2021-03-01,18.914634146341463,738,0.9919354838709677
879,2021-04-01,30.707602339181285,684,0.95
879,2021-05-01,52.81994459833795,722,0.9704301075268817
879,2021-06-01,35.24528301886792,159,0.22083333333333333
879,2021-07-01,60.32142857142857,532,0.7150537634408602
879,2021-08-01,42.63662374821173,699,0.9395161290322581
879,2021-09-01,25.0,720,1.0
879,2021-10-01,19.149595687331537,742,0.9973118279569892
879,2021-11-01,9.673374613003096,646,0.8972222222222223
879,2021-12-01,9.194444444444445,36,0.04838709677419355
879,2022-01-01,11.85632183908046,348,0.46774193548387094
879,2022-02-01,15.29073482428115,626,0.9315476190476191
879,2022-03-01,14.66472303206997,343,0.46102150537634407
879,2022-04-01,34.06185567010309,194,0.26944444444444443
879,2022-06-01,40.953804347826086,368,0.5111111111111111
879,2022-07-01,35.10121457489878,741,0.9959677419354839
879,2022-08-01,36.655450874831764,743,0.9986559139784946
879,2022-09-01,25.723226703755216,719,0.9986111111111111
879,2022-10-01,13.977119784656796,743,0.9986559139784946
879,2022-11-01,8.781032078103207,717,0.9958333333333333
879,2022-12-01,5.325,720,0.967741935483871
879,2023-01-01,7.345013477088949,742,0.9973118279569892
879,2023-02-01,29.81303602058319,583,0.8675595238095238
879,2023-03-01,6.126514131897712,743,0.9986559139784946
879,2023-04-01,14.865819209039548,708,0.9833333333333333
879,2023-05-01,33.254374158815615,743,0.9986559139784946
879,2023-06-01,36.80892608089261,717,0.9958333333333333
879,2023-07-01,36.53086419753087,729,0.9798387096774194
879,2023-08-01,32.1945945945946,740,0.9946236559139785
879,2023-09-01,17.484679665738163,718,0.9972222222222222
879,2023-10-01,14.080645161290322,558,0.75
879,2024-05-01,47.73684210526316,19,0.025537634408602152
879,2024-06-01,19.51223241590214,654,0.9083333333333333
879,2024-07-01,60.15533980582524,618,0.8306451612903226
879,2024-08-01,43.62243285939969,633,0.8508064516129032
879,2024-09-01,23.804659498207887,558,0.775
879,2024-10-01,17.875370919881306,674,0.9059139784946236
879,2024-11-01,10.637517630465444,709,0.9847222222222223
879,2024-12-01,10.218125960061444,651,0.875
879,2025-01-01,8.562162162162162,740,0.9946236559139785
879,2025-02-01,8.995391705069125,651,0.96875
879,2025-03-01,10.629878869448182,743,0.9986559139784946
879,2025-04-01,22.2125,720,1.0
879,2025-05-01,38.761538461538464,650,0.8736559139784946
879,2025-06-01,50.92777777777778,720,1.0
879,2025-07-01,41.53360215053763,744,1.0
879,2025-08-01,27.232526881720432,744,1.0
879,2025-09-01,15.23611111111111,720,1.0
879,2025-10-01,8.77016129032258,744,1.0
879,2025-11-01,4.3597222222222225,720,1.0
879,2025-12-01,3.506720430107527,744,1.0
879,2026-01-01,5.064516129032258,744,1.0
879,2026-02-01,4.428571428571429,672,1.0
879,2026-03-01,7.099462365591398,744,1.0
879,2026-04-01,19.49861111111111,720,1.0
879,2026-05-01,37.85349462365591,744,1.0
879,2026-06-01,35.87638888888889,720,1.0
879,2026-07-01,26.482526881720432,744,1.0
879,2026-08-01,22.576923076923077,702,0.9435483870967742
879,2026-09-01,14.035483870967742,310,0.4305555555555556
880,2020-12-01,9.23076923076923,182,0.2446236559139785
880,2021-01-01,12.720670391061452,716,0.9623655913978495
880,2021-02-01,5.43796992481203,532,0.7916666666666666
880,2021-03-01,14.656609195402298,696,0.9354838709677419
880,2021-04-01,24.506493506493506,693,0.9625
880,2021-05-01,37.927792915531334,734,0.9865591397849462
880,2021-06-01,29.30715532286213,573,0.7958333333333333
880,2021-07-01,42.647590361445786,332,0.44623655913978494
880,2021-08-01,27.33903576982893,643,0.864247311827957
880,2021-09-01,19.64761904761905,630,0.875
880,2021-10-01,15.811373092926491,721,0.9690860215053764
880,2021-11-01,10.894297635605007,719,0.9986111111111111
880,2021-12-01,1.1111111111111112,18,0.024193548387096774
880,2022-01-01,9.272277227722773,202,0.271505376344086
880,2022-02-01,14.485842026825633,671,0.9985119047619048
880,2022-03-01,13.955585464333781,743,0.9986559139784946
880,2022-04-01,20.309192200557103,718,0.9972222222222222
880,2022-05-01,56.42370572207084,734,0.9865591397849462
880,2022-06-01,14.93175487465181,718,0.9972222222222222
880,2022-07-01,15.918956043956044,728,0.978494623655914
880,2022-08-01,18.242261103633915,743,0.9986559139784946
880,2022-09-01,15.044506258692628,719,0.9986111111111111
880,2022-10-01,6.5932432432432435,740,0.9946236559139785
880,2022-11-01,4.7972027972027975,715,0.9930555555555556
880,2022-12-01,4.162853297442799,743,0.9986559139784946
880,2023-01-01,4.40863309352518,695,0.9341397849462365
880,2023-02-01,16.83308042488619,659,0.9806547619047619
880,2023-03-01,7.551351351351351,740,0.9946236559139785
880,2023-04-01,13.283333333333333,720,1.0
880,2023-05-01,26.03972602739726,730,0.9811827956989247
880,2023-06-01,23.098981077147016,687,0.9541666666666667
880,2023-07-01,22.794871794871796,741,0.9959677419354839
880,2023-08-01,16.361559139784948,744,1.0
880,2023-09-01,10.445833333333333,720,1.0
880,2023-10-01,9.888288288288289,555,0.7459677419354839
880,2024-05-01,11.263157894736842,19,0.025537634408602152
880,2024-06-01,13.264150943396226,636,0.8833333333333333
880,2024-07-01,31.003367003367003,594,0.7983870967741935
880,2024-08-01,19.29172932330827,665,0.8938172043010753
880,2024-09-01,5.071739130434783,460,0.6388888888888888
880,2024-10-01,8.536986301369863,365,0.4905913978494624
880,2024-11-01,5.707983193277311,476,0.6611111111111111
880,2024-12-01,6.063197026022305,538,0.7231182795698925
880,2025-01-01,5.666666666666667,498,0.6693548387096774
880,2025-02-01,6.4719827586206895,464,0.6904761904761905
880,2025-03-01,6.2370517928286855,502,0.6747311827956989
880,2025-04-01,8.933431952662723,676,0.9388888888888889
880,2025-05-01,15.310144927536232,690,0.9274193548387096
880,2025-06-01,22.561969439728355,589,0.8180555555555555
880,2025-07-01,20.65497896213184,713,0.9583333333333334
880,2025-08-01,10.335674157303371,712,0.956989247311828
880,2025-09-01,7.429230769230769,650,0.9027777777777778
880,2025-10-01,6.263464337700146,687,0.9233870967741935
880,2025-11-01,4.270833333333333,672,0.9333333333333333
880,2025-12-01,3.4038461538461537,572,0.7688172043010753
880,2026-01-01,4.937608318890814,577,0.7755376344086021
880,2026-02-01,4.025553662691652,587,0.8735119047619048
880,2026-03-01,4.998639455782313,735,0.9879032258064516
880,2026-04-01,11.9576802507837,638,0.8861111111111111
880,2026-05-01,23.642473118279568,744,1.0
880,2026-06-01,25.42361111111111,720,1.0
880,2026-07-01,15.25,744,1.0
880,2026-08-01,14.39247311827957,744,1.0
880,2026-09-01,10.090196078431372,255,0.3541666666666667
881,2020-12-01,7.871559633027523,109,0.14650537634408603
881,2021-01-01,11.8841642228739,682,0.9166666666666666
881,2021-02-01,7.606334841628959,663,0.9866071428571429
881,2021-03-01,9.48567335243553,698,0.9381720430107527
881,2021-04-01,11.105008077544426,619,0.8597222222222223
881,2021-05-01,14.969044414535666,743,0.9986559139784946
881,2021-06-01,13.515277777777778,720,1.0
881,2021-07-01,17.155594405594407,572,0.7688172043010753
881,2021-08-01,12.59005376344086,744,1.0
881,2021-09-01,11.176388888888889,720,1.0
881,2021-10-01,41.91655450874832,743,0.9986559139784946
881,2021-11-01,11.191666666666666,720,1.0
881,2021-12-01,14.290322580645162,744,1.0
881,2022-01-01,7.108965517241379,725,0.9744623655913979
881,2022-02-01,11.15922619047619,672,1.0
881,2022-03-01,9.814516129032258,744,1.0
881,2022-04-01,10.734550561797754,712,0.9888888888888889
881,2022-05-01,18.446453407510432,719,0.9663978494623656
881,2022-06-01,10.475660639777468,719,0.9986111111111111
881,2022-07-01,17.057262569832403,716,0.9623655913978495
881,2022-08-01,12.57122905027933,716,0.9623655913978495
881,2022-09-01,11.019471488178025,719,0.9986111111111111
881,2022-10-01,7.053445850914206,711,0.9556451612903226
881,2022-11-01,8.65036231884058,552,0.7666666666666667
881,2022-12-01,8.181818181818182,726,0.9758064516129032
881,2023-01-01,8.153846153846153,728,0.978494623655914
881,2023-02-01,19.244011976047904,668,0.9940476190476191
881,2023-03-01,7.894520547945206,730,0.9811827956989247
881,2023-04-01,9.91279887482419,711,0.9875
881,2023-05-01,14.0,731,0.9825268817204301
881,2023-06-01,13.11961057023644,719,0.9986111111111111
881,2023-07-01,10.392422192151557,739,0.9932795698924731
881,2023-08-01,8.596774193548388,744,1.0
881,2023-09-01,6.197222222222222,720,1.0
881,2023-10-01,7.443089430894309,738,0.9919354838709677
881,2023-11-01,6.337062937062937,715,0.9930555555555556
881,2023-12-01,6.986559139784946,744,1.0
881,2024-01-01,8.595430107526882,744,1.0
881,2024-02-01,7.618497109826589,692,0.9942528735632183
881,2024-03-01,8.162460567823343,634,0.8521505376344086
881,2024-04-01,9.100409836065573,488,0.6777777777777778
881,2024-05-01,19.29850746268657,737,0.9905913978494624
881,2024-06-01,13.421418636995828,719,0.9986111111111111
881,2024-07-01,30.822580645161292,744,1.0
881,2024-08-01,24.545209176788124,741,0.9959677419354839
881,2024-09-01,19.511111111111113,720,1.0
881,2024-10-01,21.06368563685637,738,0.9919354838709677
881,2024-11-01,23.01392757660167,718,0.9972222222222222
881,2024-12-01,35.78629032258065,744,1.0
881,2025-01-01,31.892473118279568,744,1.0
881,2025-02-01,34.12143928035982,667,0.9925595238095238
881,2025-03-01,27.813172043010752,744,1.0
881,2025-04-01,8.151388888888889,720,1.0
881,2025-05-01,13.319407008086253,742,0.9973118279569892
881,2025-06-01,12.665277777777778,720,1.0
881,2025-07-01,11.901617250673855,742,0.9973118279569892
881,2025-08-01,8.510752688172044,744,1.0
881,2025-09-01,6.225,720,1.0
881,2025-10-01,5.491935483870968,744,1.0
881,2025-11-01,5.6819444444444445,720,1.0
881,2025-12-01,7.2136054421768705,735,0.9879032258064516
881,2026-01-01,8.642857142857142,742,0.9973118279569892
881,2026-02-01,6.496274217585693,671,0.9985119047619048
881,2026-03-01,7.617602427921093,659,0.885752688172043
881,2026-04-01,12.7875,720,1.0
881,2026-05-01,16.877688172043012,744,1.0
881,2026-06-01,14.507913669064749,695,0.9652777777777778
881,2026-07-01,8.15595075239398,731,0.9825268817204301
881,2026-08-01,8.811011904761905,672,0.9032258064516129
881,2026-09-01,7.090322580645161,310,0.4305555555555556
884,2021-02-01,19.0,1,0.001488095238095238
884,2021-03-01,11.900949796472185,737,0.9905913978494624
884,2021-04-01,23.59719789842382,571,0.7930555555555555
884,2021-05-01,57.59404600811908,739,0.9932795698924731
884,2021-06-01,55.566248256624824,717,0.9958333333333333
884,2021-07-01,47.49721448467967,718,0.9650537634408602
884,2021-08-01,36.47572815533981,721,0.9690860215053764
884,2021-09-01,22.17,700,0.9722222222222222
884,2021-10-01,10.137174211248285,729,0.9798387096774194
884,2021-11-01,8.844062947067238,699,0.9708333333333333
884,2021-12-01,11.217451523545707,722,0.9704301075268817
884,2022-01-01,7.582880434782608,736,0.989247311827957
884,2022-02-01,18.5962441314554,639,0.9508928571428571
884,2022-03-01,13.838068181818182,704,0.946236559139785
884,2022-04-01,16.558502340093604,641,0.8902777777777777
884,2022-05-01,51.55952380952381,672,0.9032258064516129
884,2022-06-01,45.52958579881657,676,0.9388888888888889
884,2022-07-01,37.4015625,640,0.8602150537634409
884,2022-08-01,35.80829756795422,699,0.9395161290322581
884,2022-09-01,19.162921348314608,712,0.9888888888888889
884,2022-10-01,10.389380530973451,678,0.9112903225806451
884,2022-11-01,8.958949096880131,609,0.8458333333333333
884,2022-12-01,8.401470588235295,680,0.9139784946236559
884,2023-01-01,11.009022556390978,665,0.8938172043010753
884,2023-02-01,69.38448844884489,606,0.9017857142857143
884,2023-03-01,11.717086834733893,714,0.9596774193548387
884,2023-04-01,25.320675105485233,711,0.9875
884,2023-05-01,39.02203856749311,726,0.9758064516129032
884,2023-06-01,49.51841359773371,706,0.9805555555555555
884,2023-07-01,46.34129213483146,712,0.956989247311828
884,2023-08-01,36.17546362339515,701,0.9422043010752689
884,2023-09-01,20.232142857142858,616,0.8555555555555555
884,2023-10-01,11.124285714285714,700,0.9408602150537635
884,2023-11-01,8.011678832116788,685,0.9513888888888888
884,2023-12-01,6.833806818181818,704,0.946236559139785
884,2024-01-01,9.011627906976743,688,0.9247311827956989
884,2024-02-01,9.10128617363344,622,0.8936781609195402
884,2024-03-01,11.987068965517242,696,0.9354838709677419
884,2024-04-01,20.37950937950938,693,0.9625
884,2024-05-01,67.56478873239436,710,0.9543010752688172
884,2024-06-01,39.57954545454545,704,0.9777777777777777
884,2024-07-01,43.74183006535948,306,0.4112903225806452
884,2024-10-01,11.718562874251496,167,0.22446236559139784
884,2024-11-01,8.12630014858841,673,0.9347222222222222
884,2024-12-01,8.45392022008253,727,0.9771505376344086
884,2025-01-01,8.337988826815643,716,0.9623655913978495
884,2025-02-01,13.246376811594203,621,0.9241071428571429
884,2025-03-01,9.447513812154696,724,0.9731182795698925
884,2025-04-01,23.60674157303371,712,0.9888888888888889
884,2025-05-01,44.84895104895105,715,0.9610215053763441
884,2025-06-01,55.54135338345865,665,0.9236111111111112
884,2025-07-01,45.2112676056338,710,0.9543010752688172
884,2025-08-01,35.193732193732195,702,0.9435483870967742
884,2025-09-01,15.706128133704736,718,0.9972222222222222
884,2025-10-01,6.085553997194951,713,0.9583333333333334
884,2025-11-01,5.905367231638418,708,0.9833333333333333
884,2025-12-01,4.484848484848484,726,0.9758064516129032
884,2026-01-01,11.745179063360881,726,0.9758064516129032
884,2026-02-01,5.537671232876712,584,0.8690476190476191
884,2026-03-01,7.601123595505618,712,0.956989247311828
884,2026-04-01,20.655122655122653,693,0.9625
884,2026-05-01,51.150227617602425,659,0.885752688172043
884,2026-06-01,42.671388101983005,706,0.9805555555555555
884,2026-07-01,33.372972972972974,740,0.9946236559139785
884,2026-08-01,27.885088919288645,731,0.9825268817204301
884,2026-09-01,19.39087947882736,307,0.4263888888888889
901,2000-01-01,2.15,2,0.002688172043010753
901,2008-12-01,9.149995,2,0.002688172043010753
901,2009-01-01,11.211340175656986,723,0.9717741935483871
901,2009-02-01,9.726040089285714,672,1.0
901,2009-03-01,17.094237057613167,729,0.9798387096774194
901,2009-04-01,61.16613048955224,670,0.9305555555555556
901,2009-05-01,93.37741496823205,724,0.9731182795698925
901,2009-06-01,86.06551337062938,715,0.9930555555555556
901,2009-07-01,125.78646618598383,742,0.9973118279569892
901,2009-08-01,42.12259802874494,741,0.9959677419354839
901,2009-09-01,40.16304548611111,720,1.0
901,2009-10-01,22.54623636608345,743,0.9986559139784946
901,2009-11-01,17.116531185714287,700,0.9722222222222222
901,2009-12-01,8.134046035665294,729,0.9798387096774194
901,2010-01-01,7.464379564247312,744,1.0
901,2010-02-01,8.95383254601227,652,0.9702380952380952
901,2010-03-01,11.35347727148704,733,0.9852150537634409
901,2010-04-01,46.609377180555555,720,1.0
901,2010-05-01,136.00276520080322,498,0.6693548387096774
901,2010-06-01,67.00630978927202,522,0.725
901,2010-07-01,27.8069127672956,159,0.21370967741935484
901,2010-08-01,63.44479192,125,0.16801075268817203
901,2010-09-01,56.78326296992481,532,0.7388888888888889
901,2010-10-01,22.597111612903227,589,0.7916666666666666
901,2010-11-01,14.56819880055788,717,0.9958333333333333
901,2010-12-01,14.447167479784365,742,0.9973118279569892
901,2011-01-01,22.558655273134328,670,0.9005376344086021
901,2011-02-01,20.011530891943128,633,0.9419642857142857
901,2011-03-01,26.493607730833336,720,0.967741935483871
901,2011-04-01,53.85060644572426,573,0.7958333333333333
901,2011-05-01,86.48914555314533,461,0.6196236559139785
901,2011-06-01,86.50329268138802,634,0.8805555555555555
901,2011-07-01,97.99591251748251,715,0.9610215053763441
901,2011-08-01,78.38144391008174,734,0.9865591397849462
901,2011-09-01,55.424466153846154,715,0.9930555555555556
901,2011-10-01,34.27967927953891,694,0.9327956989247311
901,2011-11-01,13.8447912553495,701,0.9736111111111111
901,2011-12-01,13.721842354609928,705,0.9475806451612904
901,2012-01-01,9.120707140141844,705,0.9475806451612904
901,2012-02-01,6.722483526627219,676,0.9712643678160919
901,2012-03-01,10.226048006050421,595,0.7997311827956989
901,2012-04-01,38.18304051321928,643,0.8930555555555556
901,2012-05-01,63.176339857549856,702,0.9435483870967742
901,2012-06-01,95.90782340567613,599,0.8319444444444445
901,2012-07-01,129.08929615168537,712,0.956989247311828
901,2012-08-01,79.11884936139333,689,0.9260752688172043
901,2012-09-01,45.946758756218905,402,0.5583333333333333
901,2012-10-01,21.885173736951984,479,0.6438172043010753
901,2013-02-01,1.0,2,0.002976190476190476
901,2013-03-01,10.178571428571429,644,0.8655913978494624
901,2013-04-01,41.076258992805755,695,0.9652777777777778
901,2013-05-01,65.2518409425626,679,0.9126344086021505
901,2013-06-01,94.87577639751552,644,0.8944444444444445
901,2013-07-01,80.66525423728814,708,0.9516129032258065
901,2013-08-01,61.107816711590296,742,0.9973118279569892
901,2013-09-01,42.68016759776536,716,0.9944444444444445
901,2013-10-01,15.571236559139784,744,1.0
901,2013-11-01,6.66759388038943,719,0.9986111111111111
901,2013-12-01,3.3450134770889486,742,0.9973118279569892
901,2014-01-01,5.523923444976076,418,0.5618279569892473
901,2014-02-01,6.714064914992272,647,0.9627976190476191
901,2014-03-01,13.685264663805436,699,0.9395161290322581
901,2014-04-01,47.41891891891892,666,0.925
901,2014-05-01,52.84501347708895,742,0.9973118279569892
901,2014-06-01,67.54861111111111,720,1.0
901,2014-07-01,67.92462987886945,743,0.9986559139784946
901,2014-08-01,65.12768817204301,744,1.0
901,2014-09-01,33.956685236768806,718,0.9972222222222222
901,2014-10-01,22.546854838709677,744,1.0
901,2014-11-01,9.791323649025069,718,0.9972222222222222
901,2014-12-01,8.281354566395665,738,0.9919354838709677
901,2015-01-01,6.951598382749326,742,0.9973118279569892
901,2015-02-01,9.257709580838323,668,0.9940476190476191
901,2015-03-01,10.669516129032258,744,1.0
901,2015-04-01,33.4205848189415,718,0.9972222222222222
901,2015-05-01,61.885917308209955,743,0.9986559139784946
901,2015-06-01,65.01696054242002,719,0.9986111111111111
901,2015-07-01,50.72593178137652,741,0.9959677419354839
901,2015-08-01,46.984576563342316,742,0.9973118279569892
901,2015-09-01,46.31034148571429,700,0.9722222222222222
901,2015-10-01,17.20217076923077,741,0.9959677419354839
901,2015-11-01,7.768570571827057,717,0.9958333333333333
901,2015-12-01,4.2252881300813,738,0.9919354838709677
901,2016-01-01,3.8707085592011414,701,0.9422043010752689
901,2016-02-01,5.581631018922853,687,0.9870689655172413
901,2016-03-01,10.311687171853857,739,0.9932795698924731
901,2016-04-01,39.72475878998609,719,0.9986111111111111
901,2016-05-01,68.1177634051144,743,0.9986559139784946
901,2016-06-01,95.1180116689847,719,0.9986111111111111
901,2016-07-01,67.25542028340081,741,0.9959677419354839
901,2016-08-01,48.49980318428184,738,0.9919354838709677
901,2016-09-01,33.82805573426574,715,0.9930555555555556
901,2016-10-01,14.905817273954117,741,0.9959677419354839
901,2016-11-01,9.367383352601156,692,0.9611111111111111
901,2016-12-01,3.70725285326087,736,0.989247311827957
901,2017-01-01,2.608302160120846,662,0.8897849462365591
901,2017-02-01,2.5262919610778445,668,0.9940476190476191
901,2017-03-01,9.342879784075574,741,0.9959677419354839
901,2017-04-01,26.657426559888577,718,0.9972222222222222
901,2017-05-01,53.21832884097035,742,0.9973118279569892
901,2017-06-01,57.929676511954995,711,0.9875
901,2017-07-01,67.0189701897019,738,0.9919354838709677
901,2017-08-01,47.11307901907357,734,0.9865591397849462
901,2017-09-01,34.9749652294854,719,0.9986111111111111
901,2017-10-01,10.908469945355192,732,0.9838709677419355
901,2017-11-01,5.662030598052851,719,0.9986111111111111
901,2017-12-01,3.8840579710144927,690,0.9274193548387096
901,2018-01-01,3.057529610829103,591,0.7943548387096774
901,2018-02-01,2.7919254658385095,644,0.9583333333333334
901,2018-03-01,10.432900432900434,693,0.9314516129032258
901,2018-04-01,42.54852320675106,711,0.9875
901,2018-05-01,65.60458839406208,741,0.9959677419354839
901,2018-06-01,70.958217270195,718,0.9972222222222222
901,2018-07-01,75.9661705006766,739,0.9932795698924731
901,2018-08-01,63.53315290933694,739,0.9932795698924731
901,2018-09-01,30.821727019498606,718,0.9972222222222222
901,2018-10-01,18.502695417789756,742,0.9973118279569892
901,2018-11-01,9.05020920502092,717,0.9958333333333333
901,2018-12-01,6.621293800539084,742,0.9973118279569892
901,2019-01-01,5.828016643550624,721,0.9690860215053764
901,2019-02-01,10.680059523809524,672,1.0
901,2019-03-01,12.433378196500673,743,0.9986559139784946
901,2019-04-01,27.40921787709497,716,0.9944444444444445
901,2019-05-01,45.700808625336926,742,0.9973118279569892
901,2019-06-01,41.59722222222222,720,1.0
901,2019-07-01,39.47574123989218,742,0.9973118279569892
901,2019-08-01,38.13333333333333,735,0.9879032258064516
901,2019-09-01,21.86787204450626,719,0.9986111111111111
901,2019-10-01,15.63122476446837,743,0.9986559139784946
901,2019-11-01,8.051460361613351,719,0.9986111111111111
901,2019-12-01,5.7414030261348,727,0.9771505376344086
901,2020-01-01,4.893243243243243,740,0.9946236559139785
901,2020-02-01,6.261584454409567,669,0.9612068965517241
901,2020-03-01,8.119402985074627,737,0.9905913978494624
901,2020-04-01,28.86350974930362,718,0.9972222222222222
901,2020-05-01,54.203504043126685,742,0.9973118279569892
901,2020-06-01,43.38493723849373,717,0.9958333333333333
901,2020-07-01,47.103305785123965,726,0.9758064516129032
901,2020-08-01,43.65264586160109,737,0.9905913978494624
901,2020-09-01,34.03621169916435,718,0.9972222222222222
901,2020-10-01,17.725806451612904,744,1.0
901,2020-11-01,7.675034867503487,717,0.9958333333333333
901,2020-12-01,4.962365591397849,744,1.0
901,2021-01-01,4.497964721845319,737,0.9905913978494624
901,2021-02-01,5.498511904761905,672,1.0
901,2021-03-01,8.433783783783785,740,0.9946236559139785
901,2021-04-01,20.579166666666666,720,1.0
901,2021-05-01,53.34594594594594,740,0.9946236559139785
901,2021-06-01,60.99285714285714,700,0.9722222222222222
901,2021-07-01,65.68286099865047,741,0.9959677419354839
901,2021-08-01,37.75033738191633,741,0.9959677419354839
901,2021-09-01,24.74965034965035,715,0.9930555555555556
901,2021-10-01,15.942204301075268,744,1.0
901,2021-11-01,6.2325905292479105,718,0.9972222222222222
901,2021-12-01,5.854838709677419,744,1.0
901,2022-01-01,4.672064777327935,741,0.9959677419354839
901,2022-02-01,9.450892857142858,672,1.0
901,2022-03-01,11.8110661268556,741,0.9959677419354839
901,2022-04-01,27.34861111111111,720,1.0
901,2022-05-01,57.40161725067385,742,0.9973118279569892
901,2022-06-01,57.983333333333334,720,1.0
901,2022-07-01,36.956815114709855,741,0.9959677419354839
901,2022-08-01,40.26747311827957,744,1.0
901,2022-09-01,24.333333333333332,717,0.9958333333333333
901,2022-10-01,13.107923497267759,732,0.9838709677419355
901,2022-11-01,5.927272727272728,715,0.9930555555555556
901,2022-12-01,5.212180746561886,509,0.6841397849462365
901,2023-01-01,4.117647058823529,272,0.3655913978494624
901,2023-02-01,7.7253731343283585,670,0.9970238095238095
901,2023-03-01,10.89608636977058,741,0.9959677419354839
901,2023-04-01,17.421418636995828,719,0.9986111111111111
901,2023-05-01,27.04054054054054,740,0.9946236559139785
901,2023-06-01,61.45264623955432,718,0.9972222222222222
901,2023-07-01,36.448418156808806,727,0.9771505376344086
901,2023-08-01,28.429752066115704,726,0.9758064516129032
901,2023-09-01,15.821629213483146,712,0.9888888888888889
901,2023-10-01,21.622770919067214,729,0.9798387096774194
901,2023-11-01,7.1328671328671325,715,0.9930555555555556
901,2023-12-01,4.404432132963989,722,0.9704301075268817
901,2024-01-01,3.925864909390445,607,0.8158602150537635
901,2024-02-01,5.005357142857143,560,0.8045977011494253
901,2024-03-01,7.753036437246964,741,0.9959677419354839
901,2024-04-01,22.352859135285915,717,0.9958333333333333
901,2024-05-01,49.990566037735846,742,0.9973118279569892
901,2024-06-01,29.579387186629525,718,0.9972222222222222
901,2024-07-01,70.50673854447439,742,0.9973118279569892
901,2024-08-01,46.47482993197279,735,0.9879032258064516
901,2024-09-01,21.050279329608937,716,0.9944444444444445
901,2024-10-01,10.109311740890687,741,0.9959677419354839
901,2024-11-01,7.201398601398601,715,0.9930555555555556
901,2024-12-01,4.654054054054054,740,0.9946236559139785
901,2025-01-01,4.288021534320323,743,0.9986559139784946
901,2025-02-01,5.363636363636363,649,0.9657738095238095
901,2025-03-01,7.448509485094851,738,0.9919354838709677
901,2025-04-01,21.91340782122905,716,0.9944444444444445
901,2025-05-01,47.52307692307692,715,0.9610215053763441
901,2025-06-01,61.6733746130031,646,0.8972222222222223
901,2025-07-01,56.73045822102426,742,0.9973118279569892
901,2025-08-01,29.765498652291104,742,0.9973118279569892
901,2025-09-01,18.41830985915493,710,0.9861111111111112
901,2025-10-01,8.449093444909344,717,0.9637096774193549
901,2025-11-01,5.468354430379747,711,0.9875
901,2025-12-01,2.6025459688826027,707,0.9502688172043011
901,2026-01-01,3.7861189801699715,706,0.9489247311827957
901,2026-02-01,2.7697262479871174,621,0.9241071428571429
901,2026-03-01,9.036585365853659,738,0.9919354838709677
901,2026-04-01,23.815899581589957,717,0.9958333333333333
901,2026-05-01,51.3972972972973,740,0.9946236559139785
901,2026-06-01,44.239554317548745,718,0.9972222222222222
901,2026-07-01,44.96513249651325,717,0.9637096774193549
901,2026-08-01,26.642313546423136,657,0.8830645161290323
901,2026-09-01,26.848387096774193,310,0.4305555555555556
902,2012-03-01,23.446838736842107,190,0.2553763440860215
902,2012-04-01,74.56084693506494,385,0.5347222222222222
902,2012-05-01,92.80365858681023,743,0.9986559139784946
902,2012-06-01,97.91831955555556,720,1.0
902,2012-07-01,101.55968856173678,737,0.9905913978494624
902,2012-08-01,75.25624888290713,743,0.9986559139784946
902,2012-09-01,42.774191729428175,717,0.9958333333333333
902,2012-10-01,24.433834878787877,594,0.7983870967741935
902,2012-11-01,23.356861106442576,714,0.9916666666666667
902,2012-12-01,13.616327165991903,741,0.9959677419354839
902,2013-02-01,13.0,2,0.002976190476190476
902,2013-03-01,18.0576,625,0.8400537634408602
902,2013-04-01,25.904895104895104,715,0.9930555555555556
902,2013-05-01,34.12747875354108,706,0.9489247311827957
902,2013-06-01,123.93892045454545,704,0.9777777777777777
902,2013-07-01,96.47779273216689,743,0.9986559139784946
902,2013-08-01,78.20564516129032,744,1.0
902,2013-09-01,49.04621848739496,714,0.9916666666666667
902,2013-10-01,22.334967320261438,612,0.8225806451612904
902,2013-11-01,10.848611111111111,720,1.0
902,2013-12-01,4.969086021505376,744,1.0
902,2014-01-01,7.612557427258806,653,0.8776881720430108
902,2014-02-01,10.666666666666666,672,1.0
902,2014-03-01,25.037634408602152,744,1.0
902,2014-04-01,45.15,720,1.0
902,2014-05-01,56.39676113360324,741,0.9959677419354839
902,2014-06-01,71.27972027972028,715,0.9930555555555556
902,2014-07-01,75.26379542395694,743,0.9986559139784946
902,2014-08-01,68.6565934065934,728,0.978494623655914
902,2014-09-01,32.90881778859527,719,0.9986111111111111
902,2014-10-01,25.288091397849463,744,1.0
902,2014-11-01,10.261766241234222,713,0.9902777777777778
902,2014-12-01,7.807017543859649,741,0.9959677419354839
902,2015-01-01,6.996899224806201,645,0.8669354838709677
902,2015-03-01,10.962719298245615,456,0.6129032258064516
902,2015-04-01,41.24478442280946,719,0.9986111111111111
902,2015-05-01,86.3112559838275,742,0.9973118279569892
902,2015-06-01,83.71912054166667,720,1.0
902,2015-07-01,69.9031176819407,742,0.9973118279569892
902,2015-08-01,61.28666479138627,743,0.9986559139784946
902,2015-09-01,58.896502751396646,716,0.9944444444444445
902,2015-10-01,21.738661066126856,741,0.9959677419354839
902,2015-11-01,10.302880917573873,643,0.8930555555555556
902,2015-12-01,5.903794029649596,742,0.9973118279569892
902,2016-01-01,5.227994744623656,744,1.0
902,2016-02-01,7.661984396551724,696,1.0
902,2016-03-01,16.293269986559142,744,1.0
902,2016-04-01,59.21356031944444,720,1.0
902,2016-05-01,103.58791900537634,744,1.0
902,2016-06-01,134.5308868575419,716,0.9944444444444445
902,2016-07-01,91.21382329670331,728,0.978494623655914
902,2016-08-01,73.07625035326087,736,0.989247311827957
902,2016-09-01,47.18377157223796,706,0.9805555555555555
902,2016-10-01,25.862110970350404,742,0.9973118279569892
902,2016-11-01,14.040076638772664,717,0.9958333333333333
902,2016-12-01,8.51521395693136,743,0.9986559139784946
902,2017-01-01,7.263275330634278,741,0.9959677419354839
902,2017-02-01,6.114934234375,640,0.9523809523809523
902,2017-03-01,14.486409730458222,742,0.9973118279569892
902,2017-04-01,37.96328502086231,719,0.9986111111111111
902,2017-05-01,76.60975609756098,738,0.9919354838709677
902,2017-06-01,88.09623430962343,717,0.9958333333333333
902,2017-07-01,100.3849259757739,743,0.9986559139784946
902,2017-08-01,70.42681258549932,731,0.9825268817204301
902,2017-09-01,47.45264623955432,718,0.9972222222222222
902,2017-10-01,17.01081081081081,740,0.9946236559139785
902,2017-11-01,10.185236768802229,718,0.9972222222222222
902,2017-12-01,5.166890982503364,743,0.9986559139784946
902,2018-01-01,4.609459459459459,740,0.9946236559139785
902,2018-02-01,7.080060422960725,662,0.9851190476190477
902,2018-03-01,15.393243243243242,740,0.9946236559139785
902,2018-04-01,64.9972027972028,715,0.9930555555555556
902,2018-05-01,96.9365721997301,741,0.9959677419354839
902,2018-06-01,101.03347280334728,717,0.9958333333333333
902,2018-07-01,104.2289972899729,738,0.9919354838709677
902,2018-08-01,94.3179347826087,736,0.989247311827957
902,2018-09-01,44.53138075313807,717,0.9958333333333333
902,2018-10-01,27.347705146036162,719,0.9663978494623656
902,2018-11-01,12.806451612903226,713,0.9902777777777778
902,2018-12-01,7.8262108262108265,702,0.9435483870967742
902,2019-01-01,6.2693877551020405,735,0.9879032258064516
902,2019-02-01,10.3125,560,0.8333333333333334
902,2019-03-01,12.877358490566039,742,0.9973118279569892
902,2019-04-01,38.347142857142856,700,0.9722222222222222
902,2019-05-01,72.42069892473118,744,1.0
902,2019-06-01,59.01810584958217,718,0.9972222222222222
902,2019-07-01,77.29838709677419,744,1.0
902,2019-08-01,81.46828609986505,741,0.9959677419354839
902,2019-09-01,39.82083333333333,720,1.0
902,2019-10-01,23.596491228070175,741,0.9959677419354839
902,2019-11-01,11.454166666666667,720,1.0
902,2019-12-01,6.723719676549865,742,0.9973118279569892
902,2020-01-01,5.849462365591398,744,1.0
902,2020-02-01,6.4252539912917275,689,0.9899425287356322
902,2020-03-01,10.060565275908479,743,0.9986559139784946
902,2020-04-01,41.04469273743017,716,0.9944444444444445
902,2020-05-01,78.68335588633288,739,0.9932795698924731
902,2020-06-01,62.08495821727019,718,0.9972222222222222
902,2020-07-01,75.01478494623656,744,1.0
902,2020-08-01,65.29919137466307,742,0.9973118279569892
902,2020-09-01,48.24200278164117,719,0.9986111111111111
902,2020-10-01,23.761133603238868,741,0.9959677419354839
902,2020-11-01,10.479166666666666,720,1.0
902,2020-12-01,6.346361185983827,742,0.9973118279569892
902,2021-01-01,5.34005376344086,744,1.0
902,2021-02-01,6.0257186081694405,661,0.9836309523809523
902,2021-03-01,11.543741588156124,743,0.9986559139784946
902,2021-04-01,30.20393811533052,711,0.9875
902,2021-05-01,74.76344086021506,744,1.0
902,2021-06-01,83.53370786516854,712,0.9888888888888889
902,2021-07-01,91.03763440860214,744,1.0
902,2021-08-01,58.293405114401075,743,0.9986559139784946
902,2021-09-01,38.102777777777774,720,1.0
902,2021-10-01,25.39136302294197,741,0.9959677419354839
902,2021-11-01,12.83611111111111,720,1.0
902,2021-12-01,10.691374663072777,742,0.9973118279569892
902,2022-01-01,9.012145748987853,741,0.9959677419354839
902,2022-02-01,12.504545454545454,660,0.9821428571428571
902,2022-03-01,16.467025572005383,743,0.9986559139784946
902,2022-04-01,43.71727019498607,718,0.9972222222222222
902,2022-05-01,85.11843876177659,743,0.9986559139784946
902,2022-06-01,82.26977401129943,708,0.9833333333333333
902,2022-07-01,58.138440860215056,744,1.0
902,2022-08-01,59.49795361527967,733,0.9852150537634409
902,2022-09-01,34.225,720,1.0
902,2022-10-01,19.477900552486187,724,0.9731182795698925
902,2022-11-01,7.752433936022253,719,0.9986111111111111
902,2022-12-01,4.863328822733424,739,0.9932795698924731
902,2023-01-01,4.268817204301075,744,1.0
902,2023-02-01,5.872563718140929,667,0.9925595238095238
902,2023-03-01,10.625520110957003,721,0.9690860215053764
902,2023-04-01,25.07531380753138,717,0.9958333333333333
902,2023-05-01,57.69178082191781,730,0.9811827956989247
902,2023-06-01,81.08547008547009,702,0.975
902,2023-07-01,65.16621621621621,740,0.9946236559139785
902,2023-08-01,70.28571428571429,742,0.9973118279569892
902,2023-09-01,39.24061196105702,719,0.9986111111111111
902,2023-10-01,20.11111111111111,657,0.8830645161290323
902,2023-11-01,11.393055555555556,720,1.0
902,2023-12-01,4.798115746971736,743,0.9986559139784946
902,2024-01-01,3.4489247311827955,744,1.0
902,2024-02-01,4.087149187592319,677,0.9727011494252874
902,2024-03-01,9.03168044077135,726,0.9758064516129032
902,2024-04-01,30.407299270072993,685,0.9513888888888888
902,2024-05-01,58.456258411843876,743,0.9986559139784946
902,2024-06-01,33.66189111747851,698,0.9694444444444444
902,2024-07-01,73.01884253028264,743,0.9986559139784946
902,2024-08-01,51.5955223880597,670,0.9005376344086021
902,2024-09-01,25.339360222531294,719,0.9986111111111111
902,2024-10-01,14.874831763122476,743,0.9986559139784946
902,2024-11-01,10.363363363363364,666,0.925
902,2024-12-01,7.367924528301887,742,0.9973118279569892
902,2025-01-01,6.511533242876526,737,0.9905913978494624
902,2025-02-01,7.323076923076923,650,0.9672619047619048
902,2025-03-01,8.630252100840336,714,0.9596774193548387
902,2025-04-01,23.232995658465992,691,0.9597222222222223
902,2025-05-01,45.76312247644684,743,0.9986559139784946
902,2025-06-01,55.47124824684432,713,0.9902777777777778
902,2025-07-01,54.815612382234185,743,0.9986559139784946
902,2025-08-01,28.535040431266847,742,0.9973118279569892
902,2025-09-01,18.92686357243319,711,0.9875
902,2025-10-01,8.458571428571428,700,0.9408602150537635
902,2025-11-01,2.9012738853503186,628,0.8722222222222222
902,2025-12-01,1.9981851179673322,551,0.7405913978494624
902,2026-01-01,2.5669565217391304,575,0.7728494623655914
902,2026-02-01,2.442760942760943,594,0.8839285714285714
902,2026-03-01,11.125506072874494,741,0.9959677419354839
902,2026-04-01,27.00557103064067,718,0.9972222222222222
902,2026-05-01,56.66035182679296,739,0.9932795698924731
902,2026-06-01,45.64414414414414,666,0.925
902,2026-07-01,48.141112618724556,737,0.9905913978494624
902,2026-08-01,29.51086956521739,736,0.989247311827957
902,2026-09-01,25.651612903225807,310,0.4305555555555556
904,2009-03-01,16.293514583333334,264,0.3548387096774194
904,2009-04-01,28.208404680555557,720,1.0
904,2009-05-01,68.83939298387097,744,1.0
904,2009-06-01,81.42794857938718,718,0.9972222222222222
904,2009-07-01,109.96021908653846,624,0.8387096774193549
904,2009-08-01,52.11755560906516,706,0.9489247311827957
904,2009-09-01,30.25695932618683,653,0.9069444444444444
904,2009-10-01,19.497008577524895,703,0.9448924731182796
904,2009-11-01,14.41531770194986,718,0.9972222222222222
904,2009-12-01,8.783768732612055,647,0.8696236559139785
904,2010-01-01,9.343956608442502,687,0.9233870967741935
904,2010-02-01,8.995893201970443,609,0.90625
904,2010-03-01,9.315264594222834,727,0.9771505376344086
904,2010-04-01,31.05572314563107,515,0.7152777777777778
904,2010-08-01,51.34688610169491,177,0.23790322580645162
904,2010-09-01,46.80318898611111,720,1.0
904,2010-10-01,17.535615362903226,744,1.0
904,2010-11-01,8.92694225,720,1.0
904,2010-12-01,10.61049590847914,743,0.9986559139784946
904,2011-01-01,8.139078551724138,174,0.23387096774193547
904,2011-03-01,19.995918159183674,49,0.06586021505376344
904,2011-04-01,43.12755266448864,704,0.9777777777777777
904,2011-05-01,68.06674477211796,373,0.5013440860215054
904,2011-06-01,77.4569257098284,641,0.8902777777777777
904,2011-07-01,104.41406614950634,709,0.9529569892473119
904,2011-08-01,66.68091269282814,739,0.9932795698924731
904,2011-09-01,41.50953335203366,713,0.9902777777777778
904,2011-10-01,31.911553338683788,623,0.8373655913978495
904,2011-11-01,13.838364560862866,649,0.9013888888888889
904,2011-12-01,15.132996771879483,697,0.9368279569892473
904,2012-01-01,10.96717901542777,713,0.9583333333333334
904,2012-02-01,10.724738192592593,675,0.9698275862068966
904,2012-03-01,13.320757833040936,684,0.9193548387096774
904,2012-04-01,37.28990548961424,674,0.9361111111111111
904,2012-05-01,71.4317740646976,711,0.9556451612903226
904,2012-06-01,80.8690671843251,689,0.9569444444444445
904,2012-07-01,93.86995174220962,706,0.9489247311827957
904,2012-08-01,62.306293347050755,729,0.9798387096774194
904,2012-09-01,33.2400767638484,686,0.9527777777777777
904,2012-10-01,17.947176231086658,727,0.9771505376344086
904,2012-11-01,11.044869458689458,702,0.975
904,2012-12-01,10.837917833089312,683,0.918010752688172
904,2013-02-01,7.0,2,0.002976190476190476
904,2013-03-01,16.283602150537636,744,1.0
904,2013-04-01,40.37868162692847,713,0.9902777777777778
904,2013-05-01,65.65864661654135,665,0.8938172043010753
904,2013-06-01,93.5688202247191,712,0.9888888888888889
904,2013-07-01,72.36499321573949,737,0.9905913978494624
904,2013-08-01,65.32402234636872,716,0.9623655913978495
904,2013-09-01,41.571018651362984,697,0.9680555555555556
904,2013-10-01,15.288409703504042,742,0.9973118279569892
904,2013-11-01,7.4072524407252445,717,0.9958333333333333
904,2013-12-01,4.833109017496636,743,0.9986559139784946
904,2014-01-01,5.56390977443609,665,0.8938172043010753
904,2014-02-01,6.394932935916542,671,0.9985119047619048
904,2014-03-01,11.635228848821082,721,0.9690860215053764
904,2014-04-01,35.35425383542538,717,0.9958333333333333
904,2014-05-01,55.3733153638814,742,0.9973118279569892
904,2014-06-01,58.716012084592144,662,0.9194444444444444
904,2014-07-01,80.06784260515605,737,0.9905913978494624
904,2014-08-01,55.130434782608695,736,0.989247311827957
904,2014-09-01,28.428368794326243,705,0.9791666666666666
904,2014-10-01,12.766743243243242,740,0.9946236559139785
904,2014-11-01,8.16068874301676,716,0.9944444444444445
904,2014-12-01,6.554007046070462,738,0.9919354838709677
904,2015-01-01,6.340970350404312,742,0.9973118279569892
904,2015-02-01,9.3267776096823,661,0.9836309523809523
904,2015-03-01,8.430167597765363,716,0.9623655913978495
904,2015-04-01,27.34502103786816,713,0.9902777777777778
904,2015-05-01,61.20665768493151,730,0.9811827956989247
904,2015-06-01,60.840681338912134,717,0.9958333333333333
904,2015-07-01,57.54238793522268,741,0.9959677419354839
904,2015-08-01,40.437074636118595,742,0.9973118279569892
904,2015-09-01,33.122321638655464,714,0.9916666666666667
904,2015-10-01,11.54216699594046,739,0.9932795698924731
904,2015-11-01,7.557358755244755,715,0.9930555555555556
904,2015-12-01,3.85011677027027,740,0.9946236559139785
904,2016-01-01,4.432936292974589,669,0.8991935483870968
904,2016-02-01,5.389167680945347,677,0.9727011494252874
904,2016-03-01,10.811124397834913,739,0.9932795698924731
904,2016-04-01,38.39433142253522,710,0.9861111111111112
904,2016-05-01,85.53750256198347,726,0.9758064516129032
904,2016-06-01,106.23731537815127,714,0.9916666666666667
904,2016-07-01,83.43964819407007,742,0.9973118279569892
904,2016-08-01,44.15224943396226,742,0.9973118279569892
904,2016-09-01,29.628887528089887,712,0.9888888888888889
904,2016-10-01,14.781601686909582,741,0.9959677419354839
904,2016-11-01,8.090129610027855,718,0.9972222222222222
904,2016-12-01,3.4115566576819405,742,0.9973118279569892
904,2017-01-01,2.8246649500000003,200,0.26881720430107525
905,2016-12-01,0.0,1,0.0013440860215053765
905,2017-05-01,47.66240409207161,391,0.5255376344086021
905,2017-06-01,41.3375350140056,714,0.9916666666666667
905,2017-07-01,42.643929058663026,733,0.9852150537634409
905,2017-08-01,27.620218579234972,732,0.9838709677419355
905,2017-09-01,17.888260254596887,707,0.9819444444444444
905,2017-10-01,7.33469387755102,735,0.9879032258064516
905,2017-11-01,6.863319386331939,717,0.9958333333333333
905,2017-12-01,5.2705248990578735,743,0.9986559139784946
905,2018-01-01,4.283969465648855,655,0.8803763440860215
905,2018-02-01,3.3632286995515694,669,0.9955357142857143
905,2018-03-01,6.75033738191633,741,0.9959677419354839
905,2018-04-01,25.128712871287128,707,0.9819444444444444
905,2018-05-01,41.48985115020298,739,0.9932795698924731
905,2018-06-01,55.9427374301676,716,0.9944444444444445
905,2018-07-01,48.01759133964817,739,0.9932795698924731
905,2018-08-01,41.966352624495286,743,0.9986559139784946
905,2018-09-01,13.435897435897436,702,0.975
905,2018-10-01,8.625,736,0.989247311827957
905,2018-11-01,4.623430962343096,717,0.9958333333333333
905,2018-12-01,2.979907264296754,647,0.8696236559139785
905,2019-01-01,1.8822463768115942,552,0.7419354838709677
905,2019-02-01,7.0144,625,0.9300595238095238
905,2019-03-01,7.690647482014389,695,0.9341397849462365
905,2019-04-01,17.754901960784313,714,0.9916666666666667
905,2019-05-01,38.88211382113821,738,0.9919354838709677
905,2019-06-01,29.955431754874652,718,0.9972222222222222
905,2019-07-01,25.518218623481783,741,0.9959677419354839
905,2019-08-01,28.946866485013626,734,0.9865591397849462
905,2019-09-01,16.88061797752809,712,0.9888888888888889
905,2019-10-01,9.79217273954116,741,0.9959677419354839
905,2019-11-01,5.9,660,0.9166666666666666
905,2019-12-01,4.501344086021505,744,1.0
905,2020-01-01,4.306179775280899,712,0.956989247311828
905,2020-02-01,5.336206896551724,696,1.0
905,2020-03-01,6.046594982078853,558,0.75
905,2020-04-01,20.96094839609484,717,0.9958333333333333
905,2020-05-01,37.35983827493261,742,0.9973118279569892
905,2020-06-01,34.92906815020862,719,0.9986111111111111
905,2020-07-01,35.89445196211096,739,0.9932795698924731
905,2020-08-01,24.279946164199192,743,0.9986559139784946
905,2020-09-01,21.149859943977592,714,0.9916666666666667
905,2020-10-01,9.855600539811066,741,0.9959677419354839
905,2020-11-01,5.035260930888575,709,0.9847222222222223
905,2020-12-01,3.857142857142857,742,0.9973118279569892
905,2021-01-01,4.025675675675676,740,0.9946236559139785
905,2021-02-01,5.719821162444113,671,0.9985119047619048
905,2021-03-01,8.237516869095817,741,0.9959677419354839
905,2021-04-01,16.790277777777778,720,1.0
905,2021-05-01,37.16464237516869,741,0.9959677419354839
905,2021-06-01,43.41225626740947,718,0.9972222222222222
905,2021-07-01,41.205683355886336,739,0.9932795698924731
905,2021-08-01,26.713709677419356,744,1.0
905,2021-09-01,17.91364902506964,718,0.9972222222222222
905,2021-10-01,11.829301075268818,744,1.0
905,2021-11-01,7.536211699164346,718,0.9972222222222222
905,2021-12-01,6.991935483870968,744,1.0
905,2022-01-01,5.213025780189959,737,0.9905913978494624
905,2022-02-01,8.546130952380953,672,1.0
905,2022-03-01,8.724932249322492,738,0.9919354838709677
905,2022-04-01,15.940277777777778,720,1.0
905,2022-05-01,41.748317631224765,743,0.9986559139784946
905,2022-06-01,41.919444444444444,720,1.0
905,2022-07-01,26.16238159675237,739,0.9932795698924731
905,2022-08-01,20.20736698499318,733,0.9852150537634409
905,2022-09-01,14.474930362116991,718,0.9972222222222222
905,2022-10-01,8.956989247311828,744,1.0
905,2022-11-01,5.5584958217270195,718,0.9972222222222222
905,2022-12-01,4.724462365591398,744,1.0
905,2023-01-01,4.1409214092140925,738,0.9919354838709677
905,2023-02-01,5.995535714285714,672,1.0
905,2023-03-01,7.873641304347826,736,0.989247311827957
905,2023-04-01,14.705555555555556,720,1.0
905,2023-05-01,25.50808625336927,742,0.9973118279569892
905,2023-06-01,44.44444444444444,720,1.0
905,2023-07-01,36.76985195154778,743,0.9986559139784946
905,2023-08-01,31.794078061911172,743,0.9986559139784946
905,2023-09-01,13.603905160390516,717,0.9958333333333333
905,2023-10-01,6.897297297297297,740,0.9946236559139785
905,2023-11-01,4.395953757225434,692,0.9611111111111111
905,2023-12-01,2.3225806451612905,744,1.0
905,2024-01-01,3.2163323782234956,698,0.9381720430107527
905,2024-02-01,4.508670520231214,692,0.9942528735632183
905,2024-03-01,6.744594594594594,740,0.9946236559139785
905,2024-04-01,18.365168539325843,712,0.9888888888888889
905,2024-05-01,44.93424657534246,730,0.9811827956989247
905,2024-06-01,26.06258692628651,719,0.9986111111111111
905,2024-07-01,42.764468371467025,743,0.9986559139784946
905,2024-08-01,27.994587280108256,739,0.9932795698924731
905,2024-09-01,15.607242339832869,718,0.9972222222222222
905,2024-10-01,8.799731182795698,744,1.0
905,2024-11-01,6.016713091922005,718,0.9972222222222222
905,2024-12-01,4.73485868102288,743,0.9986559139784946
905,2025-01-01,4.072678331090175,743,0.9986559139784946
905,2025-02-01,5.533132530120482,664,0.9880952380952381
905,2025-03-01,7.05777166437414,727,0.9771505376344086
905,2025-04-01,16.458856345885636,717,0.9958333333333333
905,2025-05-01,33.01759133964817,739,0.9932795698924731
905,2025-06-01,46.98879551820728,714,0.9916666666666667
905,2025-07-01,45.23150684931507,730,0.9811827956989247
905,2025-08-01,20.115332428765264,737,0.9905913978494624
905,2025-09-01,10.649930264993026,717,0.9958333333333333
905,2025-10-01,4.847913862718708,743,0.9986559139784946
905,2025-11-01,2.700301204819277,664,0.9222222222222223
905,2025-12-01,1.9621993127147765,582,0.782258064516129
905,2026-01-01,2.510204081632653,686,0.9220430107526881
905,2026-02-01,2.3784313725490196,510,0.7589285714285714
905,2026-03-01,6.345303867403315,724,0.9731182795698925
905,2026-04-01,15.323119777158775,718,0.9972222222222222
905,2026-05-01,38.32065217391305,736,0.989247311827957
905,2026-06-01,31.60222531293463,719,0.9986111111111111
905,2026-07-01,37.20945945945946,740,0.9946236559139785
905,2026-08-01,17.784260515603798,737,0.9905913978494624
905,2026-09-01,14.783870967741935,310,0.4305555555555556
906,2024-02-01,6.5,2,0.0028735632183908046
906,2024-03-01,12.288488210818308,721,0.9690860215053764
906,2024-04-01,22.327298050139277,718,0.9972222222222222
906,2024-05-01,49.23913043478261,736,0.989247311827957
906,2024-06-01,43.39916550764951,719,0.9986111111111111
906,2024-07-01,60.818304172274566,743,0.9986559139784946
906,2024-08-01,53.83108108108108,740,0.9946236559139785
906,2024-09-01,32.44769874476987,717,0.9958333333333333
906,2024-10-01,15.032345013477089,742,0.9973118279569892
906,2024-11-01,12.6230876216968,719,0.9986111111111111
906,2024-12-01,8.138373751783167,701,0.9422043010752689
906,2025-01-01,5.720053835800807,743,0.9986559139784946
906,2025-02-01,6.525602409638554,664,0.9880952380952381
906,2025-03-01,10.462887989203779,741,0.9959677419354839
906,2025-04-01,33.46175243393602,719,0.9986111111111111
906,2025-05-01,50.62753036437247,741,0.9959677419354839
906,2025-06-01,60.7266081871345,684,0.95
906,2025-07-01,62.69905533063428,741,0.9959677419354839
906,2025-08-01,36.12737127371274,738,0.9919354838709677
906,2025-09-01,23.930362116991642,718,0.9972222222222222
906,2025-10-01,15.566216216216215,740,0.9946236559139785
906,2025-11-01,6.890756302521009,714,0.9916666666666667
906,2025-12-01,4.7991913746630726,742,0.9973118279569892
906,2026-01-01,5.205128205128205,741,0.9959677419354839
906,2026-02-01,5.364055299539171,651,0.96875
906,2026-03-01,16.047169811320753,742,0.9973118279569892
906,2026-04-01,27.582753824756605,719,0.9986111111111111
906,2026-05-01,28.45748987854251,741,0.9959677419354839
906,2026-06-01,44.01114206128134,718,0.9972222222222222
906,2026-07-01,44.1146408839779,724,0.9731182795698925
906,2026-08-01,24.99192462987887,743,0.9986559139784946
906,2026-09-01,28.683870967741935,310,0.4305555555555556
A01,2008-07-01,40.89403156976744,172,0.23118279569892472
A01,2008-08-01,67.29721503419972,731,0.9825268817204301
A01,2008-09-01,104.48779341666666,720,1.0
A01,2008-10-01,35.99434581989247,744,1.0
A01,2008-11-01,11.36708181888889,720,1.0
A01,2008-12-01,9.767788528301887,742,0.9973118279569892
A01,2009-01-01,8.081730284167795,739,0.9932795698924731
A01,2009-02-01,7.949474630792227,669,0.9955357142857143
A01,2009-03-01,13.209272008064515,744,1.0
A01,2009-04-01,46.847054596651446,657,0.9125
A01,2009-05-01,65.13882652419355,744,1.0
A01,2009-06-01,78.08372306944445,720,1.0
A01,2009-07-01,106.00866666666667,744,1.0
A01,2009-08-01,36.665404414535665,743,0.9986559139784946
A01,2009-09-01,51.2481837865497,684,0.95
A01,2009-10-01,23.7248928511822,719,0.9663978494623656
A01,2009-11-01,17.292315502793297,716,0.9944444444444445
A01,2009-12-01,10.68880470262794,723,0.9717741935483871
A01,2010-01-01,9.37402369623656,744,1.0
A01,2010-02-01,7.596227722473604,663,0.9866071428571429
A01,2010-03-01,16.226974909847435,721,0.9690860215053764
A01,2010-04-01,46.88916136363636,286,0.3972222222222222
A01,2010-05-01,192.4843057803468,173,0.2325268817204301
A01,2010-06-01,90.73309905343513,655,0.9097222222222222
A01,2010-07-01,128.7812615,460,0.6182795698924731
A01,2010-08-01,118.57929458448754,722,0.9704301075268817
A01,2010-09-01,82.51613666055046,545,0.7569444444444444
A01,2010-10-01,71.95540426517572,626,0.8413978494623656
A01,2010-11-01,28.351402045028145,533,0.7402777777777778
A01,2010-12-01,134.3,1,0.0013440860215053765
A01,2011-01-01,9.931774344859813,214,0.28763440860215056
A01,2011-02-01,9.431776962099125,343,0.5104166666666666
A01,2011-03-01,25.97668375366569,682,0.9166666666666666
A01,2011-04-01,27.894081090043294,693,0.9625
A01,2011-05-01,82.63611923155217,393,0.5282258064516129
A01,2011-06-01,291.08888888888885,9,0.0125
A01,2011-07-01,198.6325964423077,208,0.27956989247311825
A01,2011-08-01,35.556885064102566,624,0.8387096774193549
A01,2011-09-01,18.36136992846924,699,0.9708333333333333
A01,2011-10-01,13.004154942263279,433,0.581989247311828
A01,2011-11-01,23.554440318906604,439,0.6097222222222223
A01,2011-12-01,29.363186530324402,709,0.9529569892473119
A01,2012-01-01,24.097285251017638,737,0.9905913978494624
A01,2012-02-01,20.97149010233918,684,0.9827586206896551
A01,2012-03-01,23.589564857916102,739,0.9932795698924731
A01,2012-04-01,73.49346505586591,716,0.9944444444444445
A01,2012-05-01,114.38549100877194,684,0.9193548387096774
A01,2012-06-01,121.68530803797468,632,0.8777777777777778
A01,2012-07-01,147.57793128133704,718,0.9650537634408602
A01,2012-08-01,112.63023119178082,730,0.9811827956989247
A01,2012-09-01,63.526827526236886,667,0.9263888888888889
A01,2012-10-01,34.1716431424581,716,0.9623655913978495
A01,2012-11-01,26.770245818181817,605,0.8402777777777778
A01,2012-12-01,19.020504382022473,712,0.956989247311828
A01,2013-02-01,15.0,2,0.002976190476190476
A01,2013-03-01,21.090174966352624,743,0.9986559139784946
A01,2013-04-01,60.73637961335677,569,0.7902777777777777
A01,2013-05-01,62.67929634641407,739,0.9932795698924731
A01,2013-06-01,115.41313868613139,685,0.9513888888888888
A01,2013-07-01,100.53360215053763,744,1.0
A01,2013-08-01,117.63598901098901,728,0.978494623655914
A01,2013-09-01,56.7008547008547,702,0.975
A01,2013-10-01,34.664872139973085,743,0.9986559139784946
A01,2013-11-01,17.75,720,1.0
A01,2013-12-01,7.368421052631579,741,0.9959677419354839
A01,2014-01-01,6.970430107526882,744,1.0
A01,2014-02-01,11.398809523809524,672,1.0
A01,2014-03-01,24.405913978494624,744,1.0
A01,2014-04-01,50.46453407510431,719,0.9986111111111111
A01,2014-05-01,42.288978494623656,744,1.0
A01,2014-06-01,83.06732117812062,713,0.9902777777777778
A01,2014-07-01,79.69095816464238,741,0.9959677419354839
A01,2014-08-01,124.57245967741936,744,1.0
A01,2014-09-01,49.20741666666666,720,1.0
A01,2014-10-01,34.07491922043011,744,1.0
A01,2014-11-01,10.902292622036262,717,0.9958333333333333
A01,2014-12-01,7.714920094979647,737,0.9905913978494624
A01,2015-01-01,7.867685792349726,732,0.9838709677419355
A01,2015-02-01,10.073353293413174,668,0.9940476190476191
A01,2015-03-01,13.417971795252226,674,0.9059139784946236
A01,2015-04-01,80.31923076923077,364,0.5055555555555555
A01,2015-05-01,56.90904314516129,744,1.0
A01,2015-06-01,78.44571969914041,698,0.9694444444444444
A01,2015-07-01,60.663152584573744,739,0.9932795698924731
A01,2015-08-01,52.69169001355014,738,0.9919354838709677
A01,2015-09-01,39.05500033755274,711,0.9875
A01,2015-10-01,24.122416888586955,736,0.989247311827957
A01,2015-11-01,9.57159806312769,697,0.9680555555555556
A01,2015-12-01,5.208593582089552,737,0.9905913978494624
A01,2016-01-01,3.3776418298555377,623,0.8373655913978495
A01,2016-02-01,4.53581002894356,691,0.992816091954023
A01,2016-03-01,8.47668190283401,741,0.9959677419354839
A01,2016-04-01,53.81415374825175,715,0.9930555555555556
A01,2016-05-01,118.53846662030598,719,0.9663978494623656
A01,2016-06-01,74.04045895543176,718,0.9972222222222222
A01,2016-07-01,91.97868446837147,743,0.9986559139784946
A01,2016-08-01,62.17452539918809,739,0.9932795698924731
A01,2016-09-01,50.80258233566433,715,0.9930555555555556
A01,2016-10-01,30.39073847765363,716,0.9623655913978495
A01,2016-11-01,6.487350665680474,676,0.9388888888888889
A01,2016-12-01,4.015604162162162,740,0.9946236559139785
A01,2017-01-01,4.354117848443844,739,0.9932795698924731
A01,2017-02-01,4.6623563079222725,669,0.9955357142857143
A01,2017-03-01,19.2456871253406,734,0.9865591397849462
A01,2017-04-01,35.45759558659218,716,0.9944444444444445
A01,2017-05-01,70.1920438957476,729,0.9798387096774194
A01,2017-06-01,88.08016877637131,711,0.9875
A01,2017-07-01,70.9355281207133,729,0.9798387096774194
A01,2017-08-01,45.526458616010856,737,0.9905913978494624
A01,2017-09-01,52.68103448275862,696,0.9666666666666667
A01,2017-10-01,24.33068362480127,629,0.8454301075268817
A01,2017-11-01,12.222547584187408,683,0.9486111111111111
A01,2017-12-01,6.37940379403794,738,0.9919354838709677
A01,2018-01-01,8.762483130904183,741,0.9959677419354839
A01,2018-02-01,9.346268656716418,670,0.9970238095238095
A01,2018-03-01,20.245283018867923,742,0.9973118279569892
A01,2018-04-01,56.936022253129345,719,0.9986111111111111
A01,2018-05-01,75.40350877192982,741,0.9959677419354839
A01,2018-06-01,90.55742296918767,714,0.9916666666666667
A01,2018-07-01,98.85195154777928,743,0.9986559139784946
A01,2018-08-01,72.89024390243902,738,0.9919354838709677
A01,2018-09-01,42.93863319386332,717,0.9958333333333333
A01,2018-10-01,22.696356275303643,741,0.9959677419354839
A01,2018-11-01,12.845925925925926,675,0.9375
A01,2018-12-01,7.2809917355371905,726,0.9758064516129032
A01,2019-01-01,6.133243606998654,743,0.9986559139784946
A01,2019-02-01,6.962630792227205,669,0.9955357142857143
A01,2019-03-01,10.291666666666666,744,1.0
A01,2019-04-01,43.892906815020865,719,0.9986111111111111
A01,2019-05-01,60.586021505376344,744,1.0
A01,2019-06-01,64.84055944055945,715,0.9930555555555556
A01,2019-07-01,79.01747311827957,744,1.0
A01,2019-08-01,60.98907103825137,732,0.9838709677419355
A01,2019-09-01,28.05857740585774,717,0.9958333333333333
A01,2019-10-01,19.443537414965988,735,0.9879032258064516
A01,2019-11-01,11.385694249649369,713,0.9902777777777778
A01,2019-12-01,6.141442715700141,707,0.9502688172043011
A01,2020-01-01,4.997304582210242,742,0.9973118279569892
A01,2020-02-01,6.109510086455331,694,0.9971264367816092
A01,2020-03-01,8.881081081081081,740,0.9946236559139785
A01,2020-04-01,43.81311018131102,717,0.9958333333333333
A01,2020-05-01,85.65725806451613,744,1.0
A01,2020-06-01,44.19777158774373,718,0.9972222222222222
A01,2020-07-01,75.39946018893387,741,0.9959677419354839
A01,2020-08-01,57.27662517289073,723,0.9717741935483871
A01,2020-09-01,37.7,720,1.0
A01,2020-10-01,20.826145552560646,742,0.9973118279569892
A01,2020-11-01,10.744444444444444,720,1.0
A01,2020-12-01,7.008097165991903,741,0.9959677419354839
A01,2021-01-01,6.598382749326146,742,0.9973118279569892
A01,2021-02-01,7.147761194029851,670,0.9970238095238095
A01,2021-03-01,10.182186234817813,741,0.9959677419354839
A01,2021-04-01,37.334273624823695,709,0.9847222222222223
A01,2021-05-01,61.53234501347709,742,0.9973118279569892
A01,2021-06-01,103.3073593073593,693,0.9625
A01,2021-07-01,77.10391363022941,741,0.9959677419354839
A01,2021-08-01,52.60053981106613,741,0.9959677419354839
A01,2021-09-01,40.018055555555556,720,1.0
A01,2021-10-01,17.730352303523034,738,0.9919354838709677
A01,2021-11-01,8.971139971139971,693,0.9625
A01,2021-12-01,7.416216216216216,740,0.9946236559139785
A01,2022-01-01,4.913978494623656,744,1.0
A01,2022-02-01,4.871641791044776,670,0.9970238095238095
A01,2022-03-01,15.43956043956044,728,0.978494623655914
A01,2022-04-01,41.840395480225986,708,0.9833333333333333
A01,2022-05-01,78.13055181695827,743,0.9986559139784946
A01,2022-06-01,95.88022284122563,718,0.9972222222222222
A01,2022-07-01,69.85907859078591,738,0.9919354838709677
A01,2022-08-01,78.7320703653586,739,0.9932795698924731
A01,2022-09-01,45.772222222222226,720,1.0
A01,2022-10-01,17.700808625336926,742,0.9973118279569892
A01,2022-11-01,8.201117318435754,716,0.9944444444444445
A01,2022-12-01,4.794366197183098,710,0.9543010752688172
A01,2023-01-01,3.5883940620782724,741,0.9959677419354839
A01,2023-02-01,5.492537313432836,670,0.9970238095238095
A01,2023-03-01,13.169179229480736,597,0.8024193548387096
A01,2023-04-01,29.740947075208915,718,0.9972222222222222
A01,2023-05-01,59.67607526881721,744,1.0
A01,2023-06-01,54.074333800841515,713,0.9902777777777778
A01,2023-07-01,61.72812920592194,743,0.9986559139784946
A01,2023-08-01,59.13447782546495,699,0.9395161290322581
A01,2023-09-01,36.672222222222224,720,1.0
A01,2023-10-01,14.14535666218035,743,0.9986559139784946
A01,2023-11-01,11.577190542420027,719,0.9986111111111111
A01,2023-12-01,4.304012345679013,648,0.8709677419354839
A01,2024-01-01,2.543362831858407,565,0.7594086021505376
A01,2024-02-01,4.416666666666667,672,0.9655172413793104
A01,2024-03-01,10.780219780219781,728,0.978494623655914
A01,2024-04-01,25.750696378830085,718,0.9972222222222222
A01,2024-05-01,89.59219380888291,743,0.9986559139784946
A01,2024-06-01,34.467966573816156,718,0.9972222222222222
A01,2024-07-01,65.92,725,0.9744623655913979
A01,2024-08-01,61.30357142857143,728,0.978494623655914
A01,2024-09-01,34.770514603616135,719,0.9986111111111111
A01,2024-10-01,13.437077131258457,739,0.9932795698924731
A01,2024-11-01,7.584958217270195,718,0.9972222222222222
A01,2024-12-01,5.641025641025641,741,0.9959677419354839
A01,2025-01-01,4.6936572199730096,741,0.9959677419354839
A01,2025-02-01,3.978978978978979,666,0.9910714285714286
A01,2025-03-01,8.79245283018868,742,0.9973118279569892
A01,2025-04-01,26.596638655462186,714,0.9916666666666667
A01,2025-05-01,51.4331983805668,741,0.9959677419354839
A01,2025-06-01,71.62482566248256,717,0.9958333333333333
A01,2025-07-01,66.91924629878869,743,0.9986559139784946
A01,2025-08-01,50.19946091644205,742,0.9973118279569892
A01,2025-09-01,30.846694796061886,711,0.9875
A01,2025-10-01,15.10854816824966,737,0.9905913978494624
A01,2025-11-01,6.259052924791086,718,0.9972222222222222
A01,2025-12-01,3.8116531165311653,738,0.9919354838709677
A01,2026-01-01,4.3781965006729475,743,0.9986559139784946
A01,2026-02-01,4.26080476900149,671,0.9985119047619048
A01,2026-03-01,13.856368563685637,738,0.9919354838709677
A01,2026-04-01,32.42817294281729,717,0.9958333333333333
A01,2026-05-01,64.69735006973501,717,0.9637096774193549
A01,2026-06-01,59.43096234309623,717,0.9958333333333333
A01,2026-07-01,87.23418573351279,743,0.9986559139784946
A01,2026-08-01,52.850404312668466,742,0.9973118279569892
A01,2026-09-01,32.18064516129032,310,0.4305555555555556
A04,2011-06-01,41.706430358064516,310,0.4305555555555556
A04,2011-07-01,35.00317222388736,728,0.978494623655914
A04,2011-08-01,27.813598594698796,415,0.5577956989247311
A07,2013-04-01,0.0,1,0.001388888888888889
A07,2013-06-01,57.190016303854875,441,0.6125
A07,2013-07-01,69.88864054054054,740,0.9946236559139785
A07,2013-08-01,56.109658561827956,744,1.0
A07,2013-09-01,45.87596459722222,720,1.0
A07,2013-10-01,23.470385312247643,743,0.9986559139784946
A07,2013-11-01,13.4466556545961,718,0.9972222222222222
A07,2013-12-01,7.999551562500001,448,0.6021505376344086
A07,2014-01-01,11.929340729927008,685,0.9206989247311828
A07,2014-02-01,13.267468358433735,664,0.9880952380952381
A07,2014-03-01,24.626275239892184,742,0.9973118279569892
A07,2014-04-01,35.65886808186916,535,0.7430555555555556
A07,2014-05-01,35.51748852893674,743,0.9986559139784946
A07,2014-06-01,41.895982955078686,699,0.9708333333333333
A07,2014-07-01,44.90825565040651,738,0.9919354838709677
A07,2014-08-01,37.300423636103154,698,0.9381720430107527
A07,2014-09-01,39.68957406944445,720,1.0
A07,2014-10-01,30.11813807795699,744,1.0
A07,2014-11-01,19.897774930555556,720,1.0
A07,2014-12-01,12.059406008064517,744,1.0
A07,2015-01-01,8.153948510899182,734,0.9865591397849462
A07,2015-02-01,19.631479700149924,667,0.9925595238095238
A07,2015-03-01,36.81441052560647,742,0.9973118279569892
A07,2015-04-01,48.362103760563386,710,0.9861111111111112
A07,2015-05-01,72.58329785714285,168,0.22580645161290322
A07,2016-02-01,9.450138913043478,322,0.46264367816091956
A07,2016-03-01,9.861717881241566,741,0.9959677419354839
A07,2016-04-01,30.833707299999997,700,0.9722222222222222
A07,2016-05-01,55.66273524193548,744,1.0
A07,2016-06-01,47.551345181058494,718,0.9972222222222222
A07,2016-07-01,34.860876129032256,744,1.0
A07,2016-08-01,32.82136904441454,743,0.9986559139784946
A07,2016-09-01,25.827895730180806,719,0.9986111111111111
A07,2016-10-01,18.54416186234818,741,0.9959677419354839
A07,2016-11-01,8.649340208333333,720,1.0
A07,2016-12-01,9.347146021505376,744,1.0
A07,2017-01-01,7.88570630376344,744,1.0
A07,2017-02-01,6.703180773809524,672,1.0
A07,2017-03-01,18.70485184139785,744,1.0
A07,2017-04-01,28.89350313888889,720,1.0
A07,2017-05-01,57.24731182795699,744,1.0
A07,2017-06-01,54.5,720,1.0
A07,2017-07-01,55.748655913978496,744,1.0
A07,2017-08-01,33.831989247311824,744,1.0
A07,2017-09-01,41.18472222222222,720,1.0
A07,2017-10-01,29.13978494623656,744,1.0
A07,2017-11-01,15.640277777777778,720,1.0
A07,2017-12-01,9.634408602150538,744,1.0
A07,2018-01-01,7.798591549295774,710,0.9543010752688172
A07,2018-02-01,8.619970193740686,671,0.9985119047619048
A07,2018-03-01,15.053908355795148,742,0.9973118279569892
A07,2018-04-01,20.231197771587745,718,0.9972222222222222
A07,2018-05-01,27.778677462887988,741,0.9959677419354839
A07,2018-06-01,33.48671328671329,715,0.9930555555555556
A07,2018-07-01,70.16576819407008,742,0.9973118279569892
A07,2018-08-01,32.61569688768606,739,0.9932795698924731
A07,2018-09-01,27.05610098176718,713,0.9902777777777778
A07,2018-10-01,15.091520861372812,743,0.9986559139784946
A07,2018-11-01,11.331926863572432,711,0.9875
A07,2018-12-01,6.165087956698241,739,0.9932795698924731
A07,2019-01-01,7.589136490250697,718,0.9650537634408602
A07,2019-02-01,18.292237442922374,657,0.9776785714285714
A07,2019-03-01,18.37162162162162,740,0.9946236559139785
A07,2019-04-01,33.15546218487395,714,0.9916666666666667
A07,2019-05-01,44.785714285714285,728,0.978494623655914
A07,2019-06-01,43.89638157894737,608,0.8444444444444444
A07,2019-07-01,50.27063599458728,739,0.9932795698924731
A07,2019-08-01,51.771197846567965,743,0.9986559139784946
A07,2019-09-01,27.602240896358545,714,0.9916666666666667
A07,2019-10-01,21.21265141318977,743,0.9986559139784946
A07,2019-11-01,15.0758226037196,699,0.9708333333333333
A07,2019-12-01,9.350948509485095,738,0.9919354838709677
A07,2020-01-01,5.7848443843031125,739,0.9932795698924731
A07,2020-02-01,6.961206896551724,696,1.0
A07,2020-03-01,8.75033921302578,737,0.9905913978494624
A07,2020-04-01,30.925,720,1.0
A07,2020-05-01,71.62129380053908,742,0.9973118279569892
A07,2020-06-01,36.04090267983075,709,0.9847222222222223
A07,2020-07-01,58.20485175202156,742,0.9973118279569892
A07,2020-08-01,36.34274193548387,744,1.0
A07,2020-09-01,38.01267605633803,710,0.9861111111111112
A07,2020-10-01,21.122311827956988,744,1.0
A07,2020-11-01,12.078212290502794,716,0.9944444444444445
A07,2020-12-01,8.702956989247312,744,1.0
A07,2021-01-01,6.001349527665317,741,0.9959677419354839
A07,2021-02-01,6.84375,672,1.0
A07,2021-03-01,8.605042016806722,714,0.9596774193548387
A07,2021-04-01,29.008333333333333,720,1.0
A07,2021-05-01,41.3270013568521,737,0.9905913978494624
A07,2021-06-01,56.763888888888886,720,1.0
A07,2021-07-01,50.33694181326116,739,0.9932795698924731
A07,2021-08-01,39.260162601626014,738,0.9919354838709677
A07,2021-09-01,23.68776371308017,711,0.9875
A07,2021-10-01,12.931600547195622,731,0.9825268817204301
A07,2021-11-01,6.39221140472879,719,0.9986111111111111
A07,2021-12-01,4.045762711864406,590,0.793010752688172
A07,2022-01-01,3.4862385321100917,545,0.7325268817204301
A07,2022-02-01,3.3092436974789914,595,0.8854166666666666
A07,2022-03-01,12.983216783216783,715,0.9610215053763441
A07,2022-04-01,32.062849162011176,716,0.9944444444444445
A07,2022-05-01,47.17227456258412,743,0.9986559139784946
A07,2022-06-01,61.149210903873744,697,0.9680555555555556
A07,2022-07-01,54.549257759784076,741,0.9959677419354839
A07,2022-08-01,61.69179004037685,743,0.9986559139784946
A07,2022-09-01,32.272197962154294,687,0.9541666666666667
A07,2022-10-01,14.846785225718195,731,0.9825268817204301
A07,2022-11-01,9.653061224489797,686,0.9527777777777777
A07,2022-12-01,6.46505376344086,744,1.0
A07,2023-01-01,2.9510961214165263,593,0.7970430107526881
A07,2023-02-01,4.411214953271028,642,0.9553571428571429
A07,2023-03-01,11.11049723756906,724,0.9731182795698925
A07,2023-04-01,24.975,720,1.0
A07,2023-05-01,32.65138888888889,720,0.967741935483871
A07,2023-06-01,30.71613832853026,694,0.9638888888888889
A07,2023-07-01,35.80592991913747,742,0.9973118279569892
A07,2023-08-01,36.37196765498652,742,0.9973118279569892
A07,2023-09-01,28.695774647887323,710,0.9861111111111112
A07,2023-10-01,10.556047197640117,678,0.9112903225806451
A07,2023-11-01,14.435643564356436,707,0.9819444444444444
A07,2023-12-01,5.600806451612903,744,1.0
A07,2024-01-01,7.497304582210242,742,0.9973118279569892
A07,2024-02-01,8.569164265129682,694,0.9971264367816092
A07,2024-03-01,10.251851851851852,675,0.907258064516129
A07,2024-04-01,18.436541143654114,717,0.9958333333333333
A07,2024-05-01,43.3355795148248,742,0.9973118279569892
A07,2024-06-01,28.468619246861923,717,0.9958333333333333
A07,2024-07-01,42.64364640883978,724,0.9731182795698925
A07,2024-08-01,39.79419889502763,724,0.9731182795698925
A07,2024-09-01,24.164285714285715,700,0.9722222222222222
A07,2024-10-01,10.801408450704225,710,0.9543010752688172
A07,2024-11-01,9.111267605633802,710,0.9861111111111112
A07,2024-12-01,4.033692722371968,742,0.9973118279569892
A07,2025-01-01,1.7451923076923077,624,0.8387096774193549
A07,2025-02-01,2.937799043062201,418,0.6220238095238095
A07,2025-03-01,7.487538940809969,642,0.8629032258064516
A07,2025-04-01,18.025069637883007,718,0.9972222222222222
A07,2025-05-01,29.131914893617022,705,0.9475806451612904
A07,2025-06-01,42.57142857142857,693,0.9625
A07,2025-07-01,34.29769959404601,739,0.9932795698924731
A07,2025-08-01,34.68421052631579,741,0.9959677419354839
A07,2025-09-01,20.602134146341463,656,0.9111111111111111
A07,2025-10-01,16.076923076923077,741,0.9959677419354839
A07,2025-11-01,6.709497206703911,716,0.9944444444444445
A07,2025-12-01,5.479082321187584,741,0.9959677419354839
A07,2026-01-01,4.22972972972973,740,0.9946236559139785
A07,2026-02-01,5.506726457399103,669,0.9955357142857143
A07,2026-03-01,9.088180112570356,533,0.7163978494623656
A07,2026-04-01,23.14245810055866,716,0.9944444444444445
A07,2026-05-01,30.247631935047362,739,0.9932795698924731
A07,2026-06-01,27.89400278940028,717,0.9958333333333333
A07,2026-07-01,50.276747503566334,701,0.9422043010752689
A07,2026-08-01,26.46523178807947,604,0.8118279569892473
A07,2026-09-01,35.0066889632107,299,0.4152777777777778
A08,2017-03-01,20.91479963636364,275,0.3696236559139785
A08,2017-04-01,31.20548667256637,565,0.7847222222222222
A08,2017-05-01,44.1389337641357,619,0.831989247311828
A08,2017-06-01,40.35195530726257,716,0.9944444444444445
A08,2017-07-01,38.81818181818182,649,0.8723118279569892
A08,2017-08-01,28.633783783783784,740,0.9946236559139785
A08,2017-09-01,35.41711229946524,561,0.7791666666666667
A08,2017-10-01,24.21015761821366,571,0.7674731182795699
A08,2017-11-01,11.643504531722055,662,0.9194444444444444
A08,2017-12-01,7.825648414985591,694,0.9327956989247311
A08,2018-01-01,6.198924731182796,744,1.0
A08,2018-02-01,5.956259426847662,663,0.9866071428571429
A08,2018-03-01,14.990461049284578,629,0.8454301075268817
A08,2018-04-01,20.726114649681527,628,0.8722222222222222
A08,2018-05-01,35.829007633587786,655,0.8803763440860215
A08,2018-06-01,42.57342657342657,715,0.9930555555555556
A08,2018-07-01,86.93848354792561,699,0.9395161290322581
A08,2018-08-01,35.05587392550143,698,0.9381720430107527
A08,2018-09-01,31.524475524475523,715,0.9930555555555556
A08,2018-10-01,17.127222982216143,731,0.9825268817204301
A08,2018-11-01,15.27094972067039,716,0.9944444444444445
A08,2018-12-01,8.206199460916443,742,0.9973118279569892
A08,2019-01-01,7.231190150478796,731,0.9825268817204301
A08,2019-02-01,7.536842105263158,665,0.9895833333333334
A08,2019-03-01,14.417004048582996,741,0.9959677419354839
A08,2019-04-01,27.821974965229487,719,0.9986111111111111
A08,2019-05-01,37.42162162162162,740,0.9946236559139785
A08,2019-06-01,59.69620253164557,711,0.9875
A08,2019-07-01,50.0843537414966,735,0.9879032258064516
A08,2019-08-01,44.10646900269542,742,0.9973118279569892
A08,2019-09-01,29.565714285714286,700,0.9722222222222222
A08,2019-10-01,16.78494623655914,744,1.0
A08,2019-11-01,15.953910614525139,716,0.9944444444444445
A08,2019-12-01,10.25268817204301,744,1.0
A08,2020-01-01,7.290322580645161,713,0.9583333333333334
A08,2020-02-01,7.004573170731708,656,0.9425287356321839
A08,2020-03-01,10.088075880758808,738,0.9919354838709677
A08,2020-04-01,23.756606397774686,719,0.9986111111111111
A08,2020-05-01,53.875843454790825,741,0.9959677419354839
A08,2020-06-01,35.575799721835885,719,0.9986111111111111
A08,2020-07-01,52.62787550744249,739,0.9932795698924731
A08,2020-08-01,35.25806451612903,744,1.0
A08,2020-09-01,29.72663877266388,717,0.9958333333333333
A08,2020-10-01,19.100806451612904,744,1.0
A08,2020-11-01,12.566011235955056,712,0.9888888888888889
A08,2020-12-01,8.313617606602476,727,0.9771505376344086
A08,2021-01-01,5.030927835051546,679,0.9126344086021505
A08,2021-02-01,7.084947839046199,671,0.9985119047619048
A08,2021-03-01,9.494609164420485,742,0.9973118279569892
A08,2021-04-01,20.703081232493,714,0.9916666666666667
A08,2021-05-01,38.179245283018865,742,0.9973118279569892
A08,2021-06-01,65.64145658263305,714,0.9916666666666667
A08,2021-07-01,52.48173207036536,739,0.9932795698924731
A08,2021-08-01,39.3257065948856,743,0.9986559139784946
A08,2021-09-01,27.84370257966616,659,0.9152777777777777
A08,2021-10-01,17.269541778975743,742,0.9973118279569892
A08,2021-11-01,10.51195499296765,711,0.9875
A08,2021-12-01,7.037685060565276,743,0.9986559139784946
A08,2022-01-01,6.89851150202977,739,0.9932795698924731
A08,2022-02-01,3.7210884353741496,588,0.875
A08,2022-03-01,13.953703703703704,648,0.8709677419354839
A08,2022-04-01,27.79189944134078,716,0.9944444444444445
A08,2022-05-01,47.929251700680275,735,0.9879032258064516
A08,2022-06-01,68.1986111111111,720,1.0
A08,2022-07-01,40.78474114441417,734,0.9865591397849462
A08,2022-08-01,45.67619047619048,735,0.9879032258064516
A08,2022-09-01,29.615056818181817,704,0.9777777777777777
A08,2022-10-01,18.41001353179973,739,0.9932795698924731
A08,2022-11-01,8.83638928067701,709,0.9847222222222223
A08,2022-12-01,7.454668470906631,739,0.9932795698924731
A08,2023-01-01,4.993103448275862,725,0.9744623655913979
A08,2023-02-01,6.192192192192192,666,0.9910714285714286
A08,2023-03-01,10.162822252374491,737,0.9905913978494624
A08,2023-04-01,19.651266766020864,671,0.9319444444444445
A08,2023-05-01,33.869565217391305,713,0.9583333333333334
A08,2023-06-01,46.58831908831909,702,0.975
A08,2023-07-01,44.31478968792402,737,0.9905913978494624
A08,2023-08-01,33.228767123287675,730,0.9811827956989247
A08,2023-09-01,26.915966386554622,714,0.9916666666666667
A08,2023-10-01,15.85,740,0.9946236559139785
A08,2023-11-01,16.004285714285714,700,0.9722222222222222
A08,2023-12-01,6.626050420168068,714,0.9596774193548387
A08,2024-01-01,5.3603238866396765,741,0.9959677419354839
A08,2024-02-01,26.709724238026126,689,0.9899425287356322
A08,2024-03-01,15.727642276422765,738,0.9919354838709677
A08,2024-04-01,25.36705202312139,692,0.9611111111111111
A08,2024-05-01,54.01490514905149,738,0.9919354838709677
A08,2024-06-01,33.91761363636363,704,0.9777777777777777
A08,2024-07-01,56.38513513513514,740,0.9946236559139785
A08,2024-08-01,39.50762829403606,721,0.9690860215053764
A08,2024-09-01,26.835243553008596,698,0.9694444444444444
A08,2024-10-01,12.95890410958904,730,0.9811827956989247
A08,2024-11-01,10.932584269662922,712,0.9888888888888889
A08,2024-12-01,5.986504723346829,741,0.9959677419354839
A08,2025-01-01,2.959349593495935,738,0.9919354838709677
A08,2025-02-01,3.7507552870090635,662,0.9851190476190477
A08,2025-03-01,9.293388429752065,726,0.9758064516129032
A08,2025-04-01,21.73533619456366,699,0.9708333333333333
A08,2025-05-01,30.889487870619945,742,0.9973118279569892
A08,2025-06-01,44.43001443001443,693,0.9625
A08,2025-07-01,30.96132596685083,724,0.9731182795698925
A08,2025-08-01,31.212534059945504,734,0.9865591397849462
A08,2025-09-01,17.66386554621849,714,0.9916666666666667
A08,2025-10-01,14.0697350069735,717,0.9637096774193549
A08,2025-11-01,5.915254237288136,708,0.9833333333333333
A08,2025-12-01,4.517146776406036,729,0.9798387096774194
A08,2026-01-01,3.201923076923077,728,0.978494623655914
A08,2026-02-01,4.463108320251178,637,0.9479166666666666
A08,2026-03-01,10.34009360374415,641,0.8615591397849462
A08,2026-04-01,21.88595271210014,719,0.9986111111111111
A08,2026-05-01,36.27384196185286,734,0.9865591397849462
A08,2026-06-01,46.43089430894309,492,0.6833333333333333
A08,2026-07-01,38.9683908045977,696,0.9354838709677419
A08,2026-08-01,29.597278911564626,735,0.9879032258064516
A08,2026-09-01,30.16724738675958,287,0.39861111111111114
A09,2004-12-01,74.16666666666667,6,0.008064516129032258
A09,2013-06-01,166.0,5,0.006944444444444444
A09,2014-01-01,354.625,8,0.010752688172043012
A09,2016-02-01,139.0,6,0.008620689655172414
A09,2016-03-01,0.0,1,0.0013440860215053765
A09,2020-04-01,23.57894736842105,38,0.05277777777777778
A09,2020-05-01,68.5114709851552,741,0.9959677419354839
A09,2020-06-01,43.38818565400844,711,0.9875
A09,2020-07-01,63.704054054054055,740,0.9946236559139785
A09,2020-08-01,49.926829268292686,738,0.9919354838709677
A09,2020-09-01,46.34770514603616,719,0.9986111111111111
A09,2020-10-01,35.84656796769852,743,0.9986559139784946
A09,2020-11-01,18.94853963838665,719,0.9986111111111111
A09,2020-12-01,12.205645161290322,744,1.0
A09,2021-01-01,9.525537634408602,744,1.0
A09,2021-02-01,9.052631578947368,665,0.9895833333333334
A09,2021-03-01,15.019257221458046,727,0.9771505376344086
A09,2021-04-01,26.255944055944056,715,0.9930555555555556
A09,2021-05-01,42.88814016172507,742,0.9973118279569892
A09,2021-06-01,84.03072625698324,716,0.9944444444444445
A09,2021-07-01,58.293010752688176,744,1.0
A09,2021-08-01,43.68421052631579,741,0.9959677419354839
A09,2021-09-01,37.07692307692308,715,0.9930555555555556
A09,2021-10-01,24.35605006954103,719,0.9663978494623656
A09,2021-11-01,16.41307371349096,719,0.9986111111111111
A09,2021-12-01,11.033093525179856,695,0.9341397849462365
A09,2022-01-01,8.209677419354838,744,1.0
A09,2022-02-01,6.003129890453834,639,0.9508928571428571
A09,2022-03-01,19.50653120464441,689,0.9260752688172043
A09,2022-04-01,37.742657342657346,715,0.9930555555555556
A09,2022-05-01,64.5752688172043,744,1.0
A09,2022-06-01,76.01810584958217,718,0.9972222222222222
A09,2022-07-01,61.17385444743935,742,0.9973118279569892
A09,2022-08-01,80.82614555256065,742,0.9973118279569892
A09,2022-09-01,41.165277777777774,720,1.0
A09,2022-10-01,24.491643454038996,718,0.9650537634408602
A09,2022-11-01,12.030640668523677,718,0.9972222222222222
A09,2022-12-01,7.942048517520216,742,0.9973118279569892
A09,2023-01-01,5.6437246963562755,741,0.9959677419354839
A09,2023-02-01,6.01875,640,0.9523809523809523
A09,2023-03-01,14.934139784946236,744,1.0
A09,2023-04-01,33.14664804469274,716,0.9944444444444445
A09,2023-05-01,45.588948787061994,742,0.9973118279569892
A09,2023-06-01,57.47009735744089,719,0.9986111111111111
A09,2023-07-01,55.15746971736205,743,0.9986559139784946
A09,2023-08-01,57.85425101214575,741,0.9959677419354839
A09,2023-09-01,35.90516039051604,717,0.9958333333333333
A09,2023-10-01,22.109017496635264,743,0.9986559139784946
A09,2023-11-01,18.752777777777776,720,1.0
A09,2023-12-01,10.044414535666219,743,0.9986559139784946
A09,2024-01-01,6.962162162162162,740,0.9946236559139785
A09,2024-02-01,12.118326118326118,693,0.9956896551724138
A09,2024-03-01,15.079837618403248,739,0.9932795698924731
A09,2024-04-01,28.678720445062588,719,0.9986111111111111
A09,2024-05-01,70.03364737550471,743,0.9986559139784946
A09,2024-06-01,33.744089012517385,719,0.9986111111111111
A09,2024-07-01,67.54912516823688,743,0.9986559139784946
A09,2024-08-01,57.80836707152497,741,0.9959677419354839
A09,2024-09-01,32.9346314325452,719,0.9986111111111111
A09,2024-10-01,22.82591093117409,741,0.9959677419354839
A09,2024-11-01,15.95125348189415,718,0.9972222222222222
A09,2024-12-01,7.2907133243607,743,0.9986559139784946
A09,2025-01-01,3.6352624495289367,743,0.9986559139784946
A09,2025-02-01,6.1540785498489425,662,0.9851190476190477
A09,2025-03-01,11.584615384615384,715,0.9610215053763441
A09,2025-04-01,24.72461752433936,719,0.9986111111111111
A09,2025-05-01,56.0466472303207,686,0.9220430107526881
A09,2025-06-01,58.37099023709902,717,0.9958333333333333
A09,2025-07-01,49.423956931359356,743,0.9986559139784946
A09,2025-08-01,49.05,740,0.9946236559139785
A09,2025-09-01,36.52785515320334,718,0.9972222222222222
A09,2025-10-01,22.483827493261455,742,0.9973118279569892
A09,2025-11-01,12.159944367176633,719,0.9986111111111111
A09,2025-12-01,8.11843876177658,743,0.9986559139784946
A09,2026-01-01,6.704851752021563,742,0.9973118279569892
A09,2026-02-01,8.251134644478064,661,0.9836309523809523
A09,2026-03-01,18.310626702997276,734,0.9865591397849462
A09,2026-04-01,27.013432835820897,670,0.9305555555555556
A09,2026-05-01,50.53772290809328,729,0.9798387096774194
A09,2026-06-01,53.06954102920723,719,0.9986111111111111
A09,2026-07-01,79.28180574555404,731,0.9825268817204301
A09,2026-08-01,45.660377358490564,742,0.9973118279569892
A09,2026-09-01,44.00645161290323,310,0.4305555555555556
AA2,2024-03-01,13.448412698412698,504,0.6774193548387096
AA2,2024-04-01,35.44677871148459,714,0.9916666666666667
AA2,2024-05-01,94.87415426251691,739,0.9932795698924731
AA2,2024-06-01,54.34540389972145,718,0.9972222222222222
AA2,2024-07-01,76.54312668463612,742,0.9973118279569892
AA2,2024-08-01,64.78561736770692,737,0.9905913978494624
AA2,2024-09-01,38.98601398601399,715,0.9930555555555556
AA2,2024-10-01,15.743589743589743,741,0.9959677419354839
AA2,2024-11-01,10.814763231197771,718,0.9972222222222222
AA2,2024-12-01,6.5465587044534415,741,0.9959677419354839
AA2,2025-01-01,4.335127860026918,743,0.9986559139784946
AA2,2025-02-01,4.549167927382753,661,0.9836309523809523
AA2,2025-03-01,10.013513513513514,740,0.9946236559139785
AA2,2025-04-01,30.905160390516038,717,0.9958333333333333
AA2,2025-05-01,60.432614555256066,742,0.9973118279569892
AA2,2025-06-01,73.61752433936022,719,0.9986111111111111
AA2,2025-07-01,74.3970189701897,738,0.9919354838709677
AA2,2025-08-01,50.22476446837147,743,0.9986559139784946
AA2,2025-09-01,33.142458100558656,716,0.9944444444444445
AA2,2025-10-01,15.176197836166924,647,0.8696236559139785
AA2,2025-11-01,6.7154811715481175,717,0.9958333333333333
AA2,2025-12-01,4.479138627187079,743,0.9986559139784946
AA2,2026-01-01,5.0431266846361185,742,0.9973118279569892
AA2,2026-02-01,5.113263785394933,671,0.9985119047619048
AA2,2026-03-01,15.516216216216216,740,0.9946236559139785
AA2,2026-04-01,35.63231197771588,718,0.9972222222222222
AA2,2026-05-01,66.33692722371967,742,0.9973118279569892
AA2,2026-06-01,61.40807799442897,718,0.9972222222222222
AA2,2026-07-01,86.10931174089069,741,0.9959677419354839
AA2,2026-08-01,53.67253044654939,739,0.9932795698924731
AA2,2026-09-01,26.861290322580643,310,0.4305555555555556
B03,2002-05-01,1.0,1,0.0013440860215053765
B03,2004-12-01,207.57142857142858,7,0.009408602150537635
B03,2005-05-01,17.0,2,0.002688172043010753
B03,2005-10-01,8.0,3,0.004032258064516129
B03,2006-01-01,242.0,3,0.004032258064516129
B03,2007-12-01,21.0,1,0.0013440860215053765
B03,2008-09-01,30.333333333333332,3,0.004166666666666667
B03,2010-05-01,16.0,2,0.002688172043010753
B03,2013-02-01,56.0,2,0.002976190476190476
B03,2013-03-01,43.89612188365651,722,0.9704301075268817
B03,2013-04-01,52.819193324061196,719,0.9986111111111111
B03,2013-05-01,82.50549447802197,728,0.978494623655914
B03,2013-06-01,66.20208623087622,719,0.9986111111111111
B03,2013-07-01,125.67654494382022,712,0.956989247311828
B03,2013-08-01,92.7294371934605,734,0.9865591397849462
B03,2013-09-01,90.26908077994429,718,0.9972222222222222
B03,2013-10-01,27.50409836065574,732,0.9838709677419355
B03,2013-11-01,18.70098730606488,709,0.9847222222222223
B03,2013-12-01,7.853494623655914,744,1.0
B03,2014-01-01,10.084699453551913,732,0.9838709677419355
B03,2014-02-01,10.822652757078986,671,0.9985119047619048
B03,2014-03-01,25.269444444444446,720,0.967741935483871
B03,2014-04-01,80.00558659217877,716,0.9944444444444445
B03,2014-05-01,99.85814516129034,744,1.0
B03,2014-06-01,146.0377094972067,716,0.9944444444444445
B03,2014-07-01,169.43413978494624,744,1.0
B03,2014-08-01,95.80913978494624,744,1.0
B03,2014-09-01,58.61561111111111,720,1.0
B03,2014-10-01,33.14993135935397,743,0.9986559139784946
B03,2014-11-01,16.324457907303373,712,0.9888888888888889
B03,2014-12-01,10.540932933151433,733,0.9852150537634409
B03,2015-01-01,8.064571415094338,742,0.9973118279569892
B03,2015-02-01,10.514880952380953,672,1.0
B03,2015-03-01,28.14649593495935,738,0.9919354838709677
B03,2015-04-01,73.89366946778712,714,0.9916666666666667
B03,2015-05-01,101.67247262872628,738,0.9919354838709677
B03,2015-06-01,94.95409425,720,1.0
B03,2015-07-01,83.75741535762484,741,0.9959677419354839
B03,2015-08-01,101.99777612724758,723,0.9717741935483871
B03,2015-09-01,50.73840613668062,717,0.9958333333333333
B03,2015-10-01,42.42133849593496,738,0.9919354838709677
B03,2015-11-01,14.505084761904763,714,0.9916666666666667
B03,2015-12-01,9.771731268556005,741,0.9959677419354839
B03,2016-01-01,5.812359501347708,742,0.9973118279569892
B03,2016-02-01,9.034169676470588,680,0.9770114942528736
B03,2016-03-01,15.738121956815116,741,0.9959677419354839
B03,2016-04-01,104.7516148241913,711,0.9875
B03,2016-05-01,199.8461038918919,740,0.9946236559139785
B03,2016-06-01,128.86087616457462,717,0.9958333333333333
B03,2016-07-01,124.98716685060566,743,0.9986559139784946
B03,2016-08-01,83.77430181568087,727,0.9771505376344086
B03,2016-09-01,71.06379977622377,715,0.9930555555555556
B03,2016-10-01,30.271034621621624,740,0.9946236559139785
B03,2016-11-01,12.011247075208914,718,0.9972222222222222
B03,2016-12-01,6.132821772665764,739,0.9932795698924731
B03,2017-01-01,8.120781410958905,730,0.9811827956989247
B03,2017-02-01,6.997581639344262,671,0.9985119047619048
B03,2017-03-01,22.37448334682861,741,0.9959677419354839
B03,2017-04-01,66.33616793584379,717,0.9958333333333333
B03,2017-05-01,93.15825375170532,733,0.9852150537634409
B03,2017-06-01,107.57365439093485,706,0.9805555555555555
B03,2017-07-01,92.92307692307692,741,0.9959677419354839
B03,2017-08-01,71.82321187584346,741,0.9959677419354839
B03,2017-09-01,30.917941585535466,719,0.9986111111111111
B03,2017-10-01,21.431081081081082,740,0.9946236559139785
B03,2017-11-01,11.918055555555556,720,1.0
B03,2017-12-01,5.880108991825613,734,0.9865591397849462
B03,2018-01-01,5.539703903095559,743,0.9986559139784946
B03,2018-02-01,6.28978978978979,666,0.9910714285714286
B03,2018-03-01,20.97107438016529,726,0.9758064516129032
B03,2018-04-01,39.88981868898187,717,0.9958333333333333
B03,2018-05-01,75.43579234972678,732,0.9838709677419355
B03,2018-06-01,161.24407252440724,717,0.9958333333333333
B03,2018-07-01,137.75438596491227,741,0.9959677419354839
B03,2018-08-01,83.97570850202429,741,0.9959677419354839
B03,2018-09-01,35.66760168302945,713,0.9902777777777778
B03,2018-10-01,27.627027027027026,740,0.9946236559139785
B03,2018-11-01,15.256624825662483,717,0.9958333333333333
B03,2018-12-01,6.726190476190476,672,0.9032258064516129
B03,2019-01-01,7.053981106612685,741,0.9959677419354839
B03,2019-02-01,8.513473053892216,668,0.9940476190476191
B03,2019-03-01,18.60377358490566,742,0.9973118279569892
B03,2019-04-01,39.69958275382476,719,0.9986111111111111
B03,2019-05-01,57.98652291105121,742,0.9973118279569892
B03,2019-06-01,86.21148459383754,714,0.9916666666666667
B03,2019-07-01,103.55316285329744,743,0.9986559139784946
B03,2019-08-01,63.03778677462888,741,0.9959677419354839
B03,2019-09-01,43.17201166180758,686,0.9527777777777777
B03,2019-10-01,21.22476446837147,743,0.9986559139784946
B03,2019-11-01,11.105919003115265,642,0.8916666666666667
B03,2019-12-01,9.083783783783783,740,0.9946236559139785
B03,2020-01-01,5.395095367847412,734,0.9865591397849462
B03,2020-02-01,9.858381502890174,692,0.9942528735632183
B03,2020-03-01,14.701634877384196,734,0.9865591397849462
B03,2020-04-01,44.56388888888889,720,1.0
B03,2020-05-01,67.38461538461539,741,0.9959677419354839
B03,2020-06-01,87.02777777777777,720,1.0
B03,2020-07-01,116.97158322056833,739,0.9932795698924731
B03,2020-08-01,45.02312925170068,735,0.9879032258064516
B03,2020-09-01,33.41591591591592,666,0.925
B03,2020-10-01,18.1278600269179,743,0.9986559139784946
B03,2020-11-01,7.248875562218891,667,0.9263888888888889
B03,2020-12-01,5.424964936886395,713,0.9583333333333334
B03,2021-01-01,5.306539509536785,734,0.9865591397849462
B03,2021-02-01,4.871641791044776,670,0.9970238095238095
B03,2021-03-01,12.006811989100818,734,0.9865591397849462
B03,2021-04-01,28.06373937677054,706,0.9805555555555555
B03,2021-05-01,85.39136302294197,741,0.9959677419354839
B03,2021-06-01,118.54874651810584,718,0.9972222222222222
B03,2021-07-01,38.056603773584904,742,0.9973118279569892
B03,2021-08-01,52.12231182795699,744,1.0
B03,2021-09-01,30.23955431754875,718,0.9972222222222222
B03,2021-10-01,14.51478494623656,744,1.0
B03,2021-11-01,10.186274509803921,714,0.9916666666666667
B03,2021-12-01,6.699594046008119,739,0.9932795698924731
B03,2022-01-01,6.086253369272237,742,0.9973118279569892
B03,2022-02-01,7.0059790732436475,669,0.9955357142857143
B03,2022-03-01,17.440976933514246,737,0.9905913978494624
B03,2022-04-01,30.870833333333334,720,1.0
B03,2022-05-01,91.55525606469003,742,0.9973118279569892
B03,2022-06-01,128.40725244072524,717,0.9958333333333333
B03,2022-07-01,68.62449528936743,743,0.9986559139784946
B03,2022-08-01,32.81586021505376,744,1.0
B03,2022-09-01,22.91782729805014,718,0.9972222222222222
B03,2022-10-01,18.48813056379822,674,0.9059139784946236
B03,2022-11-01,9.397202797202798,715,0.9930555555555556
B03,2022-12-01,6.339165545087483,743,0.9986559139784946
B03,2023-01-01,4.181940700808625,742,0.9973118279569892
B03,2023-02-01,3.767616191904048,667,0.9925595238095238
B03,2023-03-01,15.971467391304348,736,0.989247311827957
B03,2023-04-01,41.183588317107095,719,0.9986111111111111
B03,2023-05-01,43.23243243243243,740,0.9946236559139785
B03,2023-06-01,99.14722222222223,720,1.0
B03,2023-07-01,85.81266846361186,742,0.9973118279569892
B03,2023-08-01,47.58513513513513,740,0.9946236559139785
B03,2023-09-01,42.93165969316597,717,0.9958333333333333
B03,2023-10-01,18.855967078189302,729,0.9798387096774194
B03,2023-11-01,12.26536312849162,716,0.9944444444444445
B03,2023-12-01,7.6437246963562755,741,0.9959677419354839
B03,2024-01-01,6.477027027027027,740,0.9946236559139785
B03,2024-02-01,6.578643578643579,693,0.9956896551724138
B03,2024-03-01,19.213997308209958,743,0.9986559139784946
B03,2024-04-01,50.35146443514645,717,0.9958333333333333
B03,2024-05-01,126.68194070080862,742,0.9973118279569892
B03,2024-06-01,92.30458970792768,719,0.9986111111111111
B03,2024-07-01,68.74528301886792,742,0.9973118279569892
B03,2024-08-01,60.10901749663526,743,0.9986559139784946
B03,2024-09-01,20.78690807799443,718,0.9972222222222222
B03,2024-10-01,16.14111261872456,737,0.9905913978494624
B03,2024-11-01,15.877437325905293,718,0.9972222222222222
B03,2024-12-01,11.651289009497965,737,0.9905913978494624
B03,2025-01-01,5.7916102841677946,739,0.9932795698924731
B03,2025-02-01,11.911544227886058,667,0.9925595238095238
B03,2025-03-01,24.805668016194332,741,0.9959677419354839
B03,2025-04-01,49.41935483870968,713,0.9902777777777778
B03,2025-05-01,48.34912043301759,739,0.9932795698924731
B03,2025-06-01,88.42259414225941,717,0.9958333333333333
B03,2025-07-01,86.37819650067294,743,0.9986559139784946
B03,2025-08-01,75.04172274562585,743,0.9986559139784946
B03,2025-09-01,39.616991643454035,718,0.9972222222222222
B03,2025-10-01,20.27132867132867,715,0.9610215053763441
B03,2025-11-01,9.214484679665738,718,0.9972222222222222
B03,2025-12-01,4.619433198380567,741,0.9959677419354839
B03,2026-01-01,4.699055330634278,741,0.9959677419354839
B03,2026-02-01,8.165919282511211,669,0.9955357142857143
B03,2026-03-01,16.46153846153846,741,0.9959677419354839
B03,2026-04-01,26.667132867132867,715,0.9930555555555556
B03,2026-05-01,100.20377867746289,741,0.9959677419354839
B03,2026-06-01,83.32122905027933,716,0.9944444444444445
B03,2026-07-01,140.78513513513514,740,0.9946236559139785
B03,2026-08-01,98.43800539083558,742,0.9973118279569892
B03,2026-09-01,50.58064516129032,310,0.4305555555555556
B04,2013-08-01,144.0,1,0.0013440860215053765
B04,2013-09-01,101.05833333333334,720,1.0
B04,2013-10-01,37.31586021505376,744,1.0
B04,2013-11-01,28.76527777777778,720,1.0
B04,2013-12-01,13.083445491251682,743,0.9986559139784946
B04,2014-01-01,13.094086021505376,744,1.0
B04,2014-02-01,16.75545171339564,642,0.9553571428571429
B04,2014-03-01,31.536290322580644,744,1.0
B04,2014-04-01,86.73435326842838,719,0.9986111111111111
B04,2014-05-01,98.64784946236558,744,1.0
B04,2014-06-01,112.13799283154121,558,0.775
B04,2014-07-01,106.82123655913979,744,1.0
B04,2014-08-01,107.03945443548386,744,1.0
B04,2014-09-01,69.80351736111112,720,1.0
B04,2014-10-01,46.16503991935484,744,1.0
B04,2014-11-01,25.86752263888889,720,1.0
B04,2014-12-01,17.603462688172044,744,1.0
B04,2015-01-01,10.610915752688172,744,1.0
B04,2015-02-01,12.565842142857141,672,1.0
B04,2015-03-01,34.520536559139785,744,1.0
B04,2015-04-01,63.80277377094972,716,0.9944444444444445
B04,2015-05-01,48.87412415426252,739,0.9932795698924731
B04,2015-06-01,102.80129582496414,697,0.9680555555555556
B04,2015-07-01,85.61403050135502,738,0.9919354838709677
B04,2015-08-01,92.01208515731874,731,0.9825268817204301
B04,2015-09-01,51.77502846796657,718,0.9972222222222222
B04,2015-10-01,40.976169460188935,741,0.9959677419354839
B04,2015-11-01,16.08599147679325,711,0.9875
B04,2015-12-01,13.103269513513514,740,0.9946236559139785
B04,2016-01-01,7.935832594086021,744,1.0
B04,2016-02-01,11.210845961251863,671,0.9640804597701149
B04,2016-03-01,18.91906031207598,737,0.9905913978494624
B04,2016-04-01,93.29504037762237,715,0.9930555555555556
B04,2016-05-01,192.0006528431373,714,0.9596774193548387
B04,2016-06-01,127.90725632167832,715,0.9930555555555556
B04,2016-07-01,117.1536913360324,741,0.9959677419354839
B04,2016-08-01,83.61335131793479,736,0.989247311827957
B04,2016-09-01,70.49305138461538,715,0.9930555555555556
B04,2016-10-01,30.99209236734694,735,0.9879032258064516
B04,2016-11-01,16.5505143454039,718,0.9972222222222222
B04,2016-12-01,11.039220925414364,724,0.9731182795698925
B04,2017-01-01,11.281452690217392,736,0.989247311827957
B04,2017-02-01,10.910499167927384,661,0.9836309523809523
B04,2017-03-01,27.419244309392262,724,0.9731182795698925
B04,2017-04-01,68.2476219683908,696,0.9666666666666667
B04,2017-05-01,103.04330175913397,739,0.9932795698924731
B04,2017-06-01,109.86478873239436,710,0.9861111111111112
B04,2017-07-01,102.34116022099448,724,0.9731182795698925
B04,2017-08-01,82.08985507246376,690,0.9274193548387096
B04,2017-09-01,33.986988847583646,538,0.7472222222222222
B04,2017-10-01,25.95020188425303,743,0.9986559139784946
B04,2017-11-01,17.161559888579387,718,0.9972222222222222
B04,2017-12-01,10.932876712328767,730,0.9811827956989247
B04,2018-01-01,7.470748299319728,735,0.9879032258064516
B04,2018-02-01,8.041791044776119,670,0.9970238095238095
B04,2018-03-01,22.19891745602165,739,0.9932795698924731
B04,2018-04-01,39.06694560669456,717,0.9958333333333333
B04,2018-05-01,70.08916323731138,729,0.9798387096774194
B04,2018-06-01,139.14084507042253,710,0.9861111111111112
B04,2018-07-01,128.83468834688347,738,0.9919354838709677
B04,2018-08-01,85.43513513513514,740,0.9946236559139785
B04,2018-09-01,38.94812680115274,694,0.9638888888888889
B04,2018-10-01,30.64256480218281,733,0.9852150537634409
B04,2018-11-01,16.864233576642334,685,0.9513888888888888
B04,2018-12-01,7.895945945945946,740,0.9946236559139785
B04,2019-01-01,9.05578231292517,735,0.9879032258064516
B04,2019-02-01,14.531626506024097,664,0.9880952380952381
B04,2019-03-01,23.109439124487004,731,0.9825268817204301
B04,2019-04-01,40.83216783216783,715,0.9930555555555556
B04,2019-05-01,55.39311334289813,697,0.9368279569892473
B04,2019-06-01,84.28929068150208,719,0.9986111111111111
B04,2019-07-01,107.54655870445345,741,0.9959677419354839
B04,2019-08-01,62.84345479082321,741,0.9959677419354839
B04,2019-09-01,43.20083682008368,717,0.9958333333333333
B04,2019-10-01,23.881401617250674,742,0.9973118279569892
B04,2019-11-01,13.884078212290502,716,0.9944444444444445
B04,2019-12-01,12.105479452054794,730,0.9811827956989247
B04,2020-01-01,8.334265734265735,715,0.9610215053763441
B04,2020-02-01,12.775036284470247,689,0.9899425287356322
B04,2020-03-01,16.34896551724138,725,0.9744623655913979
B04,2020-04-01,48.18194444444445,720,1.0
B04,2020-05-01,69.15176151761517,738,0.9919354838709677
B04,2020-06-01,85.72322670375522,719,0.9986111111111111
B04,2020-07-01,113.23854447439354,742,0.9973118279569892
B04,2020-08-01,45.803523035230356,738,0.9919354838709677
B04,2020-09-01,34.183844011142064,718,0.9972222222222222
B04,2020-10-01,18.785714285714285,742,0.9973118279569892
B04,2020-11-01,9.62394366197183,710,0.9861111111111112
B04,2020-12-01,9.025710419485792,739,0.9932795698924731
B04,2021-01-01,8.674796747967479,738,0.9919354838709677
B04,2021-02-01,7.185351270553064,669,0.9955357142857143
B04,2021-03-01,14.23680649526387,739,0.9932795698924731
B04,2021-04-01,28.76388888888889,720,1.0
B04,2021-05-01,87.08321964529331,733,0.9852150537634409
B04,2021-06-01,125.76805555555555,720,1.0
B04,2021-07-01,43.529014844804315,741,0.9959677419354839
B04,2021-08-01,60.653225806451616,744,1.0
B04,2021-09-01,34.629526462395546,718,0.9972222222222222
B04,2021-10-01,16.416666666666668,744,1.0
B04,2021-11-01,11.306293706293706,715,0.9930555555555556
B04,2021-12-01,5.522327469553451,739,0.9932795698924731
B04,2022-01-01,5.441136671177267,739,0.9932795698924731
B04,2022-02-01,6.293413173652695,668,0.9940476190476191
B04,2022-03-01,17.327493261455526,742,0.9973118279569892
B04,2022-04-01,30.88888888888889,720,1.0
B04,2022-05-01,102.05020352781547,737,0.9905913978494624
B04,2022-06-01,138.27196652719664,717,0.9958333333333333
B04,2022-07-01,76.57412398921834,742,0.9973118279569892
B04,2022-08-01,43.68817204301075,744,1.0
B04,2022-09-01,33.70868347338936,714,0.9916666666666667
B04,2022-10-01,21.221166892808682,737,0.9905913978494624
B04,2022-11-01,10.910739191073919,717,0.9958333333333333
B04,2022-12-01,8.087956698240866,739,0.9932795698924731
B04,2023-01-01,5.112466124661246,738,0.9919354838709677
B04,2023-02-01,7.142208774583963,661,0.9836309523809523
B04,2023-03-01,18.805212620027437,729,0.9798387096774194
B04,2023-04-01,43.09874826147427,719,0.9986111111111111
B04,2023-05-01,47.36522911051213,742,0.9973118279569892
B04,2023-06-01,104.48675034867503,717,0.9958333333333333
B04,2023-07-01,98.66756756756757,740,0.9946236559139785
B04,2023-08-01,53.96621621621622,740,0.9946236559139785
B04,2023-09-01,46.675977653631286,716,0.9944444444444445
B04,2023-10-01,17.567715458276332,731,0.9825268817204301
B04,2023-11-01,14.539748953974895,717,0.9958333333333333
B04,2023-12-01,9.338731443994602,741,0.9959677419354839
B04,2024-01-01,5.606224627875507,739,0.9932795698924731
B04,2024-02-01,7.171965317919075,692,0.9942528735632183
B04,2024-03-01,17.88783783783784,740,0.9946236559139785
B04,2024-04-01,48.866481223922115,719,0.9986111111111111
B04,2024-05-01,130.34636118598382,742,0.9973118279569892
B04,2024-06-01,96.13509749303621,718,0.9972222222222222
B04,2024-07-01,72.7292817679558,724,0.9731182795698925
B04,2024-08-01,57.97173620457604,743,0.9986559139784946
B04,2024-09-01,22.411436541143654,717,0.9958333333333333
B04,2024-10-01,16.32162162162162,740,0.9946236559139785
B04,2024-11-01,11.934357541899441,716,0.9944444444444445
B04,2024-12-01,7.634146341463414,738,0.9919354838709677
B04,2025-01-01,3.584573748308525,739,0.9932795698924731
B04,2025-02-01,8.889055472263868,667,0.9925595238095238
B04,2025-03-01,18.860655737704917,732,0.9838709677419355
B04,2025-04-01,48.524407252440724,717,0.9958333333333333
B04,2025-05-01,46.1506105834464,737,0.9905913978494624
B04,2025-06-01,86.81502086230876,719,0.9986111111111111
B04,2025-07-01,90.33109017496635,743,0.9986559139784946
B04,2025-08-01,74.19163292847503,741,0.9959677419354839
B04,2025-09-01,38.201949860724234,718,0.9972222222222222
B04,2025-10-01,18.751025991792066,731,0.9825268817204301
B04,2025-11-01,8.13668061366806,717,0.9958333333333333
B04,2025-12-01,4.730458221024259,742,0.9973118279569892
B04,2026-01-01,4.39622641509434,742,0.9973118279569892
B04,2026-02-01,7.159940209267564,669,0.9955357142857143
B04,2026-03-01,14.443243243243243,740,0.9946236559139785
B04,2026-04-01,26.54317548746518,718,0.9972222222222222
B04,2026-05-01,88.75235531628533,743,0.9986559139784946
B04,2026-06-01,74.78242677824268,717,0.9958333333333333
B04,2026-07-01,131.1608108108108,740,0.9946236559139785
B04,2026-08-01,97.97150610583446,737,0.9905913978494624
B04,2026-09-01,54.79354838709678,310,0.4305555555555556
B05,2004-12-01,24.77777777777778,9,0.012096774193548387
B05,2005-01-01,2.125,8,0.010752688172043012
B05,2005-02-01,98.0,1,0.001488095238095238
B05,2005-07-01,6.0,2,0.002688172043010753
B05,2006-03-01,173.0,2,0.002688172043010753
B05,2006-05-01,40.5,2,0.002688172043010753
B05,2006-08-01,6.0,2,0.002688172043010753
B05,2006-09-01,46.5,2,0.002777777777777778
B05,2007-06-01,5.333333333333333,3,0.004166666666666667
B05,2007-08-01,0.3333333333333333,3,0.004032258064516129
B05,2007-09-01,5.333333333333333,3,0.004166666666666667
B05,2008-06-01,100.5,2,0.002777777777777778
B05,2008-08-01,18.6,5,0.006720430107526882
B05,2010-04-01,0.6666666666666666,3,0.004166666666666667
B05,2010-09-01,6.5,2,0.002777777777777778
B05,2011-05-01,1.6666666666666667,3,0.004032258064516129
B05,2012-03-01,41.5,2,0.002688172043010753
B05,2013-01-01,7.5,2,0.002688172043010753
B05,2014-01-01,4.25,4,0.005376344086021506
B05,2017-10-01,18.91089108910891,202,0.271505376344086
B05,2017-11-01,9.719322990126939,709,0.9847222222222223
B05,2017-12-01,7.461847389558233,498,0.6693548387096774
B05,2018-01-01,5.451612903225806,124,0.16666666666666666
B05,2018-02-01,3.88659793814433,97,0.14434523809523808
B05,2018-03-01,29.252173913043478,115,0.15456989247311828
B05,2018-04-01,33.27721335268505,689,0.9569444444444445
B05,2018-05-01,43.78746177370031,654,0.8790322580645161
B05,2018-06-01,55.29485396383866,719,0.9986111111111111
B05,2018-07-01,58.46883468834688,738,0.9919354838709677
B05,2018-08-01,47.528301886792455,742,0.9973118279569892
B05,2018-09-01,29.243697478991596,714,0.9916666666666667
B05,2018-10-01,18.010840108401084,738,0.9919354838709677
B05,2018-11-01,11.480061349693251,652,0.9055555555555556
B05,2018-12-01,5.8261455525606465,742,0.9973118279569892
B05,2019-01-01,6.24966261808367,741,0.9959677419354839
B05,2019-02-01,5.127245508982036,668,0.9940476190476191
B05,2019-03-01,12.452091767881242,741,0.9959677419354839
B05,2019-04-01,20.936923076923076,650,0.9027777777777778
B05,2019-05-01,34.079387186629525,718,0.9650537634408602
B05,2019-06-01,54.77902097902098,715,0.9930555555555556
B05,2019-07-01,44.05256064690027,742,0.9973118279569892
B05,2019-08-01,37.512890094979646,737,0.9905913978494624
B05,2019-09-01,24.556328233657858,719,0.9986111111111111
B05,2019-10-01,13.785326086956522,736,0.989247311827957
B05,2019-11-01,10.828034682080926,692,0.9611111111111111
B05,2019-12-01,8.679245283018869,742,0.9973118279569892
B05,2020-01-01,6.969086021505376,744,1.0
B05,2020-02-01,7.681159420289855,690,0.9913793103448276
B05,2020-03-01,11.728129205921938,743,0.9986559139784946
B05,2020-04-01,28.033379694019473,719,0.9986111111111111
B05,2020-05-01,46.97570850202429,741,0.9959677419354839
B05,2020-06-01,42.01673640167364,717,0.9958333333333333
B05,2020-07-01,45.916666666666664,744,1.0
B05,2020-08-01,29.634013605442178,735,0.9879032258064516
B05,2020-09-01,24.106944444444444,720,1.0
B05,2020-10-01,17.017591339648174,739,0.9932795698924731
B05,2020-11-01,8.484679665738161,718,0.9972222222222222
B05,2020-12-01,5.454177897574124,742,0.9973118279569892
B05,2021-01-01,4.310549777117385,673,0.9045698924731183
B05,2021-02-01,3.1229385307346327,667,0.9925595238095238
B05,2021-03-01,8.54251012145749,741,0.9959677419354839
B05,2021-04-01,23.775453277545328,717,0.9958333333333333
B05,2021-05-01,42.21293800539083,742,0.9973118279569892
B05,2021-06-01,48.57122905027933,716,0.9944444444444445
B05,2021-07-01,42.420698924731184,744,1.0
B05,2021-08-01,37.911051212938006,742,0.9973118279569892
B05,2021-09-01,29.781944444444445,720,1.0
B05,2021-10-01,13.947010869565217,736,0.989247311827957
B05,2021-11-01,11.751043115438108,719,0.9986111111111111
B05,2021-12-01,8.760989010989011,728,0.978494623655914
B05,2022-01-01,9.455405405405406,740,0.9946236559139785
B05,2022-02-01,8.235382308845578,667,0.9925595238095238
B05,2022-03-01,16.201351351351352,740,0.9946236559139785
B05,2022-04-01,26.71448663853727,711,0.9875
B05,2022-05-01,38.908355795148246,742,0.9973118279569892
B05,2022-06-01,56.809859154929576,710,0.9861111111111112
B05,2022-07-01,42.432432432432435,740,0.9946236559139785
B05,2022-08-01,39.21457489878542,741,0.9959677419354839
B05,2022-09-01,23.001390820584145,719,0.9986111111111111
B05,2022-10-01,14.099455040871934,734,0.9865591397849462
B05,2022-11-01,7.2301255230125525,717,0.9958333333333333
B05,2022-12-01,7.648979591836735,735,0.9879032258064516
B05,2023-01-01,4.536388140161725,742,0.9973118279569892
B05,2023-02-01,5.013452914798206,669,0.9955357142857143
B05,2023-03-01,13.89851150202977,739,0.9932795698924731
B05,2023-04-01,21.21508379888268,716,0.9944444444444445
B05,2023-05-01,30.0719131614654,737,0.9905913978494624
B05,2023-06-01,36.567185289957564,707,0.9819444444444444
B05,2023-07-01,40.7792732166891,743,0.9986559139784946
B05,2023-08-01,26.44939271255061,741,0.9959677419354839
B05,2023-09-01,21.485232067510548,711,0.9875
B05,2023-10-01,7.302989130434782,736,0.989247311827957
B05,2023-11-01,10.468619246861925,717,0.9958333333333333
B05,2023-12-01,5.3084239130434785,736,0.989247311827957
B05,2024-01-01,2.598105548037889,739,0.9932795698924731
B05,2024-02-01,3.794294294294294,666,0.9568965517241379
B05,2024-03-01,12.473396998635744,733,0.9852150537634409
B05,2024-04-01,25.02094972067039,716,0.9944444444444445
B05,2024-05-01,45.141129032258064,744,1.0
B05,2024-06-01,34.64116828929068,719,0.9986111111111111
B05,2024-07-01,39.2724795640327,734,0.9865591397849462
B05,2024-08-01,37.76985195154778,743,0.9986559139784946
B05,2024-09-01,21.182960893854748,716,0.9944444444444445
B05,2024-10-01,9.425474254742548,738,0.9919354838709677
B05,2024-11-01,8.179916317991632,717,0.9958333333333333
B05,2024-12-01,4.520974289580514,739,0.9932795698924731
B05,2025-01-01,3.156756756756757,740,0.9946236559139785
B05,2025-02-01,5.961730449251248,601,0.8943452380952381
B05,2025-03-01,11.172739541160594,741,0.9959677419354839
B05,2025-04-01,21.345885634588562,717,0.9958333333333333
B05,2025-05-01,32.58663028649386,733,0.9852150537634409
B05,2025-06-01,38.90014684287812,681,0.9458333333333333
B05,2025-07-01,36.62059620596206,738,0.9919354838709677
B05,2025-08-01,29.597840755735493,741,0.9959677419354839
B05,2025-09-01,16.93732590529248,718,0.9972222222222222
B05,2025-10-01,9.986431478968793,737,0.9905913978494624
B05,2025-11-01,3.5558823529411763,680,0.9444444444444444
B05,2025-12-01,2.648936170212766,376,0.5053763440860215
B05,2026-01-01,2.576036866359447,651,0.875
B05,2026-02-01,3.4086687306501546,646,0.9613095238095238
B05,2026-03-01,11.16260162601626,738,0.9919354838709677
B05,2026-04-01,16.8442280945758,719,0.9986111111111111
B05,2026-05-01,33.43606998654105,743,0.9986559139784946
B05,2026-06-01,30.855354659248956,719,0.9986111111111111
B05,2026-07-01,40.3485868102288,743,0.9986559139784946
B05,2026-08-01,29.172274562584118,743,0.9986559139784946
B05,2026-09-01,21.183870967741935,310,0.4305555555555556
B06,2001-11-01,33.6,1,0.001388888888888889
B06,2008-11-01,37.3,1,0.001388888888888889
B06,2018-10-01,744.0,1,0.0013440860215053765
B06,2021-03-01,16.488095238095237,504,0.6774193548387096
B06,2021-04-01,41.2304469273743,716,0.9944444444444445
B06,2021-05-01,88.98064516129033,465,0.625
B06,2021-06-01,95.54585152838428,687,0.9541666666666667
B06,2021-07-01,108.45775729646698,651,0.875
B06,2021-08-01,13.666666666666666,3,0.004032258064516129
B06,2021-09-01,31.28214971209213,521,0.7236111111111111
B06,2021-10-01,18.58677685950413,726,0.9758064516129032
B06,2021-11-01,10.919520547945206,584,0.8111111111111111
B06,2021-12-01,6.65954415954416,702,0.9435483870967742
B06,2022-01-01,6.751793400286944,697,0.9368279569892473
B06,2022-02-01,6.44,100,0.1488095238095238
B06,2022-03-01,5.835616438356165,73,0.09811827956989247
B06,2022-04-01,40.22666666666667,300,0.4166666666666667
B06,2022-06-01,99.33938547486034,716,0.9944444444444445
B06,2022-07-01,89.90551181102362,127,0.17069892473118278
B06,2022-08-01,94.77142857142857,735,0.9879032258064516
B06,2022-09-01,69.03333333333333,600,0.8333333333333334
B06,2022-10-01,10.166666666666666,6,0.008064516129032258
B06,2022-11-01,13.286689419795222,293,0.40694444444444444
B06,2022-12-01,5.974317817014446,623,0.8373655913978495
B06,2023-01-01,5.183150183150183,546,0.7338709677419355
B06,2023-02-01,7.086330935251799,278,0.41369047619047616
B06,2023-03-01,21.55944055944056,715,0.9610215053763441
B06,2023-04-01,57.94307692307692,650,0.9027777777777778
B06,2023-05-01,82.41807044410413,653,0.8776881720430108
B06,2023-06-01,87.23194444444445,720,1.0
B06,2023-07-01,117.49068322981367,644,0.8655913978494624
B06,2023-08-01,66.54301075268818,372,0.5
B06,2023-09-01,42.18104667609618,707,0.9819444444444444
B06,2023-10-01,16.496042216358838,379,0.5094086021505376
B06,2023-12-01,6.671111111111111,450,0.6048387096774194
B06,2024-01-01,5.462068965517242,290,0.3897849462365591
B06,2024-02-01,7.065359477124183,612,0.8793103448275862
B06,2024-03-01,26.142857142857142,21,0.028225806451612902
B06,2024-04-01,49.8133704735376,718,0.9972222222222222
B06,2024-05-01,103.72334682860999,741,0.9959677419354839
B06,2024-06-01,74.1848617176128,687,0.9541666666666667
B06,2024-07-01,86.88575268817205,744,1.0
B06,2024-08-01,92.51752021563343,742,0.9973118279569892
B06,2024-09-01,22.94019471488178,719,0.9986111111111111
B06,2024-10-01,15.584527220630372,698,0.9381720430107527
B06,2024-11-01,9.122562674094707,718,0.9972222222222222
B06,2024-12-01,5.407806191117093,743,0.9986559139784946
B06,2025-01-01,4.955163043478261,736,0.989247311827957
B06,2025-02-01,9.134228187919463,596,0.8869047619047619
B06,2025-03-01,15.492307692307692,650,0.8736559139784946
B06,2025-04-01,52.07242339832869,718,0.9972222222222222
B06,2025-05-01,71.87348586810229,743,0.9986559139784946
B06,2025-06-01,97.10055865921788,716,0.9944444444444445
B06,2025-07-01,111.1628532974428,743,0.9986559139784946
B06,2025-08-01,93.64324324324325,740,0.9946236559139785
B06,2025-09-01,31.905424200278166,719,0.9986111111111111
B06,2025-10-01,25.437246963562753,741,0.9959677419354839
B06,2025-11-01,10.722304283604135,677,0.9402777777777778
B06,2025-12-01,5.566037735849057,742,0.9973118279569892
B06,2026-01-01,3.887381275440977,737,0.9905913978494624
B06,2026-02-01,7.12874251497006,668,0.9940476190476191
B06,2026-03-01,17.330188679245282,742,0.9973118279569892
B06,2026-04-01,31.336206896551722,580,0.8055555555555556
B06,2026-05-01,43.54277286135693,678,0.9112903225806451
B06,2026-06-01,75.56406685236769,718,0.9972222222222222
B06,2026-07-01,88.67385444743935,742,0.9973118279569892
B06,2026-08-01,72.65094339622641,742,0.9973118279569892
B06,2026-09-01,35.26948051948052,308,0.42777777777777776
C05,2013-12-01,1.7217675941080197,611,0.821236559139785
C05,2014-01-01,4.5325443786982245,169,0.2271505376344086
C05,2014-02-01,4.474654377880184,217,0.3229166666666667
C05,2014-03-01,4.463157894736842,285,0.38306451612903225
C05,2014-04-01,5.697247706422019,654,0.9083333333333333
C05,2014-05-01,6.288328378378378,740,0.9946236559139785
C05,2014-06-01,7.280752532561505,691,0.9597222222222223
C05,2014-07-01,7.726657645466847,739,0.9932795698924731
C05,2014-08-01,6.319915307795698,744,1.0
C05,2014-09-01,5.668569521739131,690,0.9583333333333334
C05,2014-10-01,5.198408602150538,744,1.0
C05,2014-11-01,4.435662291666667,720,1.0
C05,2014-12-01,4.522584964838256,711,0.9556451612903226
C05,2015-01-01,4.948978433908046,696,0.9354838709677419
C05,2015-02-01,4.847024567901235,81,0.12053571428571429
C05,2015-03-01,5.631879936808847,633,0.8508064516129032
C05,2015-04-01,5.879166666666666,720,1.0
C05,2015-05-01,6.2908909946236555,744,1.0
C05,2015-06-01,5.548073240611961,719,0.9986111111111111
C05,2015-07-01,5.057858629032258,744,1.0
C05,2015-08-01,4.250192685560054,741,0.9959677419354839
C05,2015-09-01,4.142804532775454,717,0.9958333333333333
C05,2015-10-01,4.767658950953678,734,0.9865591397849462
C05,2015-11-01,4.078267636103152,698,0.9694444444444444
C05,2015-12-01,4.5727355121293805,742,0.9973118279569892
C05,2016-01-01,4.088138091397849,744,1.0
C05,2016-02-01,4.338189224137931,696,1.0
C05,2016-03-01,4.17088813172043,744,1.0
C05,2016-04-01,5.487719214586256,713,0.9902777777777778
C05,2016-05-01,7.31532948579161,739,0.9932795698924731
C05,2016-06-01,6.939504149484536,388,0.5388888888888889
C05,2016-08-01,5.635489110320284,281,0.37768817204301075
C05,2016-09-01,6.177388493353028,677,0.9402777777777778
C05,2016-10-01,5.8747469604863225,658,0.8844086021505376
C05,2016-11-01,5.184926137724551,668,0.9277777777777778
C05,2016-12-01,5.448330303867404,724,0.9731182795698925
C05,2017-01-01,4.667276281690141,710,0.9543010752688172
C05,2017-02-01,6.369630768049156,651,0.96875
C05,2017-03-01,6.44395343792633,733,0.9852150537634409
C05,2017-04-01,6.693369509803922,714,0.9916666666666667
C05,2017-05-01,6.866666666666666,735,0.9879032258064516
C05,2017-06-01,6.330612244897959,490,0.6805555555555556
C05,2017-07-01,6.549125168236878,743,0.9986559139784946
C05,2017-08-01,5.481632653061224,735,0.9879032258064516
C05,2017-09-01,4.164116828929068,719,0.9986111111111111
C05,2017-10-01,3.4245283018867925,742,0.9973118279569892
C05,2017-11-01,4.672701949860724,718,0.9972222222222222
C05,2017-12-01,4.402964959568733,742,0.9973118279569892
C05,2018-01-01,3.514978601997147,701,0.9422043010752689
C05,2018-02-01,3.9910179640718564,668,0.9940476190476191
C05,2018-03-01,4.111559139784946,744,1.0
C05,2018-04-01,3.7186629526462394,718,0.9972222222222222
C05,2018-05-01,4.62533692722372,742,0.9973118279569892
C05,2018-06-01,5.530555555555556,720,1.0
C05,2018-07-01,6.525537634408602,744,1.0
C05,2018-08-01,4.622795115332429,737,0.9905913978494624
C05,2018-09-01,3.916317991631799,717,0.9958333333333333
C05,2018-10-01,7.670698924731183,744,1.0
C05,2018-11-01,3.489075630252101,595,0.8263888888888888
C05,2018-12-01,3.1841397849462365,744,1.0
C05,2019-01-01,3.395128552097429,739,0.9932795698924731
C05,2019-02-01,4.119581464872945,669,0.9955357142857143
C05,2019-03-01,4.126514131897712,743,0.9986559139784946
C05,2019-04-01,4.2125,720,1.0
C05,2019-05-01,5.475806451612903,744,1.0
C05,2019-06-01,5.86002886002886,693,0.9625
C05,2019-07-01,5.450874831763122,743,0.9986559139784946
C05,2019-08-01,4.956462585034013,735,0.9879032258064516
C05,2019-09-01,4.537604456824512,718,0.9972222222222222
C05,2019-10-01,4.823687752355316,743,0.9986559139784946
C05,2019-11-01,4.549382716049383,648,0.9
C05,2019-12-01,4.137096774193548,744,1.0
C05,2020-01-01,4.466299862448418,727,0.9771505376344086
C05,2020-02-01,4.339105339105339,693,0.9956896551724138
C05,2020-03-01,4.325706594885599,743,0.9986559139784946
C05,2020-04-01,4.598885793871866,718,0.9972222222222222
C05,2020-05-01,6.219380888290713,743,0.9986559139784946
C05,2020-06-01,7.703966005665722,706,0.9805555555555555
C05,2020-07-01,5.848751835535976,681,0.9153225806451613
C05,2020-08-01,3.9635135135135133,740,0.9946236559139785
C05,2020-09-01,3.394302848575712,667,0.9263888888888889
C05,2020-10-01,3.661268556005398,741,0.9959677419354839
C05,2020-11-01,3.894356005788712,691,0.9597222222222223
C05,2020-12-01,3.820689655172414,725,0.9744623655913979
C05,2021-01-01,4.055478502080444,721,0.9690860215053764
C05,2021-02-01,6.503184713375796,471,0.7008928571428571
C05,2021-03-01,5.857142857142857,658,0.8844086021505376
C05,2021-04-01,4.363888888888889,720,1.0
C05,2021-05-01,4.647375504710633,743,0.9986559139784946
C05,2021-06-01,5.572222222222222,720,1.0
C05,2021-07-01,4.317927170868347,714,0.9596774193548387
C05,2021-08-01,3.864247311827957,744,1.0
C05,2021-09-01,4.165277777777778,720,1.0
C05,2021-10-01,3.899193548387097,744,1.0
C05,2021-11-01,4.1194444444444445,720,1.0
C05,2021-12-01,3.814516129032258,744,1.0
C05,2022-01-01,3.881720430107527,744,1.0
C05,2022-02-01,3.6205357142857144,672,1.0
C05,2022-03-01,4.119623655913978,744,1.0
C05,2022-04-01,3.9651324965132497,717,0.9958333333333333
C05,2022-05-01,4.603494623655914,744,1.0
C05,2022-06-01,3.9483240223463687,716,0.9944444444444445
C05,2022-07-01,4.708333333333333,744,1.0
C05,2022-08-01,4.358870967741935,744,1.0
C05,2022-09-01,4.2347222222222225,720,1.0
C05,2022-10-01,3.466307277628032,742,0.9973118279569892
C05,2022-11-01,3.6968011126564675,719,0.9986111111111111
C05,2022-12-01,3.5618279569892475,744,1.0
C05,2023-01-01,3.7645466847090665,739,0.9932795698924731
C05,2023-02-01,3.0345345345345347,666,0.9910714285714286
C05,2023-03-01,3.236877523553163,743,0.9986559139784946
C05,2023-04-01,3.6875,720,1.0
C05,2023-05-01,4.025606469002695,742,0.9973118279569892
C05,2023-06-01,4.376569037656904,717,0.9958333333333333
C05,2023-07-01,4.942204301075269,744,1.0
C05,2023-08-01,3.990566037735849,742,0.9973118279569892
C05,2023-09-01,4.103107344632768,708,0.9833333333333333
C05,2023-10-01,3.4149659863945576,735,0.9879032258064516
C05,2023-11-01,3.602777777777778,720,1.0
C05,2023-12-01,3.6342780026990553,741,0.9959677419354839
C05,2024-01-01,3.8240109140518417,733,0.9852150537634409
C05,2024-02-01,3.7839046199701936,671,0.9640804597701149
C05,2024-03-01,6.627365356622999,687,0.9233870967741935
C05,2024-04-01,3.860431654676259,695,0.9652777777777778
C05,2024-05-01,4.814111261872456,737,0.9905913978494624
C05,2024-06-01,6.389121338912134,717,0.9958333333333333
C05,2024-07-01,4.925775978407557,741,0.9959677419354839
C05,2024-08-01,4.953232462173315,727,0.9771505376344086
C05,2024-09-01,3.7564102564102564,702,0.975
C05,2024-10-01,4.103064066852368,359,0.4825268817204301
C05,2024-11-01,4.322033898305085,708,0.9833333333333333
C05,2024-12-01,3.730352303523035,738,0.9919354838709677
C05,2025-01-01,3.3687845303867405,724,0.9731182795698925
C05,2025-02-01,2.9743975903614457,664,0.9880952380952381
C05,2025-03-01,4.2169167803547065,733,0.9852150537634409
C05,2025-04-01,5.279887482419128,711,0.9875
C05,2025-05-01,4.921015514809591,709,0.9529569892473119
C05,2025-06-01,4.563318777292577,687,0.9541666666666667
C05,2025-07-01,4.228611500701263,713,0.9583333333333334
C05,2025-08-01,5.174966352624495,743,0.9986559139784946
C05,2025-09-01,4.233727810650888,676,0.9388888888888889
C05,2025-10-01,2.594017094017094,234,0.31451612903225806
C05,2025-12-01,5.083700440528634,227,0.30510752688172044
C05,2026-01-01,3.817174515235457,722,0.9704301075268817
C05,2026-02-01,3.267692307692308,650,0.9672619047619048
C05,2026-03-01,3.785919540229885,696,0.9354838709677419
C05,2026-04-01,3.395264116575592,549,0.7625
C05,2026-05-01,3.72972972972973,740,0.9946236559139785
C05,2026-06-01,11.357001972386588,507,0.7041666666666667
C05,2026-07-01,14.788659793814434,388,0.521505376344086
C05,2026-08-01,5.296296296296297,729,0.9798387096774194
C05,2026-09-01,4.967741935483871,310,0.4305555555555556
D11,2008-05-01,85.81167084990959,553,0.7432795698924731
D11,2008-06-01,50.301032166666666,720,1.0
D11,2008-07-01,42.051386029973116,744,1.0
D11,2008-08-01,27.70388945693136,743,0.9986559139784946
D11,2008-09-01,24.238120503212293,716,0.9944444444444445
D11,2008-10-01,20.656033615591397,744,1.0
D11,2008-11-01,19.38738192125,720,1.0
D11,2008-12-01,20.70649098384926,743,0.9986559139784946
D11,2009-01-01,22.440845695006747,741,0.9959677419354839
D11,2009-02-01,22.220238095238095,672,1.0
D11,2009-03-01,26.40983413575269,744,1.0
D11,2009-04-01,30.26844262295082,488,0.6777777777777778
D11,2009-05-01,43.74384156132076,636,0.8548387096774194
D11,2009-06-01,44.75972222222222,720,1.0
D11,2009-07-01,37.977252237196765,742,0.9973118279569892
D11,2009-08-01,33.30661236413044,736,0.989247311827957
D11,2009-09-01,24.905671291666668,720,1.0
D11,2009-10-01,20.961373874324323,740,0.9946236559139785
D11,2009-11-01,16.806944444444444,720,1.0
D11,2009-12-01,19.830645161290324,744,1.0
D11,2010-01-01,21.54032258064516,744,1.0
D11,2010-02-01,17.6816,625,0.9300595238095238
D11,2010-03-01,23.777777772657448,651,0.875
D11,2010-04-01,31.482870416666668,720,1.0
D11,2010-05-01,37.271057338709674,744,1.0
D11,2010-06-01,35.89629625,720,1.0
D11,2010-07-01,33.08981612446959,707,0.9502688172043011
D11,2010-08-01,28.473118279569892,744,1.0
D11,2010-09-01,19.617361152777775,720,1.0
D11,2010-10-01,17.867831532258066,744,1.0
D11,2010-11-01,15.634285714285713,700,0.9722222222222222
D11,2010-12-01,17.567204301075268,744,1.0
D11,2011-01-01,18.163866532258066,744,1.0
D11,2011-02-01,21.019954814759036,664,0.9880952380952381
D11,2011-03-01,21.26803319892473,744,1.0
D11,2011-04-01,26.847453750000003,720,1.0
D11,2011-05-01,39.95743727150538,744,1.0
D11,2011-06-01,33.00868055555556,720,1.0
D11,2011-07-01,29.53012997311828,744,1.0
D11,2011-08-01,23.708843537414968,735,0.9879032258064516
D11,2011-09-01,22.005460584045583,702,0.975
D11,2011-10-01,17.87182311827957,744,1.0
D11,2011-11-01,20.937794006022408,714,0.9916666666666667
D11,2011-12-01,22.6122311827957,744,1.0
D11,2012-01-01,16.861641609822648,733,0.9852150537634409
D11,2012-02-01,20.490116666666665,696,1.0
D11,2012-03-01,20.680219489247314,744,1.0
D11,2012-04-01,24.623152074391985,699,0.9708333333333333
D11,2012-05-01,34.241364333781966,743,0.9986559139784946
D11,2012-06-01,30.219359331476323,718,0.9972222222222222
D11,2012-07-01,35.94946091644205,742,0.9973118279569892
D11,2012-08-01,29.044654939106902,739,0.9932795698924731
D11,2012-09-01,20.2033426183844,718,0.9972222222222222
D11,2012-10-01,14.714864864864865,740,0.9946236559139785
D11,2012-11-01,16.35878962536023,694,0.9638888888888889
D11,2012-12-01,15.986932599724897,727,0.9771505376344086
D11,2013-01-01,17.705248990578735,743,0.9986559139784946
D11,2013-02-01,15.169642857142858,672,1.0
D11,2013-03-01,21.47956403269755,734,0.9865591397849462
D11,2013-04-01,27.970833333333335,720,1.0
D11,2013-05-01,29.106612685560055,741,0.9959677419354839
D11,2013-06-01,38.55804195804196,715,0.9930555555555556
D11,2013-07-01,33.51891891891892,740,0.9946236559139785
D11,2013-08-01,36.1680216802168,738,0.9919354838709677
D11,2013-09-01,23.29873772791024,713,0.9902777777777778
D11,2013-10-01,19.72846585464334,743,0.9986559139784946
D11,2013-11-01,15.214814319444445,720,1.0
D11,2013-12-01,14.61929295890411,730,0.9811827956989247
D11,2014-01-01,23.24163568773234,538,0.7231182795698925
D11,2014-02-01,16.79145728643216,597,0.8883928571428571
D11,2014-03-01,19.327485380116958,684,0.9193548387096774
D11,2014-04-01,29.695833333333333,720,1.0
D11,2014-05-01,40.112162162162164,740,0.9946236559139785
D11,2014-06-01,48.52949438202247,712,0.9888888888888889
D11,2014-07-01,46.39381720430107,744,1.0
D11,2014-08-01,34.53369272237197,742,0.9973118279569892
D11,2014-09-01,21.848400556328233,719,0.9986111111111111
D11,2014-10-01,18.906389301634473,673,0.9045698924731183
D11,2014-11-01,17.238888888888887,720,1.0
D11,2014-12-01,17.843835616438355,730,0.9811827956989247
D11,2015-01-01,21.40700808625337,742,0.9973118279569892
D11,2015-02-01,26.614349775784753,669,0.9955357142857143
D11,2015-03-01,19.10135135135135,740,0.9946236559139785
D11,2015-04-01,32.84979137691238,719,0.9986111111111111
D11,2015-05-01,52.62264150943396,742,0.9973118279569892
D11,2015-06-01,56.157162726008345,719,0.9986111111111111
D11,2015-07-01,53.08613728129206,743,0.9986559139784946
D11,2015-08-01,32.014824797843666,742,0.9973118279569892
D11,2015-09-01,25.90403337969402,719,0.9986111111111111
D11,2015-10-01,17.394062078272604,741,0.9959677419354839
D11,2015-11-01,15.649441340782124,716,0.9944444444444445
D11,2015-12-01,16.626344086021504,744,1.0
D11,2016-01-01,16.5822102425876,742,0.9973118279569892
D11,2016-02-01,17.148080438756857,547,0.7859195402298851
D11,2016-03-01,27.418897637795276,635,0.853494623655914
D11,2016-04-01,27.1557719054242,719,0.9986111111111111
D11,2016-05-01,42.33468286099865,741,0.9959677419354839
D11,2016-06-01,51.54430379746835,711,0.9875
D11,2016-07-01,41.63795423956931,743,0.9986559139784946
D11,2016-08-01,35.678331090174964,743,0.9986559139784946
D11,2016-09-01,27.26142857142857,700,0.9722222222222222
D11,2016-10-01,15.73021001615509,619,0.831989247311828
D11,2016-11-01,17.216524216524217,702,0.975
D11,2016-12-01,22.548037889039243,739,0.9932795698924731
D11,2017-01-01,39.955525606469,742,0.9973118279569892
D11,2017-02-01,22.320987654320987,648,0.9642857142857143
D11,2017-03-01,17.274294670846395,638,0.8575268817204301
D11,2017-04-01,21.927142857142858,700,0.9722222222222222
D11,2017-05-01,35.10391363022942,741,0.9959677419354839
D11,2017-06-01,41.99716312056738,705,0.9791666666666666
D11,2017-07-01,47.0822102425876,742,0.9973118279569892
D11,2017-08-01,32.568548387096776,744,1.0
D11,2017-09-01,25.190630048465266,619,0.8597222222222223
D11,2017-10-01,16.855209742895806,739,0.9932795698924731
D11,2017-11-01,19.288888888888888,720,1.0
D11,2017-12-01,16.067476383265856,741,0.9959677419354839
D11,2018-01-01,15.68918918918919,740,0.9946236559139785
D11,2018-02-01,16.638719512195124,656,0.9761904761904762
D11,2018-03-01,17.618683001531394,653,0.8776881720430108
D11,2018-04-01,25.84375,704,0.9777777777777777
D11,2018-05-01,36.152702702702705,740,0.9946236559139785
D11,2018-06-01,49.726638772663875,717,0.9958333333333333
D11,2018-07-01,39.62231182795699,744,1.0
D11,2018-08-01,39.34242837653479,733,0.9852150537634409
D11,2018-09-01,26.766666666666666,720,1.0
D11,2018-10-01,16.300925925925927,648,0.8709677419354839
D11,2018-11-01,15.396332863187588,709,0.9847222222222223
D11,2018-12-01,20.59189189189189,740,0.9946236559139785
D11,2019-01-01,20.52532561505065,691,0.928763440860215
D11,2019-02-01,21.369631901840492,652,0.9702380952380952
D11,2019-03-01,19.077170418006432,622,0.8360215053763441
D11,2019-04-01,30.3810888252149,698,0.9694444444444444
D11,2019-05-01,29.89487870619946,742,0.9973118279569892
D11,2019-06-01,37.78888888888889,720,1.0
D11,2019-07-01,52.305291723202174,737,0.9905913978494624
D11,2019-08-01,34.20564516129032,744,1.0
D11,2019-09-01,19.066856330014225,703,0.9763888888888889
D11,2019-10-01,17.033602150537636,744,1.0
D11,2019-11-01,14.10754189944134,716,0.9944444444444445
D11,2019-12-01,13.776581426648722,743,0.9986559139784946
D11,2020-01-01,16.522267206477732,741,0.9959677419354839
D11,2020-02-01,16.5007215007215,693,0.9956896551724138
D11,2020-03-01,16.09090909090909,660,0.8870967741935484
D11,2020-04-01,22.023611111111112,720,1.0
D11,2020-05-01,30.846153846153847,741,0.9959677419354839
D11,2020-06-01,29.352777777777778,720,1.0
D11,2020-07-01,38.08548168249661,737,0.9905913978494624
D11,2020-08-01,27.85598923283984,743,0.9986559139784946
D11,2020-09-01,22.475592747559276,717,0.9958333333333333
D11,2020-10-01,16.727150537634408,744,1.0
D11,2020-11-01,16.784313725490197,714,0.9916666666666667
D11,2020-12-01,13.05668016194332,741,0.9959677419354839
D11,2021-01-01,15.523188405797102,690,0.9274193548387096
D11,2021-02-01,15.117824773413897,662,0.9851190476190477
D11,2021-03-01,15.777777777777779,666,0.8951612903225806
D11,2021-04-01,22.773426573426573,715,0.9930555555555556
D11,2021-05-01,39.63384615384616,650,0.8736559139784946
D11,2021-06-01,38.082058414464534,719,0.9986111111111111
D11,2021-07-01,54.53228120516499,697,0.9368279569892473
D12,2000-01-01,23.62857142857143,735,0.9879032258064516
D12,2000-02-01,22.9018759018759,693,0.9956896551724138
D12,2000-03-01,33.397574123989216,742,0.9973118279569892
D12,2000-04-01,50.9859943977591,714,0.9916666666666667
D12,2000-05-01,50.27297297297297,740,0.9946236559139785
D12,2000-06-01,39.58158995815899,717,0.9958333333333333
D12,2000-07-01,50.482479784366575,742,0.9973118279569892
D12,2000-08-01,44.96081081081081,740,0.9946236559139785
D12,2000-09-01,32.91983122362869,711,0.9875
D12,2000-10-01,27.090296495956874,742,0.9973118279569892
D12,2000-11-01,23.35459940652819,674,0.9361111111111111
D12,2000-12-01,25.28436657681941,742,0.9973118279569892
D12,2001-01-01,23.266846361185983,742,0.9973118279569892
D12,2001-02-01,27.585949177877428,669,0.9955357142857143
D12,2001-03-01,32.55006858710563,729,0.9798387096774194
D12,2001-04-01,35.56601123595506,712,0.9888888888888889
D12,2001-05-01,48.27544097693352,737,0.9905913978494624
D12,2001-06-01,56.59410112359551,712,0.9888888888888889
D12,2001-07-01,40.31401617250674,742,0.9973118279569892
D12,2001-08-01,36.922764227642276,738,0.9919354838709677
D12,2001-09-01,29.721985815602835,705,0.9791666666666666
D12,2001-10-01,27.902834008097166,741,0.9959677419354839
D12,2001-11-01,27.724233983286908,718,0.9972222222222222
D12,2001-12-01,30.7,740,0.9946236559139785
D12,2002-01-01,22.460916442048518,742,0.9973118279569892
D12,2002-02-01,27.762686567164177,670,0.9970238095238095
D12,2002-03-01,27.299457994579946,738,0.9919354838709677
D12,2002-04-01,37.008391608391605,715,0.9930555555555556
D12,2002-05-01,42.74424898511502,739,0.9932795698924731
D12,2002-06-01,50.71408647140865,717,0.9958333333333333
D12,2002-07-01,46.61163734776725,739,0.9932795698924731
D12,2002-08-01,39.87550744248985,739,0.9932795698924731
D12,2002-09-01,25.676900584795323,684,0.95
D12,2002-10-01,20.735172413793105,725,0.9744623655913979
D12,2002-11-01,21.338440111420613,718,0.9972222222222222
D12,2002-12-01,23.847503373819162,741,0.9959677419354839
D12,2003-01-01,24.56671251719395,727,0.9771505376344086
D12,2003-02-01,23.87462686567164,670,0.9970238095238095
D12,2003-03-01,31.88037634408602,744,1.0
D12,2003-04-01,43.35664335664335,715,0.9930555555555556
D12,2003-05-01,62.91292517006803,735,0.9879032258064516
D12,2003-06-01,46.92747559274756,717,0.9958333333333333
D12,2003-07-01,44.59649122807018,741,0.9959677419354839
D12,2003-08-01,44.063427800269906,741,0.9959677419354839
D12,2003-09-01,25.757037037037037,675,0.9375
D12,2003-10-01,21.214574898785425,741,0.9959677419354839
D12,2003-11-01,15.744022503516174,711,0.9875
D12,2003-12-01,24.121584699453553,732,0.9838709677419355
D12,2004-01-01,25.21592442645074,741,0.9959677419354839
D12,2004-02-01,35.10846953937593,673,0.9669540229885057
D12,2004-03-01,36.6644204851752,742,0.9973118279569892
D12,2004-04-01,36.32816901408451,710,0.9861111111111112
D12,2004-05-01,59.16010854816825,737,0.9905913978494624
D12,2004-06-01,55.33054393305439,717,0.9958333333333333
D12,2004-07-01,47.20624151967436,737,0.9905913978494624
D12,2004-08-01,36.924528301886795,742,0.9973118279569892
D12,2004-09-01,29.860795454545453,704,0.9777777777777777
D12,2004-10-01,23.349056603773583,742,0.9973118279569892
D12,2004-11-01,25.011347517730496,705,0.9791666666666666
D12,2004-12-01,25.704453441295545,741,0.9959677419354839
D12,2005-01-01,29.058186738836266,739,0.9932795698924731
D12,2005-02-01,35.03453453453454,666,0.9910714285714286
D12,2005-03-01,32.12806539509537,734,0.9865591397849462
D12,2005-04-01,42.22116991643454,718,0.9972222222222222
D12,2005-05-01,39.42365887207703,727,0.9771505376344086
D12,2005-06-01,45.51882845188285,717,0.9958333333333333
D12,2005-07-01,47.928378378378376,740,0.9946236559139785
D12,2005-08-01,32.02695417789757,742,0.9973118279569892
D12,2005-09-01,29.38718662952646,718,0.9972222222222222
D12,2005-10-01,22.79399727148704,733,0.9852150537634409
D12,2005-11-01,23.940111420612812,718,0.9972222222222222
D12,2005-12-01,22.989203778677464,741,0.9959677419354839
D12,2006-01-01,24.46549391069012,739,0.9932795698924731
D12,2006-02-01,23.93452380952381,672,1.0
D12,2006-03-01,34.008207934336525,731,0.9825268817204301
D12,2006-04-01,41.8008356545961,718,0.9972222222222222
D12,2006-05-01,60.717983651226156,734,0.9865591397849462
D12,2006-06-01,49.82311977715877,718,0.9972222222222222
D12,2006-07-01,37.50337381916329,741,0.9959677419354839
D12,2006-08-01,38.19754768392371,734,0.9865591397849462
D12,2006-09-01,30.877118644067796,708,0.9833333333333333
D12,2006-10-01,21.214965986394557,735,0.9879032258064516
D12,2006-11-01,23.35754189944134,716,0.9944444444444445
D12,2006-12-01,27.780619111709285,743,0.9986559139784946
D12,2007-01-01,22.60622462787551,739,0.9932795698924731
D12,2007-02-01,21.147321428571427,672,1.0
D12,2007-03-01,27.104252400548695,729,0.9798387096774194
D12,2007-04-01,38.27196652719665,717,0.9958333333333333
D12,2007-05-01,59.435135135135134,740,0.9946236559139785
D12,2007-06-01,53.93314763231198,718,0.9972222222222222
D12,2007-07-01,42.18970189701897,738,0.9919354838709677
D12,2007-08-01,35.6531713900135,741,0.9959677419354839
D12,2007-09-01,30.52891396332863,709,0.9847222222222223
D12,2007-10-01,22.855600539811068,741,0.9959677419354839
D12,2007-11-01,27.10041841004184,717,0.9958333333333333
D12,2007-12-01,27.55149051490515,738,0.9919354838709677
D12,2008-01-01,28.486522911051214,742,0.9973118279569892
D12,2008-02-01,23.6984126984127,693,0.9956896551724138
D12,2008-03-01,25.830555555555556,720,0.967741935483871
D12,2008-04-01,37.834722222222226,720,1.0
D12,2008-05-01,47.38700947225981,739,0.9932795698924731
D12,2008-06-01,55.750696378830085,718,0.9972222222222222
D12,2008-07-01,53.972972972972975,740,0.9946236559139785
D12,2008-08-01,34.635862068965515,725,0.9744623655913979
D12,2008-09-01,29.479166666666668,720,1.0
D12,2008-10-01,26.337381916329285,741,0.9959677419354839
D12,2008-11-01,29.158333333333335,720,1.0
D12,2008-12-01,29.332436069986542,743,0.9986559139784946
D12,2009-01-01,31.129032258064516,744,1.0
D12,2009-02-01,31.577380952380953,672,1.0
D12,2009-03-01,28.848118279569892,744,1.0
D12,2009-04-01,33.09305555555556,720,1.0
D12,2009-05-01,40.913978494623656,744,1.0
D12,2009-06-01,40.03680555555555,720,1.0
D12,2009-07-01,35.65389784946237,744,1.0
D12,2009-08-01,31.627688172043012,744,1.0
D12,2009-09-01,24.274305555555557,720,1.0
D12,2009-10-01,20.153225806451612,744,1.0
D12,2009-11-01,16.122222222222224,720,1.0
D12,2009-12-01,21.70967741935484,744,1.0
D12,2010-01-01,24.356182795698924,744,1.0
D12,2010-02-01,19.9384,625,0.9300595238095238
D12,2010-03-01,23.68345323741007,695,0.9341397849462365
D12,2010-04-01,30.98611111111111,720,1.0
D12,2010-05-01,36.17002688172043,744,1.0
D12,2010-06-01,37.87916666666667,720,1.0
D12,2010-07-01,34.276881720430104,744,1.0
D12,2010-08-01,29.893817204301076,744,1.0
D12,2010-09-01,21.444209039548024,708,0.9833333333333333
D12,2010-10-01,18.21706989247312,744,1.0
D12,2010-11-01,17.080307262569832,716,0.9944444444444445
D12,2010-12-01,18.72043010752688,744,1.0
D12,2011-01-01,19.381720430107528,744,1.0
D12,2011-02-01,21.166666666666668,672,1.0
D12,2011-03-01,22.366531165311653,738,0.9919354838709677
D12,2011-04-01,28.35972222222222,720,1.0
D12,2011-05-01,43.193548387096776,744,1.0
D12,2011-06-01,38.13472222222222,720,1.0
D12,2011-07-01,33.35138888888889,720,0.967741935483871
D12,2011-08-01,26.852819807427785,727,0.9771505376344086
D12,2011-09-01,23.692847124824684,713,0.9902777777777778
D12,2011-10-01,18.658602150537636,744,1.0
D12,2011-11-01,18.040277777777778,720,1.0
D12,2011-12-01,22.726478494623656,744,1.0
D12,2012-01-01,17.868951612903224,744,1.0
D12,2012-02-01,24.763649425287355,696,1.0
D12,2012-03-01,23.731571627260085,719,0.9663978494623656
D12,2012-04-01,27.602083333333333,720,1.0
D12,2012-05-01,36.99719887955182,714,0.9596774193548387
D12,2012-06-01,32.93045897079277,719,0.9986111111111111
D12,2012-07-01,38.38648648648649,740,0.9946236559139785
D12,2012-08-01,32.162618083670715,741,0.9959677419354839
D12,2012-09-01,21.661594202898552,690,0.9583333333333334
D12,2012-10-01,16.795238095238094,735,0.9879032258064516
D12,2012-11-01,16.64027777777778,720,1.0
D12,2012-12-01,15.506048387096774,744,1.0
D12,2013-01-01,19.489174560216508,739,0.9932795698924731
D12,2013-02-01,17.307291666666668,672,1.0
D12,2013-03-01,24.706802721088437,735,0.9879032258064516
D12,2013-04-01,30.503703703703703,675,0.9375
D12,2013-05-01,30.98439716312057,705,0.9475806451612904
D12,2013-06-01,45.58868715083799,716,0.9944444444444445
D12,2013-07-01,56.43346774193548,744,1.0
D12,2013-08-01,38.836032388663966,741,0.9959677419354839
D12,2013-09-01,30.07882882882883,666,0.925
D12,2013-10-01,19.936813186813186,728,0.978494623655914
D12,2013-11-01,16.168289290681503,719,0.9986111111111111
D12,2013-12-01,19.97577388963661,743,0.9986559139784946
D12,2014-01-01,22.55,740,0.9946236559139785
D12,2014-02-01,15.392857142857142,672,1.0
D12,2014-03-01,19.761255115961802,733,0.9852150537634409
D12,2014-04-01,31.3375,720,1.0
D12,2014-05-01,43.090053763440864,744,1.0
D12,2014-06-01,53.98461538461538,715,0.9930555555555556
D12,2014-07-01,51.133243606998654,743,0.9986559139784946
D12,2014-08-01,38.32661290322581,744,1.0
D12,2014-09-01,23.834108527131782,645,0.8958333333333334
D12,2014-10-01,18.29245283018868,742,0.9973118279569892
D12,2014-11-01,15.162726008344924,719,0.9986111111111111
D12,2014-12-01,15.709677419354838,744,1.0
D12,2015-01-01,18.110661268556004,741,0.9959677419354839
D12,2015-02-01,20.82857142857143,665,0.9895833333333334
D12,2015-03-01,18.884979702300406,739,0.9932795698924731
D12,2015-04-01,32.9346314325452,719,0.9986111111111111
D12,2015-05-01,53.763440860215056,744,1.0
D12,2015-06-01,54.2990264255911,719,0.9986111111111111
D12,2015-07-01,54.370121130551816,743,0.9986559139784946
D12,2015-08-01,36.50336473755047,743,0.9986559139784946
D12,2015-09-01,26.400943396226417,636,0.8833333333333333
D12,2015-10-01,16.99462365591398,744,1.0
D12,2015-11-01,14.596931659693166,717,0.9958333333333333
D12,2015-12-01,16.485753052917232,737,0.9905913978494624
D12,2016-01-01,18.150740242261104,743,0.9986559139784946
D12,2016-02-01,17.014903129657228,671,0.9640804597701149
D12,2016-03-01,27.96742671009772,614,0.8252688172043011
D12,2016-04-01,28.084840055632824,719,0.9986111111111111
D12,2016-05-01,43.93135935397039,743,0.9986559139784946
D12,2016-06-01,53.26286509040334,719,0.9986111111111111
D12,2016-07-01,41.371467025572,743,0.9986559139784946
D12,2016-08-01,36.469086021505376,744,1.0
D12,2016-09-01,27.22050561797753,712,0.9888888888888889
D12,2016-10-01,13.66044142614601,589,0.7916666666666666
D12,2016-11-01,16.220670391061454,716,0.9944444444444445
D12,2016-12-01,21.857335127860026,743,0.9986559139784946
D12,2017-01-01,37.99193548387097,744,1.0
D12,2017-02-01,16.856071964017993,667,0.9925595238095238
D12,2017-03-01,16.891808346213292,647,0.8696236559139785
D12,2017-04-01,19.96657381615599,718,0.9972222222222222
D12,2017-05-01,36.6864064602961,743,0.9986559139784946
D12,2017-06-01,41.24722222222222,720,1.0
D12,2017-07-01,46.80346820809248,692,0.9301075268817204
D12,2017-08-01,34.06811989100817,734,0.9865591397849462
D12,2017-09-01,24.919093851132686,618,0.8583333333333333
D12,2017-10-01,14.752032520325203,738,0.9919354838709677
D12,2017-11-01,13.008902077151335,674,0.9361111111111111
D12,2017-12-01,13.998639455782312,735,0.9879032258064516
D12,2018-01-01,14.004155124653739,722,0.9704301075268817
D12,2018-02-01,16.645454545454545,550,0.8184523809523809
D12,2018-03-01,17.358024691358025,405,0.5443548387096774
D12,2018-04-01,26.895688456189152,719,0.9986111111111111
D12,2018-05-01,34.0,737,0.9905913978494624
D12,2018-06-01,44.69958275382476,719,0.9986111111111111
D12,2018-07-01,36.02557200538358,743,0.9986559139784946
D12,2018-08-01,37.068548387096776,744,1.0
D12,2018-09-01,23.755244755244757,715,0.9930555555555556
D12,2018-10-01,16.049723756906076,724,0.9731182795698925
D12,2018-11-01,10.553008595988539,698,0.9694444444444444
D12,2018-12-01,11.978494623655914,744,1.0
D12,2019-01-01,13.521613832853026,694,0.9327956989247311
D12,2019-02-01,16.760837070254112,669,0.9955357142857143
D12,2019-03-01,17.71473354231975,638,0.8575268817204301
D12,2019-04-01,32.63421418636996,719,0.9986111111111111
D12,2019-05-01,30.267473118279568,744,1.0
D12,2019-06-01,36.3643949930459,719,0.9986111111111111
D12,2019-07-01,48.15456989247312,744,1.0
D12,2019-08-01,32.04172274562584,743,0.9986559139784946
D12,2019-09-01,18.91583452211127,701,0.9736111111111111
D12,2019-10-01,16.551020408163264,539,0.7244623655913979
D12,2019-11-01,17.849194729136165,683,0.9486111111111111
D12,2019-12-01,15.136486486486486,740,0.9946236559139785
D12,2020-01-01,15.781546811397558,737,0.9905913978494624
D12,2020-02-01,19.20574886535552,661,0.9497126436781609
D12,2020-03-01,16.27993254637437,593,0.7970430107526881
D12,2020-04-01,22.206944444444446,720,1.0
D12,2020-05-01,30.107496463932108,707,0.9502688172043011
D12,2020-06-01,27.520891364902507,718,0.9972222222222222
D12,2020-07-01,33.16869095816464,741,0.9959677419354839
D12,2020-08-01,27.620457604306864,743,0.9986559139784946
D12,2020-09-01,20.746498599439775,714,0.9916666666666667
D12,2020-10-01,14.182186234817813,741,0.9959677419354839
D12,2020-11-01,12.153417015341702,717,0.9958333333333333
D12,2020-12-01,10.834677419354838,744,1.0
D12,2021-01-01,11.96900269541779,742,0.9973118279569892
D12,2021-02-01,13.386904761904763,672,1.0
D12,2021-03-01,14.08860759493671,711,0.9556451612903226
D12,2021-04-01,22.5,718,0.9972222222222222
D12,2021-05-01,36.924731182795696,744,1.0
D12,2021-06-01,36.07371349095967,719,0.9986111111111111
D12,2021-07-01,48.382234185733516,743,0.9986559139784946
D12,2021-08-01,37.764468371467025,743,0.9986559139784946
D12,2021-09-01,18.37535014005602,714,0.9916666666666667
D12,2021-10-01,14.860724233983287,718,0.9650537634408602
D12,2021-11-01,12.799163179916318,717,0.9958333333333333
D12,2021-12-01,15.119214586255259,713,0.9583333333333334
D12,2022-01-01,11.172362555720653,673,0.9045698924731183
D12,2022-02-01,13.827844311377245,668,0.9940476190476191
D12,2022-03-01,15.012631578947369,475,0.6384408602150538
D12,2022-04-01,23.175,720,1.0
D12,2022-05-01,50.28222523744912,737,0.9905913978494624
D12,2022-06-01,46.81894150417827,718,0.9972222222222222
D12,2022-07-01,36.66993006993007,715,0.9610215053763441
D12,2022-08-01,37.885989010989015,728,0.978494623655914
D12,2022-09-01,24.001392757660167,718,0.9972222222222222
D12,2022-10-01,14.038406827880513,703,0.9448924731182796
D12,2022-11-01,14.211994421199442,717,0.9958333333333333
D12,2022-12-01,14.678420310296191,709,0.9529569892473119
D12,2023-01-01,13.921832884097036,742,0.9973118279569892
D12,2023-02-01,27.544642857142858,672,1.0
D12,2023-03-01,16.64426229508197,610,0.8198924731182796
D12,2023-04-01,21.509722222222223,720,1.0
D12,2023-05-01,41.224489795918366,735,0.9879032258064516
D12,2023-06-01,35.34132581100141,709,0.9847222222222223
D12,2023-07-01,38.92944369063772,737,0.9905913978494624
D12,2023-08-01,26.157469717362044,743,0.9986559139784946
D12,2023-09-01,23.510431154381084,719,0.9986111111111111
D12,2023-10-01,16.47913862718708,743,0.9986559139784946
D12,2023-11-01,13.294849023090586,563,0.7819444444444444
D12,2023-12-01,15.591397849462366,744,1.0
D12,2024-01-01,15.252702702702702,740,0.9946236559139785
D12,2024-02-01,16.878962536023053,694,0.9971264367816092
D12,2024-03-01,15.957627118644067,590,0.793010752688172
D12,2024-04-01,18.444444444444443,720,1.0
D12,2024-05-01,30.0,743,0.9986559139784946
D12,2024-06-01,29.261971830985914,710,0.9861111111111112
D12,2024-07-01,45.4366576819407,742,0.9973118279569892
D12,2024-08-01,29.252762430939228,724,0.9731182795698925
D12,2024-09-01,20.210306406685238,718,0.9972222222222222
D12,2024-10-01,15.406460296096904,743,0.9986559139784946
D12,2024-11-01,11.549374130737135,719,0.9986111111111111
D12,2024-12-01,13.28167115902965,742,0.9973118279569892
D12,2025-01-01,11.596774193548388,744,1.0
D12,2025-02-01,13.021148036253777,662,0.9851190476190477
D12,2025-03-01,13.83033033033033,666,0.8951612903225806
D12,2025-04-01,23.69819193324061,719,0.9986111111111111
D12,2025-05-01,39.151881720430104,744,1.0
D12,2025-06-01,40.26286509040334,719,0.9986111111111111
D12,2025-07-01,47.6625850340136,735,0.9879032258064516
D12,2025-08-01,24.515406162464988,714,0.9596774193548387
D12,2025-09-01,20.168067226890756,714,0.9916666666666667
D12,2025-10-01,13.147849462365592,744,1.0
D12,2025-11-01,11.21830985915493,710,0.9861111111111112
D12,2025-12-01,14.174894217207335,709,0.9529569892473119
D12,2026-01-01,13.730717185385656,739,0.9932795698924731
D12,2026-02-01,10.388392857142858,672,1.0
D12,2026-03-01,11.911111111111111,630,0.8467741935483871
D12,2026-04-01,20.304166666666667,720,1.0
D12,2026-05-01,45.02956989247312,744,1.0
D12,2026-06-01,43.157082748948106,713,0.9902777777777778
D12,2026-07-01,27.619433198380566,741,0.9959677419354839
D12,2026-08-01,24.2907133243607,743,0.9986559139784946
D12,2026-09-01,18.848387096774193,310,0.4305555555555556
D13,2000-01-01,18.66711590296496,742,0.9973118279569892
D13,2000-02-01,19.672438672438673,693,0.9956896551724138
D13,2000-03-01,27.63179347826087,736,0.989247311827957
D13,2000-04-01,42.54919236417034,681,0.9458333333333333
D13,2000-05-01,39.37347767253045,739,0.9932795698924731
D13,2000-06-01,27.211484593837536,714,0.9916666666666667
D13,2000-07-01,34.892953929539296,738,0.9919354838709677
D13,2000-08-01,36.64462809917355,726,0.9758064516129032
D13,2000-09-01,28.25997045790251,677,0.9402777777777778
D13,2000-10-01,23.417344173441734,738,0.9919354838709677
D13,2000-11-01,19.17712691771269,717,0.9958333333333333
D13,2000-12-01,20.013477088948786,742,0.9973118279569892
D13,2001-01-01,19.61185983827493,742,0.9973118279569892
D13,2001-02-01,21.649289099526065,633,0.9419642857142857
D13,2001-03-01,25.37121212121212,396,0.532258064516129
D13,2001-04-01,27.934681181959565,643,0.8930555555555556
D13,2001-05-01,33.53171390013495,741,0.9959677419354839
D13,2001-06-01,37.50769230769231,715,0.9930555555555556
D13,2001-07-01,27.323328785811732,733,0.9852150537634409
D13,2001-08-01,26.937669376693766,738,0.9919354838709677
D13,2001-09-01,25.304469273743017,716,0.9944444444444445
D13,2001-10-01,23.836265223274694,739,0.9932795698924731
D13,2001-11-01,16.84593837535014,714,0.9916666666666667
D13,2001-12-01,22.164864864864864,740,0.9946236559139785
D13,2002-01-01,19.649863760217983,734,0.9865591397849462
D13,2002-02-01,23.66268656716418,670,0.9970238095238095
D13,2002-03-01,20.580862533692724,742,0.9973118279569892
D13,2002-04-01,27.660084626234134,709,0.9847222222222223
D13,2002-05-01,26.794316644113668,739,0.9932795698924731
D13,2002-06-01,33.770194986072426,718,0.9972222222222222
D13,2002-07-01,30.901749663526246,743,0.9986559139784946
D13,2002-08-01,29.456756756756757,740,0.9946236559139785
D13,2002-09-01,22.98235294117647,680,0.9444444444444444
D13,2002-10-01,21.192622950819672,732,0.9838709677419355
D13,2002-11-01,19.65126050420168,714,0.9916666666666667
D13,2002-12-01,23.098118279569892,744,1.0
D13,2003-01-01,25.199457259158752,737,0.9905913978494624
D13,2003-02-01,21.714499252615845,669,0.9955357142857143
D13,2003-03-01,29.8099730458221,742,0.9973118279569892
D13,2003-04-01,36.76157082748948,713,0.9902777777777778
D13,2003-05-01,41.605937921727396,741,0.9959677419354839
D13,2003-06-01,29.093706293706294,715,0.9930555555555556
D13,2003-07-01,29.49728997289973,738,0.9919354838709677
D13,2003-08-01,33.392712550607285,741,0.9959677419354839
D13,2003-09-01,21.778242677824267,717,0.9958333333333333
D13,2003-10-01,19.91902834008097,741,0.9959677419354839
D13,2003-11-01,19.434782608695652,713,0.9902777777777778
D13,2003-12-01,21.419618528610354,734,0.9865591397849462
D13,2004-01-01,19.666666666666668,744,1.0
D13,2004-02-01,26.83791606367583,691,0.992816091954023
D13,2004-03-01,27.28958051420839,739,0.9932795698924731
D13,2004-04-01,26.11904761904762,714,0.9916666666666667
D13,2004-05-01,38.00135135135135,740,0.9946236559139785
D13,2004-06-01,32.871148459383754,714,0.9916666666666667
D13,2004-07-01,29.18733153638814,742,0.9973118279569892
D13,2004-08-01,24.705405405405404,740,0.9946236559139785
D13,2004-09-01,23.323529411764707,714,0.9916666666666667
D13,2004-10-01,19.36400541271989,739,0.9932795698924731
D13,2004-11-01,19.328690807799443,718,0.9972222222222222
D13,2004-12-01,21.2834008097166,741,0.9959677419354839
D13,2005-01-01,24.40431266846361,742,0.9973118279569892
D13,2005-02-01,32.049475262368816,667,0.9925595238095238
D13,2005-03-01,27.885558583106267,734,0.9865591397849462
D13,2005-04-01,29.976998597475454,713,0.9902777777777778
D13,2005-05-01,26.263157894736842,741,0.9959677419354839
D13,2005-06-01,29.47905027932961,716,0.9944444444444445
D13,2005-07-01,32.07795698924731,744,1.0
D13,2005-08-01,25.643051771117165,734,0.9865591397849462
D13,2005-09-01,25.584958217270195,718,0.9972222222222222
D13,2005-10-01,23.291316526610643,714,0.9596774193548387
D13,2005-11-01,20.450488145048816,717,0.9958333333333333
D13,2005-12-01,21.712365591397848,744,1.0
D13,2006-01-01,23.096774193548388,744,1.0
D13,2006-02-01,22.726047904191617,668,0.9940476190476191
D13,2006-03-01,25.06359945872801,739,0.9932795698924731
D13,2006-04-01,32.34685314685315,715,0.9930555555555556
D13,2006-05-01,38.82661290322581,744,1.0
D13,2006-06-01,32.29320113314448,706,0.9805555555555555
D13,2006-07-01,22.009536784741144,734,0.9865591397849462
D13,2006-08-01,27.228378378378377,740,0.9946236559139785
D13,2006-09-01,23.21527777777778,720,1.0
D13,2006-10-01,17.400275103163686,727,0.9771505376344086
D13,2006-11-01,17.563636363636363,715,0.9930555555555556
D13,2006-12-01,15.973082099596231,743,0.9986559139784946
D13,2007-01-01,20.02956989247312,744,1.0
D13,2007-02-01,19.31390134529148,669,0.9955357142857143
D13,2007-03-01,23.583333333333332,744,1.0
D13,2007-04-01,28.46853146853147,715,0.9930555555555556
D13,2007-05-01,43.148448043184885,741,0.9959677419354839
D13,2007-06-01,33.31527777777778,720,1.0
D13,2007-07-01,27.71794871794872,741,0.9959677419354839
D13,2007-08-01,27.28301886792453,742,0.9973118279569892
D13,2007-09-01,26.629166666666666,720,1.0
D13,2007-10-01,20.60945945945946,740,0.9946236559139785
D13,2007-11-01,19.066666666666666,720,1.0
D13,2007-12-01,19.324797843665767,742,0.9973118279569892
D13,2008-01-01,19.377688172043012,744,1.0
D13,2008-02-01,19.986706056129986,677,0.9727011494252874
D13,2008-03-01,20.916438356164385,730,0.9811827956989247
D13,2008-04-01,27.038888888888888,720,1.0
D13,2008-05-01,28.483870967741936,744,1.0
D13,2008-06-01,28.02638888888889,720,1.0
D13,2008-07-01,31.141129032258064,744,1.0
D13,2008-08-01,18.65221565830721,638,0.8575268817204301
D13,2008-09-01,17.83888888888889,720,1.0
D13,2008-10-01,16.737903225806452,744,1.0
D13,2008-11-01,16.7375,720,1.0
D13,2008-12-01,17.13037634408602,744,1.0
D13,2009-01-01,19.47043010752688,744,1.0
D13,2009-02-01,18.731026770833335,672,1.0
D13,2009-03-01,23.406137987903225,744,1.0
D13,2009-04-01,31.67361111111111,720,1.0
D13,2009-05-01,31.11982039640884,724,0.9731182795698925
D13,2009-06-01,29.256944444444443,720,1.0
D13,2009-07-01,22.654569869623657,744,1.0
D13,2009-08-01,22.249089253142074,732,0.9838709677419355
D13,2009-09-01,18.42929995410292,719,0.9986111111111111
D13,2009-10-01,17.077956989247312,744,1.0
D13,2009-11-01,17.59722222222222,720,1.0
D13,2009-12-01,24.965986394557824,735,0.9879032258064516
D13,2010-01-01,23.45060443548387,744,1.0
D13,2010-02-01,19.208643815201192,671,0.9985119047619048
D13,2010-03-01,20.984592847503375,741,0.9959677419354839
D13,2010-04-01,24.55,720,1.0
D13,2010-05-01,24.116935483870968,744,1.0
D13,2010-06-01,24.858333333333334,720,1.0
D13,2010-07-01,20.842917685060566,743,0.9986559139784946
D13,2010-08-01,22.525537634408604,744,1.0
D13,2010-09-01,16.1125,720,1.0
D13,2010-10-01,16.279345873655913,744,1.0
D13,2010-11-01,15.4375,720,1.0
D13,2010-12-01,17.375,744,1.0
D13,2011-01-01,17.175963252688174,744,1.0
D13,2011-02-01,19.50595232142857,672,1.0
D13,2011-03-01,19.472670295698926,744,1.0
D13,2011-04-01,23.269444444444446,720,1.0
D13,2011-05-01,30.834117338709675,744,1.0
D13,2011-06-01,22.363888888888887,720,1.0
D13,2011-07-01,20.200854655870447,741,0.9959677419354839
D13,2011-08-01,17.497311827956988,744,1.0
D13,2011-09-01,19.07242339832869,718,0.9972222222222222
D13,2011-10-01,16.482526881720432,744,1.0
D13,2011-11-01,18.495138879583333,720,1.0
D13,2011-12-01,20.670698924731184,744,1.0
D13,2012-01-01,12.94840720263158,722,0.9704301075268817
D13,2012-02-01,19.38721264367816,696,1.0
D13,2012-03-01,20.506272392473118,744,1.0
D13,2012-04-01,21.86111111111111,720,1.0
D13,2012-05-01,24.66896230027548,726,0.9758064516129032
D13,2012-06-01,20.964385474860336,716,0.9944444444444445
D13,2012-07-01,26.156593406593405,728,0.978494623655914
D13,2012-08-01,21.936572199730094,741,0.9959677419354839
D13,2012-09-01,18.978199718706048,711,0.9875
D13,2012-10-01,15.568548387096774,744,1.0
D13,2012-11-01,17.929861111111112,720,1.0
D13,2012-12-01,14.72513440860215,744,1.0
D13,2013-01-01,19.125,744,1.0
D13,2013-02-01,15.724702380952381,672,1.0
D13,2013-03-01,20.111559139784948,744,1.0
D13,2013-04-01,26.044444444444444,720,1.0
D13,2013-05-01,23.946236559139784,744,1.0
D13,2013-06-01,27.40138888888889,720,1.0
D13,2013-07-01,24.3387314439946,741,0.9959677419354839
D13,2013-08-01,26.34817813765182,741,0.9959677419354839
D13,2013-09-01,17.72361111111111,720,1.0
D13,2013-10-01,18.623655913978496,744,1.0
D13,2013-11-01,18.17225420520231,692,0.9611111111111111
D13,2013-12-01,20.716397849462364,744,1.0
D13,2014-01-01,24.316146540027137,737,0.9905913978494624
D13,2014-02-01,13.09375,672,1.0
D13,2014-03-01,16.470254305177114,734,0.9865591397849462
D13,2014-04-01,24.32777777777778,720,1.0
D13,2014-05-01,31.80498620218579,732,0.9838709677419355
D13,2014-06-01,33.638888888888886,720,1.0
D13,2014-07-01,36.05802968960864,741,0.9959677419354839
D13,2014-08-01,24.66344827586207,725,0.9744623655913979
D13,2014-09-01,17.96083916083916,715,0.9930555555555556
D13,2014-10-01,19.56199460916442,742,0.9973118279569892
D13,2014-11-01,17.245833333333334,720,1.0
D13,2014-12-01,17.246020260492042,691,0.928763440860215
D13,2015-01-01,21.74293405114401,743,0.9986559139784946
D13,2015-02-01,22.538002980625933,671,0.9985119047619048
D13,2015-03-01,19.066216216216215,740,0.9946236559139785
D13,2015-04-01,28.363004172461753,719,0.9986111111111111
D13,2015-05-01,45.24831309041836,741,0.9959677419354839
D13,2015-06-01,37.65870786516854,712,0.9888888888888889
D13,2015-07-01,34.71603260869565,736,0.989247311827957
D13,2015-08-01,22.44060773480663,724,0.9731182795698925
D13,2015-09-01,19.65173410404624,692,0.9611111111111111
D13,2015-10-01,14.917567567567568,740,0.9946236559139785
D13,2015-11-01,14.02112676056338,710,0.9861111111111112
D13,2015-12-01,17.294594594594596,740,0.9946236559139785
D13,2016-01-01,19.89437585733882,729,0.9798387096774194
D13,2016-02-01,15.707520891364902,359,0.5158045977011494
D13,2016-03-01,28.35262449528937,743,0.9986559139784946
D13,2016-04-01,25.93562874251497,668,0.9277777777777778
D13,2016-05-01,34.76280323450135,742,0.9973118279569892
D13,2016-06-01,33.42817294281729,717,0.9958333333333333
D13,2016-07-01,28.515818431911967,727,0.9771505376344086
D13,2016-08-01,33.99057873485868,743,0.9986559139784946
D13,2016-09-01,26.357142857142858,714,0.9916666666666667
D13,2016-10-01,17.61952861952862,594,0.7983870967741935
D13,2016-11-01,17.00597014925373,670,0.9305555555555556
D13,2016-12-01,22.372521246458923,706,0.9489247311827957
D13,2017-01-01,35.83406754772393,681,0.9153225806451613
D13,2017-02-01,16.428571428571427,672,1.0
D13,2017-03-01,17.32132132132132,666,0.8951612903225806
D13,2017-04-01,17.132022471910112,712,0.9888888888888889
D13,2017-05-01,26.567934782608695,736,0.989247311827957
D13,2017-06-01,25.528169014084508,710,0.9861111111111112
D13,2017-07-01,30.320668693009118,658,0.8844086021505376
D13,2017-08-01,25.353099730458222,742,0.9973118279569892
D13,2017-09-01,22.05863708399366,631,0.8763888888888889
D13,2017-10-01,13.827260458839406,741,0.9959677419354839
D13,2017-11-01,15.417246175243394,719,0.9986111111111111
D13,2017-12-01,15.362045760430686,743,0.9986559139784946
D13,2018-01-01,15.35897435897436,741,0.9959677419354839
D13,2018-02-01,14.841867469879517,664,0.9880952380952381
D13,2018-03-01,15.529649595687331,742,0.9973118279569892
D13,2018-04-01,24.391910739191076,717,0.9958333333333333
D13,2018-05-01,25.24462365591398,744,1.0
D13,2018-06-01,27.87977369165488,707,0.9819444444444444
D13,2018-07-01,24.072874493927124,741,0.9959677419354839
D13,2018-08-01,28.032345013477087,742,0.9973118279569892
D13,2018-09-01,21.942470389170897,591,0.8208333333333333
D13,2018-10-01,19.190684133915575,687,0.9233870967741935
D13,2018-11-01,17.93793103448276,580,0.8055555555555556
D13,2018-12-01,20.39782016348774,734,0.9865591397849462
D13,2019-01-01,21.912043301759134,739,0.9932795698924731
D13,2019-02-01,22.705501618122977,618,0.9196428571428571
D13,2019-03-01,21.20262390670554,686,0.9220430107526881
D13,2019-04-01,26.963788300835656,718,0.9972222222222222
D13,2019-05-01,21.80510752688172,744,1.0
D13,2019-06-01,19.523611111111112,720,1.0
D13,2019-07-01,33.05107526881721,744,1.0
D13,2019-08-01,22.21265141318977,743,0.9986559139784946
D13,2019-09-01,14.731944444444444,720,1.0
D13,2019-10-01,12.414304993252362,741,0.9959677419354839
D13,2019-11-01,11.675487465181059,718,0.9972222222222222
D13,2019-12-01,12.801939058171746,722,0.9704301075268817
D13,2020-01-01,13.990264255910988,719,0.9663978494623656
D13,2020-02-01,15.010057471264368,696,1.0
D13,2020-03-01,14.972343522561863,687,0.9233870967741935
D13,2020-04-01,17.04450625869263,719,0.9986111111111111
D13,2020-05-01,20.959568733153638,742,0.9973118279569892
D13,2020-06-01,14.672701949860723,718,0.9972222222222222
D13,2020-07-01,16.831763122476445,743,0.9986559139784946
D13,2020-08-01,20.438172043010752,744,1.0
D13,2020-09-01,16.672245467224545,717,0.9958333333333333
D13,2020-10-01,11.823450134770889,742,0.9973118279569892
D13,2020-11-01,11.289473684210526,646,0.8972222222222223
D13,2020-12-01,10.265646731571627,719,0.9663978494623656
D13,2021-01-01,11.734501347708894,742,0.9973118279569892
D13,2021-02-01,13.273134328358209,670,0.9970238095238095
D13,2021-03-01,14.139372822299652,574,0.771505376344086
D13,2021-04-01,19.00974930362117,718,0.9972222222222222
D13,2021-05-01,26.39434724091521,743,0.9986559139784946
D13,2021-06-01,21.860917941585534,719,0.9986111111111111
D13,2021-07-01,28.672043010752688,744,1.0
D13,2021-08-01,27.57551020408163,735,0.9879032258064516
D13,2021-09-01,15.097222222222221,720,1.0
D13,2021-10-01,11.238223418573352,743,0.9986559139784946
D13,2021-11-01,11.435574229691877,714,0.9916666666666667
D13,2021-12-01,14.806267806267806,702,0.9435483870967742
D13,2022-01-01,13.086253369272237,742,0.9973118279569892
D13,2022-02-01,12.402866242038217,628,0.9345238095238095
D13,2022-03-01,13.365105008077544,619,0.831989247311828
D13,2022-04-01,16.61699164345404,718,0.9972222222222222
D13,2022-05-01,35.801886792452834,742,0.9973118279569892
D13,2022-06-01,27.426981919332405,719,0.9986111111111111
D13,2022-07-01,20.641304347826086,736,0.989247311827957
D13,2022-08-01,26.540027137042063,737,0.9905913978494624
D13,2022-09-01,17.513212795549375,719,0.9986111111111111
D13,2022-10-01,11.186827956989248,744,1.0
D13,2022-11-01,12.109467455621301,676,0.9388888888888889
D13,2022-12-01,13.005602240896359,714,0.9596774193548387
D13,2023-01-01,13.327493261455526,742,0.9973118279569892
D13,2023-02-01,24.9156050955414,628,0.9345238095238095
D13,2023-03-01,13.397435897435898,624,0.8387096774193549
D13,2023-04-01,17.499302649930264,717,0.9958333333333333
D13,2023-05-01,27.225806451612904,744,1.0
D13,2023-06-01,20.755014326647565,698,0.9694444444444444
D13,2023-07-01,22.70336391437309,654,0.8790322580645161
D13,2023-08-01,20.49661705006766,739,0.9932795698924731
D13,2023-09-01,18.994277539341915,699,0.9708333333333333
D13,2023-10-01,16.080753701211304,743,0.9986559139784946
D13,2023-11-01,13.767409470752089,718,0.9972222222222222
D13,2023-12-01,18.981157469717363,743,0.9986559139784946
D13,2024-01-01,15.175202156334231,742,0.9973118279569892
D13,2024-02-01,15.176300578034683,692,0.9942528735632183
D13,2024-03-01,12.159940209267564,669,0.8991935483870968
D13,2024-04-01,13.594827586206897,696,0.9666666666666667
D13,2024-05-01,19.756914119359536,687,0.9233870967741935
D13,2024-06-01,14.690685413005273,569,0.7902777777777777
D13,2024-07-01,31.931129476584022,726,0.9758064516129032
D13,2024-08-01,27.105263157894736,703,0.9448924731182796
D13,2024-09-01,16.91933240611961,719,0.9986111111111111
D13,2024-10-01,14.522849462365592,744,1.0
D13,2024-11-01,12.19690576652602,711,0.9875
D13,2024-12-01,15.026917900403769,743,0.9986559139784946
D13,2025-01-01,12.414634146341463,697,0.9368279569892473
D13,2025-02-01,12.947209653092006,663,0.9866071428571429
D13,2025-03-01,13.580996884735203,642,0.8629032258064516
D13,2025-04-01,20.634722222222223,720,1.0
D13,2025-05-01,30.346774193548388,744,1.0
D13,2025-06-01,25.785813630041723,719,0.9986111111111111
D13,2025-07-01,32.15725806451613,744,1.0
D13,2025-08-01,16.189771197846568,743,0.9986559139784946
D13,2025-09-01,15.647140864714087,717,0.9958333333333333
D13,2025-10-01,10.016150740242262,743,0.9986559139784946
D13,2025-11-01,11.155555555555555,720,1.0
D13,2025-12-01,13.152086137281293,743,0.9986559139784946
D13,2026-01-01,12.18962962962963,675,0.907258064516129
D13,2026-02-01,4.5,24,0.03571428571428571
D13,2026-04-01,15.620338983050848,295,0.4097222222222222
D13,2026-05-01,30.742587601078167,742,0.9973118279569892
D13,2026-06-01,26.942737430167597,716,0.9944444444444445
D13,2026-07-01,14.285329744279947,743,0.9986559139784946
D13,2026-08-01,17.266846361185983,742,0.9973118279569892
D13,2026-09-01,13.170967741935485,310,0.4305555555555556
D14,2000-01-01,18.508108108108107,740,0.9946236559139785
D14,2000-02-01,18.968842729970326,674,0.9683908045977011
D14,2000-03-01,29.867123287671234,730,0.9811827956989247
D14,2000-04-01,45.28879310344828,696,0.9666666666666667
D14,2000-05-01,58.549180327868854,732,0.9838709677419355
D14,2000-06-01,47.56142857142857,700,0.9722222222222222
D14,2000-07-01,62.222375690607734,724,0.9731182795698925
D14,2000-08-01,46.766216216216215,740,0.9946236559139785
D14,2000-09-01,32.402234636871505,716,0.9944444444444445
D14,2000-10-01,23.573948439620082,737,0.9905913978494624
D14,2000-11-01,19.875,720,1.0
D14,2000-12-01,20.717567567567567,740,0.9946236559139785
D14,2001-04-01,25.84,25,0.034722222222222224
D14,2001-05-01,51.63143254520167,719,0.9663978494623656
D14,2001-06-01,66.41514726507714,713,0.9902777777777778
D14,2001-07-01,46.046132971506104,737,0.9905913978494624
D14,2001-08-01,40.59856115107914,695,0.9341397849462365
D14,2001-09-01,29.002808988764045,712,0.9888888888888889
D14,2001-10-01,23.489823609226594,737,0.9905913978494624
D14,2001-11-01,18.519718309859154,710,0.9861111111111112
D14,2001-12-01,23.175913396481732,739,0.9932795698924731
D14,2002-01-01,19.51081081081081,740,0.9946236559139785
D14,2002-02-01,26.58823529411765,663,0.9866071428571429
D14,2002-03-01,24.83809523809524,735,0.9879032258064516
D14,2002-04-01,35.98300283286119,706,0.9805555555555555
D14,2002-05-01,50.814132104454686,651,0.875
D14,2002-06-01,58.16155988857939,718,0.9972222222222222
D14,2002-07-01,62.510259917920656,731,0.9825268817204301
D14,2002-08-01,44.442645074224025,741,0.9959677419354839
D14,2002-09-01,34.31608391608392,715,0.9930555555555556
D14,2002-10-01,23.31578947368421,741,0.9959677419354839
D14,2002-11-01,22.92222222222222,720,1.0
D14,2002-12-01,19.03921568627451,714,0.9596774193548387
D14,2003-01-01,22.705962059620596,738,0.9919354838709677
D14,2003-02-01,24.938714499252615,669,0.9955357142857143
D14,2003-03-01,27.96,725,0.9744623655913979
D14,2003-04-01,44.09344490934449,717,0.9958333333333333
D14,2003-05-01,71.84247538677918,711,0.9556451612903226
D14,2003-06-01,65.32217573221757,717,0.9958333333333333
D14,2003-07-01,62.55042016806723,714,0.9596774193548387
D14,2003-08-01,58.5101763907734,737,0.9905913978494624
D14,2003-09-01,34.15664335664336,715,0.9930555555555556
D14,2003-10-01,22.464689265536723,708,0.9516129032258065
D14,2003-11-01,20.657821229050278,716,0.9944444444444445
D14,2003-12-01,23.7731673582296,723,0.9717741935483871
D14,2004-01-01,22.419354838709676,744,1.0
D14,2004-02-01,30.076923076923077,676,0.9712643678160919
D14,2004-03-01,33.013661202185794,732,0.9838709677419355
D14,2004-04-01,31.606694560669457,717,0.9958333333333333
D14,2004-05-01,62.819163292847506,741,0.9959677419354839
D14,2004-06-01,61.7015558698727,707,0.9819444444444444
D14,2004-07-01,50.3448275862069,725,0.9744623655913979
D14,2004-08-01,33.722371967654986,742,0.9973118279569892
D14,2004-09-01,30.77591036414566,714,0.9916666666666667
D14,2004-10-01,19.67201646090535,729,0.9798387096774194
D14,2004-11-01,20.49824046920821,682,0.9472222222222222
D14,2004-12-01,21.48575712143928,667,0.896505376344086
D14,2005-01-01,24.790070921985816,705,0.9475806451612904
D14,2005-02-01,30.00597014925373,670,0.9970238095238095
D14,2005-03-01,29.628630136986303,730,0.9811827956989247
D14,2005-04-01,40.6369982547993,573,0.7958333333333333
D14,2005-05-01,38.54385964912281,741,0.9959677419354839
D14,2005-06-01,42.542857142857144,700,0.9722222222222222
D14,2005-07-01,56.83815028901734,519,0.6975806451612904
D14,2005-08-01,36.45945945945946,740,0.9946236559139785
D14,2005-09-01,30.292717086834735,714,0.9916666666666667
D14,2005-10-01,20.12533692722372,742,0.9973118279569892
D14,2005-11-01,24.454545454545453,682,0.9472222222222222
D14,2005-12-01,25.90431266846361,742,0.9973118279569892
D14,2006-01-01,27.90431266846361,742,0.9973118279569892
D14,2006-02-01,26.174114021571647,649,0.9657738095238095
D14,2006-03-01,24.91644204851752,742,0.9973118279569892
D14,2006-04-01,42.457142857142856,700,0.9722222222222222
D14,2006-05-01,59.182432432432435,740,0.9946236559139785
D14,2006-06-01,57.33100558659218,716,0.9944444444444445
D14,2006-07-01,43.267857142857146,728,0.978494623655914
D14,2006-08-01,37.43994601889339,741,0.9959677419354839
D14,2006-09-01,29.884057971014492,690,0.9583333333333334
D14,2006-10-01,18.776280323450134,742,0.9973118279569892
D14,2006-11-01,21.542776998597475,713,0.9902777777777778
D14,2006-12-01,19.279266572637518,709,0.9529569892473119
D14,2007-01-01,20.576819407008085,742,0.9973118279569892
D14,2007-02-01,20.773413897280967,662,0.9851190476190477
D14,2007-03-01,26.307692307692307,741,0.9959677419354839
D14,2007-04-01,38.35195530726257,716,0.9944444444444445
D14,2007-05-01,63.03392130257802,737,0.9905913978494624
D14,2007-06-01,59.71548117154812,717,0.9958333333333333
D14,2007-07-01,50.59514170040486,741,0.9959677419354839
D14,2007-08-01,35.16487454744623,744,1.0
D14,2007-09-01,28.45891364902507,718,0.9972222222222222
D14,2007-10-01,20.192160822102426,742,0.9973118279569892
D14,2007-11-01,21.09560892351275,706,0.9805555555555555
D14,2007-12-01,20.583333283173733,731,0.9825268817204301
D14,2008-01-01,24.112679247311828,744,1.0
D14,2008-02-01,22.118295014367817,696,1.0
D14,2008-03-01,23.516180384087793,729,0.9798387096774194
D14,2008-04-01,35.97060184722223,720,1.0
D14,2008-05-01,48.010528575268815,744,1.0
D14,2008-06-01,67.03722045833334,720,1.0
D14,2008-07-01,49.094870026881715,744,1.0
D14,2008-08-01,30.90143360215054,744,1.0
D14,2008-09-01,28.0067436416185,692,0.9611111111111111
D14,2008-10-01,21.30984745625841,743,0.9986559139784946
D14,2008-11-01,22.023611111111112,720,1.0
D14,2008-12-01,22.400537634408604,744,1.0
D14,2009-01-01,25.658713589502018,743,0.9986559139784946
D14,2009-02-01,24.75260415625,672,1.0
D14,2009-03-01,28.613789112903227,744,1.0
D14,2009-04-01,37.12060188888889,720,1.0
D14,2009-05-01,42.44388440860215,744,1.0
D14,2009-06-01,49.551504625,720,1.0
D14,2009-07-01,41.337477594086025,744,1.0
D14,2009-08-01,33.01568100403226,744,1.0
D14,2009-09-01,20.648328635097492,718,0.9972222222222222
D14,2009-10-01,17.684885290148447,741,0.9959677419354839
D14,2009-11-01,13.595488545582048,713,0.9902777777777778
D14,2009-12-01,19.042562715053766,744,1.0
D14,2010-01-01,23.25,744,1.0
D14,2010-02-01,17.9824,625,0.9300595238095238
D14,2010-03-01,21.80169971246459,706,0.9489247311827957
D14,2010-04-01,30.717824027777777,720,1.0
D14,2010-05-01,39.14436775627586,725,0.9744623655913979
D14,2010-06-01,41.097685138888885,720,1.0
D14,2010-07-01,36.650985698924735,744,1.0
D14,2010-08-01,30.056787634408604,744,1.0
D14,2010-09-01,21.20316132078103,717,0.9958333333333333
D14,2010-10-01,16.81664426518817,744,1.0
D14,2010-11-01,16.595956100981766,713,0.9902777777777778
D14,2010-12-01,16.2997311827957,744,1.0
D14,2011-01-01,16.64975477178423,723,0.9717741935483871
D14,2011-02-01,19.149143255451715,642,0.9553571428571429
D14,2011-03-01,20.868741425304467,739,0.9932795698924731
D14,2011-04-01,27.4514856545961,718,0.9972222222222222
D14,2011-05-01,45.61839153225806,744,1.0
D14,2011-06-01,39.29965277777778,720,1.0
D14,2011-07-01,34.930667607526885,744,1.0
D14,2011-08-01,30.265793051075267,744,1.0
D14,2011-09-01,23.49833583815029,692,0.9611111111111111
D14,2011-10-01,17.190748239247313,744,1.0
D14,2011-11-01,17.219127205153203,718,0.9972222222222222
D14,2011-12-01,25.826613172043007,744,1.0
D14,2012-01-01,16.800283867924527,742,0.9973118279569892
D14,2012-02-01,23.215387379765396,682,0.9798850574712644
D14,2012-03-01,26.334132826027396,730,0.9811827956989247
D14,2012-04-01,27.726504625,720,1.0
D14,2012-05-01,39.450808625336926,742,0.9973118279569892
D14,2012-06-01,35.110416666666666,720,1.0
D14,2012-07-01,43.0377358490566,742,0.9973118279569892
D14,2012-08-01,33.55937921727396,741,0.9959677419354839
D14,2012-09-01,22.63091922005571,718,0.9972222222222222
D14,2012-10-01,15.212651413189771,743,0.9986559139784946
D14,2012-11-01,17.78611111111111,720,1.0
D14,2012-12-01,17.30349932705249,743,0.9986559139784946
D14,2013-01-01,17.615696887686063,739,0.9932795698924731
D14,2013-02-01,15.957589285714286,672,1.0
D14,2013-03-01,21.94089012517385,719,0.9663978494623656
D14,2013-04-01,31.077083333333334,720,1.0
D14,2013-05-01,32.564516129032256,744,1.0
D14,2013-06-01,43.66968011126565,719,0.9986111111111111
D14,2013-07-01,39.04245283018868,742,0.9973118279569892
D14,2013-08-01,35.47513440860215,744,1.0
D14,2013-09-01,23.426880222841227,718,0.9972222222222222
D14,2013-10-01,18.300911854103344,658,0.8844086021505376
D14,2013-12-01,25.957123728070176,456,0.6129032258064516
D14,2014-01-01,16.448924731182796,558,0.75
D14,2014-02-01,14.900449101796408,668,0.9940476190476191
D14,2014-03-01,17.66735253772291,729,0.9798387096774194
D14,2014-04-01,26.427083333333332,720,1.0
D14,2014-05-01,29.569986541049797,743,0.9986559139784946
D14,2014-06-01,36.477777777777774,720,1.0
D14,2014-07-01,32.61413043478261,736,0.989247311827957
D14,2014-08-01,34.77254374158816,743,0.9986559139784946
D14,2014-09-01,21.97635605006954,719,0.9986111111111111
D14,2014-10-01,15.877883310719131,737,0.9905913978494624
D14,2014-11-01,20.154390934844194,706,0.9805555555555555
D14,2014-12-01,17.407806191117093,743,0.9986559139784946
D14,2015-01-01,20.723719676549866,742,0.9973118279569892
D14,2015-02-01,23.380597014925375,670,0.9970238095238095
D14,2015-03-01,22.60164835164835,728,0.978494623655914
D14,2015-04-01,35.58831710709318,719,0.9986111111111111
D14,2015-05-01,51.969086021505376,744,1.0
D14,2015-06-01,57.65507649513213,719,0.9986111111111111
D14,2015-07-01,57.46029609690444,743,0.9986559139784946
D14,2015-08-01,32.12395543175487,718,0.9650537634408602
D14,2015-09-01,25.969401947148818,719,0.9986111111111111
D14,2015-10-01,15.916329284750338,741,0.9959677419354839
D14,2015-11-01,17.544055944055945,715,0.9930555555555556
D14,2015-12-01,16.23989218328841,742,0.9973118279569892
D14,2016-01-01,15.088709677419354,744,1.0
D14,2016-02-01,15.0835734870317,694,0.9971264367816092
D14,2016-03-01,24.381596752368065,739,0.9932795698924731
D14,2016-04-01,26.778140293637847,613,0.8513888888888889
D14,2016-05-01,41.92537313432836,737,0.9905913978494624
D14,2016-06-01,55.44707520891365,718,0.9972222222222222
D14,2016-07-01,44.47106325706595,743,0.9986559139784946
D14,2016-08-01,36.01754385964912,741,0.9959677419354839
D14,2016-09-01,27.91655076495132,719,0.9986111111111111
D14,2016-10-01,16.46536144578313,664,0.8924731182795699
D14,2016-11-01,15.928969359331477,718,0.9972222222222222
D14,2016-12-01,20.907133243607,743,0.9986559139784946
D14,2017-01-01,33.869262865090406,719,0.9663978494623656
D14,2017-02-01,16.73472429210134,671,0.9985119047619048
D14,2017-03-01,17.45300462249615,649,0.8723118279569892
D14,2017-04-01,19.82262569832402,716,0.9944444444444445
D14,2017-05-01,36.278225806451616,744,1.0
D14,2017-06-01,44.62222222222222,720,1.0
D14,2017-07-01,47.85464333781965,743,0.9986559139784946
D14,2017-08-01,34.104838709677416,744,1.0
D14,2017-09-01,25.801963993453356,611,0.8486111111111111
D14,2017-10-01,15.788978494623656,744,1.0
D14,2017-11-01,14.279944289693594,718,0.9972222222222222
D14,2017-12-01,14.279569892473118,744,1.0
D14,2018-01-01,14.987886944818305,743,0.9986559139784946
D14,2018-02-01,16.694485842026825,671,0.9985119047619048
D14,2018-03-01,18.83260553129549,687,0.9233870967741935
D14,2018-04-01,23.804285714285715,700,0.9722222222222222
D14,2018-05-01,34.901881720430104,744,1.0
D14,2018-06-01,47.873772791023846,713,0.9902777777777778
D14,2018-07-01,39.67886178861789,738,0.9919354838709677
D14,2018-08-01,39.07133243606999,743,0.9986559139784946
D14,2018-09-01,25.352777777777778,720,1.0
D14,2018-10-01,14.73044925124792,601,0.8077956989247311
D14,2018-11-01,15.220670391061452,716,0.9944444444444445
D14,2018-12-01,17.905035971223022,695,0.9341397849462365
D14,2019-01-01,20.04696132596685,724,0.9731182795698925
D14,2019-02-01,21.77409638554217,664,0.9880952380952381
D14,2019-03-01,18.73654390934844,706,0.9489247311827957
D14,2019-04-01,30.170833333333334,720,1.0
D14,2019-05-01,30.032345013477087,742,0.9973118279569892
D14,2019-06-01,40.12916666666667,720,1.0
D14,2019-07-01,50.54508748317631,743,0.9986559139784946
D14,2019-08-01,31.879032258064516,744,1.0
D14,2019-09-01,18.358831710709318,719,0.9986111111111111
D14,2019-10-01,15.68010752688172,744,1.0
D14,2019-11-01,13.321678321678322,715,0.9930555555555556
D14,2019-12-01,13.063172043010752,744,1.0
D14,2020-01-01,14.928667563930013,743,0.9986559139784946
D14,2020-02-01,16.535919540229884,696,1.0
D14,2020-03-01,17.696428571428573,504,0.6774193548387096
D14,2020-04-01,21.029166666666665,720,1.0
D14,2020-05-01,29.849056603773583,742,0.9973118279569892
D14,2020-06-01,29.35483870967742,713,0.9902777777777778
D14,2020-07-01,38.6388140161725,742,0.9973118279569892
D14,2020-08-01,26.998655913978496,744,1.0
D14,2020-09-01,20.398328690807798,718,0.9972222222222222
D14,2020-10-01,14.682795698924732,744,1.0
D14,2020-11-01,11.811111111111112,720,1.0
D14,2020-12-01,10.859943977591037,714,0.9596774193548387
D14,2021-01-01,12.15994623655914,744,1.0
D14,2021-02-01,12.264179104477613,670,0.9970238095238095
D14,2021-03-01,13.063860667634252,689,0.9260752688172043
D14,2021-04-01,20.73955431754875,718,0.9972222222222222
D14,2021-05-01,35.97981157469717,743,0.9986559139784946
D14,2021-06-01,37.51304347826087,690,0.9583333333333334
D14,2021-07-01,50.38575268817204,744,1.0
D14,2021-08-01,34.506072874493924,741,0.9959677419354839
D14,2021-09-01,17.488888888888887,720,1.0
D14,2021-10-01,13.997214484679665,718,0.9650537634408602
D14,2021-11-01,11.612813370473537,718,0.9972222222222222
D14,2021-12-01,12.892086330935252,695,0.9341397849462365
D14,2022-01-01,10.344549125168237,743,0.9986559139784946
D14,2022-02-01,13.943452380952381,672,1.0
D14,2022-03-01,15.091591591591591,666,0.8951612903225806
D14,2022-04-01,20.294444444444444,720,1.0
D14,2022-05-01,47.70255720053836,743,0.9986559139784946
D14,2022-06-01,44.50972222222222,720,1.0
D14,2022-07-01,34.18842530282638,743,0.9986559139784946
D14,2022-08-01,34.39247311827957,744,1.0
D14,2022-09-01,21.516039051603904,717,0.9958333333333333
D14,2022-10-01,12.60483870967742,744,1.0
D14,2022-11-01,12.492350486787204,719,0.9986111111111111
D14,2022-12-01,14.361227336122734,717,0.9637096774193549
D14,2023-01-01,12.985195154777927,743,0.9986559139784946
D14,2023-02-01,26.09077380952381,672,1.0
D14,2023-03-01,14.217638691322902,703,0.9448924731182796
D14,2023-04-01,20.95017182130584,582,0.8083333333333333
D14,2023-05-01,41.63306451612903,744,1.0
D14,2023-06-01,36.95652173913044,713,0.9902777777777778
D14,2023-07-01,38.51747311827957,744,1.0
D14,2023-08-01,24.03364737550471,743,0.9986559139784946
D14,2023-09-01,19.780555555555555,720,1.0
D14,2023-10-01,14.54864864864865,740,0.9946236559139785
D14,2023-11-01,9.600834492350486,719,0.9986111111111111
D14,2023-12-01,14.008415147265078,713,0.9583333333333334
D14,2024-01-01,13.661684782608695,736,0.989247311827957
D14,2024-02-01,13.61961367013373,673,0.9669540229885057
D14,2024-03-01,11.562162162162162,740,0.9946236559139785
D14,2024-04-01,16.503205128205128,624,0.8666666666666667
D14,2024-05-01,29.62314939434724,743,0.9986559139784946
D14,2024-06-01,32.93706293706294,715,0.9930555555555556
D14,2024-07-01,47.663967611336034,741,0.9959677419354839
D14,2024-08-01,24.788150807899463,557,0.7486559139784946
D14,2024-09-01,16.9,720,1.0
D14,2024-10-01,12.728010825439783,739,0.9932795698924731
D14,2024-11-01,9.48441926345609,706,0.9805555555555555
D14,2024-12-01,12.18034993270525,743,0.9986559139784946
D14,2025-01-01,11.029569892473118,744,1.0
D14,2025-02-01,12.555891238670695,662,0.9851190476190477
D14,2025-03-01,12.407806191117093,743,0.9986559139784946
D14,2025-04-01,18.268025078369906,638,0.8861111111111111
D14,2025-05-01,32.2952380952381,630,0.8467741935483871
D14,2025-06-01,39.43194444444445,720,1.0
D14,2025-07-01,44.39973082099596,743,0.9986559139784946
D14,2025-08-01,23.537634408602152,744,1.0
D14,2025-09-01,18.022222222222222,720,1.0
D14,2025-10-01,13.773584905660377,742,0.9973118279569892
D14,2025-11-01,12.735744089012517,719,0.9986111111111111
D14,2025-12-01,14.60512129380054,742,0.9973118279569892
D14,2026-01-01,16.88010899182561,734,0.9865591397849462
D14,2026-02-01,11.752608047690014,671,0.9985119047619048
D14,2026-03-01,14.479082321187585,741,0.9959677419354839
D14,2026-04-01,18.911433172302736,621,0.8625
D14,2026-05-01,40.803763440860216,744,1.0
D14,2026-06-01,44.43115438108484,719,0.9986111111111111
D14,2026-07-01,26.483870967741936,744,1.0
D14,2026-08-01,20.078061911170927,743,0.9986559139784946
D14,2026-09-01,14.32258064516129,310,0.4305555555555556
D15,2000-01-01,20.58231292517007,735,0.9879032258064516
D15,2000-02-01,19.638081395348838,688,0.9885057471264368
D15,2000-03-01,28.90257104194858,739,0.9932795698924731
D15,2000-04-01,46.247887323943665,710,0.9861111111111112
D15,2000-05-01,57.16689847009736,719,0.9663978494623656
D15,2000-06-01,41.19318181818182,704,0.9777777777777777
D15,2000-07-01,58.26116373477672,739,0.9932795698924731
D15,2000-08-01,38.725895316804404,726,0.9758064516129032
D15,2000-09-01,28.860597439544808,703,0.9763888888888889
D15,2000-10-01,19.62258953168044,726,0.9758064516129032
D15,2000-11-01,18.438718662952645,718,0.9972222222222222
D15,2000-12-01,21.321668909825032,743,0.9986559139784946
D15,2001-01-01,17.474324324324325,740,0.9946236559139785
D15,2001-02-01,21.157185628742514,668,0.9940476190476191
D15,2001-03-01,29.72305593451569,733,0.9852150537634409
D15,2001-04-01,37.42777777777778,720,1.0
D15,2001-05-01,64.1470588235294,34,0.0456989247311828
D15,2001-11-01,17.62056074766355,535,0.7430555555555556
D15,2001-12-01,23.70967741935484,744,1.0
D15,2002-01-01,20.794354838709676,744,1.0
D15,2002-02-01,24.427710843373493,664,0.9880952380952381
D15,2002-03-01,24.818181818181817,737,0.9905913978494624
D15,2002-04-01,36.91477272727273,704,0.9777777777777777
D15,2002-05-01,49.023480662983424,724,0.9731182795698925
D15,2002-06-01,68.07142857142857,644,0.8944444444444445
D15,2002-07-01,63.926928281461436,739,0.9932795698924731
D15,2002-08-01,41.03176795580111,724,0.9731182795698925
D15,2002-09-01,27.87731811697575,701,0.9736111111111111
D15,2002-10-01,19.71794871794872,741,0.9959677419354839
D15,2002-11-01,17.43732590529248,718,0.9972222222222222
D15,2002-12-01,19.727150537634408,744,1.0
D15,2003-01-01,22.010796221322536,741,0.9959677419354839
D15,2003-02-01,25.426646706586826,668,0.9940476190476191
D15,2003-03-01,28.881720430107528,744,1.0
D15,2003-04-01,45.483960948396096,717,0.9958333333333333
D15,2003-05-01,76.74358974358974,741,0.9959677419354839
D15,2003-06-01,49.98036465638149,713,0.9902777777777778
D15,2003-07-01,55.72010869565217,736,0.989247311827957
D15,2003-08-01,47.50204638472033,733,0.9852150537634409
D15,2003-09-01,24.21237693389592,711,0.9875
D15,2003-10-01,19.959514170040485,741,0.9959677419354839
D15,2003-11-01,18.425352112676055,710,0.9861111111111112
D15,2003-12-01,20.673387096774192,744,1.0
D15,2004-01-01,18.130904183535762,741,0.9959677419354839
D15,2004-02-01,25.330459770114942,696,1.0
D15,2004-03-01,28.69808743169399,732,0.9838709677419355
D15,2004-04-01,30.14182344428365,691,0.9597222222222223
D15,2004-05-01,65.84097035040432,742,0.9973118279569892
D15,2004-06-01,61.13231197771588,718,0.9972222222222222
D15,2004-07-01,52.55691056910569,738,0.9919354838709677
D15,2004-08-01,30.916666666666668,744,1.0
D15,2004-09-01,26.912592592592592,675,0.9375
D15,2004-10-01,17.98891966759003,722,0.9704301075268817
D15,2004-11-01,22.062588904694167,703,0.9763888888888889
D15,2004-12-01,23.297043010752688,744,1.0
D15,2005-01-01,24.009408602150536,744,1.0
D15,2005-02-01,28.70257966616085,659,0.9806547619047619
D15,2005-03-01,28.587755102040816,735,0.9879032258064516
D15,2005-04-01,44.324965132496516,717,0.9958333333333333
D15,2005-05-01,39.13172043010753,744,1.0
D15,2005-06-01,41.534170153417016,717,0.9958333333333333
D15,2005-07-01,50.184636118598384,742,0.9973118279569892
D15,2005-08-01,30.268194070080863,742,0.9973118279569892
D15,2005-09-01,23.87042253521127,710,0.9861111111111112
D15,2005-10-01,18.58573388203018,729,0.9798387096774194
D15,2005-11-01,18.518105849582174,718,0.9972222222222222
D15,2005-12-01,20.006765899864682,739,0.9932795698924731
D15,2006-01-01,22.091549295774648,710,0.9543010752688172
D15,2006-02-01,20.85799701046338,669,0.9955357142857143
D15,2006-03-01,25.258196721311474,732,0.9838709677419355
D15,2006-04-01,44.26740947075209,718,0.9972222222222222
D15,2006-05-01,54.31393775372125,739,0.9932795698924731
D15,2006-06-01,59.08111888111888,715,0.9930555555555556
D15,2006-07-01,40.886456908344734,731,0.9825268817204301
D15,2006-08-01,37.06394557823129,735,0.9879032258064516
D15,2006-09-01,38.937869822485204,676,0.9388888888888889
D15,2006-10-01,17.10796221322537,741,0.9959677419354839
D15,2006-11-01,18.50490883590463,713,0.9902777777777778
D15,2006-12-01,17.33288043478261,736,0.989247311827957
D15,2007-01-01,17.995951417004047,741,0.9959677419354839
D15,2007-02-01,18.923538230884557,667,0.9925595238095238
D15,2007-03-01,25.675599435825106,709,0.9529569892473119
D15,2007-04-01,37.9874651810585,718,0.9972222222222222
D15,2007-05-01,63.21592442645074,741,0.9959677419354839
D15,2007-06-01,59.3112676056338,710,0.9861111111111112
D15,2007-07-01,49.76358695652174,736,0.989247311827957
D15,2007-08-01,36.391836734693875,735,0.9879032258064516
D15,2007-09-01,24.497175141242938,708,0.9833333333333333
D15,2007-10-01,16.413513513513514,740,0.9946236559139785
D15,2007-11-01,20.150492264416314,711,0.9875
D15,2007-12-01,20.99048913043478,736,0.989247311827957
D15,2008-01-01,23.12071330589849,729,0.9798387096774194
D15,2008-02-01,22.84870317002882,694,0.9971264367816092
D15,2008-03-01,24.736770691994572,737,0.9905913978494624
D15,2008-04-01,36.3625,720,1.0
D15,2008-05-01,59.82749326145552,742,0.9973118279569892
D15,2008-06-01,71.15384615384616,715,0.9930555555555556
D15,2008-07-01,52.36486486486486,740,0.9946236559139785
D15,2008-08-01,34.37947154471544,738,0.9919354838709677
D15,2008-09-01,25.60836868829337,709,0.9847222222222223
D15,2008-10-01,20.813172043010752,744,1.0
D15,2008-11-01,20.25210083095238,714,0.9916666666666667
D15,2008-12-01,20.66487213997308,743,0.9986559139784946
D15,2009-01-01,24.119735658602153,744,1.0
D15,2009-02-01,25.083333333333332,672,1.0
D15,2009-03-01,21.440668479138626,743,0.9986559139784946
D15,2009-04-01,30.755555555555556,720,1.0
D15,2009-05-01,41.449148732526886,744,1.0
D15,2009-06-01,52.80188022284123,718,0.9972222222222222
D15,2009-07-01,47.94657262096774,744,1.0
D15,2009-08-01,33.740591397849464,744,1.0
D15,2009-09-01,20.02159623521127,710,0.9861111111111112
D15,2009-10-01,16.741935483870968,744,1.0
D15,2009-11-01,13.256944444444445,720,1.0
D15,2009-12-01,18.21505376344086,744,1.0
D15,2010-01-01,20.966397849462364,744,1.0
D15,2010-02-01,16.9252,625,0.9300595238095238
D15,2010-03-01,18.57772925920635,630,0.8467741935483871
D15,2010-04-01,31.49537855153203,718,0.9972222222222222
D15,2010-05-01,46.75716850403226,744,1.0
D15,2010-06-01,48.98955180555556,720,1.0
D15,2010-07-01,45.50000004447439,742,0.9973118279569892
D15,2010-08-01,30.77971091644205,742,0.9973118279569892
D15,2010-09-01,20.180337613409414,701,0.9736111111111111
D15,2010-10-01,16.495967741935484,744,1.0
D15,2010-11-01,13.570833333333333,720,1.0
D15,2010-12-01,14.39728942204301,744,1.0
D15,2011-01-01,15.098118279569892,744,1.0
D15,2011-02-01,17.566815476190477,672,1.0
D15,2011-03-01,18.673852461752436,719,0.9663978494623656
D15,2011-04-01,24.868055555555557,720,1.0
D15,2011-05-01,48.823476657661296,744,1.0
D15,2011-06-01,50.79700557103064,718,0.9972222222222222
D15,2011-07-01,47.332885305107524,744,1.0
D15,2011-08-01,30.76875,720,0.967741935483871
D15,2011-09-01,21.59213482205056,712,0.9888888888888889
D15,2011-10-01,15.420698965053763,744,1.0
D15,2011-11-01,15.894444444444444,720,1.0
D15,2011-12-01,20.04582808219178,730,0.9811827956989247
D15,2012-01-01,15.471102150537634,744,1.0
D15,2012-02-01,19.5917145545977,696,1.0
D15,2012-03-01,21.71841392916667,744,1.0
D15,2012-04-01,30.566666666666666,720,1.0
D15,2012-05-01,48.64566019390582,722,0.9704301075268817
D15,2012-06-01,40.8979020979021,715,0.9930555555555556
D15,2012-07-01,50.89077340569878,737,0.9905913978494624
D15,2012-08-01,31.556451612903224,744,1.0
D15,2012-09-01,18.439093484419264,706,0.9805555555555555
D15,2012-10-01,12.52371273712737,738,0.9919354838709677
D15,2012-11-01,14.044444444444444,720,1.0
D15,2012-12-01,11.973790322580646,744,1.0
D15,2013-01-01,14.615591397849462,744,1.0
D15,2013-02-01,13.44047619047619,672,1.0
D15,2013-03-01,20.172506738544474,742,0.9973118279569892
D15,2013-04-01,27.28611111111111,720,1.0
D15,2013-05-01,32.99731182795699,744,1.0
D15,2013-06-01,44.57361111111111,720,1.0
D15,2013-07-01,40.721774193548384,744,1.0
D15,2013-08-01,35.85349462365591,744,1.0
D15,2013-09-01,20.933240611961057,719,0.9986111111111111
D15,2013-10-01,16.290040376850605,743,0.9986559139784946
D15,2013-11-01,12.63888888888889,720,1.0
D15,2013-12-01,14.165322580645162,744,1.0
D15,2014-01-01,20.06721158038147,734,0.9865591397849462
D15,2014-02-01,11.546130952380953,672,1.0
D15,2014-03-01,15.390018021680216,738,0.9919354838709677
D15,2014-04-01,32.35244755244755,715,0.9930555555555556
D15,2014-05-01,44.76881720430107,744,1.0
D15,2014-06-01,62.08811188811189,715,0.9930555555555556
D15,2014-07-01,56.29704301075269,744,1.0
D15,2014-08-01,41.21059782608695,736,0.989247311827957
D15,2014-09-01,19.980528511821976,719,0.9986111111111111
D15,2014-10-01,14.99859943977591,714,0.9596774193548387
D15,2014-11-01,12.9609375,640,0.8888888888888888
D15,2014-12-01,13.840599455040872,734,0.9865591397849462
D15,2015-01-01,17.374158815612383,743,0.9986559139784946
D15,2015-02-01,21.017937219730943,669,0.9955357142857143
D15,2015-03-01,19.87087912087912,728,0.978494623655914
D15,2015-04-01,33.930362116991645,718,0.9972222222222222
D15,2015-05-01,58.17607526881721,744,1.0
D15,2015-06-01,80.28233657858136,719,0.9986111111111111
D15,2015-07-01,67.50605652759084,743,0.9986559139784946
D15,2015-08-01,34.67607526881721,744,1.0
D15,2015-09-01,26.181672025723472,622,0.8638888888888889
D15,2015-10-01,15.215343203230148,743,0.9986559139784946
D15,2015-11-01,12.671766342141863,719,0.9986111111111111
D15,2015-12-01,15.504043126684635,742,0.9973118279569892
D15,2016-01-01,14.38978494623656,744,1.0
D15,2016-02-01,15.71395881006865,437,0.6278735632183908
D15,2016-03-01,24.089163237311386,729,0.9798387096774194
D15,2016-04-01,29.062849162011172,716,0.9944444444444445
D15,2016-05-01,43.66035182679296,739,0.9932795698924731
D15,2016-06-01,73.20972222222223,720,1.0
D15,2016-07-01,50.83423180592992,742,0.9973118279569892
D15,2016-08-01,38.7244623655914,744,1.0
D15,2016-09-01,31.13884992987377,713,0.9902777777777778
D15,2016-10-01,13.01710730948678,643,0.864247311827957
D15,2016-11-01,15.638386648122392,719,0.9986111111111111
D15,2016-12-01,22.558704453441294,741,0.9959677419354839
D15,2017-01-01,31.826612903225808,744,1.0
D15,2017-02-01,17.295081967213115,671,0.9985119047619048
D15,2017-03-01,16.622670807453417,644,0.8655913978494624
D15,2017-04-01,22.623318385650226,669,0.9291666666666667
D15,2017-05-01,42.17204301075269,744,1.0
D15,2017-06-01,52.41889985895627,709,0.9847222222222223
D15,2017-07-01,53.82993197278912,735,0.9879032258064516
D15,2017-08-01,33.62449528936743,743,0.9986559139784946
D15,2017-09-01,24.787775891341255,589,0.8180555555555555
D15,2017-10-01,14.771197846567969,743,0.9986559139784946
D15,2017-11-01,13.570432357043236,717,0.9958333333333333
D15,2017-12-01,13.54312668463612,742,0.9973118279569892
D15,2018-01-01,13.742547425474255,738,0.9919354838709677
D15,2018-02-01,14.721311475409836,610,0.9077380952380952
D15,2018-03-01,16.346534653465348,707,0.9502688172043011
D15,2018-04-01,24.03611111111111,720,1.0
D15,2018-05-01,40.272853185595565,722,0.9704301075268817
D15,2018-06-01,62.099137931034484,696,0.9666666666666667
D15,2018-07-01,45.592193808882904,743,0.9986559139784946
D15,2018-08-01,41.722745625841185,743,0.9986559139784946
D15,2018-09-01,26.247222222222224,720,1.0
D15,2018-10-01,12.016233766233766,616,0.8279569892473119
D15,2018-11-01,10.98050139275766,718,0.9972222222222222
D15,2018-12-01,12.44758064516129,744,1.0
D15,2019-01-01,14.043184885290149,741,0.9959677419354839
D15,2019-02-01,17.295964125560538,669,0.9955357142857143
D15,2019-03-01,16.5,638,0.8575268817204301
D15,2019-04-01,30.263009845288327,711,0.9875
D15,2019-05-01,34.56485355648535,717,0.9637096774193549
D15,2019-06-01,49.18410041841004,717,0.9958333333333333
D15,2019-07-01,59.74528301886792,742,0.9973118279569892
D15,2019-08-01,36.70980926430518,734,0.9865591397849462
D15,2019-09-01,17.421511627906977,688,0.9555555555555556
D15,2019-10-01,15.832326283987916,662,0.8897849462365591
D15,2019-11-01,14.838028169014084,710,0.9861111111111112
D15,2019-12-01,14.975773889636608,743,0.9986559139784946
D15,2020-01-01,14.395693135935398,743,0.9986559139784946
D15,2020-02-01,15.278735632183908,696,1.0
D15,2020-03-01,15.858490566037736,742,0.9973118279569892
D15,2020-04-01,24.168523676880223,718,0.9972222222222222
D15,2020-05-01,39.10363391655451,743,0.9986559139784946
D15,2020-06-01,40.483333333333334,720,1.0
D15,2020-07-01,50.69553450608931,739,0.9932795698924731
D15,2020-08-01,30.946236559139784,744,1.0
D15,2020-09-01,19.627906976744185,688,0.9555555555555556
D15,2020-10-01,14.95945945945946,740,0.9946236559139785
D15,2020-11-01,11.947148817802503,719,0.9986111111111111
D15,2020-12-01,11.534412955465587,741,0.9959677419354839
D15,2021-01-01,11.650537634408602,744,1.0
D15,2021-02-01,13.1177347242921,671,0.9985119047619048
D15,2021-03-01,10.068493150684931,657,0.8830645161290323
D15,2021-04-01,22.26536312849162,716,0.9944444444444445
D15,2021-05-01,45.18413978494624,744,1.0
D15,2021-06-01,48.8442280945758,719,0.9986111111111111
D15,2021-07-01,69.0349932705249,743,0.9986559139784946
D15,2021-08-01,39.004043126684635,742,0.9973118279569892
D15,2021-09-01,17.578581363004172,719,0.9986111111111111
D15,2021-10-01,14.134770889487871,742,0.9973118279569892
D15,2021-11-01,11.52867132867133,715,0.9930555555555556
D15,2021-12-01,12.504043126684635,742,0.9973118279569892
D15,2022-01-01,9.144010767160161,743,0.9986559139784946
D15,2022-02-01,12.79160419790105,667,0.9925595238095238
D15,2022-03-01,15.3042071197411,618,0.8306451612903226
D15,2022-04-01,20.926388888888887,720,1.0
D15,2022-05-01,49.092866756393,743,0.9986559139784946
D15,2022-06-01,53.2875,720,1.0
D15,2022-07-01,40.21166892808684,737,0.9905913978494624
D15,2022-08-01,35.85964912280702,741,0.9959677419354839
D15,2022-09-01,22.758716875871688,717,0.9958333333333333
D15,2022-10-01,11.96900269541779,742,0.9973118279569892
D15,2022-11-01,11.553846153846154,715,0.9930555555555556
D15,2022-12-01,14.873315363881401,742,0.9973118279569892
D15,2023-01-01,11.922043010752688,744,1.0
D15,2023-02-01,25.50748502994012,668,0.9940476190476191
D15,2023-03-01,12.42086956521739,575,0.7728494623655914
D15,2023-04-01,20.28272980501393,718,0.9972222222222222
D15,2023-05-01,44.12820512820513,741,0.9959677419354839
D15,2023-06-01,46.77840112201964,713,0.9902777777777778
D15,2023-07-01,47.97849462365591,744,1.0
D15,2023-08-01,26.630229419703102,741,0.9959677419354839
D15,2023-09-01,19.685915492957747,710,0.9861111111111112
D15,2023-10-01,14.103690685413005,569,0.7647849462365591
D15,2023-11-01,9.514032496307237,677,0.9402777777777778
D15,2023-12-01,13.946188340807176,669,0.8991935483870968
D15,2024-01-01,11.956989247311828,744,1.0
D15,2024-02-01,13.076589595375722,692,0.9942528735632183
D15,2024-03-01,14.185907046476762,667,0.896505376344086
D15,2024-04-01,16.246777163904234,543,0.7541666666666667
D15,2024-05-01,39.86787204450626,719,0.9663978494623656
D15,2024-06-01,46.40532959326788,713,0.9902777777777778
D15,2024-07-01,60.746288798920375,741,0.9959677419354839
D15,2024-08-01,26.454157782515992,469,0.6303763440860215
D15,2024-09-01,17.91601866251944,643,0.8930555555555556
D15,2024-10-01,12.893817204301076,744,1.0
D15,2024-11-01,9.191933240611961,719,0.9986111111111111
D15,2024-12-01,10.426075268817204,744,1.0
D15,2025-01-01,8.952893674293405,743,0.9986559139784946
D15,2025-02-01,10.531722054380664,662,0.9851190476190477
D15,2025-03-01,12.203017832647463,729,0.9798387096774194
D15,2025-04-01,19.664556962025316,632,0.8777777777777778
D15,2025-05-01,41.63611859838275,742,0.9973118279569892
D15,2025-06-01,54.180806675938804,719,0.9986111111111111
D15,2025-07-01,52.711021505376344,744,1.0
D15,2025-08-01,27.193243243243245,740,0.9946236559139785
D15,2025-09-01,17.255259467040673,713,0.9902777777777778
D15,2025-10-01,11.13279132791328,738,0.9919354838709677
D15,2025-11-01,8.538354253835426,717,0.9958333333333333
D15,2025-12-01,8.372812920592194,743,0.9986559139784946
D15,2026-01-01,10.524324324324324,740,0.9946236559139785
D15,2026-02-01,6.429017160686428,641,0.9538690476190477
D15,2026-03-01,11.027734976887519,649,0.8723118279569892
D15,2026-04-01,21.8781512605042,714,0.9916666666666667
D15,2026-05-01,49.28532974427995,743,0.9986559139784946
D15,2026-06-01,54.36666666666667,720,1.0
D15,2026-07-01,36.0,744,1.0
D15,2026-08-01,25.761133603238868,741,0.9959677419354839
D15,2026-09-01,17.25483870967742,310,0.4305555555555556
D16,2008-12-01,20.0,1,0.0013440860215053765
D16,2009-01-01,20.249307479224377,722,0.9704301075268817
D16,2009-02-01,19.510479041916167,668,0.9940476190476191
D16,2009-03-01,23.037940379403793,738,0.9919354838709677
D16,2009-04-01,30.166666666666668,720,1.0
D16,2009-05-01,41.28763440860215,744,1.0
D16,2009-06-01,47.05848787446505,701,0.9736111111111111
D16,2009-07-01,44.122972972972974,740,0.9946236559139785
D16,2009-08-01,33.24731182795699,744,1.0
D16,2009-09-01,23.546984572230013,713,0.9902777777777778
D16,2009-10-01,18.88736263736264,728,0.978494623655914
D16,2009-11-01,13.991176470588234,680,0.9444444444444444
D16,2009-12-01,18.470769230769232,650,0.8736559139784946
D16,2010-01-01,20.843243243243244,740,0.9946236559139785
D16,2010-02-01,16.824,625,0.9300595238095238
D16,2010-03-01,23.59552495697074,581,0.7809139784946236
D16,2010-04-01,34.770833333333336,720,1.0
D16,2010-05-01,43.493894165535956,737,0.9905913978494624
D16,2010-06-01,47.14950634696756,709,0.9847222222222223
D16,2010-07-01,44.84770889487871,742,0.9973118279569892
D16,2010-08-01,35.43063583815029,692,0.9301075268817204
D16,2010-09-01,20.430441898527004,611,0.8486111111111111
D16,2010-10-01,19.332432432432434,740,0.9946236559139785
D16,2010-11-01,18.584722222222222,720,1.0
D16,2010-12-01,20.60490463215259,734,0.9865591397849462
D16,2011-01-01,22.373779637377964,717,0.9637096774193549
D16,2011-02-01,26.205357142857142,672,1.0
D16,2011-03-01,21.986431478968793,737,0.9905913978494624
D16,2011-04-01,27.574022346368714,716,0.9944444444444445
D16,2011-05-01,48.60834454912517,743,0.9986559139784946
D16,2011-06-01,44.447844228094574,719,0.9986111111111111
D16,2011-07-01,43.35492577597841,741,0.9959677419354839
D16,2011-08-01,40.47050754458162,729,0.9798387096774194
D16,2011-09-01,29.62882096069869,687,0.9541666666666667
D16,2011-10-01,25.345060893098783,739,0.9932795698924731
D16,2011-11-01,25.764309764309765,594,0.825
D16,2011-12-01,21.310171919770774,698,0.9381720430107527
D16,2012-01-01,15.82537517053206,733,0.9852150537634409
D16,2012-02-01,21.785404624277458,692,0.9942528735632183
D16,2012-03-01,23.421340629274965,731,0.9825268817204301
D16,2012-04-01,27.93820224719101,712,0.9888888888888889
D16,2012-05-01,37.053763440860216,744,1.0
D16,2012-06-01,33.566759388038946,719,0.9986111111111111
D16,2012-07-01,44.53108108108108,740,0.9946236559139785
D16,2012-08-01,33.39717741935484,744,1.0
D16,2012-09-01,19.018156424581004,716,0.9944444444444445
D16,2012-10-01,12.972936400541272,739,0.9932795698924731
D16,2012-11-01,15.210378681626928,713,0.9902777777777778
D16,2012-12-01,15.147177419354838,744,1.0
D16,2013-01-01,16.277254374158815,743,0.9986559139784946
D16,2013-02-01,15.19133034379671,669,0.9955357142857143
D16,2013-03-01,22.06929347826087,736,0.989247311827957
D16,2013-04-01,28.719718309859154,710,0.9861111111111112
D16,2013-05-01,33.35175202156334,742,0.9973118279569892
D16,2013-06-01,43.14484679665738,718,0.9972222222222222
D16,2013-07-01,40.36842105263158,741,0.9959677419354839
D16,2013-08-01,36.88306451612903,744,1.0
D16,2013-09-01,21.586013986013985,715,0.9930555555555556
D16,2013-10-01,17.705645161290324,744,1.0
D16,2013-11-01,22.454898911353034,643,0.8930555555555556
D16,2013-12-01,18.22476446837147,743,0.9986559139784946
D16,2014-01-01,23.262803234501348,742,0.9973118279569892
D16,2014-02-01,14.928358208955224,670,0.9970238095238095
D16,2014-03-01,18.441576086956523,736,0.989247311827957
D16,2014-04-01,27.425,720,1.0
D16,2014-05-01,38.99656576923077,728,0.978494623655914
D16,2014-06-01,57.411949685534594,636,0.8833333333333333
D16,2014-07-01,49.111265646731574,719,0.9663978494623656
D16,2014-08-01,37.5265306122449,735,0.9879032258064516
D16,2014-09-01,21.20497803806735,683,0.9486111111111111
D16,2014-10-01,19.935096153846153,416,0.5591397849462365
D16,2015-01-01,14.944444444444445,126,0.1693548387096774
D16,2015-02-01,22.208333333333332,672,1.0
D16,2015-03-01,19.24915824915825,594,0.7983870967741935
D16,2015-04-01,32.47083333333333,720,1.0
D16,2015-05-01,56.42607526881721,744,1.0
D16,2015-06-01,64.58553546592489,719,0.9986111111111111
D16,2015-07-01,62.68682795698925,744,1.0
D16,2015-08-01,33.82468443197756,713,0.9583333333333334
D16,2015-09-01,28.62049062049062,693,0.9625
D16,2015-10-01,16.61472602739726,584,0.7849462365591398
D16,2015-11-01,12.059743954480796,703,0.9763888888888889
D16,2015-12-01,13.414733969986358,733,0.9852150537634409
D16,2016-01-01,13.94553706505295,661,0.8884408602150538
D16,2016-02-01,16.417867435158502,694,0.9971264367816092
D16,2016-03-01,25.210884353741495,735,0.9879032258064516
D16,2016-04-01,28.192737430167597,716,0.9944444444444445
D16,2016-05-01,45.714285714285715,742,0.9973118279569892
D16,2016-06-01,69.58692628650904,719,0.9986111111111111
D16,2016-07-01,52.94864864864865,740,0.9946236559139785
D16,2016-08-01,39.68371467025572,743,0.9986559139784946
D16,2016-09-01,27.73286713286713,715,0.9930555555555556
D16,2016-10-01,13.846774193548388,620,0.8333333333333334
D16,2016-11-01,15.916317991631798,717,0.9958333333333333
D16,2016-12-01,19.993270524899057,743,0.9986559139784946
D16,2017-01-01,18.817164179104477,268,0.3602150537634409
D17,2008-04-01,43.57947545454545,11,0.015277777777777777
D17,2008-05-01,50.87933446586022,744,1.0
D17,2008-06-01,58.031776612256266,718,0.9972222222222222
D17,2008-07-01,48.60804185483871,744,1.0
D17,2008-08-01,34.17819785411606,741,0.9959677419354839
D17,2008-09-01,27.72689973611111,720,1.0
D17,2008-10-01,20.0519671280914,744,1.0
D17,2008-11-01,20.080663412517385,719,0.9986111111111111
D17,2008-12-01,21.338396550405406,740,0.9946236559139785
D17,2009-01-01,22.97043010752688,744,1.0
D17,2009-02-01,23.396825386904762,672,1.0
D17,2009-03-01,28.322244619623653,744,1.0
D17,2009-04-01,38.11944444444445,720,1.0
D17,2009-05-01,45.67002688172043,744,1.0
D17,2009-06-01,49.172137991666666,720,1.0
D17,2009-07-01,45.40938620026882,744,1.0
D17,2009-08-01,35.17719529569892,744,1.0
D17,2009-09-01,26.206597263888888,720,1.0
D17,2009-10-01,19.705645071236557,744,1.0
D17,2009-11-01,16.043055555555554,720,1.0
D17,2009-12-01,21.452956989247312,744,1.0
D17,2010-01-01,22.602150537634408,744,1.0
D17,2010-02-01,20.44277860569715,667,0.9925595238095238
D17,2010-03-01,22.821862303643723,741,0.9959677419354839
D17,2010-04-01,42.306712958333335,720,1.0
D17,2010-05-01,42.23107069892473,744,1.0
D17,2010-06-01,57.43379625,720,1.0
D17,2010-07-01,32.36718398110661,741,0.9959677419354839
D17,2010-08-01,21.11962365591398,744,1.0
D17,2010-09-01,13.721296295833334,720,1.0
D17,2010-10-01,17.95900536733871,744,1.0
D17,2010-11-01,16.542013837916667,720,1.0
D17,2010-12-01,18.975918454301073,744,1.0
D17,2011-01-01,19.218526424731184,744,1.0
D17,2011-02-01,19.306712961309522,672,1.0
D17,2011-03-01,22.086253315363884,742,0.9973118279569892
D17,2011-04-01,29.25023152777778,720,1.0
D17,2011-05-01,50.215725806451616,744,1.0
D17,2011-06-01,44.86053236111111,720,1.0
D17,2011-07-01,41.33254932795699,744,1.0
D17,2011-08-01,34.81190798376184,739,0.9932795698924731
D17,2011-09-01,23.294281729428175,717,0.9958333333333333
D17,2011-10-01,18.833221317204302,744,1.0
D17,2011-11-01,18.091898190277778,720,1.0
D17,2011-12-01,23.466061827956988,744,1.0
D17,2012-01-01,18.471774193548388,744,1.0
D17,2012-02-01,21.6730125,696,1.0
D17,2012-03-01,24.388739637096776,744,1.0
D17,2012-04-01,32.07126263888889,720,1.0
D17,2012-05-01,43.06330014224751,703,0.9448924731182796
D17,2012-06-01,37.6875,696,0.9666666666666667
D17,2012-07-01,46.77154582763338,731,0.9825268817204301
D17,2012-08-01,36.075370121130554,743,0.9986559139784946
D17,2012-09-01,22.59046283309958,713,0.9902777777777778
D17,2012-10-01,15.702557200538358,743,0.9986559139784946
D17,2012-11-01,16.5125,720,1.0
D17,2012-12-01,16.170026881720432,744,1.0
D17,2013-01-01,19.129032258064516,744,1.0
D17,2013-02-01,17.794642857142858,672,1.0
D17,2013-03-01,25.385752688172044,744,1.0
D17,2013-04-01,33.5125348189415,718,0.9972222222222222
D17,2013-05-01,36.67741935483871,744,1.0
D17,2013-06-01,50.2,720,1.0
D17,2013-07-01,42.72102425876011,742,0.9973118279569892
D17,2013-08-01,39.82661290322581,744,1.0
D17,2013-09-01,26.584722222222222,720,1.0
D17,2013-10-01,22.51478494623656,744,1.0
D17,2013-11-01,17.400984582132562,694,0.9638888888888889
D17,2013-12-01,18.0497311827957,744,1.0
D17,2014-01-01,21.73024523160763,734,0.9865591397849462
D17,2014-02-01,15.518292682926829,656,0.9761904761904762
D17,2014-03-01,19.57421162162162,740,0.9946236559139785
D17,2014-04-01,31.825418994413408,716,0.9944444444444445
D17,2014-05-01,47.439834024896264,723,0.9717741935483871
D17,2014-06-01,64.10972222222222,720,1.0
D17,2014-07-01,57.61569688768606,739,0.9932795698924731
D17,2014-08-01,44.39165545087483,743,0.9986559139784946
D17,2014-09-01,27.41448382126348,649,0.9013888888888889
D17,2014-10-01,21.093922651933703,724,0.9731182795698925
D17,2014-11-01,18.03541076487252,706,0.9805555555555555
D17,2014-12-01,18.323924731182796,744,1.0
D17,2015-01-01,22.188172043010752,744,1.0
D17,2015-02-01,24.47832585949178,669,0.9955357142857143
D17,2015-03-01,20.223372781065088,676,0.9086021505376344
D17,2015-04-01,35.84203102961918,709,0.9847222222222223
D17,2015-05-01,55.62800565770863,707,0.9502688172043011
D17,2015-06-01,63.05446927374302,716,0.9944444444444445
D17,2015-07-01,63.431451612903224,744,1.0
D17,2015-08-01,36.80080753701211,743,0.9986559139784946
D17,2015-09-01,31.82866043613707,642,0.8916666666666667
D17,2015-10-01,19.814266487214,743,0.9986559139784946
D17,2015-11-01,19.372355430183358,709,0.9847222222222223
D17,2015-12-01,19.178137651821864,741,0.9959677419354839
D17,2016-01-01,17.851951547779272,743,0.9986559139784946
D17,2016-02-01,18.684133915574964,687,0.9870689655172413
D17,2016-03-01,30.0472972972973,592,0.7956989247311828
D17,2016-04-01,31.62797619047619,672,0.9333333333333333
D17,2016-05-01,49.483783783783785,740,0.9946236559139785
D17,2016-06-01,74.71905424200278,719,0.9986111111111111
D17,2016-07-01,55.459533607681756,729,0.9798387096774194
D17,2016-08-01,43.6121045392022,727,0.9771505376344086
D17,2016-09-01,33.21958041958042,715,0.9930555555555556
D17,2016-10-01,17.277310924369747,595,0.7997311827956989
D17,2016-11-01,17.1484593837535,714,0.9916666666666667
D17,2016-12-01,22.7722371967655,742,0.9973118279569892
D17,2017-01-01,36.0,715,0.9610215053763441
D17,2017-02-01,20.9079754601227,652,0.9702380952380952
D17,2017-03-01,20.52931596091205,614,0.8252688172043011
D17,2017-04-01,25.2231520223152,717,0.9958333333333333
D17,2017-05-01,47.868741542625166,739,0.9932795698924731
D17,2017-06-01,55.836363636363636,715,0.9930555555555556
D17,2017-07-01,59.47767253044655,739,0.9932795698924731
D17,2017-08-01,40.68598382749326,742,0.9973118279569892
D17,2017-09-01,29.85276073619632,652,0.9055555555555556
D17,2017-10-01,17.798115746971735,743,0.9986559139784946
D17,2017-11-01,17.80839160839161,715,0.9930555555555556
D17,2017-12-01,17.506756756756758,740,0.9946236559139785
D17,2018-01-01,16.7092866756393,743,0.9986559139784946
D17,2018-02-01,19.080669710806696,657,0.9776785714285714
D17,2018-03-01,19.564491654021243,659,0.885752688172043
D17,2018-04-01,30.54668674698795,664,0.9222222222222223
D17,2018-05-01,42.75238095238095,735,0.9879032258064516
D17,2018-06-01,60.34965034965035,715,0.9930555555555556
D17,2018-07-01,51.01360544217687,735,0.9879032258064516
D17,2018-08-01,46.13575268817204,744,1.0
D17,2018-09-01,27.11904761904762,672,0.9333333333333333
D17,2018-10-01,18.745283018867923,742,0.9973118279569892
D17,2018-11-01,15.496493688639552,713,0.9902777777777778
D17,2018-12-01,15.783602150537634,744,1.0
D17,2019-01-01,19.585464333781964,743,0.9986559139784946
D17,2019-02-01,20.286392405063292,632,0.9404761904761905
D17,2019-03-01,19.821981424148607,646,0.8682795698924731
D17,2019-04-01,33.90694444444444,720,1.0
D17,2019-05-01,34.692722371967655,742,0.9973118279569892
D17,2019-06-01,46.234375,704,0.9777777777777777
D17,2019-07-01,55.20600272851296,733,0.9852150537634409
D17,2019-08-01,36.06657420249653,721,0.9690860215053764
D17,2019-09-01,18.605555555555554,720,1.0
D17,2019-10-01,18.57085020242915,741,0.9959677419354839
D17,2019-11-01,14.49025069637883,718,0.9972222222222222
D17,2019-12-01,15.78162911611785,577,0.7755376344086021
D17,2020-01-01,16.813172043010752,744,1.0
D17,2020-02-01,19.244776119402985,670,0.9626436781609196
D17,2020-03-01,20.763832658569502,741,0.9959677419354839
D17,2020-04-01,27.03472222222222,720,1.0
D17,2020-05-01,38.27088948787062,742,0.9973118279569892
D17,2020-06-01,39.05416666666667,720,1.0
D17,2020-07-01,48.90769230769231,715,0.9610215053763441
D17,2020-08-01,33.293010752688176,744,1.0
D17,2020-09-01,24.2625,720,1.0
D17,2020-10-01,18.296096904441452,743,0.9986559139784946
D17,2020-11-01,15.909722222222221,720,1.0
D17,2020-12-01,16.00943396226415,742,0.9973118279569892
D17,2021-01-01,14.717948717948717,741,0.9959677419354839
D17,2021-02-01,15.402384500745157,671,0.9985119047619048
D17,2021-03-01,17.217518248175182,685,0.9206989247311828
D17,2021-04-01,27.420027816411682,719,0.9986111111111111
D17,2021-05-01,45.09065550906555,717,0.9637096774193549
D17,2021-06-01,51.02777777777778,720,1.0
D17,2021-07-01,68.79082321187585,741,0.9959677419354839
D17,2021-08-01,45.13090418353576,741,0.9959677419354839
D17,2021-09-01,22.757971014492753,690,0.9583333333333334
D17,2021-10-01,17.252043596730246,734,0.9865591397849462
D17,2021-11-01,15.200557103064067,718,0.9972222222222222
D17,2021-12-01,17.33423913043478,736,0.989247311827957
D17,2022-01-01,13.091032608695652,736,0.989247311827957
D17,2022-02-01,18.007440476190474,672,1.0
D17,2022-03-01,20.367851622874806,647,0.8696236559139785
D17,2022-04-01,26.31564245810056,716,0.9944444444444445
D17,2022-05-01,54.96096904441453,743,0.9986559139784946
D17,2022-06-01,55.8,720,1.0
D17,2022-07-01,44.51012145748988,741,0.9959677419354839
D17,2022-08-01,41.40456989247312,744,1.0
D17,2022-09-01,25.771269177126918,717,0.9958333333333333
D17,2022-10-01,13.227150537634408,744,1.0
D17,2022-11-01,12.321279554937414,719,0.9986111111111111
D17,2022-12-01,15.0,737,0.9905913978494624
D17,2023-01-01,13.834677419354838,744,1.0
D17,2023-02-01,28.739520958083833,668,0.9940476190476191
D17,2023-03-01,19.887323943661972,639,0.8588709677419355
D17,2023-04-01,24.802228412256266,718,0.9972222222222222
D17,2023-05-01,44.65410497981158,743,0.9986559139784946
D17,2023-06-01,42.695410292072324,719,0.9986111111111111
D17,2023-07-01,47.111559139784944,744,1.0
D17,2023-08-01,28.796495956873315,742,0.9973118279569892
D17,2023-09-01,24.593575418994412,716,0.9944444444444445
D17,2023-10-01,17.97956403269755,734,0.9865591397849462
D17,2023-11-01,13.198795180722891,166,0.23055555555555557
D17,2023-12-01,15.523219814241486,646,0.8682795698924731
D17,2024-01-01,13.997113997113997,693,0.9314516129032258
D17,2024-02-01,13.63855421686747,664,0.9540229885057471
D17,2024-03-01,17.315217391304348,644,0.8655913978494624
D17,2024-04-01,21.98326359832636,717,0.9958333333333333
D17,2024-05-01,38.04177897574124,742,0.9973118279569892
D17,2024-06-01,41.65694444444444,720,1.0
D17,2024-07-01,58.32388663967611,741,0.9959677419354839
D17,2024-08-01,33.82837837837838,740,0.9946236559139785
D17,2024-09-01,23.300417246175243,719,0.9986111111111111
D17,2024-10-01,16.592649310872893,653,0.8776881720430108
D17,2024-11-01,13.353760445682452,718,0.9972222222222222
D17,2024-12-01,15.40189445196211,739,0.9932795698924731
D17,2025-01-01,14.096638655462185,714,0.9596774193548387
D17,2025-02-01,15.811643835616438,584,0.8690476190476191
D17,2025-03-01,12.8,205,0.27553763440860213
D17,2026-05-01,44.723021582733814,556,0.7473118279569892
D17,2026-06-01,49.30362116991643,718,0.9972222222222222
D17,2026-07-01,32.748655913978496,744,1.0
D17,2026-08-01,25.47027027027027,740,0.9946236559139785
D17,2026-09-01,20.187702265372167,309,0.42916666666666664
D18,2008-05-01,57.02278543184358,537,0.7217741935483871
D18,2008-06-01,72.34739073421419,719,0.9986111111111111
D18,2008-07-01,53.38767423696237,744,1.0
D18,2008-08-01,35.163435613575274,744,1.0
D18,2008-09-01,25.754895417952312,713,0.9902777777777778
D18,2008-10-01,19.237271927432435,740,0.9946236559139785
D18,2008-11-01,16.777314430555556,720,1.0
D18,2008-12-01,17.287716318246108,707,0.9502688172043011
D18,2009-01-01,19.202956989247312,744,1.0
D18,2009-02-01,19.605654761904763,672,1.0
D18,2009-03-01,21.502688172043012,744,1.0
D18,2009-04-01,32.88333333333333,720,1.0
D18,2009-05-01,45.872647938172044,744,1.0
D18,2009-06-01,60.32800930555556,720,1.0
D18,2009-07-01,54.61951169354839,744,1.0
D18,2009-08-01,38.53629032258065,744,1.0
D18,2009-09-01,24.623032356944446,720,1.0
D18,2009-10-01,17.75119630820996,743,0.9986559139784946
D18,2009-11-01,13.190277777777778,720,1.0
D18,2009-12-01,18.006720430107528,744,1.0
D18,2010-01-01,20.727150537634408,744,1.0
D18,2010-02-01,15.659549694565216,644,0.9583333333333334
D18,2010-03-01,19.801463635410766,706,0.9489247311827957
D18,2010-04-01,33.94722222222222,720,1.0
D18,2010-05-01,51.30353942204301,744,1.0
D18,2010-06-01,56.123611097222216,720,1.0
D18,2010-07-01,50.895726491228075,741,0.9959677419354839
D18,2010-08-01,32.84139784946237,744,1.0
D18,2010-09-01,22.426704005602243,714,0.9916666666666667
D18,2010-10-01,16.821236559139784,744,1.0
D18,2010-11-01,13.847222222222221,720,1.0
D18,2010-12-01,14.99305560080645,744,1.0
D18,2011-01-01,15.53707436827957,744,1.0
D18,2011-02-01,18.420262946428572,672,1.0
D18,2011-03-01,19.55555554704301,744,1.0
D18,2011-04-01,28.160763888888887,720,1.0
D18,2011-05-01,56.816868279569896,744,1.0
D18,2011-06-01,56.211805597222224,720,1.0
D18,2011-07-01,53.48353494623656,744,1.0
D18,2011-08-01,35.74327956989247,744,1.0
D18,2011-09-01,24.36643518055556,720,1.0
D18,2011-10-01,16.43223565860215,744,1.0
D18,2011-11-01,16.252777777777776,720,1.0
D18,2011-12-01,20.63037634408602,744,1.0
D18,2012-01-01,15.506048387096774,744,1.0
D18,2012-02-01,19.85560344827586,696,1.0
D18,2012-03-01,21.329301075268816,744,1.0
D18,2012-04-01,30.696990777777778,720,1.0
D18,2012-05-01,48.93705201612904,744,1.0
D18,2012-06-01,45.24166666666667,720,1.0
D18,2012-07-01,56.43203230148048,743,0.9986559139784946
D18,2012-08-01,38.411170928667566,743,0.9986559139784946
D18,2012-09-01,21.20891364902507,718,0.9972222222222222
D18,2012-10-01,14.218194254445965,731,0.9825268817204301
D18,2012-11-01,16.322222222222223,720,1.0
D18,2012-12-01,14.426151761517616,738,0.9919354838709677
D18,2013-01-01,16.4185733512786,743,0.9986559139784946
D18,2013-02-01,15.171641791044776,670,0.9970238095238095
D18,2013-03-01,21.212449255751014,739,0.9932795698924731
D18,2013-04-01,28.98887343532684,719,0.9986111111111111
D18,2013-05-01,37.12247644683715,743,0.9986559139784946
D18,2013-06-01,50.698191933240615,719,0.9986111111111111
D18,2013-07-01,47.727146814404435,722,0.9704301075268817
D18,2013-08-01,39.990591397849464,744,1.0
D18,2013-09-01,22.133518776077885,719,0.9986111111111111
D18,2013-10-01,16.541666666666668,744,1.0
D18,2013-11-01,12.350558659217876,716,0.9944444444444445
D18,2013-12-01,14.541271989174561,739,0.9932795698924731
D18,2014-01-01,19.423180592991915,742,0.9973118279569892
D18,2014-02-01,11.163934426229508,671,0.9985119047619048
D18,2014-03-01,16.510148849797023,739,0.9932795698924731
D18,2014-04-01,34.290097629009765,717,0.9958333333333333
D18,2014-05-01,50.41935483870968,744,1.0
D18,2014-06-01,75.26778242677824,717,0.9958333333333333
D18,2014-07-01,66.48021828103684,733,0.9852150537634409
D18,2014-08-01,47.76421636615812,721,0.9690860215053764
D18,2014-09-01,23.881780250347706,719,0.9986111111111111
D18,2014-10-01,16.12043301759134,739,0.9932795698924731
D18,2014-11-01,13.322222222222223,720,1.0
D18,2014-12-01,14.316644113667119,739,0.9932795698924731
D18,2015-01-01,15.446549391069013,739,0.9932795698924731
D18,2015-02-01,19.140065146579804,614,0.9136904761904762
D18,2015-03-01,20.39887640449438,712,0.956989247311828
D18,2015-04-01,30.055555555555557,720,1.0
D18,2015-05-01,56.62180349932705,743,0.9986559139784946
D18,2015-06-01,79.81894150417827,718,0.9972222222222222
D18,2015-07-01,65.94616419919247,743,0.9986559139784946
D18,2015-08-01,31.908967391304348,736,0.989247311827957
D18,2015-09-01,23.754166666666666,720,1.0
D18,2015-10-01,12.497981157469717,743,0.9986559139784946
D18,2015-11-01,12.952924393723253,701,0.9736111111111111
D18,2015-12-01,17.815363881401616,742,0.9973118279569892
D18,2016-01-01,13.258457374830853,739,0.9932795698924731
D18,2016-02-01,12.342446043165468,695,0.9985632183908046
D18,2016-03-01,24.195158850226928,661,0.8884408602150538
D18,2016-04-01,30.752890173410403,692,0.9611111111111111
D18,2016-05-01,46.54116059379217,741,0.9959677419354839
D18,2016-06-01,80.83611111111111,720,1.0
D18,2016-07-01,56.40890688259109,741,0.9959677419354839
D18,2016-08-01,41.229729729729726,740,0.9946236559139785
D18,2016-09-01,33.557719054242,719,0.9986111111111111
D18,2016-10-01,13.576197387518143,689,0.9260752688172043
D18,2016-11-01,16.572222222222223,720,1.0
D18,2016-12-01,22.770068027210883,735,0.9879032258064516
D18,2017-01-01,32.159946236559136,744,1.0
D18,2017-02-01,17.81492537313433,670,0.9970238095238095
D18,2017-03-01,15.777777777777779,567,0.7620967741935484
D18,2017-04-01,25.091666666666665,720,1.0
D18,2017-05-01,44.10646900269542,742,0.9973118279569892
D18,2017-06-01,54.721500721500725,693,0.9625
D18,2017-07-01,55.225675675675674,740,0.9946236559139785
D18,2017-08-01,35.2755376344086,744,1.0
D18,2017-09-01,23.99276410998553,691,0.9597222222222223
D18,2017-10-01,15.856104651162791,688,0.9247311827956989
D18,2017-11-01,14.03888888888889,720,1.0
D18,2017-12-01,14.870619946091644,742,0.9973118279569892
D18,2018-01-01,15.559299191374663,742,0.9973118279569892
D18,2018-02-01,16.377611940298507,670,0.9970238095238095
D18,2018-03-01,18.321629213483146,712,0.956989247311828
D18,2018-04-01,27.97905027932961,716,0.9944444444444445
D18,2018-05-01,46.50605652759085,743,0.9986559139784946
D18,2018-06-01,68.41143654114366,717,0.9958333333333333
D18,2018-07-01,52.46702557200538,743,0.9986559139784946
D18,2018-08-01,48.64784946236559,744,1.0
D18,2018-09-01,31.02991452991453,702,0.975
D18,2018-10-01,17.2642089093702,651,0.875
D18,2018-11-01,13.994126284875184,681,0.9458333333333333
D18,2018-12-01,15.455902306648575,737,0.9905913978494624
D18,2019-01-01,17.00537634408602,744,1.0
D18,2019-02-01,19.219730941704036,669,0.9955357142857143
D18,2019-03-01,18.170868347338935,714,0.9596774193548387
D18,2019-04-01,33.35883171070932,719,0.9986111111111111
D18,2019-05-01,39.681022880215345,743,0.9986559139784946
D18,2019-06-01,55.8008356545961,718,0.9972222222222222
D18,2019-07-01,66.40188172043011,744,1.0
D18,2019-08-01,40.13495276653171,741,0.9959677419354839
D18,2019-09-01,20.52777777777778,720,1.0
D18,2019-10-01,18.06048387096774,744,1.0
D18,2019-11-01,15.938547486033519,716,0.9944444444444445
D18,2019-12-01,16.446549391069013,739,0.9932795698924731
D18,2020-01-01,16.745231607629428,734,0.9865591397849462
D18,2020-02-01,19.054755043227665,694,0.9971264367816092
D18,2020-03-01,17.92722371967655,742,0.9973118279569892
D18,2020-04-01,26.741666666666667,720,1.0
D18,2020-05-01,42.107816711590296,742,0.9973118279569892
D18,2020-06-01,47.01304347826087,690,0.9583333333333334
D18,2020-07-01,55.89041095890411,730,0.9811827956989247
D18,2020-08-01,35.74123989218329,742,0.9973118279569892
D18,2020-09-01,24.370833333333334,720,1.0
D18,2020-10-01,17.5723951285521,739,0.9932795698924731
D18,2020-11-01,15.047222222222222,720,1.0
D18,2020-12-01,14.308625336927223,742,0.9973118279569892
D18,2021-01-01,14.748655913978494,744,1.0
D18,2021-02-01,15.42026825633383,671,0.9985119047619048
D18,2021-03-01,13.06675749318801,734,0.9865591397849462
D18,2021-04-01,25.393602225312936,719,0.9986111111111111
D18,2021-05-01,49.288978494623656,744,1.0
D18,2021-06-01,52.014044943820224,712,0.9888888888888889
D18,2021-07-01,71.67025572005383,743,0.9986559139784946
D18,2021-08-01,40.79407806191117,743,0.9986559139784946
D18,2021-09-01,18.804469273743017,716,0.9944444444444445
D18,2021-10-01,14.893817204301076,744,1.0
D18,2021-11-01,12.570432357043236,717,0.9958333333333333
D18,2021-12-01,15.043301759133964,739,0.9932795698924731
D18,2022-01-01,11.19811320754717,742,0.9973118279569892
D18,2022-02-01,14.597615499254843,671,0.9985119047619048
D18,2022-03-01,17.327150084317033,593,0.7970430107526881
D18,2022-04-01,25.134722222222223,720,1.0
D18,2022-05-01,53.96630727762803,742,0.9973118279569892
D18,2022-06-01,56.11715481171548,717,0.9958333333333333
D18,2022-07-01,41.445945945945944,740,0.9946236559139785
D18,2022-08-01,41.47843665768194,742,0.9973118279569892
D18,2022-09-01,27.182960893854748,716,0.9944444444444445
D18,2022-10-01,14.790322580645162,744,1.0
D18,2022-11-01,15.25,700,0.9722222222222222
D18,2022-12-01,17.60863697705803,741,0.9959677419354839
D18,2023-01-01,14.619623655913978,744,1.0
D18,2023-02-01,28.171385991058123,671,0.9985119047619048
D18,2023-03-01,15.795163584637269,703,0.9448924731182796
D18,2023-04-01,21.459418070444105,653,0.9069444444444444
D18,2023-05-01,46.07133243606999,743,0.9986559139784946
D18,2023-06-01,46.54672245467224,717,0.9958333333333333
D18,2023-07-01,49.74697173620458,743,0.9986559139784946
D18,2023-08-01,27.55088195386703,737,0.9905913978494624
D18,2023-09-01,20.98472222222222,720,1.0
D18,2023-10-01,13.683473389355742,714,0.9596774193548387
D18,2023-11-01,11.577677224736048,663,0.9208333333333333
D18,2023-12-01,13.679166666666667,480,0.6451612903225806
D18,2024-01-01,11.084958217270195,718,0.9650537634408602
D18,2024-02-01,11.746397694524497,694,0.9971264367816092
D18,2024-03-01,12.262368815592204,667,0.896505376344086
D18,2024-04-01,16.148817802503476,719,0.9986111111111111
D18,2024-05-01,42.862585034013605,735,0.9879032258064516
D18,2024-06-01,49.26433566433566,715,0.9930555555555556
D18,2024-07-01,65.67702702702702,740,0.9946236559139785
D18,2024-08-01,33.845272206303726,698,0.9381720430107527
D18,2024-09-01,19.418181818181818,715,0.9930555555555556
D18,2024-10-01,12.305929919137466,742,0.9973118279569892
D18,2024-11-01,8.520114942528735,696,0.9666666666666667
D18,2024-12-01,10.866576819407008,742,0.9973118279569892
D18,2025-01-01,9.4822695035461,705,0.9475806451612904
D18,2025-02-01,10.580152671755725,655,0.9747023809523809
D18,2025-03-01,12.199192462987886,743,0.9986559139784946
D18,2025-04-01,22.221183800623052,642,0.8916666666666667
D18,2025-05-01,42.689516129032256,744,1.0
D18,2025-06-01,58.19944211994421,717,0.9958333333333333
D18,2025-07-01,56.71736204576043,743,0.9986559139784946
D18,2025-08-01,30.755405405405405,740,0.9946236559139785
D18,2025-09-01,19.108635097493035,718,0.9972222222222222
D18,2025-10-01,11.783491204330176,739,0.9932795698924731
D18,2025-11-01,7.874301675977653,716,0.9944444444444445
D18,2025-12-01,8.895238095238096,735,0.9879032258064516
D18,2026-01-01,11.331978319783198,738,0.9919354838709677
D18,2026-02-01,7.879464285714286,672,1.0
D18,2026-03-01,10.989100817438691,734,0.9865591397849462
D18,2026-04-01,18.70096463022508,622,0.8638888888888889
D18,2026-05-01,48.787837837837834,740,0.9946236559139785
D18,2026-06-01,56.134909596662034,719,0.9986111111111111
D18,2026-07-01,35.78600269179004,743,0.9986559139784946
D18,2026-08-01,25.521621621621623,740,0.9946236559139785
D18,2026-09-01,17.169381107491855,307,0.4263888888888889
D27,2008-05-01,26.5316297254902,255,0.34274193548387094
D27,2008-06-01,43.76460875478261,575,0.7986111111111112
D27,2008-07-01,35.79739463683453,695,0.9341397849462365
D27,2008-08-01,25.857168615881328,573,0.7701612903225806
D27,2008-09-01,23.105316254583336,720,1.0
D27,2008-10-01,18.637319292069893,744,1.0
D27,2008-11-01,17.264855710542637,645,0.8958333333333334
D27,2008-12-01,18.945808369783197,738,0.9919354838709677
D27,2009-01-01,21.748655913978496,744,1.0
D27,2009-02-01,20.77690972217262,672,1.0
D27,2009-03-01,24.042114694892472,744,1.0
D27,2009-04-01,31.1,720,1.0
D27,2009-05-01,34.995071643817205,744,1.0
D27,2009-06-01,35.022453750000004,720,1.0
D27,2009-07-01,30.583557342741937,744,1.0
D27,2009-08-01,27.752490937500003,736,0.989247311827957
D27,2009-09-01,22.546736601398603,715,0.9930555555555556
D27,2009-10-01,20.49090295592992,742,0.9973118279569892
D27,2009-11-01,21.679166666666667,720,1.0
D27,2009-12-01,22.516358463726885,703,0.9448924731182796
D27,2010-01-01,23.41478494623656,744,1.0
D27,2010-02-01,19.436708860759495,632,0.9404761904761905
D27,2010-03-01,25.63363240946166,613,0.8239247311827957
D27,2010-04-01,28.688657406944444,720,1.0
D27,2010-05-01,32.44646061827957,744,1.0
D27,2010-06-01,34.10896281690141,710,0.9861111111111112
D27,2010-07-01,28.268218695411605,741,0.9959677419354839
D27,2010-08-01,28.387096774193548,744,1.0
D27,2010-09-01,18.41713220670391,716,0.9944444444444445
D27,2010-10-01,16.65098561827957,744,1.0
D27,2010-11-01,15.634722222222223,720,1.0
D27,2010-12-01,17.352150537634408,744,1.0
D27,2011-01-01,17.161290322580644,744,1.0
D27,2011-02-01,19.199776785714285,672,1.0
D27,2011-03-01,20.32157258064516,744,1.0
D27,2011-04-01,25.68611111111111,720,1.0
D27,2011-05-01,37.037522392473115,744,1.0
D27,2011-06-01,29.560648101805555,720,1.0
D27,2011-07-01,26.73521505376344,744,1.0
D27,2011-08-01,22.753920241935482,744,1.0
D27,2011-09-01,20.78611111111111,720,1.0
D27,2011-10-01,16.516129032258064,744,1.0
D27,2011-11-01,17.006481472222223,720,1.0
D27,2011-12-01,22.141017069892474,744,1.0
D27,2012-01-01,18.905913978494624,744,1.0
D27,2012-02-01,21.721264367816094,696,1.0
D27,2012-03-01,25.413642244623656,744,1.0
D27,2012-04-01,26.747685138888887,720,1.0
D27,2012-05-01,31.901209677419356,744,1.0
D27,2012-06-01,27.63091922005571,718,0.9972222222222222
D27,2012-07-01,39.38279132791328,738,0.9919354838709677
D27,2012-08-01,31.128532974427994,743,0.9986559139784946
D27,2012-09-01,24.719444444444445,720,1.0
D27,2012-10-01,19.198639455782313,735,0.9879032258064516
D27,2012-11-01,34.780640668523674,718,0.9972222222222222
D27,2012-12-01,32.251682368775235,743,0.9986559139784946
D27,2013-01-01,35.32837837837838,740,0.9946236559139785
D27,2013-02-01,36.270833333333336,672,1.0
D27,2013-03-01,42.82113821138211,738,0.9919354838709677
D27,2013-04-01,49.02777777777778,720,1.0
D27,2013-05-01,40.663967611336034,741,0.9959677419354839
D27,2013-06-01,48.43810848400556,719,0.9986111111111111
D27,2013-07-01,40.81695827725437,743,0.9986559139784946
D27,2013-08-01,38.58467741935484,744,1.0
D27,2013-09-01,26.066759388038943,719,0.9986111111111111
D27,2013-10-01,28.056451612903224,744,1.0
D27,2013-11-01,16.447222222222223,720,1.0
D27,2013-12-01,19.080779944289695,718,0.9650537634408602
D27,2014-01-01,21.451700680272108,735,0.9879032258064516
D27,2014-02-01,14.286356821589205,667,0.9925595238095238
D27,2014-03-01,17.341001353179973,739,0.9932795698924731
D27,2014-04-01,23.91830985915493,710,0.9861111111111112
D27,2014-05-01,33.65047233468286,741,0.9959677419354839
D27,2014-06-01,45.050071530758224,699,0.9708333333333333
D27,2014-07-01,48.59009628610729,727,0.9771505376344086
D27,2014-08-01,31.646505376344088,744,1.0
D27,2014-09-01,21.789693593314762,718,0.9972222222222222
D27,2014-10-01,22.190217391304348,736,0.989247311827957
D27,2014-11-01,17.321325648414987,694,0.9638888888888889
D27,2014-12-01,19.027510316368637,727,0.9771505376344086
D27,2015-01-01,22.447580645161292,744,1.0
D27,2015-02-01,22.640298507462685,670,0.9970238095238095
D27,2015-03-01,19.693243243243245,740,0.9946236559139785
D27,2015-04-01,30.768802228412255,718,0.9972222222222222
D27,2015-05-01,46.354838709677416,744,1.0
D27,2015-06-01,44.0375,720,1.0
D27,2015-07-01,48.06864064602961,743,0.9986559139784946
D27,2015-08-01,32.0,744,1.0
D27,2015-09-01,24.930362116991642,718,0.9972222222222222
D27,2015-10-01,15.972972972972974,740,0.9946236559139785
D27,2015-11-01,14.72739916550765,719,0.9986111111111111
D27,2015-12-01,16.518207282913167,714,0.9596774193548387
D27,2016-01-01,21.206989247311828,744,1.0
D27,2016-02-01,18.286743515850144,694,0.9971264367816092
D27,2016-03-01,27.788978494623656,744,1.0
D27,2016-04-01,23.031073446327685,708,0.9833333333333333
D27,2016-05-01,38.89393939393939,726,0.9758064516129032
D27,2016-06-01,49.640866873065015,646,0.8972222222222223
D27,2016-07-01,32.8611859838275,742,0.9973118279569892
D27,2016-08-01,32.983870967741936,744,1.0
D27,2016-09-01,24.082058414464534,719,0.9986111111111111
D27,2016-10-01,12.068150208623088,719,0.9663978494623656
D27,2016-11-01,12.89847009735744,719,0.9986111111111111
D27,2016-12-01,19.31451612903226,744,1.0
D27,2017-01-01,33.200808625336926,742,0.9973118279569892
D27,2017-02-01,15.895833333333334,672,1.0
D27,2017-03-01,16.058914728682172,645,0.8669354838709677
D27,2017-04-01,17.41029207232267,719,0.9986111111111111
D27,2017-05-01,29.88037634408602,744,1.0
D27,2017-06-01,31.884561891515993,719,0.9986111111111111
D27,2017-07-01,37.89010989010989,728,0.978494623655914
D27,2017-08-01,28.27590847913863,743,0.9986559139784946
D27,2017-09-01,23.635097493036213,718,0.9972222222222222
D27,2017-10-01,13.654036243822075,607,0.8158602150537635
D27,2017-11-01,14.987377279102384,713,0.9902777777777778
D27,2017-12-01,15.665745856353592,724,0.9731182795698925
D27,2018-01-01,15.577597840755736,741,0.9959677419354839
D27,2018-02-01,16.594634873323397,671,0.9985119047619048
D27,2018-03-01,17.48184818481848,606,0.8145161290322581
D27,2018-04-01,23.5,720,1.0
D27,2018-05-01,28.01212938005391,742,0.9973118279569892
D27,2018-06-01,36.48790896159317,703,0.9763888888888889
D27,2018-07-01,31.429752066115704,726,0.9758064516129032
D27,2018-08-01,31.336054421768708,735,0.9879032258064516
D27,2018-09-01,19.656779661016948,708,0.9833333333333333
D27,2018-10-01,16.038394415357764,573,0.7701612903225806
D27,2018-11-01,7.648648648648648,703,0.9763888888888889
D27,2018-12-01,9.66615620214395,653,0.8776881720430108
D27,2019-01-01,12.399193548387096,744,1.0
D27,2019-02-01,13.25710014947683,669,0.9955357142857143
D27,2019-03-01,14.724615384615385,650,0.8736559139784946
D27,2019-04-01,28.4875,720,1.0
D27,2019-05-01,25.432032301480483,743,0.9986559139784946
D27,2019-06-01,30.218055555555555,720,1.0
D27,2019-07-01,40.02960969044415,743,0.9986559139784946
D27,2019-08-01,27.79380053908356,742,0.9973118279569892
D27,2019-09-01,17.055632823365787,719,0.9986111111111111
D27,2019-10-01,16.25412087912088,728,0.978494623655914
D27,2019-11-01,14.68567454798331,719,0.9986111111111111
D27,2019-12-01,14.169582772543741,743,0.9986559139784946
D27,2020-01-01,16.537837837837838,740,0.9946236559139785
D27,2020-02-01,17.979885057471265,696,1.0
D27,2020-03-01,17.488529014844804,741,0.9959677419354839
D27,2020-04-01,22.509722222222223,720,1.0
D27,2020-05-01,30.53945480631277,697,0.9368279569892473
D27,2020-06-01,29.202328966521105,687,0.9541666666666667
D27,2020-07-01,30.674355495251017,737,0.9905913978494624
D27,2020-08-01,26.608870967741936,744,1.0
D27,2020-09-01,21.74791086350975,718,0.9972222222222222
D27,2020-10-01,18.27016129032258,744,1.0
D27,2020-11-01,16.36111111111111,720,1.0
D27,2020-12-01,15.626180836707153,741,0.9959677419354839
D27,2021-01-01,17.085948158253753,733,0.9852150537634409
D27,2021-02-01,17.098507462686566,670,0.9970238095238095
D27,2021-03-01,16.573924731182796,744,1.0
D27,2021-04-01,19.119359534206694,687,0.9541666666666667
D27,2021-05-01,31.714864864864865,740,0.9946236559139785
D27,2021-06-01,31.262865090403338,719,0.9986111111111111
D27,2021-07-01,41.401881720430104,744,1.0
D27,2021-08-01,34.021650879566984,739,0.9932795698924731
D27,2021-09-01,17.7125,720,1.0
D27,2021-10-01,13.59433962264151,742,0.9973118279569892
D27,2021-11-01,11.920612813370473,718,0.9972222222222222
D27,2021-12-01,13.35309973045822,742,0.9973118279569892
D27,2022-01-01,11.107816711590296,742,0.9973118279569892
D27,2022-02-01,15.294642857142858,672,1.0
D27,2022-03-01,16.976627712854757,599,0.8051075268817204
D27,2022-04-01,20.143055555555556,720,1.0
D27,2022-05-01,40.97560975609756,738,0.9919354838709677
D27,2022-06-01,37.83682008368201,717,0.9958333333333333
D27,2022-07-01,27.39300134589502,743,0.9986559139784946
D27,2022-08-01,30.90960451977401,708,0.9516129032258065
D27,2022-09-01,20.14066852367688,718,0.9972222222222222
D27,2022-10-01,11.666666666666666,744,1.0
D27,2022-11-01,12.328233657858137,719,0.9986111111111111
D27,2022-12-01,12.728155339805825,721,0.9690860215053764
D27,2023-01-01,11.791666666666666,744,1.0
D27,2023-02-01,26.98956780923994,671,0.9985119047619048
D27,2023-03-01,15.055813953488371,645,0.8669354838709677
D27,2023-04-01,17.52094972067039,716,0.9944444444444445
D27,2023-05-01,31.481781376518217,741,0.9959677419354839
D27,2023-06-01,26.642559109874828,719,0.9986111111111111
D27,2023-07-01,30.63978494623656,744,1.0
D27,2023-08-01,20.97664835164835,728,0.978494623655914
D27,2023-09-01,20.668055555555554,720,1.0
D27,2023-10-01,15.398130841121496,535,0.7190860215053764
D27,2023-11-01,10.0,2,0.002777777777777778
D27,2023-12-01,12.989145183175033,737,0.9905913978494624
D27,2024-01-01,12.82995951417004,741,0.9959677419354839
D27,2024-02-01,12.747838616714697,694,0.9971264367816092
D27,2024-03-01,15.640298507462687,670,0.9005376344086021
D27,2024-04-01,18.565277777777776,720,1.0
D27,2024-05-01,26.68059299191375,742,0.9973118279569892
D27,2024-06-01,24.705555555555556,720,1.0
D27,2024-07-01,41.549511854951184,717,0.9637096774193549
D27,2024-08-01,25.92462987886945,743,0.9986559139784946
D27,2024-09-01,18.663421418636997,719,0.9986111111111111
D27,2024-10-01,14.387617765814266,743,0.9986559139784946
D27,2024-11-01,11.318055555555556,720,1.0
D27,2024-12-01,13.328840970350404,742,0.9973118279569892
D27,2025-01-01,12.586486486486486,740,0.9946236559139785
D27,2025-02-01,13.635400907715583,661,0.9836309523809523
D27,2025-03-01,14.843373493975903,664,0.8924731182795699
D27,2025-04-01,20.681502086230875,719,0.9986111111111111
D27,2025-05-01,34.27628032345014,742,0.9973118279569892
D27,2025-06-01,35.958452722063036,698,0.9694444444444444
D27,2025-07-01,42.181695827725434,743,0.9986559139784946
D27,2025-08-01,22.155913978494624,744,1.0
D27,2025-09-01,19.630041724617524,719,0.9986111111111111
D27,2025-10-01,14.430311231393775,739,0.9932795698924731
D27,2025-11-01,14.831005586592179,716,0.9944444444444445
D27,2025-12-01,14.606998654104979,743,0.9986559139784946
D27,2026-01-01,14.269125683060109,732,0.9838709677419355
D27,2026-02-01,11.116071428571429,672,1.0
D27,2026-03-01,13.12920592193809,743,0.9986559139784946
D27,2026-04-01,18.8578125,640,0.8888888888888888
D27,2026-05-01,37.70580296896086,741,0.9959677419354839
D27,2026-06-01,36.513966480446925,716,0.9944444444444445
D27,2026-07-01,19.438172043010752,744,1.0
D27,2026-08-01,19.253028263795425,743,0.9986559139784946
D27,2026-09-01,16.309677419354838,310,0.4305555555555556
D28,2008-05-01,43.07110057070064,157,0.2110215053763441
D28,2008-06-01,45.29620626416666,720,1.0
D28,2008-07-01,36.12298761117166,734,0.9865591397849462
D28,2008-08-01,21.715826559677417,744,1.0
D28,2008-09-01,16.366374497988506,696,0.9666666666666667
D28,2008-10-01,12.192875188172042,744,1.0
D28,2008-11-01,10.996756870277778,720,1.0
D28,2008-12-01,11.942718395573998,723,0.9717741935483871
D28,2009-01-01,15.298387096774194,744,1.0
D28,2009-02-01,14.855654761904763,672,1.0
D28,2009-03-01,17.094422002688173,744,1.0
D28,2009-04-01,24.41570742446043,695,0.9652777777777778
D28,2009-05-01,33.01702508064516,744,1.0
D28,2009-06-01,41.836342593055555,720,1.0
D28,2009-07-01,36.84083784986559,744,1.0
D28,2009-08-01,24.392473118279568,744,1.0
D28,2009-09-01,16.177441014305554,720,1.0
D28,2009-10-01,12.243822982884097,742,0.9973118279569892
D28,2009-11-01,9.13888888888889,720,1.0
D28,2009-12-01,14.01747311827957,744,1.0
D28,2010-01-01,16.995967741935484,744,1.0
D28,2010-02-01,11.874266656,625,0.9300595238095238
D28,2010-03-01,14.774509850309597,646,0.8682795698924731
D28,2010-04-01,24.54861111111111,720,1.0
D28,2010-05-01,31.575940860215052,744,1.0
D28,2010-06-01,35.86253738957746,710,0.9861111111111112
D28,2010-07-01,34.11693548387097,744,1.0
D28,2010-08-01,22.103494717741935,744,1.0
D28,2010-09-01,14.780902777777778,720,1.0
D28,2010-10-01,10.833221236962366,744,1.0
D28,2010-11-01,9.949652777777779,720,1.0
D28,2010-12-01,10.334677419354838,744,1.0
D28,2011-01-01,13.20749285752688,744,1.0
D28,2011-02-01,14.918278764880952,672,1.0
D28,2011-03-01,16.167002674731183,744,1.0
D28,2011-04-01,19.76053240736111,720,1.0
D28,2011-05-01,41.585573427419355,744,1.0
D28,2011-06-01,37.125810180555554,720,1.0
D28,2011-07-01,33.22491034946236,744,1.0
D28,2011-08-01,25.97856487895461,727,0.9771505376344086
D28,2011-09-01,16.700557103064067,718,0.9972222222222222
D28,2011-10-01,12.914314489247312,744,1.0
D28,2011-11-01,13.929166666666667,720,1.0
D28,2011-12-01,16.694556950067476,741,0.9959677419354839
D28,2012-01-01,13.674966393001345,743,0.9986559139784946
D28,2012-02-01,22.028179143063582,692,0.9942528735632183
D28,2012-03-01,17.97998197071525,741,0.9959677419354839
D28,2012-04-01,20.31553517256011,707,0.9819444444444444
D28,2012-05-01,30.89027411994609,742,0.9973118279569892
D28,2012-06-01,28.016666666666666,720,1.0
D28,2012-07-01,42.16712328767123,730,0.9811827956989247
D28,2012-08-01,29.882673942701228,733,0.9852150537634409
D28,2012-09-01,15.70891364902507,718,0.9972222222222222
D28,2012-10-01,9.942957746478873,710,0.9543010752688172
D28,2012-11-01,11.78928046989721,681,0.9458333333333333
D28,2012-12-01,11.394594594594595,740,0.9946236559139785
D28,2013-01-01,12.632432432432433,740,0.9946236559139785
D28,2013-02-01,13.096096096096096,666,0.9910714285714286
D28,2013-03-01,17.48233695652174,736,0.989247311827957
D28,2013-04-01,22.305397727272727,704,0.9777777777777777
D28,2013-05-01,26.466216216216218,740,0.9946236559139785
D28,2013-06-01,36.55119214586255,713,0.9902777777777778
D28,2013-07-01,33.60434782608696,690,0.9274193548387096
D28,2013-08-01,32.403225806451616,744,1.0
D28,2013-09-01,19.037552155771905,719,0.9986111111111111
D28,2013-10-01,12.51478494623656,744,1.0
D28,2013-11-01,11.297902097902098,715,0.9930555555555556
D28,2013-12-01,13.538141470180305,721,0.9690860215053764
D28,2014-01-01,16.256720430107528,744,1.0
D28,2014-02-01,10.472727272727273,671,0.9985119047619048
D28,2014-03-01,13.519691516853934,712,0.956989247311828
D28,2014-04-01,21.290972222222223,720,1.0
D28,2014-05-01,25.580601092896174,732,0.9838709677419355
D28,2014-06-01,33.258179231863444,703,0.9763888888888889
D28,2014-07-01,31.536585365853657,738,0.9919354838709677
D28,2014-08-01,21.376344086021504,744,1.0
D28,2014-09-01,12.57112970711297,717,0.9958333333333333
D28,2014-10-01,11.320457796852647,699,0.9395161290322581
D28,2014-11-01,9.492625368731563,339,0.4708333333333333
D28,2014-12-01,9.630637636080872,643,0.864247311827957
D28,2015-01-01,11.50479773993808,646,0.8682795698924731
D28,2015-02-01,19.630434782608695,414,0.6160714285714286
D28,2015-03-01,15.646618674532375,695,0.9341397849462365
D28,2015-04-01,24.09762234965035,715,0.9930555555555556
D28,2015-05-01,45.33346774193548,744,1.0
D28,2015-06-01,56.944367176634216,719,0.9986111111111111
D28,2015-07-01,54.52314912516824,743,0.9986559139784946
D28,2015-08-01,25.234501347708896,742,0.9973118279569892
D28,2015-09-01,22.85257301808067,719,0.9986111111111111
D28,2015-10-01,14.67425849056604,742,0.9973118279569892
D28,2015-11-01,7.664788732394366,710,0.9861111111111112
D28,2015-12-01,8.883064516129032,744,1.0
D28,2016-01-01,8.50471063257066,743,0.9986559139784946
D28,2016-02-01,11.751237248908296,687,0.9870689655172413
D28,2016-03-01,15.514196255850234,641,0.8615591397849462
D28,2016-04-01,20.40277777777778,720,1.0
D28,2016-05-01,34.7677897574124,742,0.9973118279569892
D28,2016-06-01,66.42036080892608,717,0.9958333333333333
D28,2016-07-01,46.50067658998647,739,0.9932795698924731
D28,2016-08-01,28.891304347826086,736,0.989247311827957
D28,2016-09-01,21.161559888579387,718,0.9972222222222222
D28,2016-10-01,9.412445730824892,691,0.928763440860215
D28,2016-11-01,9.382642998027613,507,0.7041666666666667
D28,2016-12-01,14.55585464333782,743,0.9986559139784946
D28,2017-01-01,21.56081081081081,740,0.9946236559139785
D28,2017-02-01,10.595238095238095,672,1.0
D28,2017-03-01,11.540695915279878,661,0.8884408602150538
D28,2017-04-01,18.29624478442281,719,0.9986111111111111
D28,2017-05-01,36.42530282637954,743,0.9986559139784946
D28,2017-06-01,45.44583333333333,720,1.0
D28,2017-07-01,43.666666666666664,744,1.0
D28,2017-08-01,28.611336032388664,741,0.9959677419354839
D28,2017-09-01,21.633136094674555,676,0.9388888888888889
D28,2017-10-01,5.97323600973236,411,0.5524193548387096
D28,2017-11-01,11.23062015503876,516,0.7166666666666667
D28,2017-12-01,11.635228848821082,721,0.9690860215053764
D28,2018-01-01,11.660220994475138,724,0.9731182795698925
D28,2018-02-01,11.555384615384616,650,0.9672619047619048
D28,2018-03-01,12.221897810218978,685,0.9206989247311828
D28,2018-04-01,16.906815020862307,719,0.9986111111111111
D28,2018-05-01,31.217391304347824,690,0.9274193548387096
D28,2018-06-01,44.46037735849057,530,0.7361111111111112
D28,2018-07-01,39.92741935483871,744,1.0
D28,2018-08-01,34.65725806451613,744,1.0
D28,2018-09-01,19.0,670,0.9305555555555556
D28,2018-10-01,10.052346570397113,554,0.7446236559139785
D28,2018-11-01,7.66,700,0.9722222222222222
D28,2018-12-01,9.59274193548387,744,1.0
D28,2019-01-01,12.001344086021506,744,1.0
D28,2019-02-01,12.655223880597015,670,0.9970238095238095
D28,2019-03-01,13.990551181102362,635,0.853494623655914
D28,2019-04-01,24.583333333333332,504,0.7
D28,2019-05-01,28.582089552238806,737,0.9905913978494624
D28,2019-06-01,37.37011173184357,716,0.9944444444444445
D28,2019-07-01,47.462987886944816,743,0.9986559139784946
D28,2019-08-01,26.951417004048583,741,0.9959677419354839
D28,2019-09-01,13.408554572271386,678,0.9416666666666667
D28,2019-10-01,14.191374663072777,742,0.9973118279569892
D28,2019-11-01,14.446002805049089,713,0.9902777777777778
D28,2019-12-01,17.640218878248973,731,0.9825268817204301
D28,2020-01-01,11.711198428290766,509,0.6841397849462365
D28,2021-05-01,35.94230769230769,104,0.13978494623655913
D28,2021-06-01,43.60130718954248,612,0.85
D28,2021-07-01,63.85623003194888,626,0.8413978494623656
D28,2021-08-01,37.42740841248304,737,0.9905913978494624
D28,2021-09-01,16.253501400560225,714,0.9916666666666667
D28,2021-10-01,14.66576454668471,739,0.9932795698924731
D28,2021-11-01,12.547116736990155,711,0.9875
D28,2021-12-01,14.843031123139378,739,0.9932795698924731
D28,2022-01-01,11.818059299191376,742,0.9973118279569892
D28,2022-02-01,15.151419558359622,634,0.9434523809523809
D28,2022-03-01,16.82866043613707,642,0.8629032258064516
D28,2022-04-01,19.85774058577406,717,0.9958333333333333
D28,2022-05-01,44.50485436893204,721,0.9690860215053764
D28,2022-06-01,49.79776847977685,717,0.9958333333333333
D28,2022-07-01,37.921409214092144,738,0.9919354838709677
D28,2022-08-01,30.115440115440116,693,0.9314516129032258
D28,2022-09-01,19.444444444444443,711,0.9875
D28,2022-10-01,11.94054054054054,740,0.9946236559139785
D28,2022-11-01,10.927677329624478,719,0.9986111111111111
D28,2022-12-01,15.369565217391305,736,0.989247311827957
D28,2023-01-01,11.830188679245284,742,0.9973118279569892
D28,2023-02-01,24.166917293233084,665,0.9895833333333334
D28,2023-03-01,13.48439620081411,737,0.9905913978494624
D28,2023-04-01,18.324742268041238,582,0.8083333333333333
D28,2023-05-01,39.475675675675674,740,0.9946236559139785
D28,2023-06-01,38.80084151472651,713,0.9902777777777778
D28,2023-07-01,41.82995951417004,741,0.9959677419354839
D28,2023-08-01,23.402964959568735,742,0.9973118279569892
D28,2023-09-01,14.256267409470752,718,0.9972222222222222
D28,2023-10-01,10.745241581259151,683,0.918010752688172
D28,2023-11-01,9.180515759312321,698,0.9694444444444444
D28,2023-12-01,10.103746397694524,694,0.9327956989247311
D28,2024-01-01,11.229901269393512,709,0.9529569892473119
D28,2024-02-01,12.376453488372093,688,0.9885057471264368
D28,2024-03-01,12.504545454545454,660,0.8870967741935484
D28,2024-04-01,13.225312934631432,719,0.9986111111111111
D28,2024-05-01,36.51632047477745,674,0.9059139784946236
D28,2024-06-01,36.830555555555556,720,1.0
D28,2024-07-01,51.48721399730821,743,0.9986559139784946
D28,2024-08-01,21.72851296043656,733,0.9852150537634409
D28,2024-09-01,13.586647727272727,704,0.9777777777777777
D28,2024-10-01,9.436141304347826,736,0.989247311827957
D28,2024-11-01,7.8597222222222225,720,1.0
D28,2024-12-01,9.733153638814017,742,0.9973118279569892
D28,2025-01-01,8.23252688172043,744,1.0
D28,2025-02-01,9.577912254160363,661,0.9836309523809523
D28,2025-03-01,8.760752688172044,744,1.0
D28,2025-04-01,15.593114241001565,639,0.8875
D28,2025-05-01,35.336021505376344,744,1.0
D28,2025-06-01,52.44707520891365,718,0.9972222222222222
D28,2025-07-01,51.088829071332434,743,0.9986559139784946
D28,2025-08-01,26.48247978436658,742,0.9973118279569892
D28,2025-09-01,14.248920863309353,695,0.9652777777777778
D28,2025-10-01,11.124492557510148,739,0.9932795698924731
D28,2025-11-01,9.004172461752434,719,0.9986111111111111
D28,2025-12-01,8.986559139784946,744,1.0
D28,2026-01-01,13.481830417227457,743,0.9986559139784946
D28,2026-02-01,14.855691056910569,492,0.7321428571428571
D28,2026-03-01,14.325706594885599,743,0.9986559139784946
D28,2026-04-01,17.36470588235294,595,0.8263888888888888
D28,2026-05-01,38.278225806451616,744,1.0
D28,2026-06-01,44.10644257703081,714,0.9916666666666667
D28,2026-07-01,28.14401076716016,743,0.9986559139784946
D28,2026-08-01,19.967698519515476,743,0.9986559139784946
D28,2026-09-01,11.37741935483871,310,0.4305555555555556
D29,2008-12-01,45.0,1,0.0013440860215053765
D29,2009-01-01,21.001344086021504,744,1.0
D29,2009-02-01,20.977678571428573,672,1.0
D29,2009-03-01,23.708672086720867,738,0.9919354838709677
D29,2009-04-01,33.61731843575419,716,0.9944444444444445
D29,2009-05-01,41.257759784075574,741,0.9959677419354839
D29,2009-06-01,47.58601398601399,715,0.9930555555555556
D29,2009-07-01,39.78360215053763,744,1.0
D29,2009-08-01,29.955645161290324,744,1.0
D29,2009-09-01,23.601388888888888,720,1.0
D29,2009-10-01,18.269282814614343,739,0.9932795698924731
D29,2009-11-01,16.225,720,1.0
D29,2009-12-01,21.75235531628533,743,0.9986559139784946
D29,2010-01-01,25.69676549865229,742,0.9973118279569892
D29,2010-02-01,19.45484949832776,598,0.8898809523809523
D29,2010-03-01,24.09726443768997,658,0.8844086021505376
D29,2010-04-01,33.946478873239435,710,0.9861111111111112
D29,2010-05-01,43.36906377204885,737,0.9905913978494624
D29,2010-06-01,41.13846153846154,715,0.9930555555555556
D29,2010-07-01,38.21145975443383,733,0.9852150537634409
D29,2010-08-01,29.169354838709676,744,1.0
D29,2010-09-01,20.04735376044568,718,0.9972222222222222
D29,2010-10-01,16.706521739130434,736,0.989247311827957
D29,2010-11-01,15.4375,720,1.0
D29,2010-12-01,19.649386084583902,733,0.9852150537634409
D29,2011-01-01,19.606267029972752,734,0.9865591397849462
D29,2011-02-01,20.067175572519083,655,0.9747023809523809
D29,2011-03-01,20.86216216216216,740,0.9946236559139785
D29,2011-04-01,26.720055710306408,718,0.9972222222222222
D29,2011-05-01,45.77956989247312,744,1.0
D29,2011-06-01,38.63370473537604,718,0.9972222222222222
D29,2011-07-01,33.20680272108844,735,0.9879032258064516
D29,2011-08-01,25.006720430107528,744,1.0
D29,2011-09-01,20.93210749646393,707,0.9819444444444444
D29,2011-10-01,16.592896174863387,732,0.9838709677419355
D29,2011-11-01,17.366806136680612,717,0.9958333333333333
D29,2011-12-01,22.30378890392422,739,0.9932795698924731
D29,2012-01-01,15.285909712722297,731,0.9825268817204301
D29,2012-02-01,19.606617647058822,680,0.9770114942528736
D29,2012-03-01,22.47612551159618,733,0.9852150537634409
D29,2012-04-01,27.93016759776536,716,0.9944444444444445
D29,2012-05-01,37.31695827725437,743,0.9986559139784946
D29,2012-06-01,32.53426573426574,715,0.9930555555555556
D29,2012-07-01,40.100415512465375,722,0.9704301075268817
D29,2012-08-01,32.549731182795696,744,1.0
D29,2012-09-01,19.013353115727003,674,0.9361111111111111
D29,2012-10-01,14.657859078590786,738,0.9919354838709677
D29,2012-11-01,16.161516853932586,712,0.9888888888888889
D29,2012-12-01,13.769282814614344,739,0.9932795698924731
D29,2013-01-01,18.4331983805668,741,0.9959677419354839
D29,2013-02-01,16.95671641791045,670,0.9970238095238095
D29,2013-03-01,22.089309878213804,739,0.9932795698924731
D29,2013-04-01,27.644351464435147,717,0.9958333333333333
D29,2013-05-01,29.904054054054054,740,0.9946236559139785
D29,2013-06-01,40.344011142061284,718,0.9972222222222222
D29,2013-07-01,37.171195652173914,736,0.989247311827957
D29,2013-08-01,33.10363391655451,743,0.9986559139784946
D29,2013-09-01,20.09039548022599,708,0.9833333333333333
D29,2013-10-01,17.26478494623656,744,1.0
D29,2013-11-01,16.90403337969402,719,0.9986111111111111
D29,2013-12-01,18.59259259259259,729,0.9798387096774194
D29,2014-01-01,23.962162162162162,740,0.9946236559139785
D29,2014-02-01,14.208722741433021,642,0.9553571428571429
D29,2014-03-01,17.41882673942701,733,0.9852150537634409
D29,2014-04-01,31.203994293865907,701,0.9736111111111111
D29,2014-05-01,41.64314789687924,737,0.9905913978494624
D29,2014-06-01,53.33472803347281,717,0.9958333333333333
D29,2014-07-01,52.17096336499321,737,0.9905913978494624
D29,2014-08-01,38.42204301075269,744,1.0
D29,2014-09-01,21.336111111111112,720,1.0
D29,2014-10-01,15.899280575539569,556,0.7473118279569892
D29,2014-11-01,15.175,720,1.0
D29,2014-12-01,15.944669365721998,741,0.9959677419354839
D29,2015-01-01,18.925975773889636,743,0.9986559139784946
D29,2015-02-01,22.193740685543965,671,0.9985119047619048
D29,2015-03-01,20.633711507293356,617,0.8293010752688172
D29,2015-04-01,36.38826815642458,716,0.9944444444444445
D29,2015-05-01,46.8494623655914,744,1.0
D29,2015-06-01,61.87029288702929,717,0.9958333333333333
D29,2015-07-01,55.86827956989247,744,1.0
D29,2015-08-01,30.097035040431265,742,0.9973118279569892
D29,2015-09-01,23.742977528089888,712,0.9888888888888889
D29,2015-10-01,14.907133243607,743,0.9986559139784946
D29,2015-11-01,13.10138888888889,720,1.0
D29,2015-12-01,16.504827586206897,725,0.9744623655913979
D29,2016-01-01,14.279569892473118,744,1.0
D29,2016-02-01,16.3433908045977,696,1.0
D29,2016-03-01,29.01358234295416,589,0.7916666666666666
D29,2016-04-01,25.88691437802908,619,0.8597222222222223
D30,2016-04-01,37.01752125801887,212,0.29444444444444445
D30,2016-05-01,40.476596590296495,742,0.9973118279569892
D30,2016-06-01,51.23811395804196,715,0.9930555555555556
D30,2016-07-01,40.06938775510204,735,0.9879032258064516
D30,2016-08-01,35.18842530282638,743,0.9986559139784946
D30,2016-09-01,26.669004207573632,713,0.9902777777777778
D30,2016-10-01,11.954128440366972,654,0.8790322580645161
D30,2016-11-01,16.37150837988827,716,0.9944444444444445
D30,2016-12-01,23.92972972972973,740,0.9946236559139785
D30,2017-01-01,37.32867132867133,715,0.9610215053763441
D30,2017-02-01,18.898507462686567,670,0.9970238095238095
D30,2017-03-01,15.670347003154575,634,0.8521505376344086
D30,2017-04-01,20.476987447698743,717,0.9958333333333333
D30,2017-05-01,36.232067510548525,711,0.9556451612903226
D30,2017-06-01,47.55096011816839,677,0.9402777777777778
D30,2017-07-01,46.058663028649384,733,0.9852150537634409
D30,2017-08-01,31.30811554332875,727,0.9771505376344086
D30,2017-09-01,22.620754716981132,530,0.7361111111111112
D30,2017-10-01,13.513432835820895,670,0.9005376344086021
D30,2017-11-01,14.78888888888889,720,1.0
D30,2017-12-01,14.604109589041096,730,0.9811827956989247
D30,2018-01-01,12.910846953937593,673,0.9045698924731183
D30,2018-02-01,14.205663189269746,671,0.9985119047619048
D30,2018-03-01,16.236421725239616,626,0.8413978494623656
D30,2018-04-01,24.634036144578314,664,0.9222222222222223
D30,2018-05-01,34.815612382234185,743,0.9986559139784946
D30,2018-06-01,48.32033426183844,718,0.9972222222222222
D30,2018-07-01,36.90725806451613,744,1.0
D30,2018-08-01,37.23149394347241,743,0.9986559139784946
D30,2018-09-01,24.21927374301676,716,0.9944444444444445
D30,2018-10-01,13.807851239669422,484,0.6505376344086021
D30,2018-11-01,11.186369958275382,719,0.9986111111111111
D30,2018-12-01,11.901881720430108,744,1.0
D30,2019-01-01,13.769444444444444,720,0.967741935483871
D30,2019-02-01,17.913561847988078,671,0.9985119047619048
D30,2019-03-01,15.014864864864865,740,0.9946236559139785
D30,2019-04-01,28.878084179970973,689,0.9569444444444445
D30,2019-05-01,29.186141304347824,736,0.989247311827957
D30,2019-06-01,37.84583333333333,720,1.0
D30,2019-07-01,51.655450874831764,743,0.9986559139784946
D30,2019-08-01,32.2277628032345,742,0.9973118279569892
D30,2019-09-01,17.885793871866294,718,0.9972222222222222
D30,2019-10-01,16.5752688172043,744,1.0
D30,2019-11-01,14.195530726256983,716,0.9944444444444445
D30,2019-12-01,13.82336956521739,736,0.989247311827957
D30,2020-01-01,14.361185983827493,742,0.9973118279569892
D30,2020-02-01,16.930835734870318,694,0.9971264367816092
D30,2020-03-01,17.422712933753942,634,0.8521505376344086
D30,2020-04-01,22.2875,720,1.0
D30,2020-05-01,34.2088948787062,742,0.9973118279569892
D30,2020-06-01,33.50974930362117,718,0.9972222222222222
D30,2020-07-01,40.777628032345014,742,0.9973118279569892
D30,2020-08-01,28.423387096774192,744,1.0
D30,2020-09-01,19.933333333333334,720,1.0
D30,2020-10-01,15.765986394557823,735,0.9879032258064516
D30,2020-11-01,13.647222222222222,720,1.0
D30,2020-12-01,12.15498652291105,742,0.9973118279569892
D30,2021-01-01,12.995962314939435,743,0.9986559139784946
D30,2021-02-01,12.871641791044777,670,0.9970238095238095
D30,2021-03-01,13.719086021505376,744,1.0
D30,2021-04-01,24.803007518796992,665,0.9236111111111112
D30,2021-05-01,41.67520215633423,742,0.9973118279569892
D30,2021-06-01,42.17777777777778,720,1.0
D30,2021-07-01,57.17278911564626,735,0.9879032258064516
D30,2021-08-01,37.221774193548384,744,1.0
D30,2021-09-01,18.33100558659218,716,0.9944444444444445
D30,2021-10-01,14.0056258790436,711,0.9556451612903226
D30,2021-11-01,12.518258426966293,712,0.9888888888888889
D30,2021-12-01,14.959610027855152,718,0.9650537634408602
D30,2022-01-01,11.400541271989175,739,0.9932795698924731
D30,2022-02-01,14.231689088191331,669,0.9955357142857143
D30,2022-03-01,17.69178082191781,730,0.9811827956989247
D30,2022-04-01,21.30940988835726,627,0.8708333333333333
D30,2022-05-01,51.24899057873486,743,0.9986559139784946
D30,2022-06-01,49.60222531293463,719,0.9986111111111111
D30,2022-07-01,34.952893674293406,743,0.9986559139784946
D30,2022-08-01,35.38544474393531,742,0.9973118279569892
D30,2022-09-01,20.685754189944134,716,0.9944444444444445
D30,2022-10-01,12.284750337381917,741,0.9959677419354839
D30,2022-11-01,11.81586402266289,706,0.9805555555555555
D30,2022-12-01,13.352256186317321,687,0.9233870967741935
D30,2023-01-01,11.807113543091655,731,0.9825268817204301
D30,2023-02-01,26.972076788830716,573,0.8526785714285714
D30,2023-03-01,13.323404255319149,705,0.9475806451612904
D30,2023-04-01,18.441666666666666,720,1.0
D30,2023-05-01,38.53739612188366,722,0.9704301075268817
D30,2023-06-01,37.829166666666666,720,1.0
D30,2023-07-01,38.58008075370121,743,0.9986559139784946
D30,2023-08-01,25.13225371120108,741,0.9959677419354839
D30,2023-09-01,20.697183098591548,710,0.9861111111111112
D30,2023-10-01,15.8371467025572,743,0.9986559139784946
D30,2023-11-01,12.115277777777777,720,1.0
D30,2023-12-01,16.898785425101213,741,0.9959677419354839
D30,2024-01-01,13.419354838709678,713,0.9583333333333334
D30,2024-02-01,13.43923611111111,576,0.8275862068965517
D30,2024-03-01,14.006729475100942,743,0.9986559139784946
D30,2024-04-01,17.270833333333332,720,1.0
D30,2024-05-01,31.841248303934872,737,0.9905913978494624
D30,2024-06-01,32.419220055710305,718,0.9972222222222222
D30,2024-07-01,51.89068825910931,741,0.9959677419354839
D30,2024-08-01,27.39090909090909,660,0.8870967741935484
D30,2024-09-01,17.370833333333334,720,1.0
D30,2024-10-01,12.071428571428571,742,0.9973118279569892
D30,2024-11-01,7.445378151260504,714,0.9916666666666667
D30,2024-12-01,9.93070652173913,736,0.989247311827957
D30,2025-01-01,9.113055181695827,743,0.9986559139784946
D30,2025-02-01,11.723707664884136,561,0.8348214285714286
D30,2025-03-01,12.73549257759784,741,0.9959677419354839
D30,2025-04-01,18.7538247566064,719,0.9986111111111111
D30,2025-05-01,38.38239339752407,727,0.9771505376344086
D30,2025-06-01,45.18234442836469,691,0.9597222222222223
D30,2025-07-01,46.8582995951417,741,0.9959677419354839
D30,2025-08-01,24.064602960969044,743,0.9986559139784946
D30,2025-09-01,17.778242677824267,717,0.9958333333333333
D30,2025-10-01,11.33243606998654,743,0.9986559139784946
D30,2025-11-01,8.727019498607243,718,0.9972222222222222
D30,2025-12-01,9.192462987886945,743,0.9986559139784946
D30,2026-01-01,14.072972972972973,740,0.9946236559139785
D30,2026-02-01,8.383928571428571,672,1.0
D30,2026-03-01,10.745283018867925,742,0.9973118279569892
D30,2026-04-01,18.47433903576983,643,0.8930555555555556
D30,2026-05-01,44.043010752688176,744,1.0
D30,2026-06-01,45.598052851182196,719,0.9986111111111111
D30,2026-07-01,27.90994623655914,744,1.0
D30,2026-08-01,21.960863697705804,741,0.9959677419354839
D30,2026-09-01,13.764516129032257,310,0.4305555555555556
D35,2022-04-01,26.748400852878465,469,0.6513888888888889
D35,2022-05-01,53.16395663956639,738,0.9919354838709677
D35,2022-06-01,53.15,720,1.0
D35,2022-07-01,41.121457489878544,741,0.9959677419354839
D35,2022-08-01,38.653225806451616,744,1.0
D35,2022-09-01,24.206128133704734,718,0.9972222222222222
D35,2022-10-01,13.891129032258064,744,1.0
D35,2022-11-01,13.36480686695279,699,0.9708333333333333
D35,2022-12-01,15.1889338731444,741,0.9959677419354839
D35,2023-01-01,12.935302390998594,711,0.9556451612903226
D35,2023-02-01,26.020926756352765,669,0.9955357142857143
D35,2023-03-01,15.431451612903226,744,1.0
D35,2023-04-01,19.7,550,0.7638888888888888
D35,2023-05-01,44.87096774193548,744,1.0
D35,2023-06-01,41.32122905027933,716,0.9944444444444445
D35,2023-07-01,44.51075268817204,744,1.0
D35,2023-08-01,25.68598382749326,742,0.9973118279569892
D35,2023-09-01,20.647222222222222,720,1.0
D35,2023-10-01,16.379032258064516,744,1.0
D35,2023-11-01,13.221438645980253,709,0.9847222222222223
D35,2023-12-01,16.47579529737206,723,0.9717741935483871
D35,2024-01-01,13.722371967654986,742,0.9973118279569892
D35,2024-02-01,14.97677793904209,689,0.9899425287356322
D35,2024-03-01,16.104979811574697,743,0.9986559139784946
D35,2024-04-01,17.022544283413847,621,0.8625
D35,2024-05-01,35.588948787061994,742,0.9973118279569892
D35,2024-06-01,41.022284122562674,718,0.9972222222222222
D35,2024-07-01,55.87044534412956,741,0.9959677419354839
D35,2024-08-01,31.267142857142858,700,0.9408602150537635
D35,2024-09-01,19.45201668984701,719,0.9986111111111111
D35,2024-10-01,14.761776581426648,743,0.9986559139784946
D35,2024-11-01,11.4875,720,1.0
D35,2024-12-01,13.319407008086253,742,0.9973118279569892
D35,2025-01-01,11.979811574697173,743,0.9986559139784946
D35,2025-02-01,13.737878787878788,660,0.9821428571428571
D35,2025-03-01,13.61021505376344,744,1.0
D35,2025-04-01,22.21772939346812,643,0.8930555555555556
D35,2025-05-01,42.92741935483871,744,1.0
D35,2025-06-01,51.35,720,1.0
D35,2025-07-01,55.24764468371467,743,0.9986559139784946
D35,2025-08-01,29.0,744,1.0
D35,2025-09-01,18.07093184979138,719,0.9986111111111111
D35,2025-10-01,12.274084124830393,737,0.9905913978494624
D35,2025-11-01,10.899721448467966,718,0.9972222222222222
D35,2025-12-01,12.602150537634408,744,1.0
D35,2026-01-01,13.781073446327683,708,0.9516129032258065
D35,2026-02-01,10.294952681388013,634,0.9434523809523809
D35,2026-03-01,12.669354838709678,744,1.0
D35,2026-04-01,21.459546925566343,618,0.8583333333333333
D35,2026-05-01,42.99193548387097,744,1.0
D35,2026-06-01,47.83426183844011,718,0.9972222222222222
D35,2026-07-01,31.900537634408604,744,1.0
D35,2026-08-01,23.34320323014805,743,0.9986559139784946
D35,2026-09-01,17.07741935483871,310,0.4305555555555556
E03,2008-08-01,46.95277032200358,559,0.7513440860215054
E03,2008-09-01,44.758549276773294,719,0.9986111111111111
E03,2008-10-01,23.731449744623657,744,1.0
E03,2008-11-01,10.701248777777778,720,1.0
E03,2008-12-01,9.084520942126515,743,0.9986559139784946
E03,2009-01-01,8.172040994623655,744,1.0
E03,2009-02-01,9.554611339285714,672,1.0
E03,2009-03-01,15.286421827956989,744,1.0
E03,2009-04-01,29.604729103641457,714,0.9916666666666667
E03,2009-05-01,63.76130359264498,707,0.9502688172043011
E03,2009-06-01,75.37982248895435,679,0.9430555555555555
E03,2009-07-01,111.24526048387098,744,1.0
E03,2009-08-01,47.090609676985196,743,0.9986559139784946
E03,2009-09-01,53.46706693055555,720,1.0
E03,2009-10-01,29.24413181568088,727,0.9771505376344086
E03,2009-11-01,23.264440875000002,720,1.0
E03,2009-12-01,12.378776901217861,739,0.9932795698924731
E03,2010-01-01,10.451121423423423,555,0.7459677419354839
E03,2010-02-01,10.291322388059703,402,0.5982142857142857
E03,2010-03-01,17.164441143451143,481,0.646505376344086
E03,2010-04-01,45.48098015075377,597,0.8291666666666667
E03,2010-05-01,121.88196173441735,738,0.9919354838709677
E03,2010-06-01,127.048462848,625,0.8680555555555556
E03,2010-07-01,80.77936479541735,611,0.821236559139785
E03,2010-08-01,83.27208325373134,670,0.9005376344086021
E03,2010-09-01,66.76386562138728,692,0.9611111111111111
E03,2010-10-01,34.41713588394062,741,0.9959677419354839
E03,2010-11-01,13.983668444790045,643,0.8930555555555556
E03,2010-12-01,15.501076320754716,742,0.9973118279569892
E03,2011-01-01,23.269046646088434,588,0.7903225806451613
E03,2011-02-01,9.4012584,635,0.9449404761904762
E03,2011-03-01,21.41392681378299,682,0.9166666666666666
E03,2011-04-01,37.893038608695655,115,0.1597222222222222
E03,2011-06-01,118.26954690217391,368,0.5111111111111111
E03,2011-07-01,80.89695769884226,691,0.928763440860215
E03,2011-08-01,87.85220386426593,722,0.9704301075268817
E03,2011-09-01,59.78614083694083,693,0.9625
E03,2011-10-01,39.86666331896552,696,0.9354838709677419
E03,2011-11-01,14.845373540462427,692,0.9611111111111111
E03,2011-12-01,12.102430286123033,699,0.9395161290322581
E03,2012-01-01,13.018369893491123,676,0.9086021505376344
E03,2012-02-01,12.490201631578946,684,0.9827586206896551
E03,2012-03-01,15.407479021582734,695,0.9341397849462365
E03,2012-04-01,33.87190172461752,719,0.9986111111111111
E03,2012-05-01,62.93408277628032,742,0.9973118279569892
E03,2012-06-01,52.47409666666667,699,0.9708333333333333
E03,2012-07-01,85.23416838492598,743,0.9986559139784946
E03,2012-08-01,57.573111102150534,744,1.0
E03,2012-09-01,37.29343831241283,717,0.9958333333333333
E03,2012-10-01,26.112648068027212,735,0.9879032258064516
E03,2012-11-01,18.900426690442224,701,0.9736111111111111
E03,2012-12-01,25.468260902872775,731,0.9825268817204301
E03,2013-02-01,9.0,1,0.001488095238095238
E03,2013-03-01,10.048979591836735,735,0.9879032258064516
E03,2013-04-01,30.622222222222224,720,1.0
E03,2013-05-01,30.836021505376344,744,1.0
E03,2013-06-01,57.976223776223776,715,0.9930555555555556
E03,2013-07-01,72.5469387755102,735,0.9879032258064516
E03,2013-08-01,55.874051593323216,659,0.885752688172043
E03,2013-09-01,48.668055555555554,720,1.0
E03,2013-10-01,19.31756756756757,740,0.9946236559139785
E03,2013-11-01,12.115277777777777,720,1.0
E03,2013-12-01,7.30510752688172,744,1.0
E03,2014-01-01,6.747311827956989,744,1.0
E03,2014-02-01,7.915052160953801,671,0.9985119047619048
E03,2014-03-01,15.004070556309362,737,0.9905913978494624
E03,2014-04-01,31.37134909596662,719,0.9986111111111111
E03,2014-05-01,35.54873247122905,716,0.9623655913978495
E03,2014-06-01,50.611111111111114,720,1.0
E03,2014-07-01,52.95956873315364,742,0.9973118279569892
E03,2014-08-01,61.393373655913976,744,1.0
E03,2014-09-01,39.26285515320334,718,0.9972222222222222
E03,2014-10-01,21.943452321187582,741,0.9959677419354839
E03,2014-11-01,12.825657982954546,704,0.9777777777777777
E03,2014-12-01,7.398312234482758,725,0.9744623655913979
E03,2015-01-01,6.846626822558459,727,0.9771505376344086
E03,2015-02-01,8.81224379671151,669,0.9955357142857143
E03,2015-03-01,10.196522997311828,744,1.0
E03,2015-04-01,38.192177268907564,714,0.9916666666666667
E03,2015-05-01,72.49619279202278,702,0.9435483870967742
E03,2015-06-01,80.46025448540706,651,0.9041666666666667
E03,2015-07-01,62.36386389115647,735,0.9879032258064516
E03,2015-08-01,60.94319642857143,742,0.9973118279569892
E03,2015-09-01,55.957493454039,718,0.9972222222222222
E03,2015-10-01,28.25190807639836,733,0.9852150537634409
E03,2015-11-01,18.826439859747545,713,0.9902777777777778
E03,2015-12-01,13.469870669398908,732,0.9838709677419355
E03,2016-01-01,8.769912643051772,734,0.9865591397849462
E03,2016-02-01,8.247601021897811,685,0.9841954022988506
E03,2016-03-01,14.255999184782608,736,0.989247311827957
E03,2016-04-01,55.22651693502825,708,0.9833333333333333
E03,2016-05-01,101.02141461538463,741,0.9959677419354839
E03,2016-06-01,73.89179789325843,712,0.9888888888888889
E03,2016-07-01,78.64321385772914,731,0.9825268817204301
E03,2016-08-01,55.25390694594594,740,0.9946236559139785
E03,2016-09-01,44.515591652661065,714,0.9916666666666667
E03,2016-10-01,25.225454035087722,741,0.9959677419354839
E03,2016-11-01,8.925895633802817,710,0.9861111111111112
E03,2016-12-01,5.005721038406828,703,0.9448924731182796
E03,2017-01-01,5.153393509272468,701,0.9422043010752689
E03,2017-02-01,5.238605829596413,669,0.9955357142857143
E03,2017-03-01,13.840633568521032,737,0.9905913978494624
E03,2017-04-01,36.653672656467315,719,0.9986111111111111
E03,2017-05-01,50.47260273972603,730,0.9811827956989247
E03,2017-06-01,67.83960948396094,717,0.9958333333333333
E03,2017-07-01,65.57027027027027,740,0.9946236559139785
E03,2017-08-01,55.88451086956522,736,0.989247311827957
E03,2017-09-01,53.76231884057971,690,0.9583333333333334
E03,2017-10-01,21.817934782608695,736,0.989247311827957
E03,2017-11-01,13.982683982683982,693,0.9625
E03,2017-12-01,6.717185385656292,739,0.9932795698924731
E03,2018-01-01,4.771631205673759,705,0.9475806451612904
E03,2018-02-01,5.619970193740685,671,0.9985119047619048
E03,2018-03-01,13.380434782608695,736,0.989247311827957
E03,2018-04-01,44.35663338088445,701,0.9736111111111111
E03,2018-05-01,70.68598382749326,742,0.9973118279569892
E03,2018-06-01,76.21478382147838,717,0.9958333333333333
E03,2018-07-01,80.66666666666667,741,0.9959677419354839
E03,2018-08-01,63.296495956873315,742,0.9973118279569892
E03,2018-09-01,38.53695955369596,717,0.9958333333333333
E03,2018-10-01,24.578734858681024,743,0.9986559139784946
E03,2018-11-01,12.55680224403927,713,0.9902777777777778
E03,2018-12-01,5.282814614343708,739,0.9932795698924731
E03,2019-01-01,4.784366576819407,742,0.9973118279569892
E03,2019-02-01,5.091317365269461,668,0.9940476190476191
E03,2019-03-01,8.53494623655914,744,1.0
E03,2019-04-01,38.698140200286126,699,0.9708333333333333
E03,2019-05-01,47.21174863387978,732,0.9838709677419355
E03,2019-06-01,47.69522471910113,712,0.9888888888888889
E03,2019-07-01,57.975675675675674,740,0.9946236559139785
E03,2019-08-01,66.52759084791386,743,0.9986559139784946
E03,2019-09-01,38.90972222222222,720,1.0
E03,2019-10-01,22.550135501355015,738,0.9919354838709677
E03,2019-11-01,9.854166666666666,720,1.0
E03,2019-12-01,4.449255751014885,739,0.9932795698924731
E03,2020-01-01,3.6088709677419355,744,1.0
E03,2020-02-01,5.232658959537572,692,0.9942528735632183
E03,2020-03-01,6.426450742240216,741,0.9959677419354839
E03,2020-04-01,38.28451882845188,717,0.9958333333333333
E03,2020-05-01,54.06530612244898,735,0.9879032258064516
E03,2020-06-01,45.205882352941174,714,0.9916666666666667
E03,2020-07-01,65.84054054054054,740,0.9946236559139785
E03,2020-08-01,61.99863945578231,735,0.9879032258064516
E03,2020-09-01,37.10138888888889,720,1.0
E03,2020-10-01,18.531628532974427,743,0.9986559139784946
E03,2020-11-01,7.977653631284916,716,0.9944444444444445
E03,2020-12-01,5.0829817158931085,711,0.9556451612903226
E03,2021-01-01,4.358870967741935,744,1.0
E03,2021-02-01,4.247261345852895,639,0.9508928571428571
E03,2021-03-01,5.221322537112011,741,0.9959677419354839
E03,2021-04-01,31.86318758815233,709,0.9847222222222223
E03,2021-05-01,48.38288920056101,713,0.9583333333333334
E03,2021-06-01,64.41678726483357,691,0.9597222222222223
E03,2021-07-01,57.415277777777774,720,0.967741935483871
E03,2021-08-01,43.15290933694181,739,0.9932795698924731
E03,2021-09-01,33.794326241134755,705,0.9791666666666666
E03,2021-10-01,16.592193808882907,743,0.9986559139784946
E03,2021-11-01,5.572222222222222,720,1.0
E03,2021-12-01,4.171621621621622,740,0.9946236559139785
E03,2022-01-01,4.318977119784657,743,0.9986559139784946
E03,2022-02-01,4.995495495495495,666,0.9910714285714286
E03,2022-03-01,11.535230352303524,738,0.9919354838709677
E03,2022-04-01,32.49022346368715,716,0.9944444444444445
E03,2022-05-01,73.61290322580645,744,1.0
E03,2022-06-01,53.616809116809115,702,0.975
E03,2022-07-01,45.333333333333336,744,1.0
E03,2022-08-01,51.681022880215345,743,0.9986559139784946
E03,2022-09-01,31.637883008356546,718,0.9972222222222222
E03,2022-10-01,14.424528301886792,742,0.9973118279569892
E03,2022-11-01,6.942976356050069,719,0.9986111111111111
E03,2022-12-01,2.7838709677419353,310,0.4166666666666667
E03,2023-02-01,4.541666666666667,144,0.21428571428571427
E03,2023-03-01,8.778393351800554,722,0.9704301075268817
E03,2023-04-01,19.554621848739497,714,0.9916666666666667
E03,2023-05-01,35.24492557510149,739,0.9932795698924731
E03,2023-06-01,46.726134585289515,639,0.8875
E03,2023-07-01,44.498655913978496,744,1.0
E03,2023-08-01,48.89851150202977,739,0.9932795698924731
E03,2023-09-01,20.142857142857142,14,0.019444444444444445
E03,2023-10-01,16.458143074581432,657,0.8830645161290323
E03,2023-11-01,11.73018080667594,719,0.9986111111111111
E03,2023-12-01,5.299457994579946,738,0.9919354838709677
E03,2024-01-01,3.7903225806451615,744,1.0
E03,2024-02-01,3.0955414012738856,628,0.9022988505747126
E03,2024-03-01,6.79810298102981,738,0.9919354838709677
E03,2024-04-01,21.920612813370475,718,0.9972222222222222
E03,2024-05-01,65.02830188679245,742,0.9973118279569892
E03,2024-06-01,36.81767180925666,713,0.9902777777777778
E03,2024-07-01,49.549789621318375,713,0.9583333333333334
E03,2024-08-01,45.001347708894876,742,0.9973118279569892
E03,2024-09-01,26.951117318435752,716,0.9944444444444445
E03,2024-10-01,11.547169811320755,742,0.9973118279569892
E03,2024-11-01,5.126740947075209,718,0.9972222222222222
E03,2024-12-01,3.261455525606469,742,0.9973118279569892
E03,2025-01-01,2.1859838274932613,742,0.9973118279569892
E03,2025-02-01,2.5536,625,0.9300595238095238
E03,2025-03-01,5.874828060522696,727,0.9771505376344086
E03,2025-04-01,21.253313696612665,679,0.9430555555555555
E03,2025-05-01,35.92982456140351,741,0.9959677419354839
E03,2025-06-01,49.909604519774014,708,0.9833333333333333
E03,2025-07-01,63.36607142857143,560,0.7526881720430108
E03,2025-09-01,22.813169984686063,653,0.9069444444444444
E03,2025-10-01,10.290148448043185,741,0.9959677419354839
E03,2025-11-01,5.172073342736248,709,0.9847222222222223
E03,2025-12-01,2.557951482479784,742,0.9973118279569892
E03,2026-01-01,3.2129380053908356,742,0.9973118279569892
E03,2026-02-01,2.5485799701046337,669,0.9955357142857143
E03,2026-03-01,9.271370420624152,737,0.9905913978494624
E03,2026-04-01,24.694690265486727,678,0.9416666666666667
E03,2026-05-01,45.33423180592992,742,0.9973118279569892
E03,2026-06-01,45.50488145048814,717,0.9958333333333333
E03,2026-07-01,44.45283018867924,742,0.9973118279569892
E03,2026-08-01,42.32297297297297,740,0.9946236559139785
E03,2026-09-01,32.016129032258064,310,0.4305555555555556
E04,2017-10-01,16.759825327510917,229,0.3077956989247312
E04,2017-11-01,11.56782334384858,634,0.8805555555555555
E04,2017-12-01,7.937799043062201,627,0.842741935483871
E04,2018-01-01,7.050964187327824,726,0.9758064516129032
E04,2018-02-01,7.3576982892690515,643,0.9568452380952381
E04,2018-03-01,13.357142857142858,714,0.9596774193548387
E04,2018-04-01,29.913107511045656,679,0.9430555555555555
E04,2018-05-01,44.579945799457995,738,0.9919354838709677
E04,2018-06-01,46.682072829131656,714,0.9916666666666667
E04,2018-07-01,60.01754385964912,741,0.9959677419354839
E04,2018-08-01,46.52297297297297,740,0.9946236559139785
E04,2018-09-01,31.751793400286942,697,0.9680555555555556
E04,2018-10-01,18.067842605156038,737,0.9905913978494624
E04,2018-11-01,11.525787965616045,698,0.9694444444444444
E04,2018-12-01,7.328212290502793,716,0.9623655913978495
E04,2019-01-01,6.935135135135135,740,0.9946236559139785
E04,2019-02-01,8.431924882629108,639,0.9508928571428571
E04,2019-03-01,11.348870056497175,708,0.9516129032258065
E04,2019-04-01,28.079825834542817,689,0.9569444444444445
E04,2019-05-01,39.89771197846568,743,0.9986559139784946
E04,2019-06-01,52.831944444444446,720,1.0
E04,2019-07-01,45.45156889495225,733,0.9852150537634409
E04,2019-08-01,40.71270718232044,724,0.9731182795698925
E04,2019-09-01,25.678821879382888,713,0.9902777777777778
E04,2019-10-01,15.599706744868035,682,0.9166666666666666
E04,2019-11-01,9.801112656467316,719,0.9986111111111111
E04,2019-12-01,6.2594594594594595,740,0.9946236559139785
E04,2020-01-01,4.922190201729107,694,0.9327956989247311
E04,2020-02-01,5.700729927007299,685,0.9841954022988506
E04,2020-03-01,7.408275862068965,725,0.9744623655913979
E04,2020-04-01,28.737430167597765,716,0.9944444444444445
E04,2020-05-01,53.49731182795699,744,1.0
E04,2020-06-01,33.60639777468707,719,0.9986111111111111
E04,2020-07-01,47.38575268817204,744,1.0
E04,2020-08-01,49.48173207036536,739,0.9932795698924731
E04,2020-09-01,36.608333333333334,720,1.0
E04,2020-10-01,18.27137042062415,737,0.9905913978494624
E04,2020-11-01,8.554469273743017,716,0.9944444444444445
E04,2020-12-01,5.663487738419619,734,0.9865591397849462
E04,2021-01-01,4.163978494623656,744,1.0
E04,2021-02-01,5.214925373134329,670,0.9970238095238095
E04,2021-03-01,6.763832658569501,741,0.9959677419354839
E04,2021-04-01,20.91073919107392,717,0.9958333333333333
E04,2021-05-01,44.81266846361186,742,0.9973118279569892
E04,2021-06-01,67.77266387726638,717,0.9958333333333333
E04,2021-07-01,56.935483870967744,744,1.0
E04,2021-08-01,40.92866756393001,743,0.9986559139784946
E04,2021-09-01,32.25,720,1.0
E04,2021-10-01,17.117726657645466,739,0.9932795698924731
E04,2021-11-01,7.434722222222222,720,1.0
E04,2021-12-01,5.60377358490566,742,0.9973118279569892
E04,2022-01-01,4.318977119784657,743,0.9986559139784946
E04,2022-02-01,5.403874813710879,671,0.9985119047619048
E04,2022-03-01,12.946236559139784,744,1.0
E04,2022-04-01,31.83008356545961,718,0.9972222222222222
E04,2022-05-01,54.630376344086024,744,1.0
E04,2022-06-01,62.058414464534074,719,0.9986111111111111
E04,2022-07-01,43.211021505376344,744,1.0
E04,2022-08-01,50.66575342465753,730,0.9811827956989247
E04,2022-09-01,35.577777777777776,720,1.0
E04,2022-10-01,15.153515064562411,697,0.9368279569892473
E04,2022-11-01,6.376388888888889,720,1.0
E04,2022-12-01,3.4141732283464568,635,0.853494623655914
E04,2023-01-01,3.1021505376344085,744,1.0
E04,2023-02-01,4.61741835147745,643,0.9568452380952381
E04,2023-03-01,10.538978494623656,744,1.0
E04,2023-04-01,19.33008356545961,718,0.9972222222222222
E04,2023-05-01,32.23924731182796,744,1.0
E04,2023-06-01,39.190807799442894,718,0.9972222222222222
E04,2023-07-01,37.405913978494624,744,1.0
E04,2023-08-01,40.19137466307278,742,0.9973118279569892
E04,2023-09-01,27.556944444444444,720,1.0
E04,2023-10-01,14.33739837398374,738,0.9919354838709677
E04,2023-11-01,12.864525139664805,716,0.9944444444444445
E04,2023-12-01,4.982456140350878,741,0.9959677419354839
E04,2024-01-01,3.3728129205921937,743,0.9986559139784946
E04,2024-02-01,4.229437229437229,693,0.9956896551724138
E04,2024-03-01,10.055256064690028,742,0.9973118279569892
E04,2024-04-01,22.875,672,0.9333333333333333
E04,2024-05-01,58.62903225806452,744,1.0
E04,2024-06-01,32.01164483260553,687,0.9541666666666667
E04,2024-07-01,49.93814432989691,679,0.9126344086021505
E04,2024-08-01,46.50277777777778,720,0.967741935483871
E04,2024-09-01,31.398328690807798,718,0.9972222222222222
E04,2024-10-01,14.742198100407055,737,0.9905913978494624
E04,2024-11-01,9.12709497206704,716,0.9944444444444445
E04,2024-12-01,6.071621621621621,740,0.9946236559139785
E04,2025-01-01,4.025606469002695,742,0.9973118279569892
E04,2025-02-01,4.22154779969651,659,0.9806547619047619
E04,2025-03-01,8.325,720,0.967741935483871
E04,2025-04-01,24.46783625730994,684,0.95
E04,2025-05-01,33.86657681940701,742,0.9973118279569892
E04,2025-06-01,43.28551532033426,718,0.9972222222222222
E04,2025-07-01,34.34146341463415,738,0.9919354838709677
E04,2025-08-01,31.963660834454913,743,0.9986559139784946
E04,2025-09-01,25.83399209486166,253,0.35138888888888886
E04,2025-10-01,10.06,600,0.8064516129032258
E04,2025-11-01,6.149859943977591,714,0.9916666666666667
E04,2025-12-01,3.4460916442048517,742,0.9973118279569892
E04,2026-01-01,3.998650472334683,741,0.9959677419354839
E04,2026-02-01,4.032786885245901,671,0.9985119047619048
E04,2026-03-01,11.432614555256064,742,0.9973118279569892
E04,2026-04-01,19.025824964131996,697,0.9680555555555556
E04,2026-05-01,46.35579514824798,742,0.9973118279569892
E04,2026-06-01,42.316155988857936,718,0.9972222222222222
E04,2026-07-01,48.66801619433198,741,0.9959677419354839
E04,2026-08-01,32.611036339165544,743,0.9986559139784946
E04,2026-09-01,28.751612903225805,310,0.4305555555555556
E06,2011-06-01,13.311591432748537,342,0.475
E06,2011-07-01,16.98662625,744,1.0
E06,2011-08-01,13.666592243436755,419,0.5631720430107527
E08,2018-09-01,11.803459119496855,636,0.8833333333333333
E08,2018-10-01,7.078697421981004,737,0.9905913978494624
E08,2018-11-01,6.887218045112782,133,0.18472222222222223
E08,2018-12-01,5.794202898550725,690,0.9274193548387096
E08,2019-01-01,4.123641304347826,736,0.989247311827957
E08,2019-02-01,4.4895209580838324,668,0.9940476190476191
E08,2019-03-01,4.4185733512786,743,0.9986559139784946
E08,2019-04-01,9.6993006993007,715,0.9930555555555556
E08,2019-05-01,10.96635262449529,743,0.9986559139784946
E08,2019-06-01,12.662337662337663,693,0.9625
E08,2019-07-01,11.978465679676985,743,0.9986559139784946
E08,2019-08-01,14.568521031207599,737,0.9905913978494624
E08,2019-09-01,9.319888734353269,719,0.9986111111111111
E08,2019-10-01,6.164688427299703,674,0.9059139784946236
E08,2019-11-01,3.9594405594405595,715,0.9930555555555556
E08,2019-12-01,3.6224066390041494,723,0.9717741935483871
E08,2020-01-01,4.68371467025572,743,0.9986559139784946
E08,2020-02-01,3.8805755395683454,695,0.9985632183908046
E08,2020-03-01,4.106145251396648,716,0.9623655913978495
E08,2020-04-01,9.682008368200837,717,0.9958333333333333
E08,2020-05-01,11.33042212518195,687,0.9233870967741935
E08,2020-06-01,6.9345403899721445,718,0.9972222222222222
E08,2020-07-01,14.362045760430686,743,0.9986559139784946
E08,2020-08-01,15.450134770889488,742,0.9973118279569892
E08,2020-09-01,12.0768156424581,716,0.9944444444444445
E08,2020-10-01,6.2527027027027025,740,0.9946236559139785
E08,2020-11-01,4.230555555555555,720,1.0
E08,2020-12-01,4.129729729729729,740,0.9946236559139785
E08,2021-01-01,4.425302826379542,743,0.9986559139784946
E08,2021-02-01,5.594311377245509,668,0.9940476190476191
E08,2021-03-01,4.393243243243243,740,0.9946236559139785
E08,2021-04-01,8.445682451253482,718,0.9972222222222222
E08,2021-05-01,11.597527472527473,728,0.978494623655914
E08,2021-06-01,14.108983799705449,679,0.9430555555555555
E08,2021-07-01,14.55121293800539,742,0.9973118279569892
E08,2021-08-01,13.05256064690027,742,0.9973118279569892
E08,2021-09-01,10.622562674094707,718,0.9972222222222222
E08,2021-10-01,7.222377622377622,715,0.9610215053763441
E08,2021-11-01,3.692528735632184,696,0.9666666666666667
E08,2021-12-01,3.573549257759784,741,0.9959677419354839
E08,2022-01-01,2.575107296137339,699,0.9395161290322581
E08,2022-02-01,3.408682634730539,668,0.9940476190476191
E08,2022-03-01,5.2196765498652296,742,0.9973118279569892
E08,2022-04-01,8.236033519553073,716,0.9944444444444445
E08,2022-05-01,13.608870967741936,744,1.0
E08,2022-06-01,11.573018080667595,719,0.9986111111111111
E08,2022-07-01,11.346796657381615,718,0.9650537634408602
E08,2022-08-01,17.535666218034994,743,0.9986559139784946
E08,2022-09-01,11.088888888888889,720,1.0
E08,2022-10-01,5.384615384615385,741,0.9959677419354839
E08,2022-11-01,3.671511627906977,688,0.9555555555555556
E08,2022-12-01,4.549125168236878,743,0.9986559139784946
E08,2023-01-01,2.824891461649783,691,0.928763440860215
E08,2023-02-01,5.837349397590361,664,0.9880952380952381
E08,2023-03-01,5.067294751009421,743,0.9986559139784946
E08,2023-04-01,7.857740585774058,717,0.9958333333333333
E08,2023-05-01,11.302826379542395,743,0.9986559139784946
E08,2023-06-01,12.632311977715878,718,0.9972222222222222
E08,2023-07-01,13.543010752688172,744,1.0
E08,2023-08-01,12.96236559139785,744,1.0
E08,2023-09-01,11.916666666666666,720,1.0
E08,2023-10-01,9.268918918918919,740,0.9946236559139785
E08,2023-11-01,4.873435326842837,719,0.9986111111111111
E08,2023-12-01,4.190026954177897,742,0.9973118279569892
E08,2024-01-01,5.672947510094213,743,0.9986559139784946
E08,2024-02-01,4.428571428571429,693,0.9956896551724138
E08,2024-03-01,5.182068965517241,725,0.9744623655913979
E08,2024-04-01,7.0251396648044695,716,0.9944444444444445
E08,2024-05-01,16.93943472409152,743,0.9986559139784946
E08,2024-06-01,7.054054054054054,629,0.8736111111111111
E08,2024-10-01,3.4293948126801155,347,0.46639784946236557
E08,2024-11-01,2.5195530726256985,716,0.9944444444444445
E08,2024-12-01,3.5899280575539567,695,0.9341397849462365
E08,2025-01-01,2.9498644986449865,738,0.9919354838709677
E08,2025-02-01,3.573134328358209,670,0.9970238095238095
E08,2025-03-01,7.2789757412398925,742,0.9973118279569892
E08,2025-04-01,18.156558533145276,709,0.9847222222222223
E08,2025-05-01,32.39165545087483,743,0.9986559139784946
E08,2025-06-01,42.362116991643454,718,0.9972222222222222
E08,2025-07-01,42.649595687331534,742,0.9973118279569892
E08,2025-08-01,32.45222072678331,743,0.9986559139784946
E08,2025-09-01,21.597202797202797,715,0.9930555555555556
E08,2025-10-01,8.23149394347241,743,0.9986559139784946
E08,2025-11-01,3.5328467153284673,548,0.7611111111111111
E08,2025-12-01,1.9732620320855614,187,0.2513440860215054
E08,2026-01-01,1.630188679245283,265,0.35618279569892475
E08,2026-02-01,1.6950354609929077,282,0.41964285714285715
E08,2026-03-01,8.47913862718708,743,0.9986559139784946
E08,2026-04-01,18.535664335664336,715,0.9930555555555556
E08,2026-05-01,43.61911170928668,743,0.9986559139784946
E08,2026-06-01,44.09874826147427,719,0.9986111111111111
E08,2026-07-01,44.4177897574124,742,0.9973118279569892
E08,2026-08-01,37.12398921832884,742,0.9973118279569892
E08,2026-09-01,32.47249190938511,309,0.42916666666666664
F01,2000-01-01,16.5,26,0.03494623655913978
F01,2013-04-01,0.0,1,0.001388888888888889
F01,2013-11-01,15.380952380952381,84,0.11666666666666667
F01,2013-12-01,15.82027027027027,740,0.9946236559139785
F01,2014-01-01,14.66891891891892,740,0.9946236559139785
F01,2014-02-01,14.98644578313253,664,0.9880952380952381
F01,2014-03-01,14.351278600269179,743,0.9986559139784946
F01,2014-04-01,19.020833333333332,336,0.4666666666666667
F01,2014-05-01,15.47972972972973,740,0.9946236559139785
F01,2014-06-01,15.979166666666666,720,1.0
F01,2014-07-01,19.90663058186739,739,0.9932795698924731
F01,2014-08-01,17.006417311827956,744,1.0
F01,2014-09-01,13.913537837988825,716,0.9944444444444445
F01,2014-10-01,14.28287678763441,744,1.0
F01,2014-11-01,12.017579239554317,718,0.9972222222222222
F01,2014-12-01,12.169758196500673,743,0.9986559139784946
F01,2015-01-01,11.996148454301075,744,1.0
F01,2015-02-01,12.24695431547619,672,1.0
F01,2015-03-01,11.462289381720431,744,1.0
F01,2015-04-01,13.784290402777778,720,1.0
F01,2015-05-01,15.38711394557823,735,0.9879032258064516
F01,2015-06-01,16.57340092495637,573,0.7958333333333333
F01,2015-07-01,16.067167584803258,737,0.9905913978494624
F01,2015-08-01,13.64095483568075,639,0.8588709677419355
F01,2015-09-01,13.932416861924686,717,0.9958333333333333
F01,2015-10-01,12.317717246963564,741,0.9959677419354839
F01,2015-11-01,12.123292097222222,720,1.0
F01,2015-12-01,11.825910390309556,743,0.9986559139784946
F01,2016-01-01,11.120321747311827,744,1.0
F01,2016-02-01,12.763881849710982,692,0.9942528735632183
F01,2016-03-01,14.794992895927601,663,0.8911290322580645
F01,2016-04-01,8.888144266467066,668,0.9277777777777778
F01,2016-05-01,12.132652843665769,742,0.9973118279569892
F01,2016-06-01,13.090330041958042,715,0.9930555555555556
F01,2016-07-01,15.500189114441417,734,0.9865591397849462
F01,2016-08-01,11.817064623044098,703,0.9448924731182796
F01,2016-09-01,12.010860850767084,717,0.9958333333333333
F01,2016-10-01,8.989457686062247,739,0.9932795698924731
F01,2016-11-01,10.448043800841514,713,0.9902777777777778
F01,2016-12-01,10.527491289009498,737,0.9905913978494624
F01,2017-01-01,8.936865080862534,742,0.9973118279569892
F01,2017-02-01,12.094735179640718,668,0.9940476190476191
F01,2017-03-01,11.931334952510177,737,0.9905913978494624
F01,2017-04-01,12.431856443514643,717,0.9958333333333333
F01,2017-05-01,12.068548387096774,744,1.0
F01,2017-06-01,13.498607242339833,718,0.9972222222222222
F01,2017-07-01,13.21497919556172,721,0.9690860215053764
F01,2017-08-01,13.252032520325203,738,0.9919354838709677
F01,2017-09-01,11.330520393811533,711,0.9875
F01,2017-10-01,10.5,736,0.989247311827957
F01,2017-11-01,10.535764375876578,713,0.9902777777777778
F01,2017-12-01,13.10840108401084,738,0.9919354838709677
F01,2018-01-01,11.645293315143247,733,0.9852150537634409
F01,2018-02-01,11.131297709923665,655,0.9747023809523809
F01,2018-03-01,12.294605809128631,723,0.9717741935483871
F01,2018-04-01,13.129760225669958,709,0.9847222222222223
F01,2018-05-01,13.501392757660167,718,0.9650537634408602
F01,2018-06-01,15.519094766619519,707,0.9819444444444444
F01,2018-07-01,13.626886145404663,729,0.9798387096774194
F01,2018-08-01,13.253405994550409,734,0.9865591397849462
F01,2018-09-01,11.17963224893918,707,0.9819444444444444
F01,2018-10-01,10.566115702479339,726,0.9758064516129032
F01,2018-11-01,17.768055555555556,720,1.0
F01,2018-12-01,11.324731182795698,465,0.625
F01,2019-01-01,12.172972972972973,185,0.24865591397849462
F01,2019-02-01,10.930722891566266,664,0.9880952380952381
F01,2019-03-01,12.09433962264151,742,0.9973118279569892
F01,2019-04-01,11.59217877094972,716,0.9944444444444445
F01,2019-05-01,12.98224043715847,732,0.9838709677419355
F01,2019-06-01,13.374468085106383,705,0.9791666666666666
F01,2019-07-01,9.941891891891892,740,0.9946236559139785
F01,2019-08-01,9.107671601615074,743,0.9986559139784946
F01,2019-09-01,10.204836415362731,703,0.9763888888888889
F01,2019-10-01,11.13611859838275,742,0.9973118279569892
F01,2019-11-01,10.97317436661699,671,0.9319444444444445
F01,2019-12-01,12.379542395693136,743,0.9986559139784946
F01,2020-01-01,9.174964438122332,703,0.9448924731182796
F01,2020-02-01,11.838612368024133,663,0.9525862068965517
F01,2020-03-01,10.76933514246947,737,0.9905913978494624
F01,2020-04-01,12.414908579465541,711,0.9875
F01,2020-05-01,14.044654939106902,739,0.9932795698924731
F01,2020-06-01,12.707865168539326,712,0.9888888888888889
F01,2020-07-01,12.80952380952381,735,0.9879032258064516
F01,2020-08-01,11.9,740,0.9946236559139785
F01,2020-09-01,11.152875175315568,713,0.9902777777777778
F01,2020-10-01,12.080054274084125,737,0.9905913978494624
F01,2020-11-01,11.637142857142857,700,0.9722222222222222
F01,2020-12-01,11.682385575589459,721,0.9690860215053764
F01,2021-01-01,10.499302649930264,717,0.9637096774193549
F01,2021-02-01,12.230652503793626,659,0.9806547619047619
F01,2021-03-01,13.281899109792285,674,0.9059139784946236
F01,2021-04-01,12.695035460992909,705,0.9791666666666666
F01,2021-05-01,13.093406593406593,728,0.978494623655914
F01,2021-06-01,13.935843793584379,717,0.9958333333333333
F01,2021-07-01,13.125170068027211,735,0.9879032258064516
F01,2021-08-01,10.529251700680271,735,0.9879032258064516
F01,2021-09-01,9.45203488372093,688,0.9555555555555556
F01,2021-10-01,11.12043301759134,739,0.9932795698924731
F01,2021-11-01,8.96633941093969,713,0.9902777777777778
F01,2021-12-01,9.042349726775956,732,0.9838709677419355
F01,2022-01-01,9.646657571623464,733,0.9852150537634409
F01,2022-02-01,11.908536585365853,656,0.9761904761904762
F01,2022-03-01,13.557851239669422,726,0.9758064516129032
F01,2022-04-01,12.666184971098266,692,0.9611111111111111
F01,2022-05-01,12.81456043956044,728,0.978494623655914
F01,2022-06-01,14.100430416068866,697,0.9680555555555556
F01,2022-07-01,10.87673343605547,649,0.8723118279569892
F01,2022-08-01,11.478620689655173,725,0.9744623655913979
F01,2022-09-01,9.830188679245284,318,0.44166666666666665
F01,2022-10-01,10.594427244582043,646,0.8682795698924731
F01,2022-11-01,10.246355685131196,686,0.9527777777777777
F01,2022-12-01,10.398639455782313,735,0.9879032258064516
F01,2023-01-01,12.0708446866485,734,0.9865591397849462
F01,2023-02-01,11.413740458015267,655,0.9747023809523809
F01,2023-03-01,10.966053748231966,707,0.9502688172043011
F01,2023-04-01,12.100813008130082,615,0.8541666666666666
F01,2023-05-01,10.50948905109489,685,0.9206989247311828
F01,2023-06-01,10.955489614243323,674,0.9361111111111111
F01,2023-07-01,10.311079545454545,704,0.946236559139785
F01,2023-08-01,9.566358024691358,648,0.8709677419354839
F01,2023-09-01,10.068759342301943,669,0.9291666666666667
F01,2023-10-01,9.873744619799139,697,0.9368279569892473
F01,2023-11-01,9.22840409956076,683,0.9486111111111111
F01,2023-12-01,10.016901408450705,710,0.9543010752688172
F01,2024-01-01,9.641210374639769,694,0.9327956989247311
F01,2024-02-01,9.226608187134502,684,0.9827586206896551
F01,2024-03-01,9.459863945578231,735,0.9879032258064516
F01,2024-04-01,10.840336134453782,714,0.9916666666666667
F01,2024-05-01,8.915416098226467,733,0.9852150537634409
F01,2024-06-01,11.304654442877291,709,0.9847222222222223
F01,2024-07-01,12.2,740,0.9946236559139785
F01,2024-08-01,9.710777626193725,733,0.9852150537634409
F01,2024-09-01,8.642356241234221,713,0.9902777777777778
F01,2024-10-01,9.26886145404664,729,0.9798387096774194
F01,2024-11-01,8.981348637015781,697,0.9680555555555556
F01,2024-12-01,10.583561643835617,730,0.9811827956989247
F01,2025-01-01,10.294594594594594,740,0.9946236559139785
F01,2025-02-01,9.95702479338843,605,0.9002976190476191
F01,2025-03-01,12.336065573770492,732,0.9838709677419355
F01,2025-04-01,12.547486033519553,716,0.9944444444444445
F01,2025-05-01,11.722972972972974,740,0.9946236559139785
F01,2025-06-01,12.05439330543933,717,0.9958333333333333
F01,2025-07-01,11.740890688259109,741,0.9959677419354839
F01,2025-08-01,9.421703296703297,728,0.978494623655914
F01,2025-09-01,10.584415584415584,693,0.9625
F01,2025-10-01,12.846260387811634,722,0.9704301075268817
F01,2025-11-01,14.645209580838323,668,0.9277777777777778
F01,2025-12-01,17.414050822122572,669,0.8991935483870968
F01,2026-01-01,17.781159420289853,690,0.9274193548387096
F01,2026-02-01,11.107913669064748,556,0.8273809523809523
F01,2026-03-01,14.038516405135521,701,0.9422043010752689
F01,2026-04-01,13.743401759530792,682,0.9472222222222222
F01,2026-05-01,11.304044630404462,717,0.9637096774193549
F01,2026-06-01,9.919491525423728,708,0.9833333333333333
F01,2026-07-01,10.591412742382271,722,0.9704301075268817
F01,2026-08-01,8.948790896159316,703,0.9448924731182796
F01,2026-09-01,9.9198606271777,287,0.39861111111111114
