nivel,zona,mes,n_est,obs,obs_p25,obs_p75,cams_pm10
nacional,Chile,2019-01-01,59,35.599285,25.972609519958496,45.62601661682129,18.381916
nacional,Chile,2019-02-01,59,40.893894,33.67281532287598,48.568782806396484,20.6096
nacional,Chile,2019-03-01,60,43.034885,33.85892295837402,52.410858154296875,28.157082
nacional,Chile,2019-04-01,61,50.231186,36.846797943115234,59.69790267944336,43.987183
nacional,Chile,2019-05-01,62,57.469707,41.93697261810303,71.1656723022461,60.41973
nacional,Chile,2019-06-01,60,55.453526,36.31264400482178,67.36848449707031,50.12116
nacional,Chile,2019-07-01,64,59.495358,34.48533248901367,74.716064453125,61.036835
nacional,Chile,2019-08-01,63,52.199993,37.05376434326172,64.79056930541992,52.423824
nacional,Chile,2019-09-01,63,36.392994,28.088665008544922,43.325693130493164,38.578987
nacional,Chile,2019-10-01,64,34.420086,27.029371738433838,40.73491668701172,28.870668
nacional,Chile,2019-11-01,65,35.716335,23.15760040283203,46.04225540161133,35.559597
nacional,Chile,2019-12-01,64,35.87701,23.570449829101562,45.442726135253906,22.216873
nacional,Chile,2020-01-01,66,38.44983,27.57507085800171,49.58382987976074,25.951809
nacional,Chile,2020-02-01,65,39.713665,27.480117797851562,50.34687805175781,25.793945
nacional,Chile,2020-03-01,65,36.31099,24.717741012573242,42.75235366821289,26.764917
nacional,Chile,2020-04-01,65,44.04676,31.448951721191406,52.82681655883789,40.78476
nacional,Chile,2020-05-01,64,54.15555,39.105403900146484,64.01586246490479,52.34503
nacional,Chile,2020-06-01,65,48.185257,32.956382751464844,61.408451080322266,45.823296
nacional,Chile,2020-07-01,65,51.78709,31.566038131713867,66.4491195678711,49.8147
nacional,Chile,2020-08-01,64,42.750526,29.63418197631836,54.01698398590088,52.303066
nacional,Chile,2020-09-01,64,38.30386,28.133845806121826,46.037330627441406,44.804092
nacional,Chile,2020-10-01,64,33.681465,24.99540662765503,39.621562004089355,27.207357
nacional,Chile,2020-11-01,64,30.528454,21.67892026901245,37.00003623962402,21.611212
nacional,Chile,2020-12-01,69,30.992659,20.914363861083984,39.602149963378906,15.996491
nacional,Chile,2021-01-01,69,31.146198,22.724090576171875,40.30952453613281,19.439539
nacional,Chile,2021-02-01,70,27.96896,19.795466899871826,33.21494102478027,18.569925
nacional,Chile,2021-03-01,72,32.872627,23.696659088134766,40.53118896484375,23.764904
nacional,Chile,2021-04-01,72,37.078117,26.981579780578613,44.18858337402344,34.98707
nacional,Chile,2021-05-01,73,55.243797,38.58356857299805,68.11335754394531,46.549183
nacional,Chile,2021-06-01,73,57.089657,36.22625732421875,71.67366790771484,49.92303
nacional,Chile,2021-07-01,73,59.634296,39.900001525878906,75.09716796875,58.485344
nacional,Chile,2021-08-01,72,47.146145,33.57272148132324,56.52274036407471,47.62376
nacional,Chile,2021-09-01,72,35.36621,27.054001808166504,41.82023048400879,37.957855
nacional,Chile,2021-10-01,72,33.107605,24.10735034942627,40.92726993560791,28.176325
nacional,Chile,2021-11-01,72,30.388527,20.738187789916992,37.27306938171387,19.671997
nacional,Chile,2021-12-01,72,35.30003,25.112425327301025,41.443238258361816,19.963737
nacional,Chile,2022-01-01,72,29.857872,19.788424491882324,39.089064598083496,16.17195
nacional,Chile,2022-02-01,72,37.242706,27.325265884399414,45.896761894226074,20.01193
nacional,Chile,2022-03-01,72,38.612743,26.12502956390381,53.99995994567871,37.3556
nacional,Chile,2022-04-01,73,41.14736,28.800582885742188,48.047420501708984,34.37404
nacional,Chile,2022-05-01,72,59.150215,39.29594421386719,74.4546012878418,53.71452
nacional,Chile,2022-06-01,73,54.165077,35.12682342529297,69.32357025146484,54.948845
nacional,Chile,2022-07-01,73,45.002586,28.94444465637207,59.182796478271484,47.04804
nacional,Chile,2022-08-01,73,45.277958,31.682992935180664,56.0149040222168,50.257294
nacional,Chile,2022-09-01,73,35.730556,27.97765350341797,41.9749641418457,44.82965
nacional,Chile,2022-10-01,73,29.652668,21.02294158935547,37.29551696777344,32.840744
nacional,Chile,2022-11-01,73,29.917402,20.789106369018555,36.4523811340332,25.312078
nacional,Chile,2022-12-01,73,33.37116,22.571428298950195,43.508087158203125,36.248096
nacional,Chile,2023-01-01,72,31.89663,23.281628131866455,41.40748882293701,17.666164
nacional,Chile,2023-02-01,73,53.636395,33.077274322509766,73.00447082519531,117.730484
nacional,Chile,2023-03-01,73,36.011772,25.40217399597168,42.6334228515625,27.653738
nacional,Chile,2023-04-01,73,41.625492,28.893526077270508,53.143455505371094,37.947098
nacional,Chile,2023-05-01,73,51.825447,39.61238098144531,56.36099624633789,47.86169
nacional,Chile,2023-06-01,72,55.59375,36.34592342376709,66.0291633605957,43.9481
nacional,Chile,2023-07-01,72,58.066555,36.226091384887695,76.92619514465332,47.843884
nacional,Chile,2023-08-01,72,45.234943,31.81571340560913,59.43309688568115,39.357338
nacional,Chile,2023-09-01,73,34.099358,22.910987854003906,42.46527862548828,35.09164
nacional,Chile,2023-10-01,73,33.414997,26.20081901550293,39.2395133972168,30.220085
nacional,Chile,2023-11-01,68,26.743093,19.42250967025757,33.341447830200195,22.987484
nacional,Chile,2023-12-01,69,31.011074,22.16958236694336,37.97901153564453,22.64759
nacional,Chile,2024-01-01,69,35.257225,26.849462509155273,39.76881790161133,15.928109
nacional,Chile,2024-02-01,69,35.83511,29.328767776489258,42.495601654052734,23.327827
nacional,Chile,2024-03-01,69,35.324917,25.217206954956055,44.66846466064453,27.453209
nacional,Chile,2024-04-01,69,40.40599,29.623775482177734,50.85933303833008,34.564964
nacional,Chile,2024-05-01,73,57.529236,36.78775405883789,73.09838104248047,54.98293
nacional,Chile,2024-06-01,73,44.394173,28.905941009521484,53.35778045654297,45.444687
nacional,Chile,2024-07-01,72,65.56422,42.93139171600342,82.45515060424805,60.916542
nacional,Chile,2024-08-01,72,45.62397,32.00885200500488,58.73863697052002,46.601044
nacional,Chile,2024-09-01,74,34.560192,25.297784328460693,43.70931816101074,42.757233
nacional,Chile,2024-10-01,74,30.166805,22.921384811401367,37.55319404602051,32.65556
nacional,Chile,2024-11-01,74,29.951998,19.09717893600464,40.3451566696167,21.599861
nacional,Chile,2024-12-01,74,31.986845,23.186537265777588,42.087812423706055,17.870077
macrozona,Norte Grande,2019-01-01,7,36.76779,29.783967971801758,41.08943176269531,7.12118
macrozona,Norte Grande,2019-02-01,7,34.80928,25.072500228881836,40.23985290527344,7.907792
macrozona,Norte Grande,2019-03-01,7,41.46908,38.1917839050293,44.764060974121094,7.1752377
macrozona,Norte Grande,2019-04-01,7,42.900696,34.819719314575195,49.881587982177734,9.475781
macrozona,Norte Grande,2019-05-01,7,42.317413,34.60650825500488,44.26713562011719,13.08187
macrozona,Norte Grande,2019-06-01,6,46.340767,39.378122329711914,46.72148609161377,15.770649
macrozona,Norte Grande,2019-07-01,8,39.51691,30.691879749298096,43.57449436187744,15.711925
macrozona,Norte Grande,2019-08-01,7,43.0173,35.02602767944336,47.00919723510742,14.632961
macrozona,Norte Grande,2019-09-01,7,36.425613,29.731526374816895,38.32924270629883,11.227651
macrozona,Norte Grande,2019-10-01,7,39.091778,31.933920860290527,40.742305755615234,9.80527
macrozona,Norte Grande,2019-11-01,7,37.91959,31.278162956237793,41.88642120361328,7.110307
macrozona,Norte Grande,2019-12-01,6,39.305042,27.665682792663574,44.60040855407715,6.7886143
macrozona,Norte Grande,2020-01-01,8,33.223457,26.81592893600464,43.107943534851074,6.3073764
macrozona,Norte Grande,2020-02-01,8,32.822308,26.71205997467041,37.960909843444824,4.967955
macrozona,Norte Grande,2020-03-01,8,32.08226,25.00437593460083,41.31174087524414,6.7263284
macrozona,Norte Grande,2020-04-01,8,33.07505,30.408339977264404,38.180057525634766,9.878186
macrozona,Norte Grande,2020-05-01,8,38.904694,32.23476314544678,42.074320793151855,13.708676
macrozona,Norte Grande,2020-06-01,8,37.42941,34.23231077194214,40.88584804534912,13.146887
macrozona,Norte Grande,2020-07-01,8,39.86943,30.72112512588501,44.648582458496094,17.687859
macrozona,Norte Grande,2020-08-01,8,37.738197,30.966824054718018,42.214460372924805,14.175615
macrozona,Norte Grande,2020-09-01,8,33.115177,26.90721559524536,37.7333927154541,10.587059
macrozona,Norte Grande,2020-10-01,8,35.748203,27.810094833374023,43.69003868103027,8.080004
macrozona,Norte Grande,2020-11-01,8,35.106342,24.366847038269043,42.67893695831299,8.700918
macrozona,Norte Grande,2020-12-01,8,34.56402,24.171957969665527,43.37322521209717,6.5968194
macrozona,Norte Grande,2021-01-01,8,34.60332,27.427030563354492,41.44575500488281,5.0205307
macrozona,Norte Grande,2021-02-01,8,36.886948,25.09848165512085,47.436421394348145,5.0023913
macrozona,Norte Grande,2021-03-01,8,33.087414,25.178086280822754,42.953834533691406,6.417903
macrozona,Norte Grande,2021-04-01,8,35.24202,32.490925788879395,40.92038822174072,8.841966
macrozona,Norte Grande,2021-05-01,8,36.28935,28.909831523895264,43.756876945495605,14.703297
macrozona,Norte Grande,2021-06-01,8,35.86396,29.998497009277344,42.40793037414551,14.692495
macrozona,Norte Grande,2021-07-01,8,40.466457,33.10346174240112,48.47170448303223,19.607513
macrozona,Norte Grande,2021-08-01,8,37.365593,28.389225482940674,45.043880462646484,17.50306
macrozona,Norte Grande,2021-09-01,8,39.84108,30.273829460144043,48.5772123336792,11.213989
macrozona,Norte Grande,2021-10-01,8,41.815357,34.625882148742676,50.568732261657715,10.467523
macrozona,Norte Grande,2021-11-01,8,34.47066,25.035887718200684,41.989166259765625,9.030946
macrozona,Norte Grande,2021-12-01,8,35.08706,27.39765167236328,40.647966384887695,7.8684754
macrozona,Norte Grande,2022-01-01,8,34.39248,27.609139919281006,40.6173152923584,7.0281196
macrozona,Norte Grande,2022-02-01,8,35.288746,32.107457637786865,39.35725975036621,7.182363
macrozona,Norte Grande,2022-03-01,8,41.424194,32.56224489212036,55.04880237579346,7.9825726
macrozona,Norte Grande,2022-04-01,8,38.486786,26.416409015655518,46.74254131317139,11.840022
macrozona,Norte Grande,2022-05-01,8,40.4342,31.08235216140747,47.55620098114014,15.44615
macrozona,Norte Grande,2022-06-01,8,38.572563,22.74346399307251,44.02387619018555,15.57454
macrozona,Norte Grande,2022-07-01,8,44.45802,28.88846445083618,53.03661346435547,16.437628
macrozona,Norte Grande,2022-08-01,8,42.307415,33.03755187988281,51.25382137298584,16.73939
macrozona,Norte Grande,2022-09-01,8,37.417362,29.26374053955078,40.18012046813965,13.715664
macrozona,Norte Grande,2022-10-01,8,33.75344,25.215824127197266,39.53586483001709,15.128528
macrozona,Norte Grande,2022-11-01,8,39.230644,30.406147480010986,47.258877754211426,10.1493635
macrozona,Norte Grande,2022-12-01,8,37.388897,28.51658582687378,44.866909980773926,6.7426114
macrozona,Norte Grande,2023-01-01,8,37.06524,28.81472873687744,45.11904048919678,7.186836
macrozona,Norte Grande,2023-02-01,8,32.82794,26.919947147369385,39.730530738830566,8.909403
macrozona,Norte Grande,2023-03-01,8,32.96477,26.938111782073975,39.79222011566162,6.7641473
macrozona,Norte Grande,2023-04-01,8,40.233387,32.624598026275635,42.35440444946289,11.293244
macrozona,Norte Grande,2023-05-01,8,45.34986,38.96712923049927,54.15989971160889,14.559119
macrozona,Norte Grande,2023-06-01,8,52.52849,36.15879249572754,63.83902168273926,16.598553
macrozona,Norte Grande,2023-07-01,8,49.89529,33.201834201812744,57.07060432434082,15.385366
macrozona,Norte Grande,2023-08-01,8,46.21491,35.081735610961914,54.45092010498047,13.810983
macrozona,Norte Grande,2023-09-01,8,43.459106,30.989001750946045,47.17479705810547,11.230087
macrozona,Norte Grande,2023-10-01,8,39.849422,27.518019199371338,42.51945781707764,8.950114
macrozona,Norte Grande,2023-11-01,8,38.286045,28.83985710144043,41.128952980041504,8.309238
macrozona,Norte Grande,2023-12-01,8,38.643078,28.899876594543457,44.20029544830322,8.551019
macrozona,Norte Grande,2024-01-01,8,38.232582,28.96386957168579,40.5311803817749,6.09552
macrozona,Norte Grande,2024-02-01,8,36.244125,28.229061603546143,41.51931381225586,9.360318
macrozona,Norte Grande,2024-03-01,8,37.856697,29.09420680999756,44.06209850311279,7.0779114
macrozona,Norte Grande,2024-04-01,8,38.68247,31.14229917526245,38.71621894836426,9.891251
macrozona,Norte Grande,2024-05-01,8,40.245552,30.290496349334717,41.79960250854492,13.744023
macrozona,Norte Grande,2024-06-01,8,43.19428,34.894246101379395,44.625386238098145,14.919059
macrozona,Norte Grande,2024-07-01,8,49.21081,40.24122619628906,48.27094078063965,16.373293
macrozona,Norte Grande,2024-08-01,8,43.245453,38.23758411407471,44.27739238739014,14.016109
macrozona,Norte Grande,2024-09-01,8,41.63758,33.45104265213013,46.1169319152832,13.854549
macrozona,Norte Grande,2024-10-01,8,46.562866,36.534461975097656,49.99930763244629,10.999438
macrozona,Norte Grande,2024-11-01,8,46.62147,38.45963096618652,53.27510356903076,8.989818
macrozona,Norte Grande,2024-12-01,8,46.981388,40.310791969299316,53.1514310836792,8.814153
macrozona,Norte Chico,2019-01-01,2,28.27436,26.022733688354492,30.363977432250977,6.8297267
macrozona,Norte Chico,2019-02-01,2,27.87144,26.166907787322998,30.36084222793579,6.177941
macrozona,Norte Chico,2019-03-01,2,29.649866,27.835013389587402,31.46471881866455,7.1662626
macrozona,Norte Chico,2019-04-01,2,26.69993,25.37364435195923,28.037368297576904,7.706539
macrozona,Norte Chico,2019-05-01,2,27.859543,23.765120029449463,31.95396375656128,8.5240755
macrozona,Norte Chico,2019-06-01,2,25.327766,19.458825826644897,31.24592137336731,8.523459
macrozona,Norte Chico,2019-07-01,2,27.87164,22.832324981689453,32.910953521728516,10.278533
macrozona,Norte Chico,2019-08-01,2,32.3533,25.79912567138672,38.907470703125,11.2977085
macrozona,Norte Chico,2019-09-01,2,22.549511,19.10599684715271,25.9930260181427,7.4682326
macrozona,Norte Chico,2019-10-01,2,29.06734,22.07473587989807,36.11668086051941,7.092183
macrozona,Norte Chico,2019-11-01,2,31.943197,28.496975421905518,35.37014150619507,11.104907
macrozona,Norte Chico,2019-12-01,2,29.493944,25.692677974700928,33.274799823760986,7.0176845
macrozona,Norte Chico,2020-01-01,2,28.892422,26.73974370956421,30.987621784210205,9.056718
macrozona,Norte Chico,2020-02-01,2,31.02174,27.84983491897583,34.12093496322632,5.902527
macrozona,Norte Chico,2020-03-01,2,23.369873,22.7552433013916,23.98615837097168,5.8561106
macrozona,Norte Chico,2020-04-01,2,25.61555,23.136399269104004,27.865336418151855,8.1135025
macrozona,Norte Chico,2020-05-01,2,26.257566,23.51973867416382,29.002766132354736,9.634967
macrozona,Norte Chico,2020-06-01,2,19.36117,15.94824481010437,22.745710611343384,8.506606
macrozona,Norte Chico,2020-07-01,2,19.460135,17.297988653182983,21.576031923294067,10.730117
macrozona,Norte Chico,2020-08-01,2,18.770966,18.550536155700684,18.95544147491455,12.770962
macrozona,Norte Chico,2020-09-01,2,11.268156,7.229810178279877,15.397764027118683,9.476359
macrozona,Norte Chico,2020-10-01,2,17.721088,17.1742901802063,18.256112575531006,7.1036882
macrozona,Norte Chico,2020-11-01,2,21.503149,20.66093683242798,22.371699810028076,6.1833773
macrozona,Norte Chico,2020-12-01,2,23.791666,23.184139251708984,24.399192810058594,5.62401
macrozona,Norte Chico,2021-01-01,2,23.364256,23.048600673675537,23.69762086868286,10.961335
macrozona,Norte Chico,2021-02-01,2,19.53239,19.292416095733643,19.773080348968506,5.309767
macrozona,Norte Chico,2021-03-01,2,22.13459,21.12247610092163,23.1467022895813,5.1564503
macrozona,Norte Chico,2021-04-01,2,23.616621,22.082760334014893,25.13343572616577,6.6907563
macrozona,Norte Chico,2021-05-01,2,21.36493,20.418838500976562,22.293251037597656,9.124481
macrozona,Norte Chico,2021-06-01,2,18.322132,18.17978525161743,18.482619762420654,9.452409
macrozona,Norte Chico,2021-07-01,2,21.126114,19.921853065490723,22.238287925720215,10.823737
macrozona,Norte Chico,2021-08-01,2,19.448856,18.408814907073975,20.488895893096924,9.3162565
macrozona,Norte Chico,2021-09-01,2,23.186014,20.762037754058838,25.651015758514404,8.92406
macrozona,Norte Chico,2021-10-01,2,25.14959,23.256742000579834,27.17076539993286,7.2260623
macrozona,Norte Chico,2021-11-01,2,20.461323,20.218536376953125,20.716720581054688,5.207023
macrozona,Norte Chico,2021-12-01,2,23.098856,22.888279914855957,23.3100004196167,4.8789153
macrozona,Norte Chico,2022-01-01,2,26.216711,24.987448692321777,27.39366626739502,4.8931804
macrozona,Norte Chico,2022-02-01,2,26.891207,26.133492469787598,27.65345287322998,6.0976763
macrozona,Norte Chico,2022-03-01,2,16.502022,9.461622893810272,23.618739664554596,6.810036
macrozona,Norte Chico,2022-04-01,2,19.781033,17.45991826057434,22.11513113975525,8.137114
macrozona,Norte Chico,2022-05-01,2,23.446995,22.065060138702393,24.803048610687256,10.979094
macrozona,Norte Chico,2022-06-01,2,16.015408,15.289361715316772,16.926417589187622,9.567006
macrozona,Norte Chico,2022-07-01,2,16.50975,15.770529985427856,17.246986150741577,7.604496
macrozona,Norte Chico,2022-08-01,2,20.883186,20.373399257659912,21.383427143096924,10.668618
macrozona,Norte Chico,2022-09-01,2,19.785917,18.096463680267334,21.40018129348755,11.382387
macrozona,Norte Chico,2022-10-01,2,17.226051,16.469196796417236,17.9132399559021,10.263669
macrozona,Norte Chico,2022-11-01,2,18.209028,17.78090238571167,18.637152194976807,10.305548
macrozona,Norte Chico,2022-12-01,2,25.836376,23.24063014984131,28.49608325958252,10.514626
macrozona,Norte Chico,2023-01-01,2,30.476095,25.30949831008911,35.656625270843506,6.196435
macrozona,Norte Chico,2023-02-01,2,42.717815,37.833356857299805,47.631608963012695,13.476985
macrozona,Norte Chico,2023-03-01,2,44.83981,35.0737190246582,54.31731033325195,6.2136097
macrozona,Norte Chico,2023-04-01,2,54.004192,38.14308452606201,69.90969944000244,8.006342
macrozona,Norte Chico,2023-05-01,2,65.36426,43.53193950653076,85.30186557769775,9.120932
macrozona,Norte Chico,2023-06-01,2,69.55223,44.53285789489746,94.43260383605957,9.552747
macrozona,Norte Chico,2023-07-01,2,68.019905,43.62202072143555,94.58649063110352,9.377726
macrozona,Norte Chico,2023-08-01,2,69.444595,42.257954359054565,97.22547554969788,8.950473
macrozona,Norte Chico,2023-09-01,2,24.625435,20.104434490203857,29.13388681411743,9.084338
macrozona,Norte Chico,2023-10-01,2,22.181145,20.07516860961914,24.292800903320312,7.864105
macrozona,Norte Chico,2023-11-01,2,21.377266,19.33070182800293,23.389863967895508,6.4153748
macrozona,Norte Chico,2023-12-01,2,21.102892,20.808364868164062,21.398212432861328,6.4342976
macrozona,Norte Chico,2024-01-01,2,21.345896,21.103633403778076,21.58815622329712,4.733213
macrozona,Norte Chico,2024-02-01,2,19.793652,18.804015159606934,20.794777870178223,7.5028577
macrozona,Norte Chico,2024-03-01,2,21.008755,19.880642414093018,22.139909267425537,6.328283
macrozona,Norte Chico,2024-04-01,2,18.652327,18.2162446975708,19.11112880706787,7.2031913
macrozona,Norte Chico,2024-05-01,2,18.191662,16.057384967803955,20.32020330429077,8.258469
macrozona,Norte Chico,2024-06-01,2,13.385953,12.262598752975464,14.515573740005493,8.613158
macrozona,Norte Chico,2024-07-01,2,17.96,16.993958950042725,18.902748584747314,11.287475
macrozona,Norte Chico,2024-08-01,2,14.694694,13.10562515258789,16.219383239746094,10.554389
macrozona,Norte Chico,2024-09-01,2,16.47533,12.504032373428345,20.43560290336609,11.293265
macrozona,Norte Chico,2024-10-01,2,12.70612,10.56157898902893,14.84489893913269,7.7276354
macrozona,Norte Chico,2024-11-01,2,20.059763,18.251853942871094,21.862655639648438,7.060433
macrozona,Norte Chico,2024-12-01,2,24.211239,23.578324794769287,24.856266498565674,6.3041368
macrozona,Centro,2019-01-01,26,43.344357,36.701905250549316,49.33500099182129,29.839832
macrozona,Centro,2019-02-01,26,45.094566,38.71136665344238,50.69346618652344,29.17246
macrozona,Centro,2019-03-01,26,52.55164,44.8660364151001,60.01652812957764,44.37807
macrozona,Centro,2019-04-01,26,61.21753,48.40722942352295,75.96414756774902,68.443436
macrozona,Centro,2019-05-01,26,66.92589,48.88624382019043,87.09074020385742,83.72056
macrozona,Centro,2019-06-01,26,66.24387,41.22287559509277,85.08506774902344,95.4753
macrozona,Centro,2019-07-01,27,75.330185,47.43474769592285,98.40211486816406,118.22769
macrozona,Centro,2019-08-01,27,60.673397,45.685495376586914,78.4275016784668,97.81507
macrozona,Centro,2019-09-01,27,40.98327,33.33281707763672,49.791372299194336,69.11816
macrozona,Centro,2019-10-01,28,41.074883,34.4514045715332,48.43832588195801,46.60562
macrozona,Centro,2019-11-01,28,45.998486,39.819003105163574,54.956265449523926,64.8305
macrozona,Centro,2019-12-01,28,44.624817,35.763224601745605,53.06884288787842,37.411983
macrozona,Centro,2020-01-01,28,47.49204,38.75692367553711,55.44084930419922,34.427593
macrozona,Centro,2020-02-01,27,51.87391,43.1834831237793,60.94893836975098,45.4693
macrozona,Centro,2020-03-01,27,46.537563,33.78583335876465,60.62904930114746,46.095146
macrozona,Centro,2020-04-01,27,54.714626,44.343650817871094,66.0285530090332,67.45804
macrozona,Centro,2020-05-01,27,60.64475,50.893144607543945,73.21502685546875,98.01727
macrozona,Centro,2020-06-01,27,50.260773,33.30145263671875,63.513444900512695,88.6103
macrozona,Centro,2020-07-01,27,53.135902,33.485355377197266,67.79825973510742,96.484436
macrozona,Centro,2020-08-01,27,44.907806,31.974173545837402,58.22325325012207,102.078674
macrozona,Centro,2020-09-01,27,40.16728,30.8920259475708,49.27861785888672,85.340164
macrozona,Centro,2020-10-01,27,39.37966,31.65290927886963,50.25528335571289,48.48683
macrozona,Centro,2020-11-01,27,36.71392,30.727447509765625,44.84264945983887,35.513115
macrozona,Centro,2020-12-01,27,39.012573,31.18966770172119,47.84657287597656,25.19106
macrozona,Centro,2021-01-01,27,39.431572,33.47068214416504,46.341604232788086,34.81196
macrozona,Centro,2021-02-01,27,32.384594,25.7612943649292,41.09374809265137,34.692772
macrozona,Centro,2021-03-01,28,40.120693,32.70047426223755,51.63252830505371,39.480083
macrozona,Centro,2021-04-01,28,45.51942,32.320030212402344,59.07198429107666,64.71289
macrozona,Centro,2021-05-01,29,64.91473,46.912689208984375,85.12584686279297,90.51488
macrozona,Centro,2021-06-01,29,62.023914,45.853759765625,76.8275375366211,100.98077
macrozona,Centro,2021-07-01,29,74.05869,47.8629035949707,98.09677124023438,121.31127
macrozona,Centro,2021-08-01,28,56.811985,42.673439025878906,72.4070873260498,95.78625
macrozona,Centro,2021-09-01,28,37.772655,31.99652862548828,43.96731472015381,76.97406
macrozona,Centro,2021-10-01,28,37.773098,31.044095993041992,44.97022247314453,53.279335
macrozona,Centro,2021-11-01,28,38.144485,31.954634189605713,45.94330596923828,33.768486
macrozona,Centro,2021-12-01,28,40.542515,33.95014953613281,48.69283676147461,29.440638
macrozona,Centro,2022-01-01,28,37.647804,29.789570808410645,46.61499214172363,27.645044
macrozona,Centro,2022-02-01,28,45.06062,38.97999858856201,52.607699394226074,28.449911
macrozona,Centro,2022-03-01,28,52.27987,40.92513179779053,62.0612735748291,47.98296
macrozona,Centro,2022-04-01,29,51.842663,38.63955307006836,67.57242584228516,64.587776
macrozona,Centro,2022-05-01,29,67.76137,43.521087646484375,98.4643325805664,99.34999
macrozona,Centro,2022-06-01,29,62.268154,37.52294921875,86.85952758789062,108.93365
macrozona,Centro,2022-07-01,29,53.18132,34.89381790161133,68.35444641113281,97.47495
macrozona,Centro,2022-08-01,29,53.079678,34.70833206176758,72.17520141601562,101.91455
macrozona,Centro,2022-09-01,29,40.091866,31.10055923461914,50.330543518066406,86.52654
macrozona,Centro,2022-10-01,29,37.031376,29.79973030090332,43.90309524536133,59.127262
macrozona,Centro,2022-11-01,29,36.221336,28.615819931030273,44.81509017944336,43.74774
macrozona,Centro,2022-12-01,29,43.26741,34.01504898071289,51.272212982177734,68.173035
macrozona,Centro,2023-01-01,29,39.374447,32.91935348510742,47.3779411315918,25.433361
macrozona,Centro,2023-02-01,29,63.573414,51.22768020629883,73.80030059814453,69.40295
macrozona,Centro,2023-03-01,29,48.100483,36.238807678222656,61.10612106323242,42.06203
macrozona,Centro,2023-04-01,29,53.45293,35.415042877197266,69.7033462524414,62.858936
macrozona,Centro,2023-05-01,29,62.623688,44.280914306640625,86.65457153320312,88.84857
macrozona,Centro,2023-06-01,29,59.821136,41.13333511352539,77.42061614990234,86.401306
macrozona,Centro,2023-07-01,29,64.03285,39.50135040283203,89.75033569335938,97.0857
macrozona,Centro,2023-08-01,29,44.019268,32.50940704345703,60.781768798828125,77.23954
macrozona,Centro,2023-09-01,30,37.594894,28.078749656677246,44.3305139541626,64.88968
macrozona,Centro,2023-10-01,30,36.885197,30.563593864440918,45.56865310668945,54.10664
macrozona,Centro,2023-11-01,29,29.48124,24.14881706237793,37.15481185913086,38.2471
macrozona,Centro,2023-12-01,30,36.061794,29.082213401794434,47.23628902435303,39.56988
macrozona,Centro,2024-01-01,30,39.913746,33.454484939575195,49.38070201873779,25.366392
macrozona,Centro,2024-02-01,30,42.132736,36.091569900512695,49.235520362854004,39.75151
macrozona,Centro,2024-03-01,30,44.156204,35.45038986206055,53.166462898254395,43.998814
macrozona,Centro,2024-04-01,30,47.499783,32.81281566619873,62.17448329925537,56.94284
macrozona,Centro,2024-05-01,30,54.623676,42.33298587799072,67.06939315795898,95.672905
macrozona,Centro,2024-06-01,30,53.438267,31.561501026153564,68.65532112121582,92.72235
macrozona,Centro,2024-07-01,30,75.72808,52.802595138549805,102.98729515075684,119.324814
macrozona,Centro,2024-08-01,30,44.575893,33.27445411682129,58.87258338928223,89.37602
macrozona,Centro,2024-09-01,30,40.215717,30.56099510192871,51.7980375289917,81.02509
macrozona,Centro,2024-10-01,30,32.53231,24.568054676055908,42.0770845413208,58.5483
macrozona,Centro,2024-11-01,30,36.727345,27.21708106994629,44.94377517700195,36.011364
macrozona,Centro,2024-12-01,30,38.36556,29.03662633895874,47.70358657836914,29.330303
macrozona,Sur,2019-01-01,22,28.364286,20.45538091659546,32.81089687347412,10.335285
macrozona,Sur,2019-02-01,22,40.209507,33.868924140930176,45.74674987792969,16.724276
macrozona,Sur,2019-03-01,23,34.70111,28.592997550964355,41.610252380371094,20.199924
macrozona,Sur,2019-04-01,24,41.869663,31.74648094177246,47.596853256225586,33.108444
macrozona,Sur,2019-05-01,25,52.196075,41.8125,62.804080963134766,55.865276
macrozona,Sur,2019-06-01,24,44.762146,28.58415651321411,58.71123123168945,14.9797125
macrozona,Sur,2019-07-01,25,44.197956,30.0,54.17789840698242,15.522307
macrozona,Sur,2019-08-01,25,45.12348,35.67361068725586,57.39381790161133,19.72951
macrozona,Sur,2019-09-01,25,30.761045,22.213092803955078,36.60335159301758,16.332106
macrozona,Sur,2019-10-01,25,26.358406,20.62449073791504,30.140350341796875,17.13669
macrozona,Sur,2019-11-01,26,24.642912,18.79014492034912,28.207422256469727,13.560943
macrozona,Sur,2019-12-01,26,27.202652,19.358484745025635,28.809709072113037,11.128603
macrozona,Sur,2020-01-01,26,32.330566,20.503015995025635,36.44173336029053,24.23655
macrozona,Sur,2020-02-01,26,31.120853,23.76905870437622,33.6718807220459,14.17973
macrozona,Sur,2020-03-01,26,28.431412,21.620380401611328,34.71530723571777,15.158383
macrozona,Sur,2020-04-01,26,36.484585,27.727274894714355,45.254902839660645,26.876608
macrozona,Sur,2020-05-01,25,52.42359,35.537620544433594,59.65860366821289,21.640114
macrozona,Sur,2020-06-01,26,47.540535,31.153861045837402,60.60710906982422,15.442181
macrozona,Sur,2020-07-01,26,50.24688,30.748161792755127,63.60753917694092,15.27393
macrozona,Sur,2020-08-01,25,42.6447,28.3555850982666,50.44093322753906,16.024687
macrozona,Sur,2020-09-01,25,39.23453,28.010385513305664,45.257659912109375,16.874506
macrozona,Sur,2020-10-01,25,28.797379,21.509408950805664,33.238224029541016,13.19985
macrozona,Sur,2020-11-01,25,24.149458,18.360679626464844,29.452777862548828,12.695716
macrozona,Sur,2020-12-01,30,23.385159,17.292332649230957,25.500330448150635,10.483713
macrozona,Sur,2021-01-01,30,24.500458,18.945882320404053,27.599578857421875,10.682393
macrozona,Sur,2021-02-01,31,23.071629,18.572071075439453,26.435997009277344,9.2385235
macrozona,Sur,2021-03-01,32,27.724018,22.492126941680908,30.257229328155518,16.839394
macrozona,Sur,2021-04-01,32,31.063272,25.196571350097656,34.9153470993042,19.043499
macrozona,Sur,2021-05-01,32,51.0735,38.05754852294922,61.33232116699219,20.338585
macrozona,Sur,2021-06-01,32,55.439728,32.10115098953247,67.16613960266113,15.203359
macrozona,Sur,2021-07-01,32,54.05029,37.13684272766113,64.95687866210938,16.444668
macrozona,Sur,2021-08-01,32,41.34918,30.699268341064453,48.399712562561035,18.217436
macrozona,Sur,2021-09-01,32,32.238586,25.548498153686523,35.84131145477295,14.358603
macrozona,Sur,2021-10-01,32,27.801943,22.207847118377686,28.618200302124023,13.011596
macrozona,Sur,2021-11-01,32,23.802557,17.739418029785156,26.03725004196167,11.612544
macrozona,Sur,2021-12-01,32,32.135033,22.00977087020874,35.240092277526855,16.098001
macrozona,Sur,2022-01-01,32,22.597445,17.012181282043457,25.436384201049805,9.177893
macrozona,Sur,2022-02-01,32,32.815224,25.174837589263916,38.28167152404785,17.603754
macrozona,Sur,2022-03-01,32,28.160282,23.68611192703247,31.814250469207764,39.063313
macrozona,Sur,2022-04-01,32,33.23126,27.669037342071533,37.22622489929199,15.067306
macrozona,Sur,2022-05-01,31,54.7164,39.092864990234375,67.83235931396484,26.231388
macrozona,Sur,2022-06-01,32,46.87302,33.505924701690674,58.23262977600098,20.446135
macrozona,Sur,2022-07-01,32,37.12472,26.35704278945923,46.43567085266113,13.846985
macrozona,Sur,2022-08-01,32,39.814835,30.256513118743896,45.51862907409668,16.830599
macrozona,Sur,2022-09-01,32,32.077183,26.087114334106445,36.00973892211914,18.62975
macrozona,Sur,2022-10-01,32,22.446316,19.317968368530273,25.774617671966553,15.632473
macrozona,Sur,2022-11-01,32,23.12641,17.54328489303589,28.014328956604004,14.120178
macrozona,Sur,2022-12-01,32,24.834719,16.87529706954956,29.02461290359497,17.309568
macrozona,Sur,2023-01-01,31,24.82323,16.764370918273926,30.01447296142578,14.217244
macrozona,Sur,2023-02-01,32,53.031624,27.721409797668457,74.82771682739258,203.97047
macrozona,Sur,2023-03-01,32,25.85871,20.233532428741455,32.17814540863037,22.335135
macrozona,Sur,2023-04-01,32,29.73132,24.76323699951172,36.06321048736572,25.786448
macrozona,Sur,2023-05-01,32,42.261143,32.661481857299805,47.57204246520996,22.808567
macrozona,Sur,2023-06-01,31,48.03009,33.47361183166504,61.82122802734375,15.905496
macrozona,Sur,2023-07-01,31,50.641327,35.41007995605469,65.60957527160645,14.709226
macrozona,Sur,2023-08-01,31,43.557755,28.935909271240234,55.61070251464844,14.455416
macrozona,Sur,2023-09-01,31,27.135263,19.98171329498291,31.41617774963379,14.978215
macrozona,Sur,2023-10-01,31,29.243305,22.988391876220703,33.37297248840332,14.451727
macrozona,Sur,2023-11-01,27,21.331915,17.289703369140625,23.50510597229004,13.738074
macrozona,Sur,2023-12-01,27,24.733835,20.55042552947998,27.998023986816406,10.778876
macrozona,Sur,2024-01-01,27,31.349741,23.888850212097168,34.9660758972168,9.755345
macrozona,Sur,2024-02-01,27,31.2596,25.354679107666016,34.41548156738281,11.26489
macrozona,Sur,2024-03-01,27,26.705807,22.991219520568848,27.754136085510254,18.285992
macrozona,Sur,2024-04-01,27,33.222218,27.32171058654785,38.608856201171875,21.461926
macrozona,Sur,2024-05-01,31,62.646774,36.584903717041016,77.3102798461914,28.816208
macrozona,Sur,2024-06-01,31,34.09311,22.344636917114258,43.28386878967285,13.193995
macrozona,Sur,2024-07-01,30,61.371952,43.232855796813965,76.03823471069336,19.048798
macrozona,Sur,2024-08-01,30,47.248844,31.89394187927246,58.448455810546875,17.125723
macrozona,Sur,2024-09-01,32,28.53403,20.964372158050537,33.08256816864014,16.935081
macrozona,Sur,2024-10-01,32,24.945274,21.07318687438965,28.168734073638916,16.448797
macrozona,Sur,2024-11-01,32,20.266941,16.81742000579834,24.887723922729492,12.744375
macrozona,Sur,2024-12-01,32,23.223333,17.69265127182007,28.544814109802246,10.542103
macrozona,Austral,2019-01-01,2,17.502726,16.444644689559937,18.56658673286438,7.4442167
macrozona,Austral,2019-02-01,2,25.546408,24.569345951080322,26.517634868621826,6.236114
macrozona,Austral,2019-03-01,2,34.130554,33.47386074066162,34.753994941711426,4.752818
macrozona,Austral,2019-04-01,2,51.62718,51.4871301651001,51.76683330535889,5.725232
macrozona,Austral,2019-05-01,2,70.74693,70.48603248596191,70.99804496765137,4.1536427
macrozona,Austral,2019-06-01,2,93.81507,93.41866493225098,94.21705436706543,3.3142319
macrozona,Austral,2019-07-01,2,113.83052,113.07285690307617,114.58613967895508,3.8419511
macrozona,Austral,2019-08-01,2,74.407005,74.29312705993652,74.5208911895752,4.517788
macrozona,Austral,2019-09-01,2,56.762207,56.11675834655762,57.37039375305176,6.534051
macrozona,Austral,2019-10-01,2,34.45074,34.24831295013428,34.65317249298096,6.2789626
macrozona,Austral,2019-11-01,2,21.513664,20.67954111099243,22.331580638885498,9.511813
macrozona,Austral,2019-12-01,2,18.522306,17.697563648223877,19.34028387069702,8.602102
macrozona,Austral,2020-01-01,2,16.70068,15.803100347518921,17.578931093215942,13.080541
macrozona,Austral,2020-02-01,2,19.88111,18.69998073577881,21.038357734680176,8.8555975
macrozona,Austral,2020-03-01,2,24.54695,24.25239133834839,24.84721612930298,5.441865
macrozona,Austral,2020-04-01,2,53.237465,52.13614368438721,54.33878993988037,4.074156
macrozona,Austral,2020-05-01,2,75.24504,74.66792488098145,75.78989219665527,3.6327138
macrozona,Austral,2020-06-01,2,95.812416,95.72868919372559,95.89474678039551,3.6893547
macrozona,Austral,2020-07-01,2,126.51351,125.38049697875977,127.6650505065918,3.0911443
macrozona,Austral,2020-08-01,2,56.36081,54.96689033508301,57.75472831726074,7.033832
macrozona,Austral,2020-09-01,2,47.939415,46.95856475830078,48.920265197753906,7.641182
macrozona,Austral,2020-10-01,2,25.777405,25.49416446685791,26.059882164001465,9.145129
macrozona,Austral,2020-11-01,2,18.276224,18.156009674072266,18.395099639892578,8.220153
macrozona,Austral,2020-12-01,2,16.127028,15.932198762893677,16.322911977767944,6.9614825
macrozona,Austral,2021-01-01,2,13.07206,12.338711023330688,13.787678480148315,5.380275
macrozona,Austral,2021-02-01,2,19.651232,17.832945823669434,21.47495746612549,4.4009953
macrozona,Austral,2021-03-01,2,24.475033,22.780241012573242,26.178998947143555,3.945583
macrozona,Austral,2021-04-01,2,34.89909,34.849802017211914,34.9471492767334,3.4242918
macrozona,Austral,2021-05-01,2,95.03701,93.41579627990723,96.43868827819824,4.0837793
macrozona,Austral,2021-06-01,2,130.22879,130.0895881652832,130.36877059936523,5.3236794
macrozona,Austral,2021-07-01,2,50.895412,50.034749031066895,51.75607204437256,4.7723546
macrozona,Austral,2021-08-01,2,71.66331,71.38743209838867,71.93918228149414,5.1573257
macrozona,Austral,2021-09-01,2,45.785515,44.737464904785156,46.83356475830078,4.5670695
macrozona,Austral,2021-10-01,2,24.94758,22.9946231842041,26.900537490844727,7.0191526
macrozona,Austral,2021-11-01,2,19.95813,18.65659236907959,21.27061176300049,5.9448485
macrozona,Austral,2021-12-01,2,20.099117,17.45279574394226,22.79622483253479,6.1813045
macrozona,Austral,2022-01-01,2,14.780288,13.718867540359497,15.77690863609314,7.3528266
macrozona,Austral,2022-02-01,2,16.682634,15.24321699142456,18.11345911026001,6.300325
macrozona,Austral,2022-03-01,2,24.243738,23.30688762664795,25.18822956085205,4.9821105
macrozona,Austral,2022-04-01,2,40.137188,40.11246395111084,40.16190814971924,3.6117105
macrozona,Austral,2022-05-01,2,111.696304,107.86385345458984,115.65668487548828,2.912211
macrozona,Austral,2022-06-01,2,146.35844,143.1073875427246,149.6094856262207,3.0803838
macrozona,Austral,2022-07-01,2,82.511154,80.45731353759766,84.59296417236328,3.400776
macrozona,Austral,2022-08-01,2,55.061195,50.84472370147705,59.26634120941162,6.152666
macrozona,Austral,2022-09-01,2,39.613285,37.868409156799316,41.33874797821045,5.5217724
macrozona,Austral,2022-10-01,2,32.5402,29.82544708251953,35.72057342529297,8.912358
macrozona,Austral,2022-11-01,2,21.039492,18.19934606552124,23.944462299346924,10.197192
macrozona,Austral,2022-12-01,2,14.982277,13.085415840148926,16.936896324157715,9.321825
macrozona,Austral,2023-01-01,2,11.856558,9.940816164016724,13.720660924911499,7.827277
macrozona,Austral,2023-02-01,2,11.807346,10.504435062408447,13.11809492111206,7.2007437
macrozona,Austral,2023-03-01,2,23.00205,21.75748920440674,24.223017692565918,6.264812
macrozona,Austral,2023-04-01,2,51.09205,49.06624889373779,53.117852210998535,3.5097425
macrozona,Austral,2023-05-01,2,52.404987,51.308960914611816,53.501009941101074,4.2507586
macrozona,Austral,2023-06-01,2,108.36326,108.29026412963867,108.43564224243164,4.622543
macrozona,Austral,2023-07-01,2,106.67477,106.02223014831543,107.33083534240723,4.006891
macrozona,Austral,2023-08-01,2,60.456463,59.71403789520264,61.175034523010254,5.4263544
macrozona,Austral,2023-09-01,2,59.78088,59.63391876220703,59.928253173828125,5.7168775
macrozona,Austral,2023-10-01,2,30.543968,30.140106678009033,30.948930263519287,7.1250873
macrozona,Austral,2023-11-01,2,20.844383,19.989333152770996,21.697049140930176,8.62636
macrozona,Austral,2023-12-01,2,20.842213,20.783006191253662,20.901577472686768,6.6619143
macrozona,Austral,2024-01-01,2,19.575472,19.12196683883667,20.028975009918213,6.5086455
macrozona,Austral,2024-02-01,2,17.704906,17.351945400238037,18.05583620071411,6.210905
macrozona,Austral,2024-03-01,2,24.128967,22.50687599182129,25.729299545288086,6.238299
macrozona,Austral,2024-04-01,2,59.531055,58.54167175292969,60.52320098876953,4.5639915
macrozona,Austral,2024-05-01,2,141.30014,139.99259567260742,142.60766983032227,3.3401177
macrozona,Austral,2024-06-01,2,103.22338,101.9185848236084,104.5245532989502,2.4845116
macrozona,Austral,2024-07-01,2,84.59606,81.62155151367188,87.46739196777344,3.9679163
macrozona,Austral,2024-08-01,2,77.47645,74.0417251586914,80.91117095947266,3.229645
macrozona,Austral,2024-09-01,2,30.72493,29.833914756774902,31.61594867706299,5.832225
macrozona,Austral,2024-10-01,2,29.952745,29.842233657836914,30.077306747436523,5.747728
macrozona,Austral,2024-11-01,2,23.596516,22.042928218841553,25.137165546417236,8.631448
macrozona,Austral,2024-12-01,2,22.112848,20.774725914001465,23.45461368560791,6.6670566
region,Antofagasta,2019-01-01,7,36.76779,29.783967971801758,41.08943176269531,7.12118
region,Antofagasta,2019-02-01,7,34.80928,25.072500228881836,40.23985290527344,7.907792
region,Antofagasta,2019-03-01,7,41.46908,38.1917839050293,44.764060974121094,7.1752377
region,Antofagasta,2019-04-01,7,42.900696,34.819719314575195,49.881587982177734,9.475781
region,Antofagasta,2019-05-01,7,42.317413,34.60650825500488,44.26713562011719,13.08187
region,Antofagasta,2019-06-01,6,46.340767,39.378122329711914,46.72148609161377,15.770649
region,Antofagasta,2019-07-01,8,39.51691,30.691879749298096,43.57449436187744,15.711925
region,Antofagasta,2019-08-01,7,43.0173,35.02602767944336,47.00919723510742,14.632961
region,Antofagasta,2019-09-01,7,36.425613,29.731526374816895,38.32924270629883,11.227651
region,Antofagasta,2019-10-01,7,39.091778,31.933920860290527,40.742305755615234,9.80527
region,Antofagasta,2019-11-01,7,37.91959,31.278162956237793,41.88642120361328,7.110307
region,Antofagasta,2019-12-01,6,39.305042,27.665682792663574,44.60040855407715,6.7886143
region,Antofagasta,2020-01-01,8,33.223457,26.81592893600464,43.107943534851074,6.3073764
region,Antofagasta,2020-02-01,8,32.822308,26.71205997467041,37.960909843444824,4.967955
region,Antofagasta,2020-03-01,8,32.08226,25.00437593460083,41.31174087524414,6.7263284
region,Antofagasta,2020-04-01,8,33.07505,30.408339977264404,38.180057525634766,9.878186
region,Antofagasta,2020-05-01,8,38.904694,32.23476314544678,42.074320793151855,13.708676
region,Antofagasta,2020-06-01,8,37.42941,34.23231077194214,40.88584804534912,13.146887
region,Antofagasta,2020-07-01,8,39.86943,30.72112512588501,44.648582458496094,17.687859
region,Antofagasta,2020-08-01,8,37.738197,30.966824054718018,42.214460372924805,14.175615
region,Antofagasta,2020-09-01,8,33.115177,26.90721559524536,37.7333927154541,10.587059
region,Antofagasta,2020-10-01,8,35.748203,27.810094833374023,43.69003868103027,8.080004
region,Antofagasta,2020-11-01,8,35.106342,24.366847038269043,42.67893695831299,8.700918
region,Antofagasta,2020-12-01,8,34.56402,24.171957969665527,43.37322521209717,6.5968194
region,Antofagasta,2021-01-01,8,34.60332,27.427030563354492,41.44575500488281,5.0205307
region,Antofagasta,2021-02-01,8,36.886948,25.09848165512085,47.436421394348145,5.0023913
region,Antofagasta,2021-03-01,8,33.087414,25.178086280822754,42.953834533691406,6.417903
region,Antofagasta,2021-04-01,8,35.24202,32.490925788879395,40.92038822174072,8.841966
region,Antofagasta,2021-05-01,8,36.28935,28.909831523895264,43.756876945495605,14.703297
region,Antofagasta,2021-06-01,8,35.86396,29.998497009277344,42.40793037414551,14.692495
region,Antofagasta,2021-07-01,8,40.466457,33.10346174240112,48.47170448303223,19.607513
region,Antofagasta,2021-08-01,8,37.365593,28.389225482940674,45.043880462646484,17.50306
region,Antofagasta,2021-09-01,8,39.84108,30.273829460144043,48.5772123336792,11.213989
region,Antofagasta,2021-10-01,8,41.815357,34.625882148742676,50.568732261657715,10.467523
region,Antofagasta,2021-11-01,8,34.47066,25.035887718200684,41.989166259765625,9.030946
region,Antofagasta,2021-12-01,8,35.08706,27.39765167236328,40.647966384887695,7.8684754
region,Antofagasta,2022-01-01,8,34.39248,27.609139919281006,40.6173152923584,7.0281196
region,Antofagasta,2022-02-01,8,35.288746,32.107457637786865,39.35725975036621,7.182363
region,Antofagasta,2022-03-01,8,41.424194,32.56224489212036,55.04880237579346,7.9825726
region,Antofagasta,2022-04-01,8,38.486786,26.416409015655518,46.74254131317139,11.840022
region,Antofagasta,2022-05-01,8,40.4342,31.08235216140747,47.55620098114014,15.44615
region,Antofagasta,2022-06-01,8,38.572563,22.74346399307251,44.02387619018555,15.57454
region,Antofagasta,2022-07-01,8,44.45802,28.88846445083618,53.03661346435547,16.437628
region,Antofagasta,2022-08-01,8,42.307415,33.03755187988281,51.25382137298584,16.73939
region,Antofagasta,2022-09-01,8,37.417362,29.26374053955078,40.18012046813965,13.715664
region,Antofagasta,2022-10-01,8,33.75344,25.215824127197266,39.53586483001709,15.128528
region,Antofagasta,2022-11-01,8,39.230644,30.406147480010986,47.258877754211426,10.1493635
region,Antofagasta,2022-12-01,8,37.388897,28.51658582687378,44.866909980773926,6.7426114
region,Antofagasta,2023-01-01,8,37.06524,28.81472873687744,45.11904048919678,7.186836
region,Antofagasta,2023-02-01,8,32.82794,26.919947147369385,39.730530738830566,8.909403
region,Antofagasta,2023-03-01,8,32.96477,26.938111782073975,39.79222011566162,6.7641473
region,Antofagasta,2023-04-01,8,40.233387,32.624598026275635,42.35440444946289,11.293244
region,Antofagasta,2023-05-01,8,45.34986,38.96712923049927,54.15989971160889,14.559119
region,Antofagasta,2023-06-01,8,52.52849,36.15879249572754,63.83902168273926,16.598553
region,Antofagasta,2023-07-01,8,49.89529,33.201834201812744,57.07060432434082,15.385366
region,Antofagasta,2023-08-01,8,46.21491,35.081735610961914,54.45092010498047,13.810983
region,Antofagasta,2023-09-01,8,43.459106,30.989001750946045,47.17479705810547,11.230087
region,Antofagasta,2023-10-01,8,39.849422,27.518019199371338,42.51945781707764,8.950114
region,Antofagasta,2023-11-01,8,38.286045,28.83985710144043,41.128952980041504,8.309238
region,Antofagasta,2023-12-01,8,38.643078,28.899876594543457,44.20029544830322,8.551019
region,Antofagasta,2024-01-01,8,38.232582,28.96386957168579,40.5311803817749,6.09552
region,Antofagasta,2024-02-01,8,36.244125,28.229061603546143,41.51931381225586,9.360318
region,Antofagasta,2024-03-01,8,37.856697,29.09420680999756,44.06209850311279,7.0779114
region,Antofagasta,2024-04-01,8,38.68247,31.14229917526245,38.71621894836426,9.891251
region,Antofagasta,2024-05-01,8,40.245552,30.290496349334717,41.79960250854492,13.744023
region,Antofagasta,2024-06-01,8,43.19428,34.894246101379395,44.625386238098145,14.919059
region,Antofagasta,2024-07-01,8,49.21081,40.24122619628906,48.27094078063965,16.373293
region,Antofagasta,2024-08-01,8,43.245453,38.23758411407471,44.27739238739014,14.016109
region,Antofagasta,2024-09-01,8,41.63758,33.45104265213013,46.1169319152832,13.854549
region,Antofagasta,2024-10-01,8,46.562866,36.534461975097656,49.99930763244629,10.999438
region,Antofagasta,2024-11-01,8,46.62147,38.45963096618652,53.27510356903076,8.989818
region,Antofagasta,2024-12-01,8,46.981388,40.310791969299316,53.1514310836792,8.814153
region,Atacama,2019-01-01,1,32.5346,32.53459930419922,32.53459930419922,4.021485
region,Atacama,2019-02-01,1,32.45781,32.45780944824219,32.45780944824219,4.2262545
region,Atacama,2019-03-01,1,33.27957,33.279571533203125,33.279571533203125,4.9456162
region,Atacama,2019-04-01,1,29.36923,29.369230270385742,29.369230270385742,3.4007673
region,Atacama,2019-05-01,1,36.048386,36.04838562011719,36.04838562011719,4.012702
region,Atacama,2019-06-01,1,37.13947,37.139469146728516,37.139469146728516,4.645723
region,Atacama,2019-07-01,1,37.950268,37.95026779174805,37.95026779174805,6.033766
region,Atacama,2019-08-01,1,45.461643,45.46164321899414,45.46164321899414,7.0203667
region,Atacama,2019-09-01,1,29.43654,29.436540603637695,29.436540603637695,3.1874874
region,Atacama,2019-10-01,1,43.137653,43.13765335083008,43.13765335083008,4.8382187
region,Atacama,2019-11-01,1,38.806725,38.806724548339844,38.806724548339844,4.48779
region,Atacama,2019-12-01,1,37.06586,37.065860748291016,37.065860748291016,3.8227959
region,Atacama,2020-01-01,1,33.11156,33.1115608215332,33.1115608215332,6.256565
region,Atacama,2020-02-01,1,37.256485,37.25648498535156,37.25648498535156,4.1639905
region,Atacama,2020-03-01,1,24.601616,24.60161590576172,24.60161590576172,2.977746
region,Atacama,2020-04-01,1,30.229805,30.22980499267578,30.22980499267578,4.114677
region,Atacama,2020-05-01,1,31.74428,31.744279861450195,31.744279861450195,3.2948895
region,Atacama,2020-06-01,1,26.144444,26.14444351196289,26.14444351196289,4.529347
region,Atacama,2020-07-01,1,23.715054,23.71505355834961,23.71505355834961,6.813361
region,Atacama,2020-08-01,1,18.348083,18.34808349609375,18.34808349609375,8.4534025
region,Atacama,2020-09-01,1,3.1458333,3.1458332538604736,3.1458332538604736,5.1931667
region,Atacama,2020-10-01,1,16.633379,16.633378982543945,16.633378982543945,4.421141
region,Atacama,2020-11-01,1,23.227081,23.227081298828125,23.227081298828125,3.1858244
region,Atacama,2020-12-01,1,22.576612,22.57661247253418,22.57661247253418,3.9663424
region,Atacama,2021-01-01,1,24.022131,24.022130966186523,24.022130966186523,11.364234
region,Atacama,2021-02-01,1,20.013412,20.013412475585938,20.013412475585938,2.9449368
region,Atacama,2021-03-01,1,24.158815,24.158815383911133,24.158815383911133,2.0272934
region,Atacama,2021-04-01,1,20.557423,20.557422637939453,20.557422637939453,2.4546518
region,Atacama,2021-05-01,1,23.230457,23.230457305908203,23.230457305908203,4.5432253
region,Atacama,2021-06-01,1,18.634037,18.634037017822266,18.634037017822266,4.47847
region,Atacama,2021-07-01,1,18.763636,18.763635635375977,18.763635635375977,6.2704277
region,Atacama,2021-08-01,1,21.528936,21.5289363861084,21.5289363861084,4.856468
region,Atacama,2021-09-01,1,28.095505,28.095504760742188,28.095504760742188,4.7459936
region,Atacama,2021-10-01,1,29.127777,29.127777099609375,29.127777099609375,3.8622499
region,Atacama,2021-11-01,1,19.969444,19.969444274902344,19.969444274902344,3.0434957
region,Atacama,2021-12-01,1,22.67742,22.677419662475586,22.677419662475586,2.6679325
region,Atacama,2022-01-01,1,28.596775,28.59677505493164,28.59677505493164,2.991162
region,Atacama,2022-02-01,1,28.413433,28.413433074951172,28.413433074951172,4.3341374
region,Atacama,2022-03-01,1,2.3830645,2.3830645084381104,2.3830645084381104,3.5593743
region,Atacama,2022-04-01,1,15.132312,15.132311820983887,15.132311820983887,3.2560072
region,Atacama,2022-05-01,1,20.696066,20.69606590270996,20.69606590270996,3.2111475
region,Atacama,2022-06-01,1,17.744946,17.744945526123047,17.744945526123047,4.6883154
region,Atacama,2022-07-01,1,17.985214,17.985214233398438,17.985214233398438,3.0066237
region,Atacama,2022-08-01,1,19.868385,19.868385314941406,19.868385314941406,7.578955
region,Atacama,2022-09-01,1,23.05204,23.052040100097656,23.052040100097656,7.8377438
region,Atacama,2022-10-01,1,18.635262,18.63526153564453,18.63526153564453,8.229188
region,Atacama,2022-11-01,1,19.065277,19.065277099609375,19.065277099609375,7.827453
region,Atacama,2022-12-01,1,31.12381,31.123809814453125,31.123809814453125,5.2688723
region,Atacama,2023-01-01,1,40.83019,40.8301887512207,40.8301887512207,5.3758683
region,Atacama,2023-02-01,1,52.530735,52.53073501586914,52.53073501586914,11.709333
region,Atacama,2023-03-01,1,63.939106,63.93910598754883,63.93910598754883,3.9740028
region,Atacama,2023-04-01,1,85.79301,85.79300689697266,85.79300689697266,3.756686
region,Atacama,2023-05-01,1,106.18683,106.18682861328125,106.18682861328125,3.5225923
region,Atacama,2023-06-01,1,119.38248,119.38247680664062,119.38247680664062,5.5524096
region,Atacama,2023-07-01,1,120.068726,120.0687255859375,120.0687255859375,4.092813
region,Atacama,2023-08-01,1,124.709236,124.70923614501953,124.70923614501953,4.682869
region,Atacama,2023-09-01,1,33.648613,33.64861297607422,33.64861297607422,5.7749877
region,Atacama,2023-10-01,1,26.401617,26.4016170501709,26.4016170501709,4.6810913
region,Atacama,2023-11-01,1,25.419445,25.419445037841797,25.419445037841797,3.6135123
region,Atacama,2023-12-01,1,21.693136,21.69313621520996,21.69313621520996,3.3991241
region,Atacama,2024-01-01,1,21.830418,21.83041763305664,21.83041763305664,3.1329377
region,Atacama,2024-02-01,1,17.808634,17.80863380432129,17.80863380432129,3.6249316
region,Atacama,2024-03-01,1,18.751009,18.751008987426758,18.751008987426758,3.4499235
region,Atacama,2024-04-01,1,17.768803,17.768802642822266,17.768802642822266,2.9518254
region,Atacama,2024-05-01,1,22.451612,22.45161247253418,22.45161247253418,4.0790544
region,Atacama,2024-06-01,1,15.642061,15.642061233520508,15.642061233520508,4.0109
region,Atacama,2024-07-01,1,19.857143,19.85714340209961,19.85714340209961,6.04864
region,Atacama,2024-08-01,1,17.776262,17.776262283325195,17.776262283325195,6.566235
region,Atacama,2024-09-01,1,24.401388,24.40138816833496,24.40138816833496,6.959209
region,Atacama,2024-10-01,1,16.986559,16.98655891418457,16.98655891418457,3.387977
region,Atacama,2024-11-01,1,23.668056,23.66805648803711,23.66805648803711,4.348684
region,Atacama,2024-12-01,1,22.939354,22.939353942871094,22.939353942871094,4.325401
region,Coquimbo,2019-01-01,1,23.852112,23.85211181640625,23.85211181640625,9.7447605
region,Coquimbo,2019-02-01,1,24.06994,24.0699405670166,24.0699405670166,7.7956333
region,Coquimbo,2019-03-01,1,26.02016,26.020160675048828,26.020160675048828,9.386909
region,Coquimbo,2019-04-01,1,24.041782,24.04178237915039,24.04178237915039,11.99432
region,Coquimbo,2019-05-01,1,19.670698,19.670698165893555,19.670698165893555,13.035449
region,Coquimbo,2019-06-01,1,13.565278,13.565278053283691,13.565278053283691,12.385039
region,Coquimbo,2019-07-01,1,17.79301,17.793010711669922,17.793010711669922,14.523299
region,Coquimbo,2019-08-01,1,19.244953,19.244953155517578,19.244953155517578,15.57505
region,Coquimbo,2019-09-01,1,15.662482,15.662482261657715,15.662482261657715,11.748977
region,Coquimbo,2019-10-01,1,15.053763,15.053763389587402,15.053763389587402,9.337059
region,Coquimbo,2019-11-01,1,25.060392,25.060392379760742,25.060392379760742,17.740612
region,Coquimbo,2019-12-01,1,21.901617,21.9016170501709,21.9016170501709,10.221184
region,Coquimbo,2020-01-01,1,24.615805,24.61580467224121,24.61580467224121,11.8950205
region,Coquimbo,2020-02-01,1,24.714285,24.714284896850586,24.714284896850586,7.661338
region,Coquimbo,2020-03-01,1,22.139786,22.139785766601562,22.139785766601562,8.730606
region,Coquimbo,2020-04-01,1,20.77193,20.771930694580078,20.771930694580078,12.311098
region,Coquimbo,2020-05-01,1,20.778225,20.77822494506836,20.77822494506836,15.966522
region,Coquimbo,2020-06-01,1,12.549512,12.549511909484863,12.549511909484863,12.500506
region,Coquimbo,2020-07-01,1,15.158967,15.158967018127441,15.158967018127441,14.689446
region,Coquimbo,2020-08-01,1,19.157894,19.157894134521484,19.157894134521484,16.721441
region,Coquimbo,2020-09-01,1,19.48174,19.481740951538086,19.481740951538086,13.807677
region,Coquimbo,2020-10-01,1,18.797024,18.79702377319336,18.79702377319336,9.757196
region,Coquimbo,2020-11-01,1,19.805555,19.80555534362793,19.80555534362793,9.135133
region,Coquimbo,2020-12-01,1,25.00672,25.0067195892334,25.0067195892334,7.2816777
region,Coquimbo,2021-01-01,1,22.72409,22.724090576171875,22.724090576171875,10.569282
region,Coquimbo,2021-02-01,1,19.052084,19.05208396911621,19.05208396911621,7.6710773
region,Coquimbo,2021-03-01,1,20.110363,20.110363006591797,20.110363006591797,8.285607
region,Coquimbo,2021-04-01,1,26.658773,26.65877342224121,26.65877342224121,10.903261
region,Coquimbo,2021-05-01,1,19.481632,19.481632232666016,19.481632232666016,13.749368
region,Coquimbo,2021-06-01,1,18.028368,18.02836799621582,18.02836799621582,14.137083
region,Coquimbo,2021-07-01,1,23.396505,23.39650535583496,23.39650535583496,15.199567
region,Coquimbo,2021-08-01,1,17.368774,17.3687744140625,17.3687744140625,13.776044
region,Coquimbo,2021-09-01,1,18.317549,18.317548751831055,18.317548751831055,13.067213
region,Coquimbo,2021-10-01,1,21.29973,21.29973030090332,21.29973030090332,10.481364
region,Coquimbo,2021-11-01,1,20.965813,20.96581268310547,20.96581268310547,7.4260254
region,Coquimbo,2021-12-01,1,23.52086,23.52086067199707,23.52086067199707,7.092873
region,Coquimbo,2022-01-01,1,23.78434,23.784339904785156,23.784339904785156,6.837002
region,Coquimbo,2022-02-01,1,25.373512,25.373512268066406,25.373512268066406,7.8559666
region,Coquimbo,2022-03-01,1,30.697298,30.697298049926758,30.697298049926758,10.078268
region,Coquimbo,2022-04-01,1,24.442738,24.442737579345703,24.442737579345703,13.031855
region,Coquimbo,2022-05-01,1,26.172043,26.172042846679688,26.172042846679688,18.673954
region,Coquimbo,2022-06-01,1,14.470834,14.470833778381348,14.470833778381348,13.923949
region,Coquimbo,2022-07-01,1,15.032302,15.032301902770996,15.032301902770996,12.208557
region,Coquimbo,2022-08-01,1,21.888441,21.88844108581543,21.88844108581543,13.729211
region,Coquimbo,2022-09-01,1,16.444605,16.444604873657227,16.444604873657227,15.008635
region,Coquimbo,2022-10-01,1,15.747175,15.747175216674805,15.747175216674805,12.3987255
region,Coquimbo,2022-11-01,1,17.352777,17.3527774810791,17.3527774810791,12.783644
region,Coquimbo,2022-12-01,1,20.612904,20.612903594970703,20.612903594970703,15.696923
region,Coquimbo,2023-01-01,1,20.135935,20.135934829711914,20.135934829711914,7.0158978
region,Coquimbo,2023-02-01,1,32.93423,32.93423080444336,32.93423080444336,15.239351
region,Coquimbo,2023-03-01,1,25.451923,25.451923370361328,25.451923370361328,8.487056
region,Coquimbo,2023-04-01,1,22.259777,22.259777069091797,22.259777069091797,12.250063
region,Coquimbo,2023-05-01,1,22.646976,22.646976470947266,22.646976470947266,14.979111
region,Coquimbo,2023-06-01,1,19.582985,19.582984924316406,19.582984924316406,13.564242
region,Coquimbo,2023-07-01,1,18.139786,18.139785766601562,18.139785766601562,14.442434
region,Coquimbo,2023-08-01,1,14.774194,14.77419376373291,14.77419376373291,13.172188
region,Coquimbo,2023-09-01,1,15.589708,15.58970832824707,15.58970832824707,12.398291
region,Coquimbo,2023-10-01,1,17.966352,17.966352462768555,17.966352462768555,11.042834
region,Coquimbo,2023-11-01,1,17.30112,17.30112075805664,17.30112075805664,9.240782
region,Coquimbo,2023-12-01,1,20.513441,20.51344108581543,20.51344108581543,9.465391
region,Coquimbo,2024-01-01,1,20.861372,20.861371994018555,20.861371994018555,6.333489
region,Coquimbo,2024-02-01,1,21.79016,21.790159225463867,21.790159225463867,11.403233
region,Coquimbo,2024-03-01,1,23.269543,23.269542694091797,23.269542694091797,9.210522
region,Coquimbo,2024-04-01,1,19.55857,19.558570861816406,19.558570861816406,11.563878
region,Coquimbo,2024-05-01,1,13.925976,13.925975799560547,13.925975799560547,12.443508
region,Coquimbo,2024-06-01,1,11.136111,11.13611125946045,11.13611125946045,13.202633
region,Coquimbo,2024-07-01,1,16.039564,16.03956413269043,16.03956413269043,16.590635
region,Coquimbo,2024-08-01,1,11.548746,11.548746109008789,11.548746109008789,14.625861
region,Coquimbo,2024-09-01,1,8.538247,8.538247108459473,8.538247108459473,15.63335
region,Coquimbo,2024-10-01,1,8.419919,8.41991901397705,8.41991901397705,12.073135
region,Coquimbo,2024-11-01,1,16.446453,16.446453094482422,16.446453094482422,9.775953
region,Coquimbo,2024-12-01,1,25.495237,25.495237350463867,25.495237350463867,8.301718
region,Valparaíso,2019-01-01,8,41.29338,36.39572525024414,45.4418888092041,38.079685
region,Valparaíso,2019-02-01,8,38.192837,33.54165744781494,42.08536720275879,32.496834
region,Valparaíso,2019-03-01,8,43.847874,38.986552238464355,50.88488578796387,51.823524
region,Valparaíso,2019-04-01,8,42.358826,38.43964099884033,46.6811637878418,82.352264
region,Valparaíso,2019-05-01,8,42.530205,38.129281997680664,47.01589298248291,96.30519
region,Valparaíso,2019-06-01,8,39.226673,31.525795459747314,44.650712966918945,108.46759
region,Valparaíso,2019-07-01,9,43.213844,37.907981872558594,47.15675735473633,134.76343
region,Valparaíso,2019-08-01,9,41.821327,39.14266586303711,45.967742919921875,116.71538
region,Valparaíso,2019-09-01,9,34.75558,34.25838088989258,38.5805549621582,72.39034
region,Valparaíso,2019-10-01,10,37.294373,35.453216552734375,39.35044860839844,51.856625
region,Valparaíso,2019-11-01,10,45.11665,41.2904109954834,48.46188545227051,112.37475
region,Valparaíso,2019-12-01,10,42.05032,36.858635902404785,44.74130916595459,55.34163
region,Valparaíso,2020-01-01,10,40.850975,35.60486698150635,43.092641830444336,37.89362
region,Valparaíso,2020-02-01,10,46.306404,42.21362018585205,47.89122676849365,34.61108
region,Valparaíso,2020-03-01,10,33.753906,30.829269886016846,36.03461742401123,48.00134
region,Valparaíso,2020-04-01,10,43.486664,41.54467010498047,48.33571243286133,83.62246
region,Valparaíso,2020-05-01,10,49.560368,49.075711250305176,53.863648414611816,142.00485
region,Valparaíso,2020-06-01,10,33.57532,29.827505588531494,36.762948989868164,102.41329
region,Valparaíso,2020-07-01,10,29.571955,23.082598209381104,33.60808753967285,112.0195
region,Valparaíso,2020-08-01,10,31.6949,25.469310760498047,38.01037406921387,116.83684
region,Valparaíso,2020-09-01,10,32.359116,26.572140216827393,37.21458435058594,100.032166
region,Valparaíso,2020-10-01,10,33.296215,29.09298801422119,38.055789947509766,55.016254
region,Valparaíso,2020-11-01,10,31.366703,30.17936611175537,34.306349754333496,39.87484
region,Valparaíso,2020-12-01,10,34.331528,31.95878028869629,38.86290168762207,31.336674
region,Valparaíso,2021-01-01,10,34.6327,33.67303276062012,41.232394218444824,53.677322
region,Valparaíso,2021-02-01,10,25.336422,25.427547931671143,29.10844850540161,44.38464
region,Valparaíso,2021-03-01,10,30.943531,30.088914394378662,35.40798568725586,45.75143
region,Valparaíso,2021-04-01,10,30.816578,29.0050311088562,33.466355323791504,79.69604
region,Valparaíso,2021-05-01,10,42.535347,38.37119007110596,47.11627674102783,116.63629
region,Valparaíso,2021-06-01,10,40.692318,37.21041774749756,45.598652839660645,133.02634
region,Valparaíso,2021-07-01,10,44.919792,38.46068572998047,49.76512050628662,152.03773
region,Valparaíso,2021-08-01,10,39.36853,35.4502010345459,43.62445640563965,115.69253
region,Valparaíso,2021-09-01,10,33.808407,28.582781314849854,39.846007347106934,89.274506
region,Valparaíso,2021-10-01,10,37.19918,34.235060691833496,43.4730224609375,55.68143
region,Valparaíso,2021-11-01,10,35.02951,31.82673692703247,39.45165252685547,37.651203
region,Valparaíso,2021-12-01,10,33.941162,30.287755489349365,37.84538555145264,31.17046
region,Valparaíso,2022-01-01,10,37.85587,29.988779544830322,47.85651779174805,27.305798
region,Valparaíso,2022-02-01,10,42.507187,37.75206184387207,51.20402717590332,31.8236
region,Valparaíso,2022-03-01,10,49.128185,45.494802474975586,55.69186878204346,62.70882
region,Valparaíso,2022-04-01,10,41.13628,37.691819190979004,47.09229564666748,86.00545
region,Valparaíso,2022-05-01,10,45.694332,41.73873043060303,47.41996955871582,131.00568
region,Valparaíso,2022-06-01,10,36.40932,32.848073959350586,39.19011306762695,123.61124
region,Valparaíso,2022-07-01,10,33.076176,29.012950897216797,35.879112243652344,112.1299
region,Valparaíso,2022-08-01,10,34.4337,31.799306392669678,38.60181427001953,123.897156
region,Valparaíso,2022-09-01,10,29.890461,27.600813388824463,33.51514911651611,100.1648
region,Valparaíso,2022-10-01,10,33.19182,29.309539794921875,36.95483684539795,67.83806
region,Valparaíso,2022-11-01,10,29.87893,25.59198236465454,34.48700428009033,48.98145
region,Valparaíso,2022-12-01,10,39.92741,35.686490058898926,43.32218265533447,118.47953
region,Valparaíso,2023-01-01,10,35.362625,30.999144554138184,40.313130378723145,26.111792
region,Valparaíso,2023-02-01,10,49.736248,47.29873466491699,51.157700538635254,62.131718
region,Valparaíso,2023-03-01,10,36.73367,33.888712882995605,37.998698234558105,47.484554
region,Valparaíso,2023-04-01,10,37.14334,34.23408031463623,41.192466735839844,82.33682
region,Valparaíso,2023-05-01,10,44.48523,41.45063400268555,47.32888126373291,120.018196
region,Valparaíso,2023-06-01,10,39.70809,36.27187442779541,42.161211013793945,115.90204
region,Valparaíso,2023-07-01,10,35.11544,30.311546325683594,39.58671569824219,125.81546
region,Valparaíso,2023-08-01,10,29.069757,24.091222763061523,33.74233913421631,99.20242
region,Valparaíso,2023-09-01,11,30.99297,26.41767692565918,35.542232513427734,80.567604
region,Valparaíso,2023-10-01,11,33.264103,29.032567024230957,37.12127876281738,65.39886
region,Valparaíso,2023-11-01,11,28.415424,25.016850471496582,32.24207592010498,44.5132
region,Valparaíso,2023-12-01,11,31.53612,28.9544677734375,34.97065544128418,56.851936
region,Valparaíso,2024-01-01,11,33.28347,29.271554946899414,37.739295959472656,30.287798
region,Valparaíso,2024-02-01,11,39.63733,35.73642158508301,42.2348690032959,51.730194
region,Valparaíso,2024-03-01,11,40.121086,35.47403526306152,43.299163818359375,54.5657
region,Valparaíso,2024-04-01,11,39.504593,31.72353744506836,47.12958335876465,77.69306
region,Valparaíso,2024-05-01,11,36.47685,27.404537200927734,44.961692810058594,111.20533
region,Valparaíso,2024-06-01,11,33.350124,29.68244743347168,39.1787223815918,109.576065
region,Valparaíso,2024-07-01,11,48.286278,40.51502799987793,56.23077583312988,148.60826
region,Valparaíso,2024-08-01,11,30.172018,26.862930297851562,36.33625602722168,104.687584
region,Valparaíso,2024-09-01,11,34.811172,28.25755500793457,40.72908592224121,98.838264
region,Valparaíso,2024-10-01,11,28.237152,23.671116828918457,30.590713500976562,66.47327
region,Valparaíso,2024-11-01,11,38.595352,30.212634086608887,44.113319396972656,42.89127
region,Valparaíso,2024-12-01,11,36.02493,29.551690101623535,38.677602767944336,35.60768
region,Metropolitana,2019-01-01,10,48.79413,45.486449241638184,53.40533256530762,35.23411
region,Metropolitana,2019-02-01,10,51.926342,48.648804664611816,57.00130367279053,38.02025
region,Metropolitana,2019-03-01,10,61.147556,58.04550361633301,68.1612377166748,56.16642
region,Metropolitana,2019-04-01,10,80.20528,74.40339851379395,87.60615921020508,88.78345
region,Metropolitana,2019-05-01,10,88.75457,86.34248733520508,93.82538414001465,108.33148
region,Metropolitana,2019-06-01,10,93.03136,81.98854064941406,107.57557678222656,138.45198
region,Metropolitana,2019-07-01,10,108.37397,95.71855545043945,120.46181106567383,171.73488
region,Metropolitana,2019-08-01,10,84.0959,78.0779972076416,92.03585624694824,134.45435
region,Metropolitana,2019-09-01,10,53.01575,49.31223201751709,57.29902935028076,101.4557
region,Metropolitana,2019-10-01,10,52.212654,48.1724796295166,55.57862854003906,62.643322
region,Metropolitana,2019-11-01,10,56.300648,53.43678283691406,59.40879535675049,55.14581
region,Metropolitana,2019-12-01,10,54.976643,52.590017318725586,55.407334327697754,38.520794
region,Metropolitana,2020-01-01,10,59.437843,55.44084930419922,62.56094837188721,38.48176
region,Metropolitana,2020-02-01,9,63.73218,59.741703033447266,67.03597259521484,47.40511
region,Metropolitana,2020-03-01,9,64.57027,60.507423400878906,70.75880432128906,62.717876
region,Metropolitana,2020-04-01,9,69.83633,65.92897033691406,74.83380126953125,83.17774
region,Metropolitana,2020-05-01,9,77.67958,73.06333923339844,87.66846466064453,106.804886
region,Metropolitana,2020-06-01,9,62.508385,56.97079086303711,73.25694274902344,122.95422
region,Metropolitana,2020-07-01,9,77.472115,62.70523452758789,92.88648986816406,139.89621
region,Metropolitana,2020-08-01,9,60.954266,58.396507263183594,64.44757843017578,149.43486
region,Metropolitana,2020-09-01,9,55.01818,49.28779220581055,58.66712951660156,119.00583
region,Metropolitana,2020-10-01,9,53.580635,50.70026779174805,55.3857536315918,68.73157
region,Metropolitana,2020-11-01,9,48.58783,45.13807678222656,49.47638702392578,48.595387
region,Metropolitana,2020-12-01,9,50.868107,48.07083511352539,51.814605712890625,30.91045
region,Metropolitana,2021-01-01,9,49.552956,46.232120513916016,51.52016067504883,30.60822
region,Metropolitana,2021-02-01,9,44.292145,42.37704849243164,46.10334396362305,42.192974
region,Metropolitana,2021-03-01,9,52.48758,51.48982238769531,52.90933609008789,55.387302
region,Metropolitana,2021-04-01,9,63.957375,61.58625411987305,64.04488372802734,88.64331
region,Metropolitana,2021-05-01,10,92.71531,85.27733612060547,100.25464820861816,119.785286
region,Metropolitana,2021-06-01,10,84.17857,77.1119613647461,95.57937240600586,131.56378
region,Metropolitana,2021-07-01,10,108.04148,98.36430168151855,122.57050132751465,170.63878
region,Metropolitana,2021-08-01,9,79.940125,76.90946197509766,85.44864654541016,135.16719
region,Metropolitana,2021-09-01,9,47.0062,45.98469924926758,49.47419738769531,112.113266
region,Metropolitana,2021-10-01,9,45.96855,44.8328857421875,48.100807189941406,82.169624
region,Metropolitana,2021-11-01,9,48.68011,46.5606689453125,52.82147979736328,46.64202
region,Metropolitana,2021-12-01,9,52.16792,50.244564056396484,57.775814056396484,40.347572
region,Metropolitana,2022-01-01,9,45.657543,41.0755729675293,50.59158706665039,37.833134
region,Metropolitana,2022-02-01,9,52.069714,48.39195251464844,54.105655670166016,36.582706
region,Metropolitana,2022-03-01,9,66.15048,62.03799057006836,69.15019989013672,58.907722
region,Metropolitana,2022-04-01,10,71.20877,68.0247745513916,77.53865242004395,79.837776
region,Metropolitana,2022-05-01,10,101.490395,99.3246955871582,108.42677307128906,119.885826
region,Metropolitana,2022-06-01,10,91.658455,86.96098709106445,101.4593734741211,160.43385
region,Metropolitana,2022-07-01,10,76.573326,68.60735511779785,83.70462036132812,146.58891
region,Metropolitana,2022-08-01,10,76.308914,73.28587532043457,80.8409481048584,148.01355
region,Metropolitana,2022-09-01,10,54.281548,50.94881248474121,59.47733974456787,122.63243
region,Metropolitana,2022-10-01,10,45.304695,42.08965587615967,50.18951606750488,82.415405
region,Metropolitana,2022-11-01,10,46.97099,44.47564697265625,50.72085094451904,53.698086
region,Metropolitana,2022-12-01,10,53.445553,51.053650856018066,56.55796241760254,58.08367
region,Metropolitana,2023-01-01,10,48.523926,46.03840255737305,53.049177169799805,30.439903
region,Metropolitana,2023-02-01,10,72.60669,68.23640441894531,76.49718856811523,57.34068
region,Metropolitana,2023-03-01,10,63.3994,58.72585582733154,68.5958776473999,57.202534
region,Metropolitana,2023-04-01,10,71.784805,68.95900535583496,76.38142967224121,78.33723
region,Metropolitana,2023-05-01,10,89.952156,86.92699813842773,99.32064437866211,107.00643
region,Metropolitana,2023-06-01,10,86.25311,79.00657653808594,98.19883346557617,102.6058
region,Metropolitana,2023-07-01,10,94.773155,85.48194122314453,108.31346702575684,129.42853
region,Metropolitana,2023-08-01,10,61.627728,61.1354341506958,67.4424057006836,101.06543
region,Metropolitana,2023-09-01,10,51.3358,45.74007320404053,57.49633502960205,84.61201
region,Metropolitana,2023-10-01,10,46.37442,43.503028869628906,49.9231071472168,70.929504
region,Metropolitana,2023-11-01,9,38.498325,37.03703689575195,40.50214767456055,51.808723
region,Metropolitana,2023-12-01,10,47.67584,47.67266082763672,49.775129318237305,40.936714
region,Metropolitana,2024-01-01,10,51.312515,47.837440490722656,56.451348304748535,31.065466
region,Metropolitana,2024-02-01,10,50.890854,47.769121170043945,55.53415775299072,45.457905
region,Metropolitana,2024-03-01,10,57.86512,53.268898010253906,61.9138126373291,57.750347
region,Metropolitana,2024-04-01,10,63.226696,61.23032855987549,68.92791938781738,68.15464
region,Metropolitana,2024-05-01,10,71.89579,66.19640731811523,79.5057373046875,123.3427
region,Metropolitana,2024-06-01,10,77.77465,66.69935989379883,92.76021003723145,127.39748
region,Metropolitana,2024-07-01,10,106.159355,98.32584190368652,116.53633117675781,165.82231
region,Metropolitana,2024-08-01,10,61.848858,59.59109401702881,67.89406394958496,130.92294
region,Metropolitana,2024-09-01,10,51.36762,47.928422927856445,55.07634162902832,109.20618
region,Metropolitana,2024-10-01,10,43.34015,42.61775302886963,46.80682849884033,83.74684
region,Metropolitana,2024-11-01,10,42.731155,38.96069622039795,46.282230377197266,47.23068
region,Metropolitana,2024-12-01,10,46.320087,42.33079433441162,49.569091796875,35.676647
region,O'Higgins,2019-01-01,4,44.62987,43.09253406524658,48.922231674194336,18.148764
region,O'Higgins,2019-02-01,4,47.28973,46.582350730895996,49.38345909118652,16.763142
region,O'Higgins,2019-03-01,4,54.316288,52.48472881317139,57.11718940734863,22.922192
region,O'Higgins,2019-04-01,4,58.121704,55.03450298309326,61.82404708862305,32.423122
region,O'Higgins,2019-05-01,4,72.3996,71.12970924377441,74.09647941589355,39.532963
region,O'Higgins,2019-06-01,4,68.352165,63.95837879180908,71.32145500183105,36.303093
region,O'Higgins,2019-07-01,4,77.86373,74.34341621398926,79.24696922302246,43.241077
region,O'Higgins,2019-08-01,4,55.785423,53.61331081390381,58.63870906829834,36.51961
region,O'Higgins,2019-09-01,4,35.69605,33.37691783905029,37.885376930236816,31.923126
region,O'Higgins,2019-10-01,4,34.96166,33.44890594482422,37.49002170562744,24.348932
region,O'Higgins,2019-11-01,4,39.864162,37.61135005950928,43.16550064086914,19.261019
region,O'Higgins,2019-12-01,4,40.970528,38.72789001464844,44.381229400634766,15.480101
region,O'Higgins,2020-01-01,4,47.319782,46.95279121398926,49.94332790374756,24.89192
region,O'Higgins,2020-02-01,4,55.727455,50.94161319732666,56.50324058532715,24.915848
region,O'Higgins,2020-03-01,4,50.957447,46.23121929168701,54.22561073303223,22.317379
region,O'Higgins,2020-04-01,4,59.510117,55.7963752746582,62.99498748779297,31.172218
region,O'Higgins,2020-05-01,4,61.547806,56.50751781463623,65.42385959625244,37.285046
region,O'Higgins,2020-06-01,4,61.670227,57.35296821594238,66.1815357208252,39.029556
region,O'Higgins,2020-07-01,4,60.609863,56.68986797332764,67.35474586486816,36.675705
region,O'Higgins,2020-08-01,4,48.833557,45.945072174072266,51.854233741760254,38.243668
region,O'Higgins,2020-09-01,4,36.995777,35.21827030181885,38.99630641937256,35.61842
region,O'Higgins,2020-10-01,4,36.99865,35.9219446182251,38.56731605529785,21.515753
region,O'Higgins,2020-11-01,4,35.854946,34.30320692062378,38.09450912475586,18.376938
region,O'Higgins,2020-12-01,4,37.8196,36.647236347198486,40.24911594390869,12.520087
region,O'Higgins,2021-01-01,4,40.81151,38.92427158355713,43.636356353759766,19.066008
region,O'Higgins,2021-02-01,4,32.36726,29.91787624359131,36.47143840789795,16.842619
region,O'Higgins,2021-03-01,4,44.09253,39.90523338317871,46.36285400390625,17.504694
region,O'Higgins,2021-04-01,4,50.01834,46.7766695022583,52.789849281311035,28.21074
region,O'Higgins,2021-05-01,4,66.854546,63.968082427978516,72.96417427062988,39.867184
region,O'Higgins,2021-06-01,4,64.27477,61.03019142150879,65.75538158416748,41.597057
region,O'Higgins,2021-07-01,4,77.7086,76.40274810791016,83.31527328491211,43.846214
region,O'Higgins,2021-08-01,4,61.601673,55.88222789764404,67.11467933654785,42.327778
region,O'Higgins,2021-09-01,4,35.209145,31.31672430038452,39.48419952392578,37.938534
region,O'Higgins,2021-10-01,4,34.384956,30.384731769561768,37.54038143157959,31.001696
region,O'Higgins,2021-11-01,4,36.962677,32.49520778656006,39.404659271240234,20.44918
region,O'Higgins,2021-12-01,4,39.63615,36.821242332458496,42.67167282104492,19.822077
region,O'Higgins,2022-01-01,4,34.252125,31.34730625152588,36.04464817047119,24.850761
region,O'Higgins,2022-02-01,4,44.133793,40.825857162475586,47.1388463973999,17.54238
region,O'Higgins,2022-03-01,4,51.563385,40.92513179779053,61.32537269592285,23.185986
region,O'Higgins,2022-04-01,4,49.534832,44.416497230529785,54.52257251739502,31.494791
region,O'Higgins,2022-05-01,4,62.936363,58.56526279449463,66.95871543884277,44.926617
region,O'Higgins,2022-06-01,4,70.38472,67.85908317565918,72.65030097961426,41.204155
region,O'Higgins,2022-07-01,4,60.249317,55.43800926208496,64.99662780761719,35.04962
region,O'Higgins,2022-08-01,4,52.32375,47.662665367126465,57.17143440246582,37.916405
region,O'Higgins,2022-09-01,4,39.728966,37.20889949798584,42.62313652038574,36.31226
region,O'Higgins,2022-10-01,4,38.508106,30.834025382995605,43.167723655700684,24.796482
region,O'Higgins,2022-11-01,4,39.26804,31.761716842651367,42.053765296936035,21.887043
region,O'Higgins,2022-12-01,4,47.44294,35.55625343322754,52.20808506011963,30.978687
region,O'Higgins,2023-01-01,4,41.175278,32.68037700653076,44.91262722015381,15.839415
region,O'Higgins,2023-02-01,4,70.74615,63.61294746398926,75.2213363647461,39.36262
region,O'Higgins,2023-03-01,4,52.35012,40.904727935791016,60.74073886871338,22.562077
region,O'Higgins,2023-04-01,4,60.106674,51.79704570770264,68.93968963623047,27.104015
region,O'Higgins,2023-05-01,4,58.032642,50.61489486694336,60.81387424468994,35.77991
region,O'Higgins,2023-06-01,4,61.331776,56.97700214385986,64.66151714324951,33.927944
region,O'Higgins,2023-07-01,4,73.02533,64.6209363937378,81.73202705383301,38.029793
region,O'Higgins,2023-08-01,4,44.528713,41.999938011169434,45.99018383026123,32.711533
region,O'Higgins,2023-09-01,4,38.1178,36.87226486206055,40.24884033203125,28.284971
region,O'Higgins,2023-10-01,4,38.252693,36.19587326049805,40.161142349243164,27.588678
region,O'Higgins,2023-11-01,4,29.571877,26.720645904541016,31.730124950408936,23.232222
region,O'Higgins,2023-12-01,4,38.89592,36.874420166015625,41.23605251312256,21.94539
region,O'Higgins,2024-01-01,4,44.58376,39.60468673706055,49.30281734466553,15.035048
region,O'Higgins,2024-02-01,4,41.779957,37.03029727935791,46.27015018463135,22.121231
region,O'Higgins,2024-03-01,4,40.710922,38.12039566040039,42.149620056152344,20.35809
region,O'Higgins,2024-04-01,4,52.6756,45.61495399475098,62.56630992889404,24.712433
region,O'Higgins,2024-05-01,4,57.746,55.13597106933594,60.88475704193115,38.177174
region,O'Higgins,2024-06-01,4,64.16477,58.590070724487305,68.23847961425781,43.559845
region,O'Higgins,2024-07-01,4,93.21758,74.1787052154541,110.1890926361084,35.63845
region,O'Higgins,2024-08-01,4,50.03108,45.50548076629639,55.709917068481445,34.745705
region,O'Higgins,2024-09-01,4,45.31878,41.17985534667969,52.028656005859375,34.785103
region,O'Higgins,2024-10-01,4,32.742584,28.941057682037354,36.6791296005249,27.010044
region,O'Higgins,2024-11-01,4,39.118595,34.88021802902222,45.44225883483887,18.624256
region,O'Higgins,2024-12-01,4,44.56397,41.07349634170532,50.516350746154785,18.090813
region,Maule,2019-01-01,4,32.68865,31.760055541992188,36.242865562438965,11.827237
region,Maule,2019-02-01,4,39.170715,37.513139724731445,42.17370891571045,13.42196
region,Maule,2019-03-01,4,47.114147,44.885507583618164,50.67896747589111,22.83024
region,Maule,2019-04-01,4,54.928192,53.1270227432251,56.493531227111816,25.493284
region,Maule,2019-05-01,4,55.501377,49.12886428833008,60.60989856719971,41.32461
region,Maule,2019-06-01,4,50.74835,41.48910713195801,59.41562461853027,21.464247
region,Maule,2019-07-01,4,60.058865,50.2299280166626,69.54823684692383,23.273918
region,Maule,2019-08-01,4,49.217274,46.78652000427246,50.20396423339844,24.485699
region,Maule,2019-09-01,4,30.607801,30.375428676605225,32.28410625457764,19.470186
region,Maule,2019-10-01,4,28.98989,27.494139671325684,31.993279457092285,17.417904
region,Maule,2019-11-01,4,28.45804,26.149210453033447,32.25248050689697,13.796609
region,Maule,2019-12-01,4,29.248062,26.993927001953125,32.37904214859009,12.078744
region,Maule,2020-01-01,4,35.155693,34.43526601791382,37.82432270050049,25.435392
region,Maule,2020-02-01,4,35.431602,33.27805137634277,37.496870040893555,87.20193
region,Maule,2020-03-01,4,33.03385,29.56935739517212,35.18379592895508,27.742819
region,Maule,2020-04-01,4,43.675976,38.84458351135254,46.47408199310303,27.714478
region,Maule,2020-05-01,4,49.23734,43.304749488830566,55.22275161743164,28.876778
region,Maule,2020-06-01,4,52.520294,44.00924587249756,58.05900001525879,24.64264
region,Maule,2020-07-01,4,49.619095,39.54689598083496,56.514906883239746,20.507067
region,Maule,2020-08-01,4,37.545177,30.148948669433594,44.23860454559326,22.52903
region,Maule,2020-09-01,4,29.505764,27.893221378326416,30.599334239959717,22.18653
region,Maule,2020-10-01,4,24.80996,20.67854070663452,27.998385906219482,13.5353985
region,Maule,2020-11-01,4,24.632313,22.72297763824463,26.546268463134766,12.725548
region,Maule,2020-12-01,4,25.246677,22.604666233062744,28.181379318237305,9.569006
region,Maule,2021-01-01,4,27.14173,24.733866691589355,29.657060146331787,12.463925
region,Maule,2021-02-01,4,22.85083,21.65169620513916,25.534436225891113,10.959698
region,Maule,2021-03-01,5,32.015686,24.869447708129883,34.086368560791016,12.853878
region,Maule,2021-04-01,5,38.168205,36.892757415771484,42.20780944824219,20.674051
region,Maule,2021-05-01,5,57.655323,49.04871368408203,60.50202941894531,26.419489
region,Maule,2021-06-01,5,58.648815,53.17222213745117,61.631431579589844,23.11764
region,Maule,2021-07-01,5,62.297195,53.3951301574707,74.39891815185547,24.263697
region,Maule,2021-08-01,5,46.190285,45.157894134521484,49.80888366699219,27.69222
region,Maule,2021-09-01,5,31.001118,26.730714797973633,32.2877082824707,20.044907
region,Maule,2021-10-01,5,26.838797,22.827869415283203,29.064603805541992,14.153316
region,Maule,2021-11-01,5,26.266125,24.867687225341797,28.632823944091797,13.458388
region,Maule,2021-12-01,5,33.75971,33.81511306762695,35.092742919921875,14.56979
region,Maule,2022-01-01,5,25.60258,25.369770050048828,26.798919677734375,12.302061
region,Maule,2022-02-01,5,38.251507,36.46417999267578,39.73919677734375,15.818092
region,Maule,2022-03-01,5,34.327267,29.11836814880371,35.418697357177734,18.405115
region,Maule,2022-04-01,5,36.60838,33.75630187988281,36.95988464355469,18.15133
region,Maule,2022-05-01,5,48.251823,39.54594421386719,55.064517974853516,38.946995
region,Maule,2022-06-01,5,48.32352,43.5338020324707,49.28028106689453,30.187067
region,Maule,2022-07-01,5,40.583332,33.864315032958984,49.82312774658203,20.013313
region,Maule,2022-08-01,5,42.14382,33.39973068237305,48.298770904541016,21.321737
region,Maule,2022-09-01,5,32.121407,29.058740615844727,34.00278854370117,26.581812
region,Maule,2022-10-01,5,26.864975,21.766845703125,31.861371994018555,22.749636
region,Maule,2022-11-01,5,25.031128,21.710674285888672,28.693706512451172,30.765017
region,Maule,2022-12-01,5,27.011072,21.884408950805664,31.108108520507812,16.935793
region,Maule,2023-01-01,5,27.768879,21.986541748046875,32.91935348510742,21.88666
region,Maule,2023-02-01,5,67.15796,58.050655364990234,74.7455062866211,132.32703
region,Maule,2023-03-01,5,36.933224,24.205442428588867,42.6334228515625,16.737207
region,Maule,2023-04-01,5,43.909065,32.755584716796875,53.026611328125,21.698505
region,Maule,2023-05-01,5,47.334953,42.576454162597656,54.01347732543945,29.362434
region,Maule,2023-06-01,5,45.661873,40.69816589355469,52.15416717529297,35.79913
region,Maule,2023-07-01,5,53.00461,44.097930908203125,59.06621551513672,22.426575
region,Maule,2023-08-01,5,37.668804,32.6010856628418,38.30070877075195,20.258356
region,Maule,2023-09-01,5,24.07863,22.629526138305664,23.232168197631836,18.459667
region,Maule,2023-10-01,5,26.146132,22.96500587463379,30.5235538482666,18.660866
region,Maule,2023-11-01,5,17.297878,16.344011306762695,20.791854858398438,14.918611
region,Maule,2023-12-01,5,22.07815,17.42338752746582,28.838621139526367,13.356853
region,Maule,2024-01-01,5,27.869835,22.38679313659668,33.024227142333984,11.717554
region,Maule,2024-02-01,5,30.303083,24.774381637573242,34.8250732421875,16.68408
region,Maule,2024-03-01,5,27.99946,20.51691436767578,28.580297470092773,13.259133
region,Maule,2024-04-01,5,29.274708,24.909343719482422,30.40306854248047,16.989882
region,Maule,2024-05-01,5,57.46811,54.40565872192383,55.88435363769531,51.925255
region,Maule,2024-06-01,5,37.803173,30.796348571777344,47.423580169677734,23.49852
region,Maule,2024-07-01,5,61.870155,53.385345458984375,68.05660247802734,24.523077
region,Maule,2024-08-01,5,40.274933,35.51951599121094,41.97981262207031,22.851545
region,Maule,2024-09-01,5,25.752583,23.293296813964844,27.742656707763672,22.254213
region,Maule,2024-10-01,5,20.235754,18.87752342224121,21.619890213012695,17.06789
region,Maule,2024-11-01,5,18.909927,14.826815605163574,22.388038635253906,12.88982
region,Maule,2024-12-01,5,22.660044,18.23770523071289,26.247934341430664,11.665238
region,Biobío–Ñuble,2019-01-01,16,30.894222,25.41647958755493,33.31169033050537,10.858148
region,Biobío–Ñuble,2019-02-01,16,41.494087,36.16716957092285,43.58754539489746,17.752485
region,Biobío–Ñuble,2019-03-01,17,37.406136,29.49663543701172,43.40216064453125,20.260576
region,Biobío–Ñuble,2019-04-01,18,42.56249,32.24273204803467,47.09962272644043,37.54924
region,Biobío–Ñuble,2019-05-01,19,50.941616,41.09383583068848,62.1209602355957,70.941956
region,Biobío–Ñuble,2019-06-01,18,43.389683,28.053304195404053,57.20077610015869,16.62044
region,Biobío–Ñuble,2019-07-01,19,39.577118,29.804844856262207,46.82006645202637,16.283182
region,Biobío–Ñuble,2019-08-01,19,41.60267,35.61704635620117,45.81979751586914,20.972075
region,Biobío–Ñuble,2019-09-01,19,29.763329,21.865934371948242,36.08477210998535,17.215738
region,Biobío–Ñuble,2019-10-01,19,26.146017,20.62299919128418,29.339468002319336,18.303772
region,Biobío–Ñuble,2019-11-01,20,26.71432,20.162763118743896,30.494174003601074,13.49349
region,Biobío–Ñuble,2019-12-01,20,30.808783,22.268816471099854,35.23230457305908,11.281819
region,Biobío–Ñuble,2020-01-01,20,37.345284,29.320226192474365,39.1382942199707,26.61224
region,Biobío–Ñuble,2020-02-01,20,34.73206,27.71418523788452,37.81131362915039,15.327565
region,Biobío–Ñuble,2020-03-01,20,31.850616,24.4754695892334,35.205471992492676,15.488672
region,Biobío–Ñuble,2020-04-01,20,36.673615,28.026455879211426,42.54649257659912,26.814507
region,Biobío–Ñuble,2020-05-01,19,50.76669,35.49999237060547,57.33314323425293,24.17055
region,Biobío–Ñuble,2020-06-01,20,48.606537,30.54927349090576,61.68811893463135,16.54616
region,Biobío–Ñuble,2020-07-01,20,48.541958,30.22372055053711,53.38918972015381,15.961557
region,Biobío–Ñuble,2020-08-01,19,40.34133,28.32314968109131,46.476600646972656,16.674562
region,Biobío–Ñuble,2020-09-01,19,38.48245,27.12533187866211,41.82002830505371,17.523859
region,Biobío–Ñuble,2020-10-01,19,29.53661,22.371954917907715,32.933475494384766,13.560247
region,Biobío–Ñuble,2020-11-01,19,26.306799,21.511363983154297,30.4139404296875,12.967014
region,Biobío–Ñuble,2020-12-01,24,25.84377,20.500669956207275,26.197505950927734,10.592492
region,Biobío–Ñuble,2021-01-01,24,26.805265,22.809247970581055,28.987364768981934,11.398557
region,Biobío–Ñuble,2021-02-01,24,24.023897,19.523637294769287,27.24118185043335,9.528686
region,Biobío–Ñuble,2021-03-01,25,29.605486,23.728010177612305,31.149394989013672,16.470112
region,Biobío–Ñuble,2021-04-01,25,30.944489,24.376750946044922,34.60224151611328,19.44574
region,Biobío–Ñuble,2021-05-01,25,50.576992,37.211326599121094,58.91644287109375,22.763577
region,Biobío–Ñuble,2021-06-01,25,51.445866,30.668203353881836,63.208621978759766,16.366255
region,Biobío–Ñuble,2021-07-01,25,51.923775,35.599998474121094,63.012245178222656,17.551699
region,Biobío–Ñuble,2021-08-01,25,40.273785,30.28900909423828,46.26272201538086,19.074013
region,Biobío–Ñuble,2021-09-01,25,31.055872,25.760114669799805,34.52867126464844,14.849889
region,Biobío–Ñuble,2021-10-01,25,28.077585,22.26453399658203,28.554645538330078,13.529834
region,Biobío–Ñuble,2021-11-01,25,24.931557,19.99163246154785,25.9219970703125,12.130173
region,Biobío–Ñuble,2021-12-01,25,35.32618,28.18145179748535,38.82210159301758,18.249674
region,Biobío–Ñuble,2022-01-01,25,24.207796,19.05898094177246,25.720386505126953,9.101202
region,Biobío–Ñuble,2022-02-01,25,35.33809,27.14927864074707,41.21257400512695,18.754953
region,Biobío–Ñuble,2022-03-01,25,30.072596,25.624460220336914,33.13978576660156,44.64586
region,Biobío–Ñuble,2022-04-01,25,32.59794,27.700441360473633,34.11948776245117,15.60587
region,Biobío–Ñuble,2022-05-01,24,52.071106,38.293867111206055,60.92672634124756,29.873917
region,Biobío–Ñuble,2022-06-01,25,41.54808,31.3945369720459,49.358333587646484,22.848469
region,Biobío–Ñuble,2022-07-01,25,34.26032,25.0983829498291,43.39754104614258,14.403181
region,Biobío–Ñuble,2022-08-01,25,35.204586,30.882596969604492,40.19272232055664,17.31158
region,Biobío–Ñuble,2022-09-01,25,30.873087,26.17966651916504,34.268531799316406,19.516363
region,Biobío–Ñuble,2022-10-01,25,22.0,19.42395782470703,25.700410842895508,15.836896
region,Biobío–Ñuble,2022-11-01,25,24.609465,18.060651779174805,28.930496215820312,14.244241
region,Biobío–Ñuble,2022-12-01,25,26.720947,22.571428298950195,30.77353286743164,18.362337
region,Biobío–Ñuble,2023-01-01,25,26.488153,23.71332359313965,31.0352783203125,15.116875
region,Biobío–Ñuble,2023-02-01,25,61.065865,43.51578903198242,77.95088958740234,250.98323
region,Biobío–Ñuble,2023-03-01,25,27.628763,25.40217399597168,32.66926574707031,15.146206
region,Biobío–Ñuble,2023-04-01,25,30.153486,23.468355178833008,37.37872314453125,27.087177
region,Biobío–Ñuble,2023-05-01,25,41.190216,30.682369232177734,46.327911376953125,26.058119
region,Biobío–Ñuble,2023-06-01,24,44.996037,32.878379821777344,60.19663906097412,16.860529
region,Biobío–Ñuble,2023-07-01,24,50.55273,33.70875549316406,68.44009780883789,15.613771
region,Biobío–Ñuble,2023-08-01,24,41.003933,27.699166774749756,51.86279010772705,14.94948
region,Biobío–Ñuble,2023-09-01,24,25.799726,19.74173927307129,29.91061782836914,15.093378
region,Biobío–Ñuble,2023-10-01,24,30.176514,24.95666790008545,33.50134754180908,15.104718
region,Biobío–Ñuble,2023-11-01,20,21.896177,17.917829036712646,24.048972129821777,13.771775
region,Biobío–Ñuble,2023-12-01,20,26.903776,22.897301197052002,29.105737686157227,11.09549
region,Biobío–Ñuble,2024-01-01,20,34.83393,30.70549249649048,35.407734870910645,10.456989
region,Biobío–Ñuble,2024-02-01,20,34.69389,29.954694747924805,35.03292942047119,11.948467
region,Biobío–Ñuble,2024-03-01,20,29.222261,25.305652618408203,28.608755588531494,17.225983
region,Biobío–Ñuble,2024-04-01,20,34.52503,27.17148780822754,41.040771484375,24.340513
region,Biobío–Ñuble,2024-05-01,24,62.308563,36.13340187072754,79.19865036010742,35.12447
region,Biobío–Ñuble,2024-06-01,24,34.19864,22.145699977874756,43.904784202575684,14.173268
region,Biobío–Ñuble,2024-07-01,24,59.043602,41.85246276855469,75.36576843261719,20.5595
region,Biobío–Ñuble,2024-08-01,24,44.959026,30.94999074935913,54.00911235809326,18.092062
region,Biobío–Ñuble,2024-09-01,25,27.725863,21.129077911376953,31.873258590698242,17.702436
region,Biobío–Ñuble,2024-10-01,25,25.315851,21.229419708251953,28.407007217407227,17.419617
region,Biobío–Ñuble,2024-11-01,25,21.10316,17.41492462158203,25.682451248168945,12.71894
region,Biobío–Ñuble,2024-12-01,25,24.742262,19.96147918701172,28.9290771484375,10.51396
region,Araucanía,2019-01-01,3,18.55647,17.943081855773926,18.912918090820312,9.872686
region,Araucanía,2019-02-01,3,37.97633,33.07398986816406,40.28411865234375,19.013735
region,Araucanía,2019-03-01,3,33.209576,29.236534118652344,35.87509632110596,21.825989
region,Araucanía,2019-04-01,3,39.29011,35.144662857055664,42.99580383300781,30.39234
region,Araucanía,2019-05-01,3,62.086,53.637704849243164,69.48801612854004,16.573666
region,Araucanía,2019-06-01,3,49.573284,42.61627769470215,55.16221618652344,11.697089
region,Araucanía,2019-07-01,3,56.41203,43.45956993103027,68.21260643005371,14.638113
region,Araucanía,2019-08-01,3,61.332882,48.32427406311035,73.29893112182617,19.539293
region,Araucanía,2019-09-01,3,34.526264,29.763946533203125,39.273786544799805,15.435863
region,Araucanía,2019-10-01,3,27.762804,24.69536590576172,30.613823890686035,16.249853
region,Araucanía,2019-11-01,3,20.666357,18.868000030517578,21.637028694152832,14.905231
region,Araucanía,2019-12-01,3,19.044464,18.76123809814453,19.43298625946045,11.472558
region,Araucanía,2020-01-01,3,18.045557,17.559391021728516,18.78291893005371,17.496023
region,Araucanía,2020-02-01,3,20.85763,20.095077514648438,21.848669052124023,11.52389
region,Araucanía,2020-03-01,3,21.66321,21.46746826171875,21.764440536499023,17.904423
region,Araucanía,2020-04-01,3,36.52519,31.313286781311035,41.23843574523926,43.253063
region,Araucanía,2020-05-01,3,59.670868,48.890201568603516,68.92048072814941,17.822721
region,Araucanía,2020-06-01,3,52.300976,44.204463958740234,57.86023712158203,13.385613
region,Araucanía,2020-07-01,3,57.383884,46.225358963012695,65.9922981262207,14.85729
region,Araucanía,2020-08-01,3,49.926277,39.75142192840576,60.40492630004883,15.795421
region,Araucanía,2020-09-01,3,44.58707,37.720375061035156,51.78181266784668,16.848648
region,Araucanía,2020-10-01,3,28.220224,24.49994659423828,31.601160049438477,13.7715435
region,Araucanía,2020-11-01,3,19.418692,17.2722110748291,20.52736759185791,13.588264
region,Araucanía,2020-12-01,3,17.279299,15.98045825958252,18.209653854370117,11.322317
region,Araucanía,2021-01-01,3,16.483768,14.396825313568115,17.95704174041748,8.411441
region,Araucanía,2021-02-01,3,19.882973,18.111838340759277,21.467995643615723,9.754181
region,Araucanía,2021-03-01,3,23.775114,22.647483825683594,24.335067749023438,28.7284
region,Araucanía,2021-04-01,3,30.811214,28.700441360473633,33.47304344177246,27.481916
region,Araucanía,2021-05-01,3,61.663372,52.12844276428223,70.76862716674805,14.891425
region,Araucanía,2021-06-01,3,67.466385,56.896270751953125,77.77340316772461,13.323359
region,Araucanía,2021-07-01,3,70.7148,58.83069610595703,83.27615737915039,16.716381
region,Araucanía,2021-08-01,3,46.662773,38.20382118225098,54.584598541259766,18.031109
region,Araucanía,2021-09-01,3,36.399536,30.312363624572754,42.13161659240723,15.462033
region,Araucanía,2021-10-01,3,28.402603,23.486950874328613,32.42701435089111,12.818758
region,Araucanía,2021-11-01,3,21.968431,17.68343448638916,24.211750984191895,12.207655
region,Araucanía,2021-12-01,3,26.98071,22.95822238922119,29.261441230773926,9.988405
region,Araucanía,2022-01-01,3,19.045557,14.663985252380371,21.730594158172607,10.065214
region,Araucanía,2022-02-01,3,29.60686,26.97470188140869,31.143311500549316,19.953684
region,Araucanía,2022-03-01,3,21.74752,20.114965438842773,22.656291007995605,29.976961
region,Araucanía,2022-04-01,3,35.61098,29.394368171691895,40.56292533874512,15.571829
region,Araucanía,2022-05-01,3,68.51059,57.77538299560547,78.1312255859375,20.461466
region,Araucanía,2022-06-01,3,66.156166,56.7680549621582,75.38886642456055,14.908757
region,Araucanía,2022-07-01,3,43.820065,36.08828639984131,50.34747886657715,13.234115
region,Araucanía,2022-08-01,3,46.023434,36.79341411590576,55.75168037414551,17.48507
region,Araucanía,2022-09-01,3,32.500927,28.258505821228027,36.53432655334473,18.648329
region,Araucanía,2022-10-01,3,23.084011,20.831624031066895,24.594621658325195,16.608463
region,Araucanía,2022-11-01,3,19.034819,18.656426429748535,19.38159465789795,15.1673
region,Araucanía,2022-12-01,3,19.724087,18.67599582672119,21.57251739501953,14.358536
region,Araucanía,2023-01-01,3,16.749855,15.311298847198486,17.134004592895508,11.481181
region,Araucanía,2023-02-01,3,23.832914,22.57924461364746,26.13759422302246,21.648993
region,Araucanía,2023-03-01,3,21.102077,20.698981285095215,21.502649307250977,99.14022
region,Araucanía,2023-04-01,3,29.387442,26.67546558380127,31.152932167053223,35.40661
region,Araucanía,2023-05-01,3,49.07101,40.165998458862305,56.90863037109375,16.240507
region,Araucanía,2023-06-01,3,71.2166,60.09621047973633,80.53544998168945,14.541947
region,Araucanía,2023-07-01,3,57.914337,48.379934310913086,64.60290908813477,13.801122
region,Araucanía,2023-08-01,3,56.61905,43.95302772521973,65.37833213806152,15.240925
region,Araucanía,2023-09-01,3,32.695812,24.426301956176758,38.90876579284668,15.239273
region,Araucanía,2023-10-01,3,28.558624,25.948628425598145,32.08944511413574,14.25359
region,Araucanía,2023-11-01,3,19.959127,18.42029905319214,22.610358238220215,14.512837
region,Araucanía,2023-12-01,3,19.781801,18.63931369781494,20.89118766784668,11.084965
region,Araucanía,2024-01-01,3,20.92898,19.85359001159668,22.34547233581543,8.959474
region,Araucanía,2024-02-01,3,23.027906,22.56425380706787,23.469510078430176,9.939814
region,Araucanía,2024-03-01,3,21.585709,20.72396755218506,22.399388313293457,36.414227
region,Araucanía,2024-04-01,3,31.797342,29.097030639648438,34.63135528564453,17.820099
region,Araucanía,2024-05-01,3,57.625732,54.349159240722656,61.284332275390625,15.289443
region,Araucanía,2024-06-01,3,33.42389,31.454215049743652,35.82218360900879,10.838573
region,Araucanía,2024-07-01,3,70.64228,62.89323616027832,82.25191879272461,16.672983
region,Araucanía,2024-08-01,3,48.241604,42.27873229980469,56.95602607727051,16.45315
region,Araucanía,2024-09-01,3,25.991167,23.610591888427734,28.833267211914062,16.639479
region,Araucanía,2024-10-01,3,22.427097,20.43747901916504,24.692744255065918,14.957632
region,Araucanía,2024-11-01,3,17.34969,16.034428119659424,18.698065757751465,14.152645
region,Araucanía,2024-12-01,3,18.115698,17.57203960418701,18.539650917053223,10.097588
region,Los Ríos,2019-01-01,2,16.404343,14.93659782409668,17.8641414642334,7.844267
region,Los Ríos,2019-02-01,2,26.089888,21.28044891357422,30.82781219482422,9.174624
region,Los Ríos,2019-03-01,2,14.230148,13.032974481582642,15.427321195602417,16.639603
region,Los Ríos,2019-04-01,2,29.339958,20.912126064300537,38.23497819900513,9.642128
region,Los Ríos,2019-05-01,2,34.125847,23.757023811340332,44.77913570404053,10.503613
region,Los Ríos,2019-06-01,2,32.38526,23.297484397888184,41.70556354522705,9.470955
region,Los Ríos,2019-07-01,2,38.7483,27.1232807636261,50.890702962875366,12.669635
region,Los Ríos,2019-08-01,2,43.55844,30.66596746444702,56.8445782661438,12.03996
region,Los Ríos,2019-09-01,2,31.325678,23.584784030914307,39.088149547576904,11.816888
region,Los Ríos,2019-10-01,2,23.210346,19.00453209877014,27.381945371627808,10.580683
region,Los Ríos,2019-11-01,2,14.907575,13.143903970718384,16.67615580558777,12.289273
region,Los Ríos,2019-12-01,2,12.023713,12.021370887756348,12.026017189025879,9.447258
region,Los Ríos,2020-01-01,2,15.62004,14.4929780960083,16.744074821472168,16.62074
region,Los Ríos,2020-02-01,2,19.135017,16.93323802947998,21.317803382873535,9.436828
region,Los Ríos,2020-03-01,2,12.360999,11.71288800239563,13.009109258651733,10.122973
region,Los Ríos,2020-04-01,2,29.352942,21.252801656723022,37.45308232307434,10.359748
region,Los Ríos,2020-05-01,2,37.9587,26.238929986953735,49.90277361869812,9.765876
region,Los Ríos,2020-06-01,2,30.473495,20.658055543899536,41.545793294906616,11.576923
region,Los Ríos,2020-07-01,2,42.267567,29.758261680603027,54.9813814163208,11.912717
region,Los Ríos,2020-08-01,2,42.13288,30.330814838409424,54.161134243011475,12.267651
region,Los Ríos,2020-09-01,2,29.971489,23.59249496459961,36.31509017944336,12.132253
region,Los Ríos,2020-10-01,2,18.95884,15.578248023986816,22.3212308883667,9.918594
region,Los Ríos,2020-11-01,2,13.312195,12.134231328964233,14.500050783157349,9.775186
region,Los Ríos,2020-12-01,2,11.919421,11.387503862380981,12.497194051742554,8.381315
region,Los Ríos,2021-01-01,2,12.53432,12.0798921585083,12.986308097839355,7.5933075
region,Los Ríos,2021-02-01,2,15.178358,14.94050407409668,15.41763687133789,7.1047983
region,Los Ríos,2021-03-01,2,13.780702,13.287917852401733,14.276152849197388,8.368051
region,Los Ríos,2021-04-01,2,25.585964,19.63535213470459,31.65466022491455,9.14038
region,Los Ríos,2021-05-01,2,34.387096,25.847695350646973,43.68555736541748,9.176268
region,Los Ríos,2021-06-01,2,42.582268,30.42365264892578,55.746620178222656,9.769505
region,Los Ríos,2021-07-01,2,39.19699,29.15058994293213,49.866862297058105,8.444197
region,Los Ríos,2021-08-01,2,34.19298,26.539461612701416,41.887927532196045,12.654643
region,Los Ríos,2021-09-01,2,28.297962,22.68933391571045,34.115357398986816,8.59551
region,Los Ríos,2021-10-01,2,22.207293,20.879723072052002,23.52414846420288,9.194553
region,Los Ríos,2021-11-01,2,13.859722,13.835417032241821,13.884028196334839,7.0587845
region,Los Ríos,2021-12-01,2,16.95946,15.605780601501465,18.305840492248535,7.7222195
region,Los Ríos,2022-01-01,2,13.140244,12.289959192276001,14.013888120651245,8.389925
region,Los Ríos,2022-02-01,2,18.461481,16.86210012435913,20.046570301055908,8.388137
region,Los Ríos,2022-03-01,2,14.989197,13.295778036117554,16.70563817024231,9.130625
region,Los Ríos,2022-04-01,2,24.204481,18.320295810699463,30.121726512908936,11.271918
region,Los Ríos,2022-05-01,2,47.22394,32.41629219055176,61.991811752319336,8.296552
region,Los Ríos,2022-06-01,2,35.547436,25.01715064048767,46.531285524368286,10.072488
region,Los Ríos,2022-07-01,2,30.311155,22.375336170196533,38.246976375579834,11.940884
region,Los Ríos,2022-08-01,2,39.367004,30.774086952209473,47.9830961227417,12.539395
region,Los Ríos,2022-09-01,2,26.915218,22.543290615081787,31.299316883087158,11.141671
region,Los Ríos,2022-10-01,2,18.682861,18.649427890777588,18.71647596359253,12.835129
region,Los Ríos,2022-11-01,2,14.676859,13.177444458007812,16.17211151123047,11.114803
region,Los Ríos,2022-12-01,2,15.91073,15.014322519302368,16.083840131759644,11.164172
region,Los Ríos,2023-01-01,1,26.524899,26.524898529052734,26.524898529052734,7.6294456
region,Los Ríos,2023-02-01,2,25.4931,16.70421004295349,24.35548710823059,23.368248
region,Los Ríos,2023-03-01,2,15.357435,14.31779432296753,16.455400943756104,6.681734
region,Los Ríos,2023-04-01,2,20.066341,16.711014986038208,23.402974843978882,9.77168
region,Los Ríos,2023-05-01,2,30.938845,23.537299156188965,38.3403902053833,8.905153
region,Los Ríos,2023-06-01,2,37.020264,27.49629020690918,46.67828559875488,12.16205
region,Los Ríos,2023-07-01,2,35.409275,26.406249046325684,44.41229724884033,10.493529
region,Los Ríos,2023-08-01,2,36.62407,26.837259769439697,46.544124126434326,10.78451
region,Los Ríos,2023-09-01,2,17.272358,19.475130558013916,24.386447429656982,14.258855
region,Los Ríos,2023-10-01,2,22.864943,22.75652551651001,22.94853162765503,10.722749
region,Los Ríos,2023-11-01,2,16.412422,15.832974672317505,16.987035512924194,13.141741
region,Los Ríos,2023-12-01,2,16.248486,14.176083326339722,18.315311670303345,8.63126
region,Los Ríos,2024-01-01,2,25.45895,18.090848445892334,32.82705354690552,6.523352
region,Los Ríos,2024-02-01,2,18.013798,13.878612041473389,22.042269229888916,7.4175086
region,Los Ríos,2024-03-01,2,14.291951,13.810590267181396,14.79479455947876,9.954375
region,Los Ríos,2024-04-01,2,21.07563,17.263304948806763,24.887954473495483,10.791141
region,Los Ríos,2024-05-01,2,46.419918,33.23755121231079,59.602290630340576,8.624572
region,Los Ríos,2024-06-01,2,27.843079,18.359098434448242,35.431528091430664,10.665844
region,Los Ríos,2024-07-01,1,57.22861,57.22861099243164,57.22861099243164,9.04872
region,Los Ríos,2024-08-01,1,54.97301,54.9730110168457,54.9730110168457,9.243349
region,Los Ríos,2024-09-01,2,31.023085,16.98570442199707,30.95711326599121,11.5876
region,Los Ríos,2024-10-01,2,20.98338,16.68041682243347,21.624828577041626,8.631881
region,Los Ríos,2024-11-01,2,13.98812,12.534442663192749,15.42965817451477,11.184236
region,Los Ríos,2024-12-01,2,15.630662,15.090015411376953,16.24710464477539,8.035033
region,Los Lagos,2019-01-01,1,41.69878,41.69878005981445,41.69878005981445,8.4874525
region,Los Lagos,2019-02-01,1,54.256718,54.256717681884766,54.256717681884766,8.924352
region,Los Lagos,2019-03-01,1,36.297443,36.29744338989258,36.29744338989258,21.493355
region,Los Lagos,2019-04-01,1,62.786816,62.78681564331055,62.78681564331055,13.295223
region,Los Lagos,2019-05-01,1,79.69676,79.69676208496094,79.69676208496094,10.129141
region,Los Lagos,2019-06-01,1,77.75453,77.75453186035156,77.75453186035156,8.469421
region,Los Lagos,2019-07-01,1,97.440544,97.44054412841797,97.44054412841797,10.811488
region,Los Lagos,2019-08-01,1,64.3661,64.36609649658203,64.36609649658203,12.625572
region,Los Lagos,2019-09-01,1,36.60335,36.60335159301758,36.60335159301758,12.020086
region,Los Lagos,2019-10-01,1,32.26603,32.266029357910156,32.266029357910156,11.738333
region,Los Lagos,2019-11-01,1,19.307154,19.307153701782227,19.307153701782227,13.274487
region,Los Lagos,2019-12-01,1,13.069833,13.069832801818848,13.069832801818848,10.538945
region,Los Lagos,2020-01-01,1,14.775676,14.775675773620605,14.775675773620605,15.235239
region,Los Lagos,2020-02-01,1,18.080692,18.080692291259766,18.080692291259766,10.105159
region,Los Lagos,2020-03-01,1,17.277027,17.277027130126953,17.277027130126953,10.866045
region,Los Lagos,2020-04-01,1,47.18347,47.1834716796875,47.1834716796875,11.86607
region,Los Lagos,2020-05-01,1,89.84253,89.842529296875,89.842529296875,10.338288
region,Los Lagos,2020-06-01,1,46.82353,46.82352828979492,46.82352828979492,8.766426
region,Los Lagos,2020-07-01,1,77.105835,77.1058349609375,77.1058349609375,10.2747755
region,Los Lagos,2020-08-01,1,65.33015,65.33014678955078,65.33014678955078,11.969604
region,Los Lagos,2020-09-01,1,56.111267,56.11126708984375,56.11126708984375,14.23928
region,Los Lagos,2020-10-01,1,36.513363,36.513362884521484,36.513362884521484,11.133495
region,Los Lagos,2020-11-01,1,19.572222,19.572221755981445,19.572221755981445,10.803567
region,Los Lagos,2020-12-01,1,15.494595,15.49459457397461,15.49459457397461,9.927724
region,Los Lagos,2021-01-01,1,18.386793,18.38679313659668,18.38679313659668,6.865045
region,Los Lagos,2021-02-01,2,25.257353,20.48124122619629,24.662900924682617,5.8300147
region,Los Lagos,2021-03-01,2,24.624065,23.952289581298828,25.272506713867188,12.042322
region,Los Lagos,2021-04-01,2,38.411972,35.913204193115234,40.93905258178711,11.278914
region,Los Lagos,2021-05-01,2,57.634277,54.499938011169434,60.802639961242676,9.917916
region,Los Lagos,2021-06-01,2,97.19957,93.26617240905762,101.1442813873291,9.857289
region,Los Lagos,2021-07-01,2,69.22948,65.62296485900879,72.8554515838623,10.637017
region,Los Lagos,2021-08-01,2,53.79946,52.55215358734131,55.036702156066895,13.486775
region,Los Lagos,2021-09-01,2,44.46699,44.37390327453613,44.5598201751709,12.365739
region,Los Lagos,2021-10-01,2,29.180237,26.103171825408936,32.668489933013916,10.746151
region,Los Lagos,2021-11-01,2,22.652609,19.710757732391357,25.314093112945557,8.869269
region,Los Lagos,2021-12-01,2,21.242826,18.78765869140625,24.012432098388672,10.93993
region,Los Lagos,2022-01-01,2,19.324799,17.696228504180908,20.96217107772827,9.492532
region,Los Lagos,2022-02-01,2,20.334955,19.64426565170288,20.939507007598877,8.576156
region,Los Lagos,2022-03-01,2,27.375282,25.816351413726807,28.719790935516357,11.163134
region,Los Lagos,2022-04-01,2,46.64343,46.08353042602539,47.24202346801758,11.612693
region,Los Lagos,2022-05-01,2,73.37421,70.98738479614258,76.24247360229492,9.465469
region,Los Lagos,2022-06-01,2,92.93031,87.8444652557373,98.00200843811035,10.265812
region,Los Lagos,2022-07-01,2,69.04313,67.25135040283203,70.83490753173828,9.857625
region,Los Lagos,2022-08-01,2,85.313896,84.76385307312012,85.8594913482666,14.492011
region,Los Lagos,2022-09-01,2,51.46479,50.54700946807861,52.33718013763428,15.292583
region,Los Lagos,2022-10-01,2,30.703527,28.171998023986816,33.290621757507324,14.491438
region,Los Lagos,2022-11-01,2,19.693605,18.437252521514893,20.98214864730835,14.054268
region,Los Lagos,2022-12-01,2,14.86844,14.259654760360718,15.489270448684692,12.788673
region,Los Lagos,2023-01-01,2,13.02027,12.944891929626465,13.09483814239502,9.710706
region,Los Lagos,2023-02-01,2,14.534483,14.442780256271362,14.625637292861938,7.4553022
region,Los Lagos,2023-03-01,2,21.476511,20.247743129730225,22.268314838409424,8.960738
region,Los Lagos,2023-04-01,2,34.81767,34.28397274017334,35.35896015167236,11.301608
region,Los Lagos,2023-05-01,2,55.6314,52.386054039001465,58.841946601867676,9.494413
region,Los Lagos,2023-06-01,2,60.325645,59.825181007385254,60.81916332244873,10.397841
region,Los Lagos,2023-07-01,2,56.361446,55.27209663391113,57.241437911987305,9.458662
region,Los Lagos,2023-08-01,2,62.288666,61.76345729827881,62.93216419219971,10.909724
region,Los Lagos,2023-09-01,2,39.54248,39.235507011413574,39.85116672515869,13.606382
region,Los Lagos,2023-10-01,2,26.07495,24.333523273468018,27.82108449935913,11.125679
region,Los Lagos,2023-11-01,2,22.787752,22.013331413269043,23.564332008361816,12.843056
region,Los Lagos,2023-12-01,2,19.329227,17.730618953704834,20.83024263381958,9.359482
region,Los Lagos,2024-01-01,2,18.508429,18.201003074645996,18.818352699279785,7.3763504
region,Los Lagos,2024-02-01,2,22.69884,21.743253231048584,23.637924671173096,10.330831
region,Los Lagos,2024-03-01,2,22.051912,21.963461875915527,22.137978553771973,9.7047415
region,Los Lagos,2024-04-01,2,34.963688,33.93575477600098,35.991621017456055,9.913765
region,Los Lagos,2024-05-01,2,89.62239,81.36595916748047,97.90111541748047,9.257793
region,Los Lagos,2024-06-01,2,39.774216,38.38459491729736,41.16771602630615,7.954439
region,Los Lagos,2024-07-01,2,75.12727,73.17867851257324,77.08112525939941,10.756279
region,Los Lagos,2024-08-01,2,67.2915,64.5418348312378,70.04116153717041,11.345645
region,Los Lagos,2024-09-01,2,40.233288,38.46146297454834,41.995266914367676,11.86648
region,Los Lagos,2024-10-01,2,27.173298,25.148037433624268,29.193101406097412,12.740211
region,Los Lagos,2024-11-01,2,20.841923,18.739902019500732,22.943941593170166,12.543155
region,Los Lagos,2024-12-01,2,20.051386,18.943077564239502,21.15670156478882,13.973282
region,Aysén,2019-01-01,2,17.502726,16.444644689559937,18.56658673286438,7.4442167
region,Aysén,2019-02-01,2,25.546408,24.569345951080322,26.517634868621826,6.236114
region,Aysén,2019-03-01,2,34.130554,33.47386074066162,34.753994941711426,4.752818
region,Aysén,2019-04-01,2,51.62718,51.4871301651001,51.76683330535889,5.725232
region,Aysén,2019-05-01,2,70.74693,70.48603248596191,70.99804496765137,4.1536427
region,Aysén,2019-06-01,2,93.81507,93.41866493225098,94.21705436706543,3.3142319
region,Aysén,2019-07-01,2,113.83052,113.07285690307617,114.58613967895508,3.8419511
region,Aysén,2019-08-01,2,74.407005,74.29312705993652,74.5208911895752,4.517788
region,Aysén,2019-09-01,2,56.762207,56.11675834655762,57.37039375305176,6.534051
region,Aysén,2019-10-01,2,34.45074,34.24831295013428,34.65317249298096,6.2789626
region,Aysén,2019-11-01,2,21.513664,20.67954111099243,22.331580638885498,9.511813
region,Aysén,2019-12-01,2,18.522306,17.697563648223877,19.34028387069702,8.602102
region,Aysén,2020-01-01,2,16.70068,15.803100347518921,17.578931093215942,13.080541
region,Aysén,2020-02-01,2,19.88111,18.69998073577881,21.038357734680176,8.8555975
region,Aysén,2020-03-01,2,24.54695,24.25239133834839,24.84721612930298,5.441865
region,Aysén,2020-04-01,2,53.237465,52.13614368438721,54.33878993988037,4.074156
region,Aysén,2020-05-01,2,75.24504,74.66792488098145,75.78989219665527,3.6327138
region,Aysén,2020-06-01,2,95.812416,95.72868919372559,95.89474678039551,3.6893547
region,Aysén,2020-07-01,2,126.51351,125.38049697875977,127.6650505065918,3.0911443
region,Aysén,2020-08-01,2,56.36081,54.96689033508301,57.75472831726074,7.033832
region,Aysén,2020-09-01,2,47.939415,46.95856475830078,48.920265197753906,7.641182
region,Aysén,2020-10-01,2,25.777405,25.49416446685791,26.059882164001465,9.145129
region,Aysén,2020-11-01,2,18.276224,18.156009674072266,18.395099639892578,8.220153
region,Aysén,2020-12-01,2,16.127028,15.932198762893677,16.322911977767944,6.9614825
region,Aysén,2021-01-01,2,13.07206,12.338711023330688,13.787678480148315,5.380275
region,Aysén,2021-02-01,2,19.651232,17.832945823669434,21.47495746612549,4.4009953
region,Aysén,2021-03-01,2,24.475033,22.780241012573242,26.178998947143555,3.945583
region,Aysén,2021-04-01,2,34.89909,34.849802017211914,34.9471492767334,3.4242918
region,Aysén,2021-05-01,2,95.03701,93.41579627990723,96.43868827819824,4.0837793
region,Aysén,2021-06-01,2,130.22879,130.0895881652832,130.36877059936523,5.3236794
region,Aysén,2021-07-01,2,50.895412,50.034749031066895,51.75607204437256,4.7723546
region,Aysén,2021-08-01,2,71.66331,71.38743209838867,71.93918228149414,5.1573257
region,Aysén,2021-09-01,2,45.785515,44.737464904785156,46.83356475830078,4.5670695
region,Aysén,2021-10-01,2,24.94758,22.9946231842041,26.900537490844727,7.0191526
region,Aysén,2021-11-01,2,19.95813,18.65659236907959,21.27061176300049,5.9448485
region,Aysén,2021-12-01,2,20.099117,17.45279574394226,22.79622483253479,6.1813045
region,Aysén,2022-01-01,2,14.780288,13.718867540359497,15.77690863609314,7.3528266
region,Aysén,2022-02-01,2,16.682634,15.24321699142456,18.11345911026001,6.300325
region,Aysén,2022-03-01,2,24.243738,23.30688762664795,25.18822956085205,4.9821105
region,Aysén,2022-04-01,2,40.137188,40.11246395111084,40.16190814971924,3.6117105
region,Aysén,2022-05-01,2,111.696304,107.86385345458984,115.65668487548828,2.912211
region,Aysén,2022-06-01,2,146.35844,143.1073875427246,149.6094856262207,3.0803838
region,Aysén,2022-07-01,2,82.511154,80.45731353759766,84.59296417236328,3.400776
region,Aysén,2022-08-01,2,55.061195,50.84472370147705,59.26634120941162,6.152666
region,Aysén,2022-09-01,2,39.613285,37.868409156799316,41.33874797821045,5.5217724
region,Aysén,2022-10-01,2,32.5402,29.82544708251953,35.72057342529297,8.912358
region,Aysén,2022-11-01,2,21.039492,18.19934606552124,23.944462299346924,10.197192
region,Aysén,2022-12-01,2,14.982277,13.085415840148926,16.936896324157715,9.321825
region,Aysén,2023-01-01,2,11.856558,9.940816164016724,13.720660924911499,7.827277
region,Aysén,2023-02-01,2,11.807346,10.504435062408447,13.11809492111206,7.2007437
region,Aysén,2023-03-01,2,23.00205,21.75748920440674,24.223017692565918,6.264812
region,Aysén,2023-04-01,2,51.09205,49.06624889373779,53.117852210998535,3.5097425
region,Aysén,2023-05-01,2,52.404987,51.308960914611816,53.501009941101074,4.2507586
region,Aysén,2023-06-01,2,108.36326,108.29026412963867,108.43564224243164,4.622543
region,Aysén,2023-07-01,2,106.67477,106.02223014831543,107.33083534240723,4.006891
region,Aysén,2023-08-01,2,60.456463,59.71403789520264,61.175034523010254,5.4263544
region,Aysén,2023-09-01,2,59.78088,59.63391876220703,59.928253173828125,5.7168775
region,Aysén,2023-10-01,2,30.543968,30.140106678009033,30.948930263519287,7.1250873
region,Aysén,2023-11-01,2,20.844383,19.989333152770996,21.697049140930176,8.62636
region,Aysén,2023-12-01,2,20.842213,20.783006191253662,20.901577472686768,6.6619143
region,Aysén,2024-01-01,2,19.575472,19.12196683883667,20.028975009918213,6.5086455
region,Aysén,2024-02-01,2,17.704906,17.351945400238037,18.05583620071411,6.210905
region,Aysén,2024-03-01,2,24.128967,22.50687599182129,25.729299545288086,6.238299
region,Aysén,2024-04-01,2,59.531055,58.54167175292969,60.52320098876953,4.5639915
region,Aysén,2024-05-01,2,141.30014,139.99259567260742,142.60766983032227,3.3401177
region,Aysén,2024-06-01,2,103.22338,101.9185848236084,104.5245532989502,2.4845116
region,Aysén,2024-07-01,2,84.59606,81.62155151367188,87.46739196777344,3.9679163
region,Aysén,2024-08-01,2,77.47645,74.0417251586914,80.91117095947266,3.229645
region,Aysén,2024-09-01,2,30.72493,29.833914756774902,31.61594867706299,5.832225
region,Aysén,2024-10-01,2,29.952745,29.842233657836914,30.077306747436523,5.747728
region,Aysén,2024-11-01,2,23.596516,22.042928218841553,25.137165546417236,8.631448
region,Aysén,2024-12-01,2,22.112848,20.774725914001465,23.45461368560791,6.6670566
