nivel,zona,mes,n_est,obs,obs_p25,obs_p75,gcf_co,cams_co
nacional,Chile,2019-01-01,29,0.37321517,0.1741996556520462,0.46386176347732544,0.19593264,0.1759388
nacional,Chile,2019-02-01,29,0.4080639,0.20895476639270782,0.487547904253006,0.23716381,0.20072314
nacional,Chile,2019-03-01,30,0.4757169,0.26197435706853867,0.6170772314071655,0.25343245,0.27430266
nacional,Chile,2019-04-01,31,0.6104884,0.40390124917030334,0.7978898584842682,0.34253213,0.46217015
nacional,Chile,2019-05-01,32,0.74447054,0.5557687133550644,1.0674643218517303,0.36726436,0.5541332
nacional,Chile,2019-06-01,31,0.8341868,0.4231329709291458,1.0958261489868164,0.34741852,0.6653258
nacional,Chile,2019-07-01,33,0.8811896,0.5495776534080505,1.062907099723816,0.36541077,0.87570333
nacional,Chile,2019-08-01,32,0.72204226,0.5231395661830902,0.8573007583618164,0.31354132,0.60758996
nacional,Chile,2019-09-01,32,0.4713491,0.30754223465919495,0.5862497389316559,0.26431677,0.38727394
nacional,Chile,2019-10-01,31,0.43201268,0.2968568801879883,0.4884262681007385,0.25538337,0.26246384
nacional,Chile,2019-11-01,32,0.4301543,0.2786862552165985,0.5820397585630417,0.21866369,0.2850631
nacional,Chile,2019-12-01,30,0.39163643,0.2096238061785698,0.4654941037297249,0.18458787,0.19074135
nacional,Chile,2020-01-01,32,0.36356282,0.22035780921578407,0.4617307633161545,0.19181815,0.16632335
nacional,Chile,2020-02-01,33,0.40694287,0.23858405649662018,0.4386186897754669,0.21690127,0.20282891
nacional,Chile,2020-03-01,33,0.42403772,0.19574759900569916,0.5096011161804199,0.2533773,0.26358494
nacional,Chile,2020-04-01,33,0.5087513,0.3613201975822449,0.6057600975036621,0.31559324,0.37860876
nacional,Chile,2020-05-01,32,0.7316347,0.4638960734009743,0.982528418302536,0.3399003,0.57737416
nacional,Chile,2020-06-01,33,0.77441883,0.38109245896339417,1.0949440002441406,0.3214865,0.4968152
nacional,Chile,2020-07-01,33,0.84383893,0.45219677686691284,1.2581841945648193,0.30095217,0.5337429
nacional,Chile,2020-08-01,31,0.6568685,0.4472813457250595,0.7964583337306976,0.314861,0.61377716
nacional,Chile,2020-09-01,31,0.51988006,0.3905269056558609,0.582838773727417,0.30002257,0.51410186
nacional,Chile,2020-10-01,31,0.35502905,0.24390236288309097,0.4366825968027115,0.2556537,0.29939836
nacional,Chile,2020-11-01,31,0.28802714,0.16795070469379425,0.33504636585712433,0.21221544,0.21336703
nacional,Chile,2020-12-01,34,0.34958252,0.21343141794204712,0.4576069712638855,0.1783593,0.1509035
nacional,Chile,2021-01-01,35,0.37565672,0.2119610235095024,0.4100569486618042,0.1685914,0.15405099
nacional,Chile,2021-02-01,35,0.44031328,0.17517109215259552,0.3912508934736252,0.2182274,0.18784624
nacional,Chile,2021-03-01,35,0.5088079,0.19025450199842453,0.4991656243801117,0.23296899,0.22971955
nacional,Chile,2021-04-01,35,0.6800745,0.38827452063560486,0.6891207695007324,0.2737291,0.34907153
nacional,Chile,2021-05-01,35,1.0106819,0.5866619944572449,1.3178595304489136,0.3149708,0.46902707
nacional,Chile,2021-06-01,35,1.0623741,0.6027131974697113,1.350637435913086,0.33454928,0.53661835
nacional,Chile,2021-07-01,35,1.1031103,0.7178005874156952,1.3870895504951477,0.3549637,0.75442755
nacional,Chile,2021-08-01,35,0.8762614,0.599066436290741,0.9583553075790405,0.27703625,0.50501394
nacional,Chile,2021-09-01,34,0.5131428,0.374301977455616,0.6689756959676743,0.23229025,0.41928807
nacional,Chile,2021-10-01,34,0.39296225,0.24239731207489967,0.5236756652593613,0.20947996,0.27852172
nacional,Chile,2021-11-01,34,0.3602585,0.19710345938801765,0.4336298778653145,0.18647808,0.17904167
nacional,Chile,2021-12-01,34,0.31183216,0.19981645792722702,0.46063675731420517,0.1806436,0.17833072
nacional,Chile,2022-01-01,34,0.31951395,0.19403094053268433,0.45226310193538666,0.13843688,0.1408996
nacional,Chile,2022-02-01,34,0.3917478,0.22018743306398392,0.5045216977596283,0.18565175,0.1585067
nacional,Chile,2022-03-01,34,0.3862262,0.22295482829213142,0.5652748197317123,0.21102306,0.26618856
nacional,Chile,2022-04-01,34,0.5443067,0.43716995418071747,0.695965126156807,0.24056126,0.29531035
nacional,Chile,2022-05-01,34,0.86684275,0.6421213895082474,1.245223581790924,0.31927675,0.5335303
nacional,Chile,2022-06-01,33,0.86526465,0.6217948794364929,0.9960669279098511,0.2830491,0.6081979
nacional,Chile,2022-07-01,34,0.791072,0.6376925408840179,0.943769559264183,0.2570159,0.50182354
nacional,Chile,2022-08-01,34,0.717626,0.573399230837822,0.8420472741127014,0.28341994,0.57890946
nacional,Chile,2022-09-01,34,0.53832287,0.3380078077316284,0.69534832239151,0.24522015,0.42251375
nacional,Chile,2022-10-01,33,0.42309234,0.26508426666259766,0.5265718102455139,0.21260266,0.31191373
nacional,Chile,2022-11-01,33,0.38412118,0.2533436119556427,0.45981767773628235,0.20170665,0.20677184
nacional,Chile,2022-12-01,33,0.36793193,0.17732782661914825,0.45542147755622864,0.17033029,0.2768133
nacional,Chile,2023-01-01,32,0.33858058,0.17987099662423134,0.421998992562294,0.16659275,0.14363398
nacional,Chile,2023-02-01,33,0.4920892,0.278350830078125,0.596712589263916,0.24880354,0.63192326
nacional,Chile,2023-03-01,33,0.4286028,0.2990933656692505,0.5586202144622803,0.22003175,0.264537
nacional,Chile,2023-04-01,33,0.543492,0.3846778869628906,0.6715287566184998,0.27390274,0.33432952
nacional,Chile,2023-05-01,32,0.76344156,0.48518580198287964,0.888829842209816,0.3183463,0.46957752
nacional,Chile,2023-06-01,32,0.8775842,0.5240394696593285,1.1663515865802765,0.32631373,0.444784
nacional,Chile,2023-07-01,32,0.9476014,0.5725421234965324,1.2769346237182617,0.3024573,0.5324599
nacional,Chile,2023-08-01,32,0.7394367,0.5161101818084717,1.102586716413498,0.2642106,0.40961814
nacional,Chile,2023-09-01,32,0.5850704,0.4134521037340164,0.8270435929298401,0.23928154,0.32604465
nacional,Chile,2023-10-01,32,0.44899002,0.3207606300711632,0.6245808005332947,0.22791252,0.29188734
nacional,Chile,2023-11-01,28,0.43990448,0.25459087640047073,0.5980677604675293,0.18790013,0.19589409
nacional,Chile,2023-12-01,29,0.39787957,0.2695411443710327,0.47370967268943787,0.18187046,0.19334547
nacional,Chile,2024-01-01,29,0.40605184,0.2778407633304596,0.45786312222480774,0.1818303,0.15746771
nacional,Chile,2024-02-01,29,0.4296563,0.19504322111606598,0.4038473963737488,0.21388827,0.20405263
nacional,Chile,2024-03-01,29,0.41919002,0.3107143044471741,0.494558185338974,0.23001418,0.26568547
nacional,Chile,2024-04-01,29,0.53731453,0.32760900259017944,0.7346273064613342,0.2690688,0.30828527
nacional,Chile,2024-05-01,33,0.9249475,0.45499318838119507,1.1153380870819092,0.32936385,0.56449014
nacional,Chile,2024-06-01,33,0.8212014,0.41896745562553406,1.2013509273529053,0.27840716,0.5220951
nacional,Chile,2024-07-01,33,0.9959189,0.6001080870628357,1.22803795337677,0.34780592,0.7264434
nacional,Chile,2024-08-01,33,0.78366226,0.501420795917511,0.9528370499610901,0.26295266,0.47004902
nacional,Chile,2024-09-01,33,0.54508585,0.4211329519748688,0.6347887516021729,0.25699508,0.401415
nacional,Chile,2024-10-01,33,0.41967487,0.32686567306518555,0.4784011244773865,0.23929793,0.34375396
nacional,Chile,2024-11-01,33,0.33404464,0.22072727978229523,0.4200698137283325,0.19429602,0.1937118
nacional,Chile,2024-12-01,33,0.28968,0.16843023896217346,0.36551958322525024,0.1729208,0.16277449
macrozona,Norte Grande,2019-01-01,2,0.45250168,0.36599554121494293,0.5387735813856125,0.063466504,0.05938027
macrozona,Norte Grande,2019-02-01,2,0.5078481,0.3788478896021843,0.6158482804894447,0.067994185,0.063964985
macrozona,Norte Grande,2019-03-01,2,0.49949324,0.3940810114145279,0.6026506870985031,0.06781211,0.07229237
macrozona,Norte Grande,2019-04-01,2,0.58493,0.4791833311319351,0.6889142245054245,0.0713192,0.08271619
macrozona,Norte Grande,2019-05-01,2,0.62692356,0.5402311086654663,0.7129155397415161,0.07332301,0.09177531
macrozona,Norte Grande,2019-06-01,2,0.6123919,0.5241039022803307,0.7006799057126045,0.07462041,0.09223583
macrozona,Norte Grande,2019-07-01,3,0.5805254,0.5848986655473709,0.7708375453948975,0.078910984,0.09025893
macrozona,Norte Grande,2019-08-01,2,0.5909708,0.4681272953748703,0.7021962553262711,0.07952112,0.10475641
macrozona,Norte Grande,2019-09-01,2,0.36699364,0.4022890403866768,0.648572526872158,0.0928037,0.09825001
macrozona,Norte Grande,2019-10-01,2,0.43670616,0.46037009358406067,0.7813018262386322,0.07891431,0.08705551
macrozona,Norte Grande,2019-11-01,2,0.5585246,0.42030665278434753,0.701146274805069,0.06921837,0.0743179
macrozona,Norte Grande,2019-12-01,1,0.2065937,0.20659370720386505,0.20659370720386505,0.06352925,0.07724894
macrozona,Norte Grande,2020-01-01,2,0.20796813,0.4588644206523895,1.052035242319107,0.06348666,0.070388384
macrozona,Norte Grande,2020-02-01,2,0.5079829,0.3620085082948208,0.7031890340149403,0.064330034,0.072363414
macrozona,Norte Grande,2020-03-01,2,0.14632955,0.14554544910788536,0.14928500726819038,0.067128606,0.07265324
macrozona,Norte Grande,2020-04-01,2,0.25084242,0.20676950737833977,0.30226657167077065,0.072840214,0.08971847
macrozona,Norte Grande,2020-05-01,2,0.31854993,0.2914111539721489,0.3751498833298683,0.0729836,0.10067172
macrozona,Norte Grande,2020-06-01,2,0.25640815,0.2562757283449173,0.25647418200969696,0.075371504,0.09302128
macrozona,Norte Grande,2020-07-01,2,0.2079974,0.05403716117143631,0.16211148351430893,0.07545729,0.08949156
macrozona,Norte Grande,2020-08-01,2,0.24120204,0.22283519804477692,0.2977719157934189,0.07918973,0.09552383
macrozona,Norte Grande,2020-09-01,2,0.3068194,0.2841034568846226,0.38793448731303215,0.086399384,0.103502035
macrozona,Norte Grande,2020-10-01,2,0.29848838,0.26381395384669304,0.34306976571679115,0.079495244,0.096622646
macrozona,Norte Grande,2020-11-01,2,0.38010243,0.3689490258693695,0.435869425535202,0.06949243,0.08015114
macrozona,Norte Grande,2020-12-01,2,0.39241844,0.43429840356111526,0.7712331637740135,0.06173591,0.066776834
macrozona,Norte Grande,2021-01-01,2,0.3217467,0.2790284939110279,0.47351112589240074,0.05547121,0.05550807
macrozona,Norte Grande,2021-02-01,2,0.15664753,0.1579333208501339,0.2055894322693348,0.060331907,0.07005964
macrozona,Norte Grande,2021-03-01,2,0.38788217,0.28672030568122864,0.5004341304302216,0.062353976,0.06857499
macrozona,Norte Grande,2021-04-01,2,0.50785863,0.3607177287340164,0.6554119437932968,0.06408728,0.07862229
macrozona,Norte Grande,2021-05-01,2,0.55901957,0.4023236110806465,0.7413568124175072,0.07307829,0.08887176
macrozona,Norte Grande,2021-06-01,2,0.5192179,0.35080959647893906,0.684827096760273,0.07186805,0.093855456
macrozona,Norte Grande,2021-07-01,2,0.94341904,0.6013143956661224,1.3000917732715607,0.078498155,0.11280214
macrozona,Norte Grande,2021-08-01,2,0.50763047,0.4902931898832321,0.5261498838663101,0.07735393,0.118777454
macrozona,Norte Grande,2021-09-01,2,0.34596235,0.33243725448846817,0.35948746651411057,0.077384606,0.095246956
macrozona,Norte Grande,2021-10-01,2,0.35461798,0.2656724900007248,0.4433232694864273,0.07329936,0.08728116
macrozona,Norte Grande,2021-11-01,2,0.36206993,0.27636466175317764,0.4482560083270073,0.06548449,0.07394878
macrozona,Norte Grande,2021-12-01,2,0.45889947,0.3682909458875656,0.5500017553567886,0.05837182,0.06103965
macrozona,Norte Grande,2022-01-01,2,0.4621551,0.3531162105500698,0.5789437480270863,0.055612054,0.05641241
macrozona,Norte Grande,2022-02-01,2,0.53467715,0.3247391954064369,0.7040013000369072,0.059222065,0.062410478
macrozona,Norte Grande,2022-03-01,2,0.45096198,0.3206053152680397,0.6681331917643547,0.061635587,0.074065834
macrozona,Norte Grande,2022-04-01,2,0.37868106,0.4917958192527294,1.0500071980059147,0.07259972,0.087941624
macrozona,Norte Grande,2022-05-01,2,0.6778125,0.5469225496053696,0.8087024241685867,0.07323074,0.097271584
macrozona,Norte Grande,2022-06-01,2,0.57425237,0.5587675124406815,0.5928715318441391,0.07298364,0.08909327
macrozona,Norte Grande,2022-07-01,2,0.5843972,0.47449634224176407,0.6996322795748711,0.07420632,0.09046331
macrozona,Norte Grande,2022-08-01,2,0.49847156,0.4247923046350479,0.5665168017148972,0.07529962,0.09676914
macrozona,Norte Grande,2022-09-01,2,0.32533333,0.3057556748390198,0.3379278779029846,0.08300286,0.10618434
macrozona,Norte Grande,2022-10-01,2,0.3179794,0.29098009318113327,0.3427717462182045,0.071147196,0.087589554
macrozona,Norte Grande,2022-11-01,2,0.3159649,0.28313010185956955,0.34270308166742325,0.06400553,0.0743491
macrozona,Norte Grande,2022-12-01,2,0.3349721,0.25715193524956703,0.4168001525104046,0.060123514,0.06764432
macrozona,Norte Grande,2023-01-01,2,0.2140103,0.2000613622367382,0.2273567058146,0.055439822,0.061278146
macrozona,Norte Grande,2023-02-01,2,0.33646372,0.3250751569867134,0.3485485538840294,0.06780102,0.08510661
macrozona,Norte Grande,2023-03-01,2,0.3841962,0.2976951338350773,0.47164518758654594,0.06514455,0.071036026
macrozona,Norte Grande,2023-04-01,2,0.37564698,0.29052434489130974,0.45748213306069374,0.06821118,0.07827666
macrozona,Norte Grande,2023-05-01,2,0.39062142,0.35272329300642014,0.4207455888390541,0.07243283,0.08914019
macrozona,Norte Grande,2023-06-01,2,0.40336365,0.3762533739209175,0.43093278259038925,0.071442276,0.09680504
macrozona,Norte Grande,2023-07-01,2,0.3696342,0.3588685467839241,0.3813624009490013,0.075603835,0.09854131
macrozona,Norte Grande,2023-08-01,2,0.43358886,0.3577309548854828,0.5078176558017731,0.07626452,0.092596896
macrozona,Norte Grande,2023-09-01,2,0.3514757,0.3317357003688812,0.3864661753177643,0.07715042,0.088227905
macrozona,Norte Grande,2023-10-01,2,0.33786216,0.28293320536613464,0.3389534652233124,0.082219236,0.09691039
macrozona,Norte Grande,2023-11-01,2,0.6006551,0.4576859697699547,0.7416453436017036,0.07096972,0.08049643
macrozona,Norte Grande,2023-12-01,2,0.37183163,0.320583276450634,0.4226675406098366,0.066127166,0.07492788
macrozona,Norte Grande,2024-01-01,2,0.41364986,0.3456083908677101,0.48114364594221115,0.062366992,0.06761602
macrozona,Norte Grande,2024-02-01,2,0.16249757,0.1581413336098194,0.18274259194731712,0.06421957,0.07047457
macrozona,Norte Grande,2024-03-01,2,0.25876528,0.21067458391189575,0.30764538049697876,0.06496783,0.07996883
macrozona,Norte Grande,2024-04-01,2,0.18893184,0.1616777963936329,0.21565484628081322,0.070183784,0.085423194
macrozona,Norte Grande,2024-05-01,2,0.32731444,0.29826677590608597,0.3562057241797447,0.07384958,0.08905118
macrozona,Norte Grande,2024-06-01,2,0.39164346,0.3891156166791916,0.3941713124513626,0.07830519,0.095737614
macrozona,Norte Grande,2024-07-01,2,0.3508057,0.34867339581251144,0.3528866544365883,0.08361705,0.10612041
macrozona,Norte Grande,2024-08-01,2,0.49686697,0.49460384994745255,0.4991484805941582,0.08696818,0.094092615
macrozona,Norte Grande,2024-09-01,2,0.45547304,0.4248141795396805,0.48587511479854584,0.08588454,0.11239626
macrozona,Norte Grande,2024-10-01,2,0.4523624,0.41750993579626083,0.5128802135586739,0.08186593,0.10852921
macrozona,Norte Grande,2024-11-01,2,0.3463184,0.33892617374658585,0.3530866429209709,0.0723453,0.0859829
macrozona,Norte Grande,2024-12-01,2,0.24659619,0.24601152911782265,0.24721361324191093,0.062972,0.073022336
macrozona,Norte Chico,2019-01-01,1,0.5067305,0.5067304968833923,0.5067304968833923,0.055945612,0.06294405
macrozona,Norte Chico,2019-02-01,1,0.4504613,0.4504612982273102,0.4504612982273102,0.06262001,0.07103395
macrozona,Norte Chico,2019-03-01,1,0.5997849,0.5997849106788635,0.5997849106788635,0.061378796,0.08301829
macrozona,Norte Chico,2019-04-01,1,0.3280203,0.328020304441452,0.328020304441452,0.069109485,0.0988291
macrozona,Norte Chico,2019-05-01,1,1.298375,1.2983750104904175,1.2983750104904175,0.06263417,0.06784031
macrozona,Norte Chico,2019-06-01,1,0.32647222,0.3264722228050232,0.3264722228050232,0.0752427,0.13011478
macrozona,Norte Chico,2019-07-01,1,0.5679435,0.5679435133934021,0.5679435133934021,0.08525777,0.15741771
macrozona,Norte Chico,2019-08-01,1,0.32083672,0.32083672285079956,0.32083672285079956,0.08488772,0.16874468
macrozona,Norte Chico,2019-09-01,1,0.42470753,0.4247075319290161,0.4247075319290161,0.07708636,0.09651772
macrozona,Norte Chico,2019-10-01,1,0.4897619,0.4897618889808655,0.4897618889808655,0.065254994,0.07531247
macrozona,Norte Chico,2019-11-01,1,0.99795234,0.9979523420333862,0.9979523420333862,0.06914073,0.102039956
macrozona,Norte Chico,2019-12-01,1,0.49214864,0.49214863777160645,0.49214863777160645,0.060645577,0.08410503
macrozona,Norte Chico,2020-01-01,1,0.16147298,0.16147297620773315,0.16147297620773315,0.05991922,0.08039741
macrozona,Norte Chico,2020-02-01,1,0.10650407,0.10650406777858734,0.10650406777858734,0.0577035,0.0822909
macrozona,Norte Chico,2020-03-01,1,0.0,0.0,0.0,0.059460312,0.099016026
macrozona,Norte Chico,2020-04-01,1,0.18214765,0.18214765191078186,0.18214765191078186,0.07220362,0.09926525
macrozona,Norte Chico,2020-05-01,1,0.23514171,0.23514170944690704,0.23514170944690704,0.08135493,0.15807953
macrozona,Norte Chico,2020-06-01,1,0.3543688,0.35436880588531494,0.35436880588531494,0.072835505,0.12146535
macrozona,Norte Chico,2020-07-01,1,0.35883784,0.3588378429412842,0.3588378429412842,0.075962305,0.1314479
macrozona,Norte Chico,2020-08-01,1,0.7690786,0.7690786123275757,0.7690786123275757,0.0766353,0.18867552
macrozona,Norte Chico,2020-09-01,1,0.6037063,0.6037063002586365,0.6037063002586365,0.07947406,0.13613558
macrozona,Norte Chico,2020-10-01,1,0.3119864,0.31198638677597046,0.31198638677597046,0.072682,0.11592919
macrozona,Norte Chico,2020-11-01,1,0.30842775,0.30842775106430054,0.30842775106430054,0.06374205,0.09006697
macrozona,Norte Chico,2020-12-01,1,0.23390177,0.2339017689228058,0.2339017689228058,0.056830574,0.07557053
macrozona,Norte Chico,2021-01-01,1,0.31482142,0.31482142210006714,0.31482142210006714,0.054215893,0.11933821
macrozona,Norte Chico,2021-02-01,1,0.41381598,0.413815975189209,0.413815975189209,0.05627862,0.06885979
macrozona,Norte Chico,2021-03-01,1,0.4337077,0.43370771408081055,0.43370771408081055,0.05707767,0.06750416
macrozona,Norte Chico,2021-04-01,1,0.9441074,0.9441074132919312,0.9441074132919312,0.062017333,0.09695181
macrozona,Norte Chico,2021-05-01,1,0.79511076,0.7951107621192932,0.7951107621192932,0.07495343,0.11522653
macrozona,Norte Chico,2021-06-01,1,0.5444023,0.5444023013114929,0.5444023013114929,0.07674676,0.13012245
macrozona,Norte Chico,2021-07-01,1,0.81646377,0.8164637684822083,0.8164637684822083,0.089667276,0.15774785
macrozona,Norte Chico,2021-08-01,1,0.7880785,0.7880784869194031,0.7880784869194031,0.07700876,0.13177912
macrozona,Norte Chico,2021-09-01,1,0.34831005,0.34831005334854126,0.34831005334854126,0.074719116,0.12347486
macrozona,Norte Chico,2021-10-01,1,0.18878081,0.18878081440925598,0.18878081440925598,0.07066916,0.09686205
macrozona,Norte Chico,2021-11-01,1,0.35835442,0.3583544194698334,0.3583544194698334,0.06268054,0.08310587
macrozona,Norte Chico,2021-12-01,1,0.1988556,0.19885559380054474,0.19885559380054474,0.05715844,0.06983511
macrozona,Norte Chico,2022-01-01,1,0.21641304,0.21641303598880768,0.21641303598880768,0.051195897,0.06055546
macrozona,Norte Chico,2022-02-01,1,0.26613432,0.2661343216896057,0.2661343216896057,0.056259856,0.06646668
macrozona,Norte Chico,2022-03-01,1,0.21103494,0.21103493869304657,0.21103493869304657,0.060023434,0.088908896
macrozona,Norte Chico,2022-04-01,1,0.22002792,0.22002792358398438,0.22002792358398438,0.063621625,0.09435837
macrozona,Norte Chico,2022-05-01,1,0.45971736,0.45971736311912537,0.45971736311912537,0.084139064,0.16119155
macrozona,Norte Chico,2022-06-01,1,0.6217949,0.6217948794364929,0.6217948794364929,0.07149045,0.101008706
macrozona,Norte Chico,2022-07-01,1,0.71911293,0.7191129326820374,0.7191129326820374,0.06964951,0.12349829
macrozona,Norte Chico,2022-08-01,1,0.68046707,0.6804670691490173,0.6804670691490173,0.0855755,0.14074893
macrozona,Norte Chico,2022-09-01,1,0.30057025,0.3005702495574951,0.3005702495574951,0.07642143,0.11606043
macrozona,Norte Chico,2022-10-01,1,0.22577956,0.22577956318855286,0.22577956318855286,0.07083565,0.11014488
macrozona,Norte Chico,2022-11-01,1,0.2683916,0.26839160919189453,0.26839160919189453,0.063178,0.089880064
macrozona,Norte Chico,2022-12-01,1,0.38974464,0.3897446393966675,0.3897446393966675,0.056966268,0.08216614
macrozona,Norte Chico,2023-01-01,1,0.40955347,0.4095534682273865,0.4095534682273865,0.053483035,0.06561012
macrozona,Norte Chico,2023-02-01,1,0.32474703,0.3247470259666443,0.3247470259666443,0.0661248,0.141609
macrozona,Norte Chico,2023-03-01,1,0.309207,0.3092069923877716,0.3092069923877716,0.06422433,0.08726129
macrozona,Norte Chico,2023-04-01,1,0.56264627,0.5626462697982788,0.5626462697982788,0.06719583,0.10284897
macrozona,Norte Chico,2023-05-01,1,0.58030915,0.5803091526031494,0.5803091526031494,0.08295267,0.1204121
macrozona,Norte Chico,2023-06-01,1,0.625875,0.6258749961853027,0.6258749961853027,0.08180526,0.15030614
macrozona,Norte Chico,2023-07-01,1,0.6965768,0.6965767741203308,0.6965767741203308,0.080147564,0.1341983
macrozona,Norte Chico,2023-08-01,1,0.6596102,0.6596102118492126,0.6596102118492126,0.07586507,0.12237879
macrozona,Norte Chico,2023-09-01,1,0.6911805,0.6911805272102356,0.6911805272102356,0.07069915,0.11471388
macrozona,Norte Chico,2023-10-01,1,0.81584907,0.8158490657806396,0.8158490657806396,0.07514201,0.09768318
macrozona,Norte Chico,2023-11-01,1,0.63863957,0.6386395692825317,0.6386395692825317,0.066311195,0.08161787
macrozona,Norte Chico,2023-12-01,1,1.255034,1.2550339698791504,1.2550339698791504,0.060488764,0.07625067
macrozona,Norte Chico,2024-01-01,1,1.1499729,1.149972915649414,1.149972915649414,0.059066582,0.070828594
macrozona,Norte Chico,2024-02-01,1,2.5573003,2.557300329208374,2.557300329208374,0.058263145,0.07197394
macrozona,Norte Chico,2024-03-01,1,1.2437077,1.2437076568603516,1.2437076568603516,0.06305279,0.08827151
macrozona,Norte Chico,2024-04-01,1,0.94388497,0.9438849687576294,0.9438849687576294,0.06547915,0.104565226
macrozona,Norte Chico,2024-05-01,1,1.8220553,1.8220553398132324,1.8220553398132324,0.06833653,0.07901532
macrozona,Norte Chico,2024-06-01,1,1.6165783,1.6165783405303955,1.6165783405303955,0.07709916,0.11526504
macrozona,Norte Chico,2024-07-01,1,1.8010526,1.8010525703430176,1.8010525703430176,0.09494536,0.20415139
macrozona,Norte Chico,2024-08-01,1,2.681855,2.6818549633026123,2.6818549633026123,0.08455088,0.10737798
macrozona,Norte Chico,2024-09-01,1,1.4213213,1.4213212728500366,1.4213212728500366,0.08789865,0.16107132
macrozona,Norte Chico,2024-10-01,1,1.0815634,1.0815633535385132,1.0815633535385132,0.079602726,0.11741073
macrozona,Norte Chico,2024-11-01,1,0.7716528,0.7716528177261353,0.7716528177261353,0.0685458,0.09764011
macrozona,Norte Chico,2024-12-01,1,0.64943546,0.6494354605674744,0.6494354605674744,0.060952,0.07969569
macrozona,Centro,2019-01-01,17,0.34131613,0.1741996556520462,0.46386176347732544,0.27205077,0.2517048
macrozona,Centro,2019-02-01,17,0.36785084,0.20895476639270782,0.487547904253006,0.33075553,0.27830958
macrozona,Centro,2019-03-01,17,0.44008756,0.2390710413455963,0.601967453956604,0.35821667,0.39352962
macrozona,Centro,2019-04-01,17,0.5800441,0.32650360465049744,0.7818053364753723,0.4919766,0.6918085
macrozona,Centro,2019-05-01,17,0.66179824,0.37436988949775696,0.9257929921150208,0.5145232,0.80067587
macrozona,Centro,2019-06-01,17,0.87114406,0.4104500412940979,1.1753547191619873,0.5124512,1.0740383
macrozona,Centro,2019-07-01,17,0.9186601,0.48072779178619385,1.246963620185852,0.55073166,1.4367892
macrozona,Centro,2019-08-01,17,0.6685094,0.4320295453071594,0.8970310688018799,0.47278157,1.0276638
macrozona,Centro,2019-09-01,17,0.37101918,0.22750000655651093,0.5082353353500366,0.39579093,0.6446835
macrozona,Centro,2019-10-01,16,0.37337887,0.22897564247250557,0.4723043292760849,0.36962447,0.3917963
macrozona,Centro,2019-11-01,16,0.35664204,0.28307320922613144,0.4542786478996277,0.32273,0.46435913
macrozona,Centro,2019-12-01,15,0.34042835,0.24543588608503342,0.4100305289030075,0.27269477,0.2946999
macrozona,Centro,2020-01-01,16,0.32546183,0.22719011083245277,0.44581180810928345,0.28308433,0.23020913
macrozona,Centro,2020-02-01,16,0.37150636,0.30836542323231697,0.439576119184494,0.34131798,0.31484693
macrozona,Centro,2020-03-01,16,0.40277132,0.28739066421985626,0.5243946462869644,0.38425902,0.41232383
macrozona,Centro,2020-04-01,16,0.43716103,0.3588801175355911,0.5253414511680603,0.49254686,0.59701747
macrozona,Centro,2020-05-01,16,0.644702,0.4016897901892662,0.8777947723865509,0.5414756,0.9996904
macrozona,Centro,2020-06-01,16,0.75462186,0.4444918558001518,1.075440913438797,0.5218941,0.8673609
macrozona,Centro,2020-07-01,16,0.82551086,0.4677443131804466,1.2581025660037994,0.46594527,0.91031194
macrozona,Centro,2020-08-01,16,0.597611,0.38715390861034393,0.8024260848760605,0.4992806,1.0664136
macrozona,Centro,2020-09-01,16,0.46479896,0.26869020611047745,0.5570905208587646,0.45869917,0.8656697
macrozona,Centro,2020-10-01,16,0.3292989,0.21814418211579323,0.40915547311306,0.3858469,0.4748234
macrozona,Centro,2020-11-01,16,0.30749908,0.16967736557126045,0.41936570405960083,0.31624126,0.32486433
macrozona,Centro,2020-12-01,15,0.33373246,0.18060556054115295,0.4316858649253845,0.27370676,0.23220234
macrozona,Centro,2021-01-01,16,0.29035732,0.2033240683376789,0.36440084129571915,0.26981255,0.24810602
macrozona,Centro,2021-02-01,16,0.31917033,0.17746340483427048,0.38547664135694504,0.34754986,0.30301258
macrozona,Centro,2021-03-01,16,0.37050453,0.19436480477452278,0.5106835961341858,0.37625062,0.37200788
macrozona,Centro,2021-04-01,16,0.46354073,0.233054768294096,0.5998895913362503,0.46689293,0.6338872
macrozona,Centro,2021-05-01,16,0.8296097,0.3722095936536789,1.3175032436847687,0.5367763,0.8739288
macrozona,Centro,2021-06-01,16,0.8456369,0.3425391763448715,1.3425623178482056,0.56874526,1.0056088
macrozona,Centro,2021-07-01,16,1.0388098,0.4079573377966881,1.6223938465118408,0.60677296,1.4489778
macrozona,Centro,2021-08-01,16,0.7163146,0.34485985338687897,1.0083534270524979,0.47868118,1.0043683
macrozona,Centro,2021-09-01,15,0.46573743,0.24693848937749863,0.6091745495796204,0.38227966,0.80444676
macrozona,Centro,2021-10-01,15,0.3788991,0.22194696962833405,0.5425829589366913,0.33680815,0.5033545
macrozona,Centro,2021-11-01,15,0.34958225,0.2303885892033577,0.4664558321237564,0.30340153,0.29976985
macrozona,Centro,2021-12-01,15,0.34074777,0.18028711527585983,0.47639042139053345,0.27084762,0.26614282
macrozona,Centro,2022-01-01,15,0.30893612,0.14251629263162613,0.4566425681114197,0.21033047,0.22811924
macrozona,Centro,2022-02-01,15,0.39980364,0.17983047664165497,0.5404371917247772,0.2986742,0.23993951
macrozona,Centro,2022-03-01,15,0.40973753,0.18438433855772018,0.5881966054439545,0.35651517,0.43727723
macrozona,Centro,2022-04-01,15,0.5069023,0.24572286754846573,0.6892700493335724,0.40700436,0.54732865
macrozona,Centro,2022-05-01,15,0.7762163,0.47600556910037994,1.1679116487503052,0.5476527,1.0161117
macrozona,Centro,2022-06-01,14,0.86606,0.6215758174657822,1.1396713703870773,0.46638134,1.2334089
macrozona,Centro,2022-07-01,15,0.83080643,0.6589514911174774,0.9388097822666168,0.44899178,1.0359452
macrozona,Centro,2022-08-01,15,0.73661375,0.5801562666893005,0.979306161403656,0.4868589,1.1723542
macrozona,Centro,2022-09-01,15,0.5311124,0.38017936050891876,0.6660494804382324,0.40337202,0.8194968
macrozona,Centro,2022-10-01,15,0.39518544,0.25892267376184464,0.5057137459516525,0.33985555,0.5629053
macrozona,Centro,2022-11-01,15,0.34996733,0.1658797636628151,0.46853840351104736,0.3182143,0.33946162
macrozona,Centro,2022-12-01,15,0.3245575,0.16940786689519882,0.42150574922561646,0.2649014,0.49880907
macrozona,Centro,2023-01-01,15,0.3236183,0.20954226702451706,0.3853043466806412,0.25081143,0.21008912
macrozona,Centro,2023-02-01,15,0.4455979,0.28255829215049744,0.5642949640750885,0.37260354,0.46218914
macrozona,Centro,2023-03-01,15,0.42455938,0.248738095164299,0.6239213645458221,0.3600476,0.40358347
macrozona,Centro,2023-04-01,15,0.5693889,0.280949205160141,0.7486288547515869,0.45228353,0.56808525
macrozona,Centro,2023-05-01,15,0.79317236,0.3810047507286072,1.1842901110649109,0.52880204,0.85483545
macrozona,Centro,2023-06-01,15,0.8900846,0.3457784056663513,1.3971571326255798,0.54171145,0.81280124
macrozona,Centro,2023-07-01,15,0.9997946,0.3669195920228958,1.5665414929389954,0.49820077,1.0028943
macrozona,Centro,2023-08-01,15,0.70496553,0.39931413531303406,0.981235146522522,0.42561975,0.7452137
macrozona,Centro,2023-09-01,15,0.60914654,0.41804996132850647,0.8501367270946503,0.37705806,0.5672703
macrozona,Centro,2023-10-01,15,0.46481204,0.32717275619506836,0.6429767608642578,0.34212217,0.4817186
macrozona,Centro,2023-11-01,14,0.44455016,0.25426335632801056,0.5806428790092468,0.27871767,0.30647174
macrozona,Centro,2023-12-01,15,0.41699123,0.23955439776182175,0.5784880816936493,0.26707834,0.3031736
macrozona,Centro,2024-01-01,15,0.4315301,0.33554041385650635,0.5528341680765152,0.26611236,0.23437542
macrozona,Centro,2024-02-01,15,0.41156694,0.2567260190844536,0.5253310203552246,0.31463417,0.31451425
macrozona,Centro,2024-03-01,15,0.42984596,0.27446526288986206,0.5224127024412155,0.35312167,0.42121884
macrozona,Centro,2024-04-01,15,0.51409113,0.3022173345088959,0.6811881065368652,0.41552243,0.4908427
macrozona,Centro,2024-05-01,15,0.827363,0.4672868549823761,1.1015238761901855,0.49371782,0.928304
macrozona,Centro,2024-06-01,15,0.863726,0.38907431066036224,1.2905661463737488,0.44840905,0.96882117
macrozona,Centro,2024-07-01,15,0.9556924,0.4926760792732239,1.4555622935295105,0.5722272,1.3764237
macrozona,Centro,2024-08-01,15,0.63092184,0.39504092931747437,0.8189093172550201,0.41895795,0.8810267
macrozona,Centro,2024-09-01,15,0.4833227,0.39830726385116577,0.5829940438270569,0.41821182,0.7439079
macrozona,Centro,2024-10-01,15,0.39281535,0.3276807367801666,0.47129733860492706,0.3661097,0.6014785
macrozona,Centro,2024-11-01,15,0.3075167,0.21206286549568176,0.4318733513355255,0.30323765,0.30797535
macrozona,Centro,2024-12-01,15,0.26803967,0.1620943769812584,0.3464936912059784,0.26534528,0.25817302
macrozona,Sur,2019-01-01,8,0.40715882,0.11970612592995167,0.3922431468963623,0.11244359,0.08254278
macrozona,Sur,2019-02-01,8,0.4567328,0.19396428018808365,0.533834345638752,0.13317016,0.110305555
macrozona,Sur,2019-03-01,9,0.45982686,0.25270041823387146,0.4684065878391266,0.13744444,0.13495529
macrozona,Sur,2019-04-01,10,0.65733826,0.4883095324039459,0.7779051810503006,0.17950697,0.19342789
macrozona,Sur,2019-05-01,11,0.8779496,0.7583199143409729,1.0255878269672394,0.19651328,0.25790295
macrozona,Sur,2019-06-01,10,0.7975526,0.6116271018981934,0.8679185211658478,0.15316178,0.13051216
macrozona,Sur,2019-07-01,11,0.78524375,0.5754427313804626,0.8226809501647949,0.1332252,0.13146648
macrozona,Sur,2019-08-01,11,0.80547625,0.6223791241645813,0.8365367650985718,0.15095352,0.13022593
macrozona,Sur,2019-09-01,11,0.60196704,0.4637560695409775,0.666639506816864,0.13568905,0.115228124
macrozona,Sur,2019-10-01,11,0.4977214,0.38329219818115234,0.4855191856622696,0.12980478,0.113699436
macrozona,Sur,2019-11-01,12,0.46647108,0.2376294545829296,0.5157681778073311,0.11714664,0.09034228
macrozona,Sur,2019-12-01,12,0.4367705,0.17057817801833153,0.5127679035067558,0.10256652,0.08506987
macrozona,Sur,2020-01-01,12,0.41719517,0.2501654177904129,0.47799839824438095,0.10439744,0.10581262
macrozona,Sur,2020-02-01,13,0.42814198,0.28200000524520874,0.3899425268173218,0.10551677,0.098910436
macrozona,Sur,2020-03-01,13,0.4832227,0.19574759900569916,0.61543208360672,0.12619774,0.11443467
macrozona,Sur,2020-04-01,13,0.65099573,0.47055959701538086,0.7167321443557739,0.13958558,0.15856054
macrozona,Sur,2020-05-01,12,0.9459094,0.5635592192411423,1.0721081495285034,0.14827491,0.14533202
macrozona,Sur,2020-06-01,13,0.8672221,0.7953561544418335,1.0949440002441406,0.12891842,0.12081466
macrozona,Sur,2020-07-01,13,0.906357,0.6046926975250244,1.2581841945648193,0.13309138,0.12604758
macrozona,Sur,2020-08-01,11,0.7978653,0.6512544453144073,0.8296922445297241,0.12829812,0.124372706
macrozona,Sur,2020-09-01,11,0.6213942,0.4468661993741989,0.7748833000659943,0.1418454,0.13611309
macrozona,Sur,2020-10-01,11,0.39132893,0.31496360898017883,0.4375031292438507,0.13242485,0.11759127
macrozona,Sur,2020-11-01,11,0.24355292,0.15894067287445068,0.25782813131809235,0.11470054,0.100351445
macrozona,Sur,2020-12-01,15,0.38442314,0.2291858270764351,0.5205598473548889,0.09655268,0.07593094
macrozona,Sur,2021-01-01,15,0.49190077,0.24236620217561722,0.4930018037557602,0.08888284,0.073638424
macrozona,Sur,2021-02-01,15,0.6271923,0.1969330608844757,0.3918113112449646,0.11127026,0.08744756
macrozona,Sur,2021-03-01,15,0.6996288,0.21960408985614777,0.49495071172714233,0.122007914,0.11706952
macrozona,Sur,2021-04-01,15,0.9272368,0.4235422909259796,0.6891207695007324,0.1291968,0.12431412
macrozona,Sur,2021-05-01,15,1.2539854,0.714842677116394,1.330953061580658,0.14392057,0.13840248
macrozona,Sur,2021-06-01,15,1.3730507,0.8989545106887817,1.2575036883354187,0.14324117,0.1271534
macrozona,Sur,2021-07-01,15,1.2447655,0.8263114094734192,1.2031850814819336,0.14689033,0.14502661
macrozona,Sur,2021-08-01,15,1.0785698,0.6520000100135803,0.9114322662353516,0.13564101,0.12403718
macrozona,Sur,2021-09-01,15,0.5834697,0.46757304668426514,0.6957131922245026,0.12654737,0.12407035
macrozona,Sur,2021-10-01,15,0.43771142,0.3554205894470215,0.494576171040535,0.11845376,0.102461815
macrozona,Sur,2021-11-01,15,0.38420656,0.221764475107193,0.3321998119354248,0.10309141,0.08651885
macrozona,Sur,2021-12-01,15,0.27355164,0.2444971725344658,0.4062717854976654,0.10490979,0.10273997
macrozona,Sur,2022-01-01,15,0.33350682,0.25908686220645905,0.4111528843641281,0.08872968,0.074186265
macrozona,Sur,2022-02-01,15,0.39261657,0.30459120869636536,0.45956888794898987,0.10597795,0.10228519
macrozona,Sur,2022-03-01,15,0.37377843,0.32585249841213226,0.4106861352920532,0.1030441,0.14265755
macrozona,Sur,2022-04-01,15,0.6135206,0.5135783851146698,0.6781605780124664,0.11026814,0.08628149
macrozona,Sur,2022-05-01,15,0.96792746,0.7205773890018463,1.2786442041397095,0.16057496,0.17221995
macrozona,Sur,2022-06-01,15,0.8435507,0.6833983659744263,0.9874731600284576,0.16940157,0.16540669
macrozona,Sur,2022-07-01,15,0.76213396,0.6290788054466248,0.9436394274234772,0.12647262,0.10808235
macrozona,Sur,2022-08-01,15,0.7230318,0.570043534040451,0.8207936584949493,0.13879341,0.1192776
macrozona,Sur,2022-09-01,15,0.5729143,0.3724480867385864,0.6870971918106079,0.13606472,0.12180256
macrozona,Sur,2022-10-01,14,0.4652968,0.3106864243745804,0.5477441847324371,0.1158035,0.102934346
macrozona,Sur,2022-11-01,14,0.4447026,0.3177430182695389,0.4931424930691719,0.116233826,0.10062806
macrozona,Sur,2022-12-01,14,0.41449067,0.2255335971713066,0.519639678299427,0.09815877,0.088855766
macrozona,Sur,2023-01-01,13,0.38581803,0.19561970233917236,0.48211246728897095,0.098492645,0.08816818
macrozona,Sur,2023-02-01,14,0.60475755,0.29959118366241455,0.7556469738483429,0.1624099,1.003209
macrozona,Sur,2023-03-01,14,0.44886965,0.3027888610959053,0.5413217097520828,0.12290366,0.17846374
macrozona,Sur,2023-04-01,14,0.53923416,0.40811047703027725,0.6328501999378204,0.13544323,0.14664438
macrozona,Sur,2023-05-01,13,0.82570773,0.6605013608932495,0.8162877559661865,0.15401657,0.14510778
macrozona,Sur,2023-06-01,13,0.944327,0.7384917140007019,1.1247507333755493,0.158127,0.12687409
macrozona,Sur,2023-07-01,13,0.9921802,0.8797557950019836,1.1261193752288818,0.14947444,0.12763351
macrozona,Sur,2023-08-01,13,0.84812856,0.5932235717773438,1.1969865560531616,0.13718666,0.11868438
macrozona,Sur,2023-09-01,13,0.58193237,0.4275718331336975,0.8258571028709412,0.123280756,0.10433309
macrozona,Sur,2023-10-01,13,0.41706756,0.3255918323993683,0.5995485186576843,0.12693729,0.10763184
macrozona,Sur,2023-11-01,10,0.38281542,0.23119410499930382,0.47743065655231476,0.11580309,0.09620319
macrozona,Sur,2023-12-01,10,0.29846504,0.26253069937229156,0.35016172379255295,0.110302456,0.08727974
macrozona,Sur,2024-01-01,10,0.30906653,0.23365235328674316,0.34936223179101944,0.10797592,0.08188818
macrozona,Sur,2024-02-01,10,0.2928687,0.17416240647435188,0.3316066935658455,0.12080137,0.089772835
macrozona,Sur,2024-03-01,10,0.36162558,0.3377261161804199,0.3936452269554138,0.12798043,0.12741302
macrozona,Sur,2024-04-01,10,0.57636917,0.4830388128757477,0.6938808858394623,0.14121658,0.13650723
macrozona,Sur,2024-05-01,14,1.0477983,0.5889156013727188,1.0775713920593262,0.17982289,0.20163292
macrozona,Sur,2024-06-01,14,0.7563989,0.597699373960495,0.8159244209527969,0.13210845,0.10656891
macrozona,Sur,2024-07-01,14,1.0726057,0.7816411703824997,1.1867961883544922,0.171621,0.16396903
macrozona,Sur,2024-08-01,14,0.8181931,0.6070984750986099,0.9367207139730453,0.14916608,0.13682848
macrozona,Sur,2024-09-01,14,0.5526288,0.4300762712955475,0.6674653589725494,0.13663885,0.11979387
macrozona,Sur,2024-10-01,14,0.40933925,0.32779114693403244,0.4565356448292732,0.14951627,0.13648163
macrozona,Sur,2024-11-01,14,0.33687827,0.23177649453282356,0.4010085314512253,0.111336,0.099080905
macrozona,Sur,2024-12-01,14,0.30186144,0.1583002433180809,0.39933285117149353,0.10263525,0.08194609
macrozona,Austral,2019-01-01,1,0.32233605,0.3223360478878021,0.3223360478878021,0.044196364,0.048448104
macrozona,Austral,2019-02-01,1,0.44098654,0.4409865438938141,0.4409865438938141,0.046996467,0.05344282
macrozona,Austral,2019-03-01,1,1.0123265,1.0123264789581299,1.0123264789581299,0.050346732,0.056807626
macrozona,Austral,2019-04-01,1,0.99,0.9900000095367432,0.9900000095367432,0.05285488,0.05857701
macrozona,Austral,2019-05-01,1,1.1082273,1.108227252960205,1.108227252960205,0.055379923,0.062178507
macrozona,Austral,2019-06-01,1,1.4824196,1.4824196100234985,1.4824196100234985,0.059189916,0.07092647
macrozona,Austral,2019-07-01,1,1.899485,1.8994849920272827,1.8994849920272827,0.062142927,0.0746794
macrozona,Austral,2019-08-01,1,1.40613,1.4061299562454224,1.4061299562454224,0.06294683,0.06888665
macrozona,Austral,2019-09-01,1,0.7504935,0.7504935264587402,0.7504935264587402,0.06286222,0.07229217
macrozona,Austral,2019-10-01,1,0.63317376,0.6331737637519836,0.6331737637519836,0.060401782,0.07386025
macrozona,Austral,2019-11-01,1,0.5819748,0.5819748044013977,0.5819748044013977,0.055383954,0.06576403
macrozona,Austral,2019-12-01,1,0.725791,0.7257909774780273,0.7257909774780273,0.049623482,0.05943952
macrozona,Austral,2020-01-01,1,0.70833564,0.7083356380462646,0.7083356380462646,0.047319937,0.057560153
macrozona,Austral,2020-02-01,1,0.78043664,0.780436635017395,0.780436635017395,0.046425387,0.05860542
macrozona,Austral,2020-03-01,1,0.485878,0.48587799072265625,0.48587799072265625,0.047227535,0.053548574
macrozona,Austral,2020-04-01,1,0.57240164,0.5724016427993774,0.5724016427993774,0.052151766,0.060713585
macrozona,Austral,2020-05-01,1,0.86081195,0.8608119487762451,0.8608119487762451,0.052979637,0.062455803
macrozona,Austral,2020-06-01,1,1.3125141,1.312514066696167,1.312514066696167,0.057172474,0.069240786
macrozona,Austral,2020-07-01,1,1.5781461,1.5781461000442505,1.5781461000442505,0.0602222,0.07471655
macrozona,Austral,2020-08-01,1,0.6013779,0.6013779044151306,0.6013779044151306,0.058403175,0.07268634
macrozona,Austral,2020-09-01,1,0.5332221,0.5332220792770386,0.5332220792770386,0.059984326,0.07701668
macrozona,Austral,2020-10-01,1,0.51271003,0.5127100348472595,0.5127100348472595,0.058717716,0.07891185
macrozona,Austral,2020-11-01,1,0.31144056,0.3114405572414398,0.3114405572414398,0.05482198,0.069979616
macrozona,Austral,2020-12-01,1,0.23343283,0.2334328293800354,0.2334328293800354,0.047222696,0.05263567
macrozona,Austral,2021-01-01,1,0.16370219,0.16370218992233276,0.16370218992233276,0.043931518,0.048184883
macrozona,Austral,2021-02-01,1,0.121608496,0.12160849571228027,0.12160849571228027,0.04537461,0.051443677
macrozona,Austral,2021-03-01,1,0.2835684,0.283568412065506,0.283568412065506,0.044148937,0.048885513
macrozona,Austral,2021-04-01,1,0.464958,0.4649580121040344,0.4649580121040344,0.04707419,0.05170948
macrozona,Austral,2021-05-01,1,1.3397253,1.3397252559661865,1.3397252559661865,0.0518488,0.06308228
macrozona,Austral,2021-06-01,1,1.77993,1.7799299955368042,1.7799299955368042,0.05516286,0.06856813
macrozona,Austral,2021-07-01,1,0.70561475,0.7056147456169128,0.7056147456169128,0.054590836,0.06633555
macrozona,Austral,2021-08-01,1,1.044446,1.0444459915161133,1.0444459915161133,0.059336893,0.071330205
macrozona,Austral,2021-09-01,1,0.67352253,0.6735225319862366,0.6735225319862366,0.06076342,0.07637538
macrozona,Austral,2021-10-01,1,0.23816939,0.23816938698291779,0.23816938698291779,0.05803304,0.06851425
macrozona,Austral,2021-11-01,1,0.16646153,0.1664615273475647,0.1664615273475647,0.053553846,0.06380845
macrozona,Austral,2021-12-01,1,0.1072549,0.10725490003824234,0.10725490003824234,0.048840195,0.05583027
macrozona,Austral,2022-01-01,1,0.10867029,0.10867028683423996,0.10867028683423996,0.044489272,0.049058132
macrozona,Austral,2022-02-01,1,0.11251506,0.11251506209373474,0.11251506209373474,0.044778313,0.04802193
macrozona,Austral,2022-03-01,1,0.27916667,0.27916666865348816,0.27916666865348816,0.044317164,0.046935797
macrozona,Austral,2022-04-01,1,0.6051195,0.605119526386261,0.605119526386261,0.046827845,0.052398905
macrozona,Austral,2022-05-01,1,1.4875853,1.4875853061676025,1.4875853061676025,0.054194525,0.06564291
macrozona,Austral,2022-06-01,1,1.9783663,1.9783662557601929,1.9783662557601929,0.059926584,0.07179662
macrozona,Austral,2022-07-01,1,1.1413044,1.14130437374115,1.14130437374115,0.058414977,0.07050922
macrozona,Austral,2022-08-01,1,0.843946,0.8439459800720215,0.8439459800720215,0.05899802,0.07013704
macrozona,Austral,2022-09-01,1,0.7663824,0.7663823962211609,0.7663823962211609,0.059236802,0.072517045
macrozona,Austral,2022-10-01,1,0.71066874,0.7106687426567078,0.7106687426567078,0.057154212,0.07258608
macrozona,Austral,2022-11-01,1,0.31434357,0.31434357166290283,0.31434357166290283,0.054941136,0.070141576
macrozona,Austral,2022-12-01,1,0.447749,0.44774898886680603,0.44774898886680603,0.045959353,0.051349327
macrozona,Austral,2023-01-01,1,0.16024292,0.16024291515350342,0.16024291515350342,0.044946298,0.04700123
macrozona,Austral,2023-02-01,1,0.23908408,0.23908407986164093,0.23908407986164093,0.042592514,0.04399381
macrozona,Austral,2023-03-01,1,0.41490194,0.4149019420146942,0.4149019420146942,0.044125434,0.04725959
macrozona,Austral,2023-04-01,1,0.52897614,0.5289761424064636,0.5289761424064636,0.048324943,0.053898558
macrozona,Austral,2023-05-01,1,0.4582162,0.45821619033813477,0.45821619033813477,0.05024132,0.05729797
macrozona,Austral,2023-06-01,1,1.0621989,1.0621988773345947,1.0621988773345947,0.05481768,0.06453511
macrozona,Austral,2023-07-01,1,1.0007162,1.000716209411621,1.000716209411621,0.06042099,0.070010014
macrozona,Austral,2023-08-01,1,0.56123644,0.5612364411354065,0.5612364411354065,0.05903729,0.070722565
macrozona,Austral,2023-09-01,1,0.5631127,0.5631126761436462,0.5631126761436462,0.061944995,0.07366674
macrozona,Austral,2023-10-01,1,0.3571642,0.357164204120636,0.357164204120636,0.06058756,0.071311764
macrozona,Austral,2023-11-01,1,0.4209637,0.42096370458602905,0.42096370458602905,0.05524156,0.06399011
macrozona,Austral,2023-12-01,1,0.29889187,0.2988918721675873,0.2988918721675873,0.051024906,0.05818062
macrozona,Austral,2024-01-01,1,0.19986449,0.1998644918203354,0.1998644918203354,0.04751563,0.04826798
macrozona,Austral,2024-02-01,1,0.20303908,0.20303907990455627,0.20303907990455627,0.046755396,0.048560698
macrozona,Austral,2024-03-01,1,0.33219582,0.33219581842422485,0.33219581842422485,0.04643574,0.04715858
macrozona,Austral,2024-04-01,1,0.7745301,0.7745301127433777,0.7745301127433777,0.049771827,0.0547866
macrozona,Austral,2024-05-01,1,1.9950539,1.9950538873672485,1.9950538873672485,0.059764195,0.067899965
macrozona,Austral,2024-06-01,1,1.4314373,1.4314372539520264,1.4314372539520264,0.062415097,0.07037667
macrozona,Austral,2024-07-01,1,1.093125,1.0931249856948853,1.0931249856948853,0.06297408,0.07374696
macrozona,Austral,2024-08-01,1,1.1119298,1.1119297742843628,1.1119297742843628,0.06437054,0.07610009
macrozona,Austral,2024-09-01,1,0.63478875,0.6347887516021729,0.6347887516021729,0.065135255,0.077456824
macrozona,Austral,2024-10-01,1,0.23124492,0.23124492168426514,0.23124492168426514,0.0670348,0.0869514
macrozona,Austral,2024-11-01,1,0.22072728,0.22072727978229523,0.22072727978229523,0.05876067,0.07632381
macrozona,Austral,2024-12-01,1,0.17182066,0.17182065546512604,0.17182065546512604,0.052771546,0.06326946
region,Antofagasta,2019-01-01,2,0.45250168,0.36599554121494293,0.5387735813856125,0.063466504,0.05938027
region,Antofagasta,2019-02-01,2,0.5078481,0.3788478896021843,0.6158482804894447,0.067994185,0.063964985
region,Antofagasta,2019-03-01,2,0.49949324,0.3940810114145279,0.6026506870985031,0.06781211,0.07229237
region,Antofagasta,2019-04-01,2,0.58493,0.4791833311319351,0.6889142245054245,0.0713192,0.08271619
region,Antofagasta,2019-05-01,2,0.62692356,0.5402311086654663,0.7129155397415161,0.07332301,0.09177531
region,Antofagasta,2019-06-01,2,0.6123919,0.5241039022803307,0.7006799057126045,0.07462041,0.09223583
region,Antofagasta,2019-07-01,3,0.5805254,0.5848986655473709,0.7708375453948975,0.078910984,0.09025893
region,Antofagasta,2019-08-01,2,0.5909708,0.4681272953748703,0.7021962553262711,0.07952112,0.10475641
region,Antofagasta,2019-09-01,2,0.36699364,0.4022890403866768,0.648572526872158,0.0928037,0.09825001
region,Antofagasta,2019-10-01,2,0.43670616,0.46037009358406067,0.7813018262386322,0.07891431,0.08705551
region,Antofagasta,2019-11-01,2,0.5585246,0.42030665278434753,0.701146274805069,0.06921837,0.0743179
region,Antofagasta,2019-12-01,1,0.2065937,0.20659370720386505,0.20659370720386505,0.06352925,0.07724894
region,Antofagasta,2020-01-01,2,0.20796813,0.4588644206523895,1.052035242319107,0.06348666,0.070388384
region,Antofagasta,2020-02-01,2,0.5079829,0.3620085082948208,0.7031890340149403,0.064330034,0.072363414
region,Antofagasta,2020-03-01,2,0.14632955,0.14554544910788536,0.14928500726819038,0.067128606,0.07265324
region,Antofagasta,2020-04-01,2,0.25084242,0.20676950737833977,0.30226657167077065,0.072840214,0.08971847
region,Antofagasta,2020-05-01,2,0.31854993,0.2914111539721489,0.3751498833298683,0.0729836,0.10067172
region,Antofagasta,2020-06-01,2,0.25640815,0.2562757283449173,0.25647418200969696,0.075371504,0.09302128
region,Antofagasta,2020-07-01,2,0.2079974,0.05403716117143631,0.16211148351430893,0.07545729,0.08949156
region,Antofagasta,2020-08-01,2,0.24120204,0.22283519804477692,0.2977719157934189,0.07918973,0.09552383
region,Antofagasta,2020-09-01,2,0.3068194,0.2841034568846226,0.38793448731303215,0.086399384,0.103502035
region,Antofagasta,2020-10-01,2,0.29848838,0.26381395384669304,0.34306976571679115,0.079495244,0.096622646
region,Antofagasta,2020-11-01,2,0.38010243,0.3689490258693695,0.435869425535202,0.06949243,0.08015114
region,Antofagasta,2020-12-01,2,0.39241844,0.43429840356111526,0.7712331637740135,0.06173591,0.066776834
region,Antofagasta,2021-01-01,2,0.3217467,0.2790284939110279,0.47351112589240074,0.05547121,0.05550807
region,Antofagasta,2021-02-01,2,0.15664753,0.1579333208501339,0.2055894322693348,0.060331907,0.07005964
region,Antofagasta,2021-03-01,2,0.38788217,0.28672030568122864,0.5004341304302216,0.062353976,0.06857499
region,Antofagasta,2021-04-01,2,0.50785863,0.3607177287340164,0.6554119437932968,0.06408728,0.07862229
region,Antofagasta,2021-05-01,2,0.55901957,0.4023236110806465,0.7413568124175072,0.07307829,0.08887176
region,Antofagasta,2021-06-01,2,0.5192179,0.35080959647893906,0.684827096760273,0.07186805,0.093855456
region,Antofagasta,2021-07-01,2,0.94341904,0.6013143956661224,1.3000917732715607,0.078498155,0.11280214
region,Antofagasta,2021-08-01,2,0.50763047,0.4902931898832321,0.5261498838663101,0.07735393,0.118777454
region,Antofagasta,2021-09-01,2,0.34596235,0.33243725448846817,0.35948746651411057,0.077384606,0.095246956
region,Antofagasta,2021-10-01,2,0.35461798,0.2656724900007248,0.4433232694864273,0.07329936,0.08728116
region,Antofagasta,2021-11-01,2,0.36206993,0.27636466175317764,0.4482560083270073,0.06548449,0.07394878
region,Antofagasta,2021-12-01,2,0.45889947,0.3682909458875656,0.5500017553567886,0.05837182,0.06103965
region,Antofagasta,2022-01-01,2,0.4621551,0.3531162105500698,0.5789437480270863,0.055612054,0.05641241
region,Antofagasta,2022-02-01,2,0.53467715,0.3247391954064369,0.7040013000369072,0.059222065,0.062410478
region,Antofagasta,2022-03-01,2,0.45096198,0.3206053152680397,0.6681331917643547,0.061635587,0.074065834
region,Antofagasta,2022-04-01,2,0.37868106,0.4917958192527294,1.0500071980059147,0.07259972,0.087941624
region,Antofagasta,2022-05-01,2,0.6778125,0.5469225496053696,0.8087024241685867,0.07323074,0.097271584
region,Antofagasta,2022-06-01,2,0.57425237,0.5587675124406815,0.5928715318441391,0.07298364,0.08909327
region,Antofagasta,2022-07-01,2,0.5843972,0.47449634224176407,0.6996322795748711,0.07420632,0.09046331
region,Antofagasta,2022-08-01,2,0.49847156,0.4247923046350479,0.5665168017148972,0.07529962,0.09676914
region,Antofagasta,2022-09-01,2,0.32533333,0.3057556748390198,0.3379278779029846,0.08300286,0.10618434
region,Antofagasta,2022-10-01,2,0.3179794,0.29098009318113327,0.3427717462182045,0.071147196,0.087589554
region,Antofagasta,2022-11-01,2,0.3159649,0.28313010185956955,0.34270308166742325,0.06400553,0.0743491
region,Antofagasta,2022-12-01,2,0.3349721,0.25715193524956703,0.4168001525104046,0.060123514,0.06764432
region,Antofagasta,2023-01-01,2,0.2140103,0.2000613622367382,0.2273567058146,0.055439822,0.061278146
region,Antofagasta,2023-02-01,2,0.33646372,0.3250751569867134,0.3485485538840294,0.06780102,0.08510661
region,Antofagasta,2023-03-01,2,0.3841962,0.2976951338350773,0.47164518758654594,0.06514455,0.071036026
region,Antofagasta,2023-04-01,2,0.37564698,0.29052434489130974,0.45748213306069374,0.06821118,0.07827666
region,Antofagasta,2023-05-01,2,0.39062142,0.35272329300642014,0.4207455888390541,0.07243283,0.08914019
region,Antofagasta,2023-06-01,2,0.40336365,0.3762533739209175,0.43093278259038925,0.071442276,0.09680504
region,Antofagasta,2023-07-01,2,0.3696342,0.3588685467839241,0.3813624009490013,0.075603835,0.09854131
region,Antofagasta,2023-08-01,2,0.43358886,0.3577309548854828,0.5078176558017731,0.07626452,0.092596896
region,Antofagasta,2023-09-01,2,0.3514757,0.3317357003688812,0.3864661753177643,0.07715042,0.088227905
region,Antofagasta,2023-10-01,2,0.33786216,0.28293320536613464,0.3389534652233124,0.082219236,0.09691039
region,Antofagasta,2023-11-01,2,0.6006551,0.4576859697699547,0.7416453436017036,0.07096972,0.08049643
region,Antofagasta,2023-12-01,2,0.37183163,0.320583276450634,0.4226675406098366,0.066127166,0.07492788
region,Antofagasta,2024-01-01,2,0.41364986,0.3456083908677101,0.48114364594221115,0.062366992,0.06761602
region,Antofagasta,2024-02-01,2,0.16249757,0.1581413336098194,0.18274259194731712,0.06421957,0.07047457
region,Antofagasta,2024-03-01,2,0.25876528,0.21067458391189575,0.30764538049697876,0.06496783,0.07996883
region,Antofagasta,2024-04-01,2,0.18893184,0.1616777963936329,0.21565484628081322,0.070183784,0.085423194
region,Antofagasta,2024-05-01,2,0.32731444,0.29826677590608597,0.3562057241797447,0.07384958,0.08905118
region,Antofagasta,2024-06-01,2,0.39164346,0.3891156166791916,0.3941713124513626,0.07830519,0.095737614
region,Antofagasta,2024-07-01,2,0.3508057,0.34867339581251144,0.3528866544365883,0.08361705,0.10612041
region,Antofagasta,2024-08-01,2,0.49686697,0.49460384994745255,0.4991484805941582,0.08696818,0.094092615
region,Antofagasta,2024-09-01,2,0.45547304,0.4248141795396805,0.48587511479854584,0.08588454,0.11239626
region,Antofagasta,2024-10-01,2,0.4523624,0.41750993579626083,0.5128802135586739,0.08186593,0.10852921
region,Antofagasta,2024-11-01,2,0.3463184,0.33892617374658585,0.3530866429209709,0.0723453,0.0859829
region,Antofagasta,2024-12-01,2,0.24659619,0.24601152911782265,0.24721361324191093,0.062972,0.073022336
region,Atacama,2019-01-01,1,0.5067305,0.5067304968833923,0.5067304968833923,0.055945612,0.06294405
region,Atacama,2019-02-01,1,0.4504613,0.4504612982273102,0.4504612982273102,0.06262001,0.07103395
region,Atacama,2019-03-01,1,0.5997849,0.5997849106788635,0.5997849106788635,0.061378796,0.08301829
region,Atacama,2019-04-01,1,0.3280203,0.328020304441452,0.328020304441452,0.069109485,0.0988291
region,Atacama,2019-05-01,1,1.298375,1.2983750104904175,1.2983750104904175,0.06263417,0.06784031
region,Atacama,2019-06-01,1,0.32647222,0.3264722228050232,0.3264722228050232,0.0752427,0.13011478
region,Atacama,2019-07-01,1,0.5679435,0.5679435133934021,0.5679435133934021,0.08525777,0.15741771
region,Atacama,2019-08-01,1,0.32083672,0.32083672285079956,0.32083672285079956,0.08488772,0.16874468
region,Atacama,2019-09-01,1,0.42470753,0.4247075319290161,0.4247075319290161,0.07708636,0.09651772
region,Atacama,2019-10-01,1,0.4897619,0.4897618889808655,0.4897618889808655,0.065254994,0.07531247
region,Atacama,2019-11-01,1,0.99795234,0.9979523420333862,0.9979523420333862,0.06914073,0.102039956
region,Atacama,2019-12-01,1,0.49214864,0.49214863777160645,0.49214863777160645,0.060645577,0.08410503
region,Atacama,2020-01-01,1,0.16147298,0.16147297620773315,0.16147297620773315,0.05991922,0.08039741
region,Atacama,2020-02-01,1,0.10650407,0.10650406777858734,0.10650406777858734,0.0577035,0.0822909
region,Atacama,2020-03-01,1,0.0,0.0,0.0,0.059460312,0.099016026
region,Atacama,2020-04-01,1,0.18214765,0.18214765191078186,0.18214765191078186,0.07220362,0.09926525
region,Atacama,2020-05-01,1,0.23514171,0.23514170944690704,0.23514170944690704,0.08135493,0.15807953
region,Atacama,2020-06-01,1,0.3543688,0.35436880588531494,0.35436880588531494,0.072835505,0.12146535
region,Atacama,2020-07-01,1,0.35883784,0.3588378429412842,0.3588378429412842,0.075962305,0.1314479
region,Atacama,2020-08-01,1,0.7690786,0.7690786123275757,0.7690786123275757,0.0766353,0.18867552
region,Atacama,2020-09-01,1,0.6037063,0.6037063002586365,0.6037063002586365,0.07947406,0.13613558
region,Atacama,2020-10-01,1,0.3119864,0.31198638677597046,0.31198638677597046,0.072682,0.11592919
region,Atacama,2020-11-01,1,0.30842775,0.30842775106430054,0.30842775106430054,0.06374205,0.09006697
region,Atacama,2020-12-01,1,0.23390177,0.2339017689228058,0.2339017689228058,0.056830574,0.07557053
region,Atacama,2021-01-01,1,0.31482142,0.31482142210006714,0.31482142210006714,0.054215893,0.11933821
region,Atacama,2021-02-01,1,0.41381598,0.413815975189209,0.413815975189209,0.05627862,0.06885979
region,Atacama,2021-03-01,1,0.4337077,0.43370771408081055,0.43370771408081055,0.05707767,0.06750416
region,Atacama,2021-04-01,1,0.9441074,0.9441074132919312,0.9441074132919312,0.062017333,0.09695181
region,Atacama,2021-05-01,1,0.79511076,0.7951107621192932,0.7951107621192932,0.07495343,0.11522653
region,Atacama,2021-06-01,1,0.5444023,0.5444023013114929,0.5444023013114929,0.07674676,0.13012245
region,Atacama,2021-07-01,1,0.81646377,0.8164637684822083,0.8164637684822083,0.089667276,0.15774785
region,Atacama,2021-08-01,1,0.7880785,0.7880784869194031,0.7880784869194031,0.07700876,0.13177912
region,Atacama,2021-09-01,1,0.34831005,0.34831005334854126,0.34831005334854126,0.074719116,0.12347486
region,Atacama,2021-10-01,1,0.18878081,0.18878081440925598,0.18878081440925598,0.07066916,0.09686205
region,Atacama,2021-11-01,1,0.35835442,0.3583544194698334,0.3583544194698334,0.06268054,0.08310587
region,Atacama,2021-12-01,1,0.1988556,0.19885559380054474,0.19885559380054474,0.05715844,0.06983511
region,Atacama,2022-01-01,1,0.21641304,0.21641303598880768,0.21641303598880768,0.051195897,0.06055546
region,Atacama,2022-02-01,1,0.26613432,0.2661343216896057,0.2661343216896057,0.056259856,0.06646668
region,Atacama,2022-03-01,1,0.21103494,0.21103493869304657,0.21103493869304657,0.060023434,0.088908896
region,Atacama,2022-04-01,1,0.22002792,0.22002792358398438,0.22002792358398438,0.063621625,0.09435837
region,Atacama,2022-05-01,1,0.45971736,0.45971736311912537,0.45971736311912537,0.084139064,0.16119155
region,Atacama,2022-06-01,1,0.6217949,0.6217948794364929,0.6217948794364929,0.07149045,0.101008706
region,Atacama,2022-07-01,1,0.71911293,0.7191129326820374,0.7191129326820374,0.06964951,0.12349829
region,Atacama,2022-08-01,1,0.68046707,0.6804670691490173,0.6804670691490173,0.0855755,0.14074893
region,Atacama,2022-09-01,1,0.30057025,0.3005702495574951,0.3005702495574951,0.07642143,0.11606043
region,Atacama,2022-10-01,1,0.22577956,0.22577956318855286,0.22577956318855286,0.07083565,0.11014488
region,Atacama,2022-11-01,1,0.2683916,0.26839160919189453,0.26839160919189453,0.063178,0.089880064
region,Atacama,2022-12-01,1,0.38974464,0.3897446393966675,0.3897446393966675,0.056966268,0.08216614
region,Atacama,2023-01-01,1,0.40955347,0.4095534682273865,0.4095534682273865,0.053483035,0.06561012
region,Atacama,2023-02-01,1,0.32474703,0.3247470259666443,0.3247470259666443,0.0661248,0.141609
region,Atacama,2023-03-01,1,0.309207,0.3092069923877716,0.3092069923877716,0.06422433,0.08726129
region,Atacama,2023-04-01,1,0.56264627,0.5626462697982788,0.5626462697982788,0.06719583,0.10284897
region,Atacama,2023-05-01,1,0.58030915,0.5803091526031494,0.5803091526031494,0.08295267,0.1204121
region,Atacama,2023-06-01,1,0.625875,0.6258749961853027,0.6258749961853027,0.08180526,0.15030614
region,Atacama,2023-07-01,1,0.6965768,0.6965767741203308,0.6965767741203308,0.080147564,0.1341983
region,Atacama,2023-08-01,1,0.6596102,0.6596102118492126,0.6596102118492126,0.07586507,0.12237879
region,Atacama,2023-09-01,1,0.6911805,0.6911805272102356,0.6911805272102356,0.07069915,0.11471388
region,Atacama,2023-10-01,1,0.81584907,0.8158490657806396,0.8158490657806396,0.07514201,0.09768318
region,Atacama,2023-11-01,1,0.63863957,0.6386395692825317,0.6386395692825317,0.066311195,0.08161787
region,Atacama,2023-12-01,1,1.255034,1.2550339698791504,1.2550339698791504,0.060488764,0.07625067
region,Atacama,2024-01-01,1,1.1499729,1.149972915649414,1.149972915649414,0.059066582,0.070828594
region,Atacama,2024-02-01,1,2.5573003,2.557300329208374,2.557300329208374,0.058263145,0.07197394
region,Atacama,2024-03-01,1,1.2437077,1.2437076568603516,1.2437076568603516,0.06305279,0.08827151
region,Atacama,2024-04-01,1,0.94388497,0.9438849687576294,0.9438849687576294,0.06547915,0.104565226
region,Atacama,2024-05-01,1,1.8220553,1.8220553398132324,1.8220553398132324,0.06833653,0.07901532
region,Atacama,2024-06-01,1,1.6165783,1.6165783405303955,1.6165783405303955,0.07709916,0.11526504
region,Atacama,2024-07-01,1,1.8010526,1.8010525703430176,1.8010525703430176,0.09494536,0.20415139
region,Atacama,2024-08-01,1,2.681855,2.6818549633026123,2.6818549633026123,0.08455088,0.10737798
region,Atacama,2024-09-01,1,1.4213213,1.4213212728500366,1.4213212728500366,0.08789865,0.16107132
region,Atacama,2024-10-01,1,1.0815634,1.0815633535385132,1.0815633535385132,0.079602726,0.11741073
region,Atacama,2024-11-01,1,0.7716528,0.7716528177261353,0.7716528177261353,0.0685458,0.09764011
region,Atacama,2024-12-01,1,0.64943546,0.6494354605674744,0.6494354605674744,0.060952,0.07969569
region,Valparaíso,2019-01-01,6,0.3130334,0.14286253228783607,0.4588174559175968,0.13641764,0.28354663
region,Valparaíso,2019-02-01,6,0.3461515,0.18870514258742332,0.4715212658047676,0.16501485,0.29356617
region,Valparaíso,2019-03-01,6,0.3820521,0.15543534979224205,0.5589028969407082,0.18424243,0.42869288
region,Valparaíso,2019-04-01,6,0.41536608,0.19115149229764938,0.5131125971674919,0.23759104,0.8108559
region,Valparaíso,2019-05-01,6,0.31260335,0.21658794954419136,0.3675045669078827,0.26412952,0.90258986
region,Valparaíso,2019-06-01,6,0.39222223,0.31987032294273376,0.4096083641052246,0.2617447,1.253795
region,Valparaíso,2019-07-01,6,0.40930676,0.38031869381666183,0.4707285240292549,0.30314398,1.700087
region,Valparaíso,2019-08-01,6,0.35952413,0.2879023626446724,0.490047924220562,0.27596962,1.2043529
region,Valparaíso,2019-09-01,6,0.23154537,0.14949507638812065,0.28034813702106476,0.22179212,0.6713507
region,Valparaíso,2019-10-01,6,0.22959894,0.17950144782662392,0.22897564247250557,0.18417236,0.384372
region,Valparaíso,2019-11-01,6,0.2759736,0.1492636390030384,0.3064161166548729,0.1891823,0.67723
region,Valparaíso,2019-12-01,6,0.25255504,0.1237618438899517,0.32004403695464134,0.15073565,0.37145293
region,Valparaíso,2020-01-01,6,0.26703984,0.11773976124823093,0.40718475356698036,0.14581166,0.23720725
region,Valparaíso,2020-02-01,6,0.25813952,0.11787627078592777,0.35004035755991936,0.16642483,0.3037301
region,Valparaíso,2020-03-01,6,0.29552865,0.13532967492938042,0.4365888983011246,0.17915156,0.40666038
region,Valparaíso,2020-04-01,6,0.31013095,0.2561928257346153,0.371655710041523,0.24064876,0.70499
region,Valparaíso,2020-05-01,6,0.34623557,0.22709789127111435,0.4016897901892662,0.31974223,1.3559729
region,Valparaíso,2020-06-01,6,0.3736916,0.2722976356744766,0.458621509373188,0.24518773,0.979509
region,Valparaíso,2020-07-01,6,0.3883862,0.2958911284804344,0.4677443131804466,0.28615284,1.0445207
region,Valparaíso,2020-08-01,6,0.32810345,0.25319087505340576,0.38715390861034393,0.24465972,1.1923451
region,Valparaíso,2020-09-01,6,0.3011532,0.21581309288740158,0.3659541830420494,0.24675125,0.9684444
region,Valparaíso,2020-10-01,6,0.2615307,0.1733395755290985,0.354554645717144,0.18992984,0.4903195
region,Valparaíso,2020-11-01,6,0.26190418,0.15539131313562393,0.32870645076036453,0.15439612,0.32534668
region,Valparaíso,2020-12-01,6,0.27639863,0.13857214897871017,0.38283298909664154,0.14413714,0.25926396
region,Valparaíso,2021-01-01,6,0.2166386,0.16144806519150734,0.24708234146237373,0.1455771,0.32997409
region,Valparaíso,2021-02-01,6,0.20691788,0.12754692509770393,0.2594470679759979,0.1455361,0.3389242
region,Valparaíso,2021-03-01,6,0.2170994,0.15679961442947388,0.19436480477452278,0.17162772,0.3846643
region,Valparaíso,2021-04-01,6,0.25506917,0.1708260290324688,0.233054768294096,0.20987552,0.69283676
region,Valparaíso,2021-05-01,6,0.3310301,0.22135404124855995,0.3722095936536789,0.27656978,1.0857109
region,Valparaíso,2021-06-01,6,0.28407845,0.20481105148792267,0.3425391763448715,0.31109524,1.301095
region,Valparaíso,2021-07-01,6,0.36709508,0.2749434560537338,0.4079573377966881,0.35522935,1.8492393
region,Valparaíso,2021-08-01,6,0.33809316,0.2772732079029083,0.34485985338687897,0.25751638,1.1691667
region,Valparaíso,2021-09-01,6,0.2634209,0.1995326727628708,0.2658495269715786,0.21385016,0.8492868
region,Valparaíso,2021-10-01,6,0.22828129,0.15433579310774803,0.2601929381489754,0.17546645,0.46197733
region,Valparaíso,2021-11-01,6,0.24274278,0.13947569206357002,0.33779866248369217,0.15542798,0.30041435
region,Valparaíso,2021-12-01,6,0.18290398,0.1237537320703268,0.19210920855402946,0.13338728,0.26487318
region,Valparaíso,2022-01-01,6,0.21559362,0.12112862057983875,0.21308498829603195,0.10289359,0.2196371
region,Valparaíso,2022-02-01,6,0.34059563,0.14549416676163673,0.4966207966208458,0.14631735,0.24440491
region,Valparaíso,2022-03-01,6,0.2976225,0.1690705344080925,0.26365526020526886,0.18666384,0.50980175
region,Valparaíso,2022-04-01,6,0.32423243,0.22556524351239204,0.3915482312440872,0.21642132,0.6771222
region,Valparaíso,2022-05-01,6,0.40146306,0.33318935334682465,0.4891251102089882,0.31441244,1.3286301
region,Valparaíso,2022-06-01,6,0.5247596,0.3049892708659172,0.7510150074958801,0.27229026,1.4068326
region,Valparaíso,2022-07-01,6,0.53925693,0.35901227593421936,0.7516572922468185,0.26092148,1.1811767
region,Valparaíso,2022-08-01,6,0.4320792,0.3422226831316948,0.5846205949783325,0.29266778,1.399704
region,Valparaíso,2022-09-01,6,0.33464536,0.20410987734794617,0.4442431330680847,0.25156325,0.8801644
region,Valparaíso,2022-10-01,6,0.26663783,0.16158189997076988,0.3151768334209919,0.18213712,0.590743
region,Valparaíso,2022-11-01,6,0.26757425,0.14964011311531067,0.25299494341015816,0.16694988,0.35433185
region,Valparaíso,2022-12-01,6,0.25547928,0.1552659422159195,0.24575547501444817,0.13849519,0.75349444
region,Valparaíso,2023-01-01,6,0.22656508,0.12138545140624046,0.32308224216103554,0.119810574,0.20603457
region,Valparaíso,2023-02-01,6,0.2935064,0.15035785734653473,0.44125867635011673,0.19729178,0.4677627
region,Valparaíso,2023-03-01,6,0.2856098,0.17553583905100822,0.30210164189338684,0.20098875,0.42318368
region,Valparaíso,2023-04-01,6,0.30759764,0.18870455771684647,0.28276093304157257,0.2248849,0.68608254
region,Valparaíso,2023-05-01,6,0.35260832,0.25168343260884285,0.403377041220665,0.31743753,1.111575
region,Valparaíso,2023-06-01,6,0.34189793,0.25450772792100906,0.3514726608991623,0.34851584,1.075984
region,Valparaíso,2023-07-01,6,0.38872156,0.3279244005680084,0.37709368020296097,0.3000323,1.308206
region,Valparaíso,2023-08-01,6,0.39073348,0.2557759918272495,0.5617287158966064,0.28319296,0.9191476
region,Valparaíso,2023-09-01,6,0.39389056,0.20109600573778152,0.5193445235490799,0.21277574,0.6519182
region,Valparaíso,2023-10-01,6,0.32477063,0.2079366371035576,0.3555183708667755,0.18969955,0.53618944
region,Valparaíso,2023-11-01,6,0.31282753,0.19317609444260597,0.34047695249319077,0.15191026,0.32035366
region,Valparaíso,2023-12-01,6,0.2595722,0.1520545706152916,0.2638370208442211,0.13880289,0.3745993
region,Valparaíso,2024-01-01,6,0.3017549,0.1607963889837265,0.38872672617435455,0.13485335,0.25627378
region,Valparaíso,2024-02-01,6,0.2504043,0.1771899312734604,0.3524254038929939,0.16598448,0.34776056
region,Valparaíso,2024-03-01,6,0.25770247,0.1795877180993557,0.33118802309036255,0.182693,0.47376978
region,Valparaíso,2024-04-01,6,0.3272271,0.2376517914235592,0.414929524064064,0.21252283,0.6372577
region,Valparaíso,2024-05-01,6,0.4674261,0.39810454100370407,0.4734336882829666,0.2887432,1.0899045
region,Valparaíso,2024-06-01,6,0.3371928,0.3085230216383934,0.3939800336956978,0.2621703,1.1671127
region,Valparaíso,2024-07-01,6,0.47134438,0.4281604513525963,0.49591855704784393,0.35830462,1.7270062
region,Valparaíso,2024-08-01,6,0.4257319,0.34468407183885574,0.4654216170310974,0.2573868,0.9629699
region,Valparaíso,2024-09-01,6,0.42883724,0.2943878695368767,0.5424509942531586,0.25345042,0.84541017
region,Valparaíso,2024-10-01,6,0.35790083,0.32417817413806915,0.40449637919664383,0.21377416,0.63903934
region,Valparaíso,2024-11-01,6,0.35408878,0.24086175113916397,0.453362412750721,0.1548407,0.312395
region,Valparaíso,2024-12-01,6,0.2519162,0.15892644599080086,0.3674846217036247,0.1377492,0.28300092
region,Metropolitana,2019-01-01,9,0.32128367,0.2002195566892624,0.4455070495605469,0.4096319,0.26276603
region,Metropolitana,2019-02-01,9,0.3515563,0.2676636874675751,0.4704963266849518,0.50693315,0.30315688
region,Metropolitana,2019-03-01,9,0.43197557,0.37569892406463623,0.5199843049049377,0.53391033,0.42404464
region,Metropolitana,2019-04-01,9,0.6418862,0.5608496069908142,0.7684905529022217,0.7338868,0.71391994
region,Metropolitana,2019-05-01,9,0.87011766,0.6600568890571594,1.0592857599258423,0.7466894,0.8322047
region,Metropolitana,2019-06-01,9,1.1862253,0.8768137097358704,1.436880350112915,0.7536189,1.1250494
region,Metropolitana,2019-07-01,9,1.223277,0.8089487552642822,1.4981720447540283,0.7937195,1.4933823
region,Metropolitana,2019-08-01,9,0.83384967,0.5542276501655579,1.0498656034469604,0.6907782,1.0792776
region,Metropolitana,2019-09-01,9,0.46053705,0.3719285726547241,0.510648787021637,0.6324012,0.75381166
region,Metropolitana,2019-10-01,8,0.48041022,0.3743656873703003,0.5021011605858803,0.5783284,0.45814848
region,Metropolitana,2019-11-01,8,0.40716383,0.34560736268758774,0.4777950495481491,0.48381525,0.38077217
region,Metropolitana,2019-12-01,7,0.40801737,0.30216312408447266,0.42478223145008087,0.4314287,0.27380562
region,Metropolitana,2020-01-01,8,0.35880515,0.3057923838496208,0.42155856639146805,0.45211408,0.24994083
region,Metropolitana,2020-02-01,8,0.39917746,0.34666668623685837,0.43594012409448624,0.5389494,0.36407563
region,Metropolitana,2020-03-01,8,0.45607534,0.38468290865421295,0.5243946462869644,0.61538994,0.48458204
region,Metropolitana,2020-04-01,8,0.5252649,0.4919810965657234,0.6077636629343033,0.7594795,0.61270356
region,Metropolitana,2020-05-01,8,0.770763,0.6251638829708099,0.8777947723865509,0.80067813,0.90037644
region,Metropolitana,2020-06-01,8,0.8915722,0.8114422559738159,1.075440913438797,0.80833167,0.9257259
region,Metropolitana,2020-07-01,8,1.002149,0.7471321225166321,1.2747965157032013,0.6800786,0.9802332
region,Metropolitana,2020-08-01,8,0.682319,0.5202141851186752,0.8024260848760605,0.7732192,1.1695592
region,Metropolitana,2020-09-01,8,0.48437434,0.42030275613069534,0.57596455514431,0.6873609,0.93516856
region,Metropolitana,2020-10-01,8,0.37203932,0.30101294815540314,0.4711049497127533,0.59014654,0.53746635
region,Metropolitana,2020-11-01,8,0.33036348,0.27225491404533386,0.4234212785959244,0.50376326,0.375792
region,Metropolitana,2020-12-01,7,0.30648103,0.24253203719854355,0.4266233891248703,0.4555864,0.24696858
region,Metropolitana,2021-01-01,8,0.35695237,0.28241556137800217,0.39340563863515854,0.41840306,0.21886493
region,Metropolitana,2021-02-01,8,0.4266603,0.3272188976407051,0.5404818207025528,0.560794,0.31937048
region,Metropolitana,2021-03-01,8,0.4430881,0.32937195897102356,0.5593812316656113,0.5961186,0.421831
region,Metropolitana,2021-04-01,8,0.59144574,0.512649416923523,0.6651696264743805,0.7503517,0.6992783
region,Metropolitana,2021-05-01,8,1.1593989,1.067092016339302,1.3854414820671082,0.82935125,0.86659527
region,Metropolitana,2021-06-01,8,1.2404886,1.128627747297287,1.4329303801059723,0.8604443,0.96584225
region,Metropolitana,2021-07-01,8,1.4971392,1.3143335282802582,1.6967360079288483,0.8914599,1.411981
region,Metropolitana,2021-08-01,8,1.0441625,0.9309441149234772,1.1414589285850525,0.78402823,1.0658859
region,Metropolitana,2021-09-01,7,0.6030384,0.5039943754673004,0.719202309846878,0.59603167,0.9182463
region,Metropolitana,2021-10-01,7,0.5190096,0.4552759826183319,0.5869336128234863,0.5338355,0.6284101
region,Metropolitana,2021-11-01,7,0.45145738,0.3896102011203766,0.5221515893936157,0.4879562,0.34838524
region,Metropolitana,2021-12-01,7,0.4728005,0.4099840372800827,0.5416069328784943,0.44125575,0.3050677
region,Metropolitana,2022-01-01,7,0.4179861,0.4072975069284439,0.48088420927524567,0.3699608,0.2777149
region,Metropolitana,2022-02-01,7,0.4824431,0.4333445429801941,0.5404371917247772,0.48325783,0.26916465
region,Metropolitana,2022-03-01,7,0.5663321,0.5619751811027527,0.6117936670780182,0.56851333,0.45181242
region,Metropolitana,2022-04-01,7,0.70802563,0.6497112214565277,0.7684302031993866,0.64351976,0.5437614
region,Metropolitana,2022-05-01,7,1.1210045,1.016948640346527,1.2616621851921082,0.85841274,0.9217984
region,Metropolitana,2022-06-01,6,1.275783,0.9969586282968521,1.4717844128608704,0.7655619,1.3395333
region,Metropolitana,2022-07-01,7,1.1538633,0.8285956680774689,1.2457841038703918,0.7178095,1.1505952
region,Metropolitana,2022-08-01,7,0.9838121,0.8079889416694641,1.0950649976730347,0.7217577,1.2507915
region,Metropolitana,2022-09-01,7,0.72690374,0.5865624845027924,0.8900757133960724,0.61374325,0.94058025
region,Metropolitana,2022-10-01,7,0.51137567,0.47816216945648193,0.5441392362117767,0.5340503,0.64626443
region,Metropolitana,2022-11-01,7,0.46897087,0.38383935391902924,0.5455352962017059,0.509993,0.37863505
region,Metropolitana,2022-12-01,7,0.39791328,0.3612038940191269,0.4453170448541641,0.43047693,0.37303683
region,Metropolitana,2023-01-01,7,0.40891716,0.3544161319732666,0.43496327102184296,0.40917024,0.23285964
region,Metropolitana,2023-02-01,7,0.5614645,0.49960143864154816,0.6176700592041016,0.5856913,0.441094
region,Metropolitana,2023-03-01,7,0.5766565,0.4487442821264267,0.6848370134830475,0.5826763,0.46260568
region,Metropolitana,2023-04-01,7,0.79310554,0.5457938760519028,1.0200974643230438,0.7302757,0.57923275
region,Metropolitana,2023-05-01,7,1.1712216,0.9160425364971161,1.486116886138916,0.83274865,0.7975604
region,Metropolitana,2023-06-01,7,1.3429642,1.1182639598846436,1.6330710053443909,0.8221926,0.72325313
region,Metropolitana,2023-07-01,7,1.4549155,1.2557154297828674,1.7594389915466309,0.7630984,0.95116353
region,Metropolitana,2023-08-01,7,0.9582186,0.8011009991168976,1.2065988779067993,0.62568283,0.74168974
region,Metropolitana,2023-09-01,7,0.81502795,0.6830919682979584,0.9610377252101898,0.57889664,0.59350073
region,Metropolitana,2023-10-01,7,0.6271755,0.4819857329130173,0.7716925740242004,0.5434877,0.5250674
region,Metropolitana,2023-11-01,6,0.58108526,0.40504130721092224,0.7631962448358536,0.4711141,0.3526134
region,Metropolitana,2023-12-01,7,0.55874187,0.436041921377182,0.7093248963356018,0.4341679,0.29408467
region,Metropolitana,2024-01-01,7,0.560446,0.38511213660240173,0.7726302742958069,0.43041402,0.24909577
region,Metropolitana,2024-02-01,7,0.5539478,0.34242871403694153,0.7875159382820129,0.5078031,0.33834216
region,Metropolitana,2024-03-01,7,0.54974127,0.4162067025899887,0.67650106549263,0.56319207,0.46152765
region,Metropolitana,2024-04-01,7,0.6739779,0.580965667963028,0.7865411043167114,0.6561828,0.47195002
region,Metropolitana,2024-05-01,7,1.0812248,0.9726357460021973,1.178253948688507,0.7855835,0.94276965
region,Metropolitana,2024-06-01,7,1.2951251,1.057037591934204,1.5678203701972961,0.6965961,0.9895322
region,Metropolitana,2024-07-01,7,1.2769039,0.9213748276233673,1.603645920753479,0.86757934,1.3747658
region,Metropolitana,2024-08-01,7,0.76339203,0.6320623755455017,0.9322737753391266,0.66924846,1.0183194
region,Metropolitana,2024-09-01,7,0.5218888,0.4244605004787445,0.5749202966690063,0.6384882,0.80976534
region,Metropolitana,2024-10-01,7,0.41280842,0.34252962470054626,0.47129733860492706,0.56614065,0.68018466
region,Metropolitana,2024-11-01,7,0.30288237,0.25059419870376587,0.35476087033748627,0.48851594,0.35507262
region,Metropolitana,2024-12-01,7,0.29821214,0.2534267157316208,0.3464936912059784,0.42371142,0.27441755
region,O'Higgins,2019-01-01,1,0.5762192,0.5762192010879517,0.5762192010879517,0.11171281,0.13911475
region,O'Higgins,2019-02-01,1,0.51871985,0.5187198519706726,0.5187198519706726,0.13863194,0.15269561
region,O'Higgins,2019-03-01,1,0.6844655,0.6844655275344849,0.6844655275344849,0.15299465,0.17887668
region,O'Higgins,2019-04-01,1,0.78180534,0.7818053364753723,0.7818053364753723,0.2108566,0.27516142
region,O'Higgins,2019-05-01,1,0.40595946,0.40595945715904236,0.40595945715904236,0.22073327,0.33172166
region,O'Higgins,2019-06-01,1,0.68717873,0.6871787309646606,0.6871787309646606,0.20400475,0.45330244
region,O'Higgins,2019-07-01,1,0.8925068,0.8925067782402039,0.8925067782402039,0.26377216,0.5862098
region,O'Higgins,2019-08-01,1,0.81490517,0.8149051666259766,0.8149051666259766,0.20959494,0.40391207
region,O'Higgins,2019-09-01,1,0.5878622,0.5878621935844421,0.5878621935844421,0.20025079,0.29416558
region,O'Higgins,2019-10-01,1,0.5457784,0.5457783937454224,0.5457783937454224,0.15544498,0.1985872
region,O'Higgins,2019-11-01,1,0.5014537,0.501453697681427,0.501453697681427,0.13822305,0.15975472
region,O'Higgins,2019-12-01,1,0.41300142,0.4130014181137085,0.4130014181137085,0.120838,0.13993226
region,O'Higgins,2020-01-01,1,0.49882114,0.4988211393356323,0.4988211393356323,0.123152934,0.1577076
region,O'Higgins,2020-02-01,1,0.783609,0.7836089730262756,0.7836089730262756,0.15758426,0.1961585
region,O'Higgins,2020-03-01,1,0.31039244,0.31039243936538696,0.31039243936538696,0.1764355,0.1973021
region,O'Higgins,2020-04-01,1,0.510014,0.510013997554779,0.510013997554779,0.18978718,0.23244126
region,O'Higgins,2020-05-01,1,1.0380136,1.0380135774612427,1.0380135774612427,0.22388865,0.43130141
region,O'Higgins,2020-06-01,1,1.1907067,1.190706729888916,1.190706729888916,0.21203664,0.38278332
region,O'Higgins,2020-07-01,1,1.2670548,1.267054796218872,1.267054796218872,0.1731619,0.31789243
region,O'Higgins,2020-08-01,1,0.95724416,0.9572441577911377,0.9572441577911377,0.23549724,0.4074532
region,O'Higgins,2020-09-01,1,0.5554636,0.5554636120796204,0.5554636120796204,0.2209948,0.3741627
region,O'Higgins,2020-10-01,1,0.15708987,0.15708987414836884,0.15708987414836884,0.18159448,0.2272597
region,O'Higgins,2020-11-01,1,0.11752461,0.11752460896968842,0.11752460896968842,0.14823613,0.17832278
region,O'Higgins,2020-12-01,1,0.19955344,0.199553444981575,0.199553444981575,0.11853507,0.12625515
region,O'Higgins,2021-01-01,1,0.21124661,0.21124660968780518,0.21124660968780518,0.108832784,0.13556099
region,O'Higgins,2021-02-01,1,0.17975572,0.17975571751594543,0.17975571751594543,0.13587162,0.1462721
region,O'Higgins,2021-03-01,1,0.59434015,0.5943401455879211,0.5943401455879211,0.15222313,0.16145349
region,O'Higgins,2021-04-01,1,0.47214493,0.4721449315547943,0.4721449315547943,0.19420935,0.24996093
region,O'Higgins,2021-05-01,1,0.5389581,0.5389580726623535,0.5389580726623535,0.2310359,0.3141703
region,O'Higgins,2021-06-01,1,0.7054648,0.705464780330658,0.705464780330658,0.21167591,0.35343906
region,O'Higgins,2021-07-01,1,1.0202168,1.0202168226242065,1.0202168226242065,0.27105492,0.5672815
region,O'Higgins,2021-08-01,1,0.7836093,0.7836092710494995,0.7836092710494995,0.22121629,0.41542292
region,O'Higgins,2021-09-01,1,0.4642678,0.4642677903175354,0.4642677903175354,0.21340248,0.41023964
region,O'Higgins,2021-10-01,1,0.2550811,0.25508108735084534,0.25508108735084534,0.17930007,0.27550492
region,O'Higgins,2021-11-01,1,0.18800558,0.18800558149814606,0.18800558149814606,0.14648841,0.16977252
region,O'Higgins,2021-12-01,1,0.20269905,0.20269905030727386,0.20269905030727386,0.12772754,0.1643197
region,O'Higgins,2022-01-01,1,0.12086487,0.1208648681640625,0.1208648681640625,0.10946954,0.16407089
region,O'Higgins,2022-02-01,1,0.12853695,0.12853695452213287,0.12853695452213287,0.12584384,0.1346057
region,O'Higgins,2022-03-01,1,0.11950966,0.11950965970754623,0.11950965970754623,0.14716236,0.18852516
region,O'Higgins,2022-04-01,1,0.21343137,0.21343137323856354,0.21343137323856354,0.17613989,0.22047155
region,O'Higgins,2022-05-01,1,0.645614,0.6456140279769897,0.6456140279769897,0.25241125,0.41803637
region,O'Higgins,2022-06-01,1,0.694595,0.6945949792861938,0.6945949792861938,0.22888747,0.50500643
region,O'Higgins,2022-07-01,1,0.6443919,0.6443918943405151,0.6443918943405151,0.22774957,0.37026665
region,O'Higgins,2022-08-01,1,0.57625,0.5762500166893005,0.5762500166893005,0.2278531,0.45578313
region,O'Higgins,2022-09-01,1,0.40387782,0.4038778245449066,0.4038778245449066,0.20518956,0.3362639
region,O'Higgins,2022-10-01,1,0.33506757,0.3350675702095032,0.3350675702095032,0.15961878,0.24889491
region,O'Higgins,2022-11-01,1,0.26734635,0.2673463523387909,0.2673463523387909,0.1472014,0.17317772
region,O'Higgins,2022-12-01,1,0.4077989,0.4077988862991333,0.4077988862991333,0.12628707,0.19689013
region,O'Higgins,2023-01-01,1,0.36556756,0.36556756496429443,0.36556756496429443,0.1089928,0.13641211
region,O'Higgins,2023-02-01,1,0.47329816,0.47329816222190857,0.47329816222190857,0.1862871,0.29798254
region,O'Higgins,2023-03-01,1,0.30335134,0.30335134267807007,0.30335134267807007,0.15434037,0.1842591
region,O'Higgins,2023-04-01,1,0.44386873,0.4438687264919281,0.4438687264919281,0.18778732,0.21814387
region,O'Higgins,2023-05-01,1,0.67945945,0.6794594526290894,0.6794594526290894,0.2224314,0.32161704
region,O'Higgins,2023-06-01,1,0.78520894,0.7852089405059814,0.7852089405059814,0.23245575,0.31558055
region,O'Higgins,2023-07-01,1,0.93041724,0.9304172396659851,0.9304172396659851,0.22785808,0.36808577
region,O'Higgins,2023-08-01,1,0.5209091,0.5209090709686279,0.5209090709686279,0.2055832,0.31516382
region,O'Higgins,2023-09-01,1,0.6039668,0.6039667725563049,0.6039667725563049,0.19978543,0.24487314
region,O'Higgins,2023-10-01,1,0.37009472,0.3700947165489197,0.3700947165489197,0.18402624,0.24223179
region,O'Higgins,2023-11-01,1,0.56894004,0.5689400434494019,0.5689400434494019,0.15493216,0.18717553
region,O'Higgins,2023-12-01,1,0.44491872,0.4449187219142914,0.4449187219142914,0.12897529,0.1699423
region,O'Higgins,2024-01-01,1,0.3659946,0.3659946024417877,0.3659946024417877,0.124378435,0.14467117
region,O'Higgins,2024-02-01,1,0.29139334,0.29139333963394165,0.29139333963394165,0.14524888,0.17889364
region,O'Higgins,2024-03-01,1,0.3107143,0.3107143044471741,0.3107143044471741,0.15703554,0.19193144
region,O'Higgins,2024-04-01,1,0.20990196,0.20990195870399475,0.20990195870399475,0.17785832,0.20195524
region,O'Higgins,2024-05-01,1,0.5937247,0.5937247276306152,0.5937247276306152,0.195366,0.36550686
region,O'Higgins,2024-06-01,1,0.7237535,0.7237535119056702,0.7237535119056702,0.17885524,0.469806
region,O'Higgins,2024-07-01,1,0.90898234,0.9089823365211487,0.9089823365211487,0.24853712,0.3985328
region,O'Higgins,2024-08-01,1,0.4016644,0.4016644060611725,0.4016644060611725,0.21520679,0.3263513
region,O'Higgins,2024-09-01,1,0.15096503,0.15096503496170044,0.15096503496170044,0.22569202,0.31239605
region,O'Higgins,2024-10-01,1,0.120202705,0.12020270526409149,0.12020270526409149,0.18751188,0.29425317
region,O'Higgins,2024-11-01,1,0.104022354,0.10402235388755798,0.10402235388755798,0.14452948,0.17087448
region,O'Higgins,2024-12-01,1,0.104035094,0.10403509438037872,0.10403509438037872,0.12190731,0.16328104
region,Maule,2019-01-01,1,0.43390948,0.43390947580337524,0.43390947580337524,0.07717591,0.090184055
region,Maule,2019-02-01,1,0.47472265,0.47472265362739563,0.47472265362739563,0.0961551,0.11619698
region,Maule,2019-03-01,1,0.60196745,0.601967453956604,0.601967453956604,0.09554341,0.14612493
region,Maule,2019-04-01,1,0.80614626,0.8061462640762329,0.8061462640762329,0.12256722,0.20050536
region,Maule,2019-05-01,1,1.2337382,1.2337381839752197,1.2337381839752197,0.19850795,0.31484225
region,Maule,2019-06-01,1,1.0761851,1.0761851072311401,1.0761851072311401,0.14740564,0.16773812
region,Maule,2019-07-01,1,1.262783,1.2627830505371094,1.2627830505371094,0.13739084,0.19683032
region,Maule,2019-08-01,1,1.0254804,1.0254803895950317,1.0254803895950317,0.14154837,0.17654157
region,Maule,2019-09-01,1,0.41670388,0.41670387983322144,0.41670387983322144,0.129347,0.14835778
region,Maule,2019-10-01,1,0.24326055,0.24326054751873016,0.24326054751873016,0.10836765,0.124347724
region,Maule,2019-11-01,1,0.3335014,0.333501398563385,0.333501398563385,0.09419036,0.09644123
region,Maule,2019-12-01,1,0.35380062,0.35380062460899353,0.35380062460899353,0.082588434,0.097136445
region,Maule,2020-01-01,1,0.268297,0.2682969868183136,0.2682969868183136,0.086316474,0.12351106
region,Maule,2020-02-01,1,0.4424484,0.4424484074115753,0.4424484074115753,0.09041407,0.12837066
region,Maule,2020-03-01,1,0.7718851,0.771885097026825,0.771885097026825,0.098813504,0.10938102
region,Maule,2020-04-01,1,0.40197656,0.4019765555858612,0.4019765555858612,0.115508825,0.1823993
region,Maule,2020-05-01,1,1.0418969,1.041896939277649,1.041896939277649,0.14265184,0.22127399
region,Maule,2020-06-01,1,1.5026789,1.5026788711547852,1.5026788711547852,0.15196559,0.18876198
region,Maule,2020-07-01,1,1.5941656,1.594165563583374,1.594165563583374,0.15143041,0.16105762
region,Maule,2020-08-01,1,1.1631671,1.163167119026184,1.163167119026184,0.12088743,0.17645882
region,Maule,2020-09-01,1,1.1926339,1.192633867263794,1.192633867263794,0.13182376,0.18581758
region,Maule,2020-10-01,1,0.5539213,0.5539212822914124,0.5539212822914124,0.115104884,0.12157682
region,Maule,2020-11-01,1,0.5994693,0.5994693040847778,0.5994693040847778,0.09371042,0.1055283
region,Maule,2020-12-01,1,0.9969944,0.9969943761825562,0.9969943761825562,0.07779627,0.08279153
region,Maule,2021-01-01,1,0.3178019,0.31780189275741577,0.31780189275741577,0.07552087,0.08842319
region,Maule,2021-02-01,1,0.28527385,0.28527384996414185,0.28527384996414185,0.08453172,0.1055374
region,Maule,2021-03-01,1,0.49559784,0.49559783935546875,0.49559783935546875,0.09914642,0.115438506
region,Maule,2021-04-01,1,0.745022,0.7450219988822937,0.7450219988822937,0.10537952,0.13644366
region,Maule,2021-05-01,1,1.5667664,1.566766381263733,1.566766381263733,0.15308778,0.22953106
region,Maule,2021-06-01,1,1.2116643,1.2116643190383911,1.2116643190383911,0.16041788,0.21617244
region,Maule,2021-07-01,1,1.3793488,1.3793487548828125,1.3793487548828125,0.1546365,0.24185216
region,Maule,2021-08-01,1,0.8530295,0.8530294895172119,0.8530294895172119,0.13562943,0.21078128
region,Maule,2021-09-01,1,0.75459915,0.7545991539955139,0.7545991539955139,0.12156483,0.16620564
region,Maule,2021-10-01,1,0.44152144,0.44152143597602844,0.44152143597602844,0.10614955,0.12293254
region,Maule,2021-11-01,1,0.4575983,0.4575982987880707,0.4575982987880707,0.09208589,0.09843115
region,Maule,2021-12-01,1,0.52682996,0.5268299579620361,0.5268299579620361,0.08531491,0.115880765
region,Maule,2022-01-01,1,0.44806495,0.4480649530887604,0.4480649530887604,0.06857445,0.07125509
region,Maule,2022-02-01,1,0.45154202,0.4515420198440552,0.4515420198440552,0.09110452,0.1111681
region,Maule,2022-03-01,1,0.2587145,0.258714497089386,0.258714497089386,0.09319104,0.1282364
region,Maule,2022-04-01,1,0.47545457,0.47545456886291504,0.47545456886291504,0.09997732,0.10985753
region,Maule,2022-05-01,1,0.8774119,0.8774119019508362,0.8774119019508362,0.18980409,0.36447382
region,Maule,2022-06-01,1,0.7660475,0.766047477722168,0.766047477722168,0.17580163,0.3249287
region,Maule,2022-07-01,1,0.7691881,0.7691881060600281,0.7691881060600281,0.14317347,0.15149076
region,Maule,2022-08-01,1,0.77998644,0.7799864411354065,0.7799864411354065,0.13988654,0.16650762
region,Maule,2022-09-01,1,0.5477514,0.5477514266967773,0.5477514266967773,0.13730556,0.16939718
region,Maule,2022-10-01,1,0.40593836,0.40593835711479187,0.40593835711479187,0.09803275,0.1316614
region,Maule,2022-11-01,1,0.12365036,0.12365035712718964,0.12365035712718964,0.10022931,0.15704767
region,Maule,2022-12-01,1,0.17427027,0.17427027225494385,0.17427027225494385,0.07608471,0.11004128
region,Maule,2023-01-01,1,0.2696081,0.26960811018943787,0.26960811018943787,0.080209054,0.1516682
region,Maule,2023-02-01,1,0.5476981,0.5476980805397034,0.5476980805397034,0.17681529,0.7327215
region,Maule,2023-03-01,1,0.41084933,0.41084933280944824,0.41084933280944824,0.10628988,0.13773155
region,Maule,2023-04-01,1,0.67152876,0.6715287566184998,0.6715287566184998,0.11146286,0.14639176
region,Maule,2023-05-01,1,1.0948248,1.0948247909545898,1.0948247909545898,0.14576876,0.24092595
region,Maule,2023-06-01,1,1.2691214,1.2691214084625244,1.2691214084625244,0.15343511,0.33859137
region,Maule,2023-07-01,1,1.6007828,1.6007827520370483,1.6007827520370483,0.15420382,0.19475715
region,Maule,2023-08-01,1,1.0372665,1.037266492843628,1.037266492843628,0.13401543,0.16475703
region,Maule,2023-09-01,1,0.50579387,0.5057938694953918,0.5057938694953918,0.12843035,0.13218524
region,Maule,2023-10-01,1,0.3480785,0.34807848930358887,0.34807848930358887,0.11254933,0.12278965
region,Maule,2023-11-01,1,0.34456706,0.34456706047058105,0.34456706047058105,0.096869335,0.0961735
region,Maule,2023-12-01,1,0.39126855,0.3912685513496399,0.3912685513496399,0.08542037,0.09132778
region,Maule,2024-01-01,1,0.39657646,0.396576464176178,0.396576464176178,0.08603388,0.104228765
region,Maule,2024-02-01,1,0.5193237,0.5193237066268921,0.5193237066268921,0.083475396,0.11703356
region,Maule,2024-03-01,1,0.6848173,0.6848173141479492,0.6848173141479492,0.10105232,0.119413786
region,Maule,2024-04-01,1,0.7346273,0.7346273064613342,0.7346273064613342,0.10991137,0.12944083
region,Maule,2024-05-01,1,1.601833,1.6018329858779907,1.6018329858779907,0.17594694,0.44176847
region,Maule,2024-06-01,1,1.2013509,1.2013509273529053,1.2013509273529053,0.14289296,0.156828
region,Maule,2024-07-01,1,1.7125205,1.7125204801559448,1.7125204801559448,0.1592104,0.26283294
region,Maule,2024-08-01,1,1.3087484,1.3087483644485474,1.3087483644485474,0.13881615,0.16260032
region,Maule,2024-09-01,1,0.8785834,0.8785833716392517,0.8785833716392517,0.12822929,0.1497498
region,Maule,2024-10-01,1,0.7406081,0.7406080961227417,0.7406080961227417,0.12642086,0.16478457
region,Maule,2024-11-01,1,0.26674095,0.26674094796180725,0.26674094796180725,0.0952785,0.102975816
region,Maule,2024-12-01,1,0.32277256,0.3227725625038147,0.3227725625038147,0.082846195,0.102591366
region,Biobío–Ñuble,2019-01-01,5,0.5782545,0.3765847086906433,0.4235890507698059,0.13196927,0.0878281
region,Biobío–Ñuble,2019-02-01,5,0.6257475,0.44024133682250977,0.780933678150177,0.15498228,0.11276746
region,Biobío–Ñuble,2019-03-01,6,0.6181521,0.3992833197116852,0.5836870148777962,0.15196638,0.13429214
region,Biobío–Ñuble,2019-04-01,7,0.70300865,0.5261537134647369,0.753810316324234,0.1935416,0.20258547
region,Biobío–Ñuble,2019-05-01,8,0.9143571,0.8396453410387039,1.1120000183582306,0.21897225,0.32141826
region,Biobío–Ñuble,2019-06-01,7,0.93234783,0.6815626621246338,0.9203310012817383,0.16737889,0.14753228
region,Biobío–Ñuble,2019-07-01,8,0.8265893,0.5872975140810013,0.8125532269477844,0.14090405,0.14057441
region,Biobío–Ñuble,2019-08-01,8,0.8132157,0.6243389546871185,0.8327764868736267,0.16082622,0.13275316
region,Biobío–Ñuble,2019-09-01,8,0.6684339,0.5011608153581619,0.7258603870868683,0.14312012,0.11727417
region,Biobío–Ñuble,2019-10-01,8,0.5800363,0.4000614583492279,0.5509352684020996,0.13776737,0.11551005
region,Biobío–Ñuble,2019-11-01,9,0.58465606,0.3431341052055359,0.6399999856948853,0.12503262,0.09095019
region,Biobío–Ñuble,2019-12-01,9,0.5419332,0.32442203164100647,0.631600022315979,0.108395055,0.08556999
region,Biobío–Ñuble,2020-01-01,9,0.51742655,0.39197832345962524,0.5440107583999634,0.112446465,0.11330599
region,Biobío–Ñuble,2020-02-01,10,0.5075112,0.32662535458803177,0.4002059996128082,0.111300595,0.10226808
region,Biobío–Ñuble,2020-03-01,10,0.59050536,0.40624041110277176,0.6789901107549667,0.13116464,0.11271593
region,Biobío–Ñuble,2020-04-01,10,0.69168085,0.47686079889535904,0.7144223749637604,0.13590172,0.1427054
region,Biobío–Ñuble,2020-05-01,9,0.9554772,0.572096049785614,0.999472975730896,0.1519126,0.15371841
region,Biobío–Ñuble,2020-06-01,10,0.90100306,0.8210360407829285,1.2191839218139648,0.1297109,0.12677415
region,Biobío–Ñuble,2020-07-01,10,0.8631167,0.6409991085529327,0.9985979199409485,0.13728638,0.13202757
region,Biobío–Ñuble,2020-08-01,8,0.70837224,0.655203714966774,0.7309048175811768,0.13191882,0.12781483
region,Biobío–Ñuble,2020-09-01,8,0.5449743,0.4226270541548729,0.5872812569141388,0.14724079,0.14130163
region,Biobío–Ñuble,2020-10-01,8,0.35760522,0.3171837031841278,0.4022951275110245,0.14036392,0.1198364
region,Biobío–Ñuble,2020-11-01,8,0.23212442,0.2019662968814373,0.25084709376096725,0.120824136,0.102460794
region,Biobío–Ñuble,2020-12-01,12,0.38830945,0.23706869781017303,0.48482853174209595,0.10073135,0.07582994
region,Biobío–Ñuble,2021-01-01,12,0.5440427,0.24901458993554115,0.5199392437934875,0.09171399,0.07435194
region,Biobío–Ñuble,2021-02-01,12,0.7454571,0.21554122492671013,0.4473395124077797,0.1162505,0.086229324
region,Biobío–Ñuble,2021-03-01,12,0.824229,0.2915041372179985,0.6027546674013138,0.12222382,0.10461118
region,Biobío–Ñuble,2021-04-01,12,1.0668638,0.46729615330696106,0.8458777517080307,0.12860104,0.115874805
region,Biobío–Ñuble,2021-05-01,12,1.3117394,0.7155207991600037,1.2485083043575287,0.14706607,0.14281079
region,Biobío–Ñuble,2021-06-01,12,1.5145304,0.9464992731809616,1.5409230589866638,0.1478724,0.13200296
region,Biobío–Ñuble,2021-07-01,12,1.2777878,0.7827278673648834,1.1591838002204895,0.14845319,0.14644499
region,Biobío–Ñuble,2021-08-01,12,1.153882,0.6512813419103622,0.8889489471912384,0.13816334,0.1250072
region,Biobío–Ñuble,2021-09-01,12,0.57199526,0.46378837525844574,0.6935770362615585,0.12688662,0.12265863
region,Biobío–Ñuble,2021-10-01,12,0.45176584,0.3784627243876457,0.49840476363897324,0.121200986,0.10205942
region,Biobío–Ñuble,2021-11-01,12,0.44241157,0.2715805694460869,0.3498134985566139,0.10508,0.08506892
region,Biobío–Ñuble,2021-12-01,12,0.3069236,0.3061266168951988,0.47756146639585495,0.11167308,0.11012017
region,Biobío–Ñuble,2022-01-01,12,0.37767687,0.30628805607557297,0.43266648054122925,0.09191734,0.07416972
region,Biobío–Ñuble,2022-02-01,12,0.44739068,0.3545341119170189,0.48794614523649216,0.10922307,0.10141074
region,Biobío–Ñuble,2022-03-01,12,0.41034773,0.3418814539909363,0.42515481263399124,0.10412538,0.1438733
region,Biobío–Ñuble,2022-04-01,12,0.6355924,0.524073913693428,0.6706093698740005,0.112185016,0.08493769
region,Biobío–Ñuble,2022-05-01,12,0.9339915,0.7247466892004013,1.040835827589035,0.16456781,0.1775346
region,Biobío–Ñuble,2022-06-01,12,0.8168725,0.652983546257019,0.9831762760877609,0.1735434,0.17416078
region,Biobío–Ñuble,2022-07-01,12,0.7820743,0.6920126378536224,0.9435092955827713,0.12861009,0.10845618
region,Biobío–Ñuble,2022-08-01,12,0.71942,0.5504470318555832,0.8130149096250534,0.14000365,0.11899585
region,Biobío–Ñuble,2022-09-01,12,0.61012185,0.47602834552526474,0.6855127066373825,0.13760535,0.121153265
region,Biobío–Ñuble,2022-10-01,11,0.5303165,0.43447157740592957,0.60336834192276,0.118783586,0.10162336
region,Biobío–Ñuble,2022-11-01,11,0.50066125,0.3638168126344681,0.5618189871311188,0.12033562,0.10037612
region,Biobío–Ñuble,2022-12-01,11,0.4762755,0.2920549660921097,0.5580829083919525,0.10008155,0.09044039
region,Biobío–Ñuble,2023-01-01,11,0.42000002,0.2473422810435295,0.5088189244270325,0.0995015,0.087886706
region,Biobío–Ñuble,2023-02-01,11,0.68979126,0.3892616480588913,0.8892289400100708,0.17170693,1.1864109
region,Biobío–Ñuble,2023-03-01,11,0.48299047,0.2974446266889572,0.6052529215812683,0.12199899,0.119523704
region,Biobío–Ñuble,2023-04-01,11,0.5675931,0.4104425460100174,0.6560536623001099,0.13865578,0.1352404
region,Biobío–Ñuble,2023-05-01,10,0.85914546,0.6750106662511826,0.8191955834627151,0.16049054,0.15320548
region,Biobío–Ñuble,2023-06-01,10,0.92656654,0.7138972878456116,1.0921873450279236,0.16790184,0.13300882
region,Biobío–Ñuble,2023-07-01,10,0.9949128,0.8079431354999542,1.2266683280467987,0.15649612,0.13346459
region,Biobío–Ñuble,2023-08-01,10,0.8097041,0.5740743428468704,1.1834233105182648,0.14090918,0.1200642
region,Biobío–Ñuble,2023-09-01,10,0.56622654,0.42441095411777496,0.7739966064691544,0.122944795,0.103504546
region,Biobío–Ñuble,2023-10-01,10,0.4002955,0.3266870975494385,0.5992699787020683,0.13306287,0.10826058
region,Biobío–Ñuble,2023-11-01,7,0.3922566,0.24152172356843948,0.45714330673217773,0.12533191,0.100566335
region,Biobío–Ñuble,2023-12-01,7,0.32157966,0.2808285653591156,0.341024711728096,0.11969696,0.08941459
region,Biobío–Ñuble,2024-01-01,7,0.34452438,0.29634635150432587,0.3794233798980713,0.11752761,0.08469087
region,Biobío–Ñuble,2024-02-01,7,0.32407764,0.2936963438987732,0.368885338306427,0.1320592,0.09445898
region,Biobío–Ñuble,2024-03-01,7,0.36409864,0.3390111029148102,0.39157620072364807,0.13401076,0.113531366
region,Biobío–Ñuble,2024-04-01,7,0.5635081,0.5091772079467773,0.6496733129024506,0.1547397,0.15146418
region,Biobío–Ñuble,2024-05-01,11,1.0548154,0.4847753942012787,1.0763342380523682,0.19702947,0.23429683
region,Biobío–Ñuble,2024-06-01,11,0.7740935,0.605550229549408,0.7927527725696564,0.13784257,0.11147899
region,Biobío–Ñuble,2024-07-01,11,1.0564859,0.7351667881011963,1.1188176274299622,0.17750862,0.17160226
region,Biobío–Ñuble,2024-08-01,11,0.78927386,0.5616912543773651,0.8753594756126404,0.151996,0.1383745
region,Biobío–Ñuble,2024-09-01,11,0.5406222,0.41640760004520416,0.5970242023468018,0.14035852,0.1209384
region,Biobío–Ñuble,2024-10-01,11,0.44464433,0.37759318947792053,0.47671739757061005,0.15568288,0.13750514
region,Biobío–Ñuble,2024-11-01,11,0.3736843,0.3067958205938339,0.45603667199611664,0.11433049,0.099262595
region,Biobío–Ñuble,2024-12-01,11,0.3434655,0.19477561116218567,0.4410050958395004,0.1064269,0.08122257
region,Araucanía,2019-01-01,2,0.11378457,0.10868124477565289,0.11938654817640781,0.09159241,0.08315293
region,Araucanía,2019-02-01,2,0.15811774,0.14174958318471909,0.1803797259926796,0.1146729,0.12861067
region,Araucanía,2019-03-01,2,0.15637779,0.1480659767985344,0.16471213847398758,0.13274983,0.15758969
region,Araucanía,2019-04-01,2,0.40394068,0.3899492025375366,0.41785329580307007,0.18486445,0.22200665
region,Araucanía,2019-05-01,2,0.89960784,0.8697634488344193,0.9293715804815292,0.1788331,0.15108027
region,Araucanía,2019-06-01,2,0.6156704,0.6116271018981934,0.6197136640548706,0.14668329,0.10908519
region,Araucanía,2019-07-01,2,0.77235335,0.6804482787847519,0.8387292176485062,0.13138735,0.12728725
region,Araucanía,2019-08-01,2,0.8571807,0.7125326097011566,0.9987180531024933,0.14445205,0.14301245
region,Araucanía,2019-09-01,2,0.47790414,0.398689866065979,0.5657209157943726,0.13451543,0.125018
region,Araucanía,2019-10-01,2,0.24759272,0.22453280165791512,0.2707172892987728,0.12767799,0.12354741
region,Araucanía,2019-11-01,2,0.13718955,0.13489414379000664,0.13914534822106361,0.11537321,0.098946944
region,Araucanía,2019-12-01,2,0.120846204,0.11213690042495728,0.12825119495391846,0.10035636,0.09263958
region,Araucanía,2020-01-01,2,0.104435146,0.10369251109659672,0.10509191267192364,0.09608487,0.095057614
region,Araucanía,2020-02-01,2,0.13520385,0.12858066707849503,0.1421695277094841,0.10391637,0.099248454
region,Araucanía,2020-03-01,2,0.15057588,0.14577671512961388,0.15534912422299385,0.13400452,0.14145985
region,Araucanía,2020-04-01,2,0.42776746,0.31738923117518425,0.5446290113031864,0.18439306,0.2674303
region,Araucanía,2020-05-01,2,0.8879429,0.6889479532837868,1.0896584317088127,0.16499452,0.14391261
region,Araucanía,2020-06-01,2,0.73423076,0.5551429316401482,0.9123195186257362,0.1431635,0.11615666
region,Araucanía,2020-07-01,2,0.9080123,0.7073545008897781,1.1048815101385117,0.13711992,0.12223726
region,Araucanía,2020-08-01,2,0.875272,0.7074234336614609,1.0262244492769241,0.13803197,0.1308113
region,Araucanía,2020-09-01,2,0.62277347,0.5434953942894936,0.7005003616213799,0.1493771,0.1404529
region,Araucanía,2020-10-01,2,0.38138983,0.30060629174113274,0.4619545675814152,0.12994026,0.1270852
region,Araucanía,2020-11-01,2,0.32876223,0.22321327961981297,0.43431117944419384,0.116156586,0.10743835
region,Araucanía,2020-12-01,2,0.4354175,0.27073794417083263,0.6005449090152979,0.09717761,0.084559195
region,Araucanía,2021-01-01,2,0.26565546,0.18518568947911263,0.3504351042211056,0.0900596,0.07905985
region,Araucanía,2021-02-01,2,0.12017964,0.11320917308330536,0.1270260065793991,0.10896166,0.10758408
region,Araucanía,2021-03-01,2,0.14230874,0.13273325935006142,0.15185831114649773,0.14942835,0.21084273
region,Araucanía,2021-04-01,2,0.3646652,0.310985803604126,0.4131937623023987,0.1603738,0.20038424
region,Araucanía,2021-05-01,2,1.3027902,1.1323564648628235,1.4988531470298767,0.15474871,0.14058289
region,Araucanía,2021-06-01,2,0.94054013,0.9013458341360092,0.9787442237138748,0.1430181,0.12239891
region,Araucanía,2021-07-01,2,1.2422957,1.167104721069336,1.3189218044281006,0.16041426,0.16579919
region,Araucanía,2021-08-01,2,0.8056795,0.7288330048322678,0.8831521421670914,0.14574385,0.13807121
region,Araucanía,2021-09-01,2,0.63795537,0.5972906053066254,0.6787337362766266,0.14369799,0.148919
region,Araucanía,2021-10-01,2,0.4086451,0.35853321850299835,0.454785093665123,0.124100894,0.118137404
region,Araucanía,2021-11-01,2,0.10473404,0.10310802608728409,0.10702715069055557,0.11078627,0.10603705
region,Araucanía,2021-12-01,2,0.1464738,0.12311606854200363,0.1692660227417946,0.10148536,0.09337789
region,Araucanía,2022-01-01,2,0.10282504,0.10264589078724384,0.10290819965302944,0.09204192,0.08561606
region,Araucanía,2022-02-01,2,0.11763966,0.11194498278200626,0.12454365007579327,0.11063139,0.12973455
region,Araucanía,2022-03-01,2,0.14571911,0.1375499926507473,0.15386619046330452,0.11976745,0.17896223
region,Araucanía,2022-04-01,2,0.42914388,0.4251427501440048,0.43315620720386505,0.12282432,0.10571132
region,Araucanía,2022-05-01,2,0.96879566,0.8173128515481949,1.1211007088422775,0.17334107,0.18346462
region,Araucanía,2022-06-01,2,0.8254076,0.7644664347171783,0.88651904463768,0.17448817,0.14740169
region,Araucanía,2022-07-01,2,0.48957488,0.48361050337553024,0.4955071583390236,0.13430214,0.119509265
region,Araucanía,2022-08-01,2,0.64430404,0.6143411993980408,0.6742668747901917,0.15296863,0.13816719
region,Araucanía,2022-09-01,2,0.2902514,0.2812150791287422,0.29928769916296005,0.15213233,0.14458066
region,Araucanía,2022-10-01,2,0.21909091,0.17554305493831635,0.2625180631875992,0.12137052,0.1216642
region,Araucanía,2022-11-01,2,0.22227092,0.1585798431187868,0.2581839617341757,0.117556885,0.11643561
region,Araucanía,2022-12-01,2,0.114408605,0.10843315161764622,0.1167037021368742,0.09927145,0.08738964
region,Araucanía,2023-01-01,2,0.12461386,0.11615926586091518,0.12493536062538624,0.09078342,0.090319104
region,Araucanía,2023-02-01,2,0.18718657,0.18718283623456955,0.18719030171632767,0.12263862,0.13665974
region,Araucanía,2023-03-01,2,0.30647936,0.3027888610959053,0.31017985194921494,0.15815976,0.5533965
region,Araucanía,2023-04-01,2,0.4735133,0.4467103183269501,0.5004670917987823,0.1510303,0.23918033
region,Araucanía,2023-05-01,2,0.7173644,0.6742017716169357,0.7538994699716568,0.16096802,0.14349456
region,Araucanía,2023-06-01,2,1.0537615,1.0126449465751648,1.0922783017158508,0.14643909,0.12188155
region,Araucanía,2023-07-01,2,0.9652803,0.9323431253433228,0.992186427116394,0.14326456,0.12285543
region,Araucanía,2023-08-01,2,0.91271955,0.7490122318267822,1.0476617813110352,0.14490704,0.1302151
region,Araucanía,2023-09-01,2,0.660184,0.5421746969223022,0.7713804244995117,0.12585786,0.10902104
region,Araucanía,2023-10-01,2,0.41290715,0.355643168091774,0.45948974788188934,0.122175686,0.1202159
region,Araucanía,2023-11-01,2,0.21340549,0.17584724351763725,0.2462880052626133,0.10806062,0.095532835
region,Araucanía,2023-12-01,2,0.13209446,0.11801861226558685,0.14545665681362152,0.10184498,0.09242693
region,Araucanía,2024-01-01,2,0.22258537,0.1515045166015625,0.25234586000442505,0.09887423,0.085867696
region,Araucanía,2024-02-01,2,0.112489276,0.10488513670861721,0.11441074497997761,0.110372856,0.08931694
region,Araucanía,2024-03-01,2,0.24928087,0.19065582007169724,0.3066468611359596,0.1406925,0.20738225
region,Araucanía,2024-04-01,2,0.5218454,0.4438727870583534,0.6033066436648369,0.13229159,0.12094824
region,Araucanía,2024-05-01,2,0.7709972,0.7521865963935852,0.7875396609306335,0.1614135,0.1444563
region,Araucanía,2024-06-01,2,0.5964235,0.5623443126678467,0.6284430027008057,0.1282975,0.10007248
region,Araucanía,2024-07-01,2,1.1429932,1.1006430387496948,1.1855729818344116,0.17338942,0.1573101
region,Araucanía,2024-08-01,2,0.87536377,0.8298165500164032,0.9130723774433136,0.16192743,0.152751
region,Araucanía,2024-09-01,2,0.5148988,0.4756823405623436,0.5537882521748543,0.1438174,0.13254161
region,Araucanía,2024-10-01,2,0.2579647,0.22351424768567085,0.29241519793868065,0.1463322,0.15111649
region,Araucanía,2024-11-01,2,0.122175485,0.1194281317293644,0.1253432147204876,0.1182466,0.10948729
region,Araucanía,2024-12-01,2,0.107302584,0.10429234988987446,0.10886218212544918,0.103442065,0.09515361
region,Los Ríos,2019-01-01,1,0.104606904,0.10460690408945084,0.10460690408945084,0.053981654,0.054865055
region,Los Ríos,2019-02-01,1,0.17677273,0.17677272856235504,0.17677272856235504,0.06042083,0.064831145
region,Los Ríos,2019-03-01,1,0.25270042,0.25270041823387146,0.25270041823387146,0.07037967,0.09144339
region,Los Ríos,2019-04-01,1,0.89261496,0.8926149606704712,0.8926149606704712,0.08248383,0.07908958
region,Los Ríos,2019-05-01,1,0.61603284,0.6160328388214111,0.6160328388214111,0.09774627,0.09354891
region,Los Ríos,2019-06-01,1,0.39813203,0.3981320261955261,0.3981320261955261,0.08548149,0.07698423
region,Los Ríos,2019-07-01,1,0.54957765,0.5495776534080505,0.5495776534080505,0.08842282,0.082041405
region,Los Ríos,2019-08-01,1,0.64669824,0.6466982364654541,0.6466982364654541,0.09273735,0.086539425
region,Los Ríos,2019-09-01,1,0.36348572,0.363485723733902,0.363485723733902,0.083669275,0.080708064
region,Los Ríos,2019-10-01,1,0.39103198,0.39103198051452637,0.39103198051452637,0.073646136,0.07947047
region,Los Ríos,2019-11-01,1,0.26974896,0.2697489559650421,0.2697489559650421,0.065229684,0.06955233
region,Los Ríos,2019-12-01,1,0.17752717,0.17752717435359955,0.17752717435359955,0.059947915,0.06708557
region,Los Ríos,2020-01-01,1,0.22983763,0.22983762621879578,0.22983762621879578,0.056745388,0.06730311
region,Los Ríos,2020-02-01,1,0.30833092,0.3083309233188629,0.3083309233188629,0.05812362,0.068916805
region,Los Ríos,2020-03-01,1,0.1957476,0.19574759900569916,0.19574759900569916,0.065900505,0.075112574
region,Los Ríos,2020-04-01,1,0.7412903,0.741290271282196,0.741290271282196,0.08304752,0.080355175
region,Los Ríos,2020-05-01,1,0.980989,0.9809889793395996,0.9809889793395996,0.08319002,0.076147884
region,Los Ríos,2020-06-01,1,0.84150493,0.8415049314498901,0.8415049314498901,0.09338986,0.07845877
region,Los Ríos,2020-07-01,1,1.2581842,1.2581841945648193,1.2581841945648193,0.09062016,0.08452
region,Los Ríos,2020-08-01,1,1.3627422,1.3627421855926514,1.3627421855926514,0.0802749,0.08422557
region,Los Ríos,2020-09-01,1,1.2215922,1.2215921878814697,1.2215921878814697,0.08437203,0.086588375
region,Los Ríos,2020-10-01,1,0.67833334,0.6783333420753479,0.6783333420753479,0.074501924,0.08083166
region,Los Ríos,2020-11-01,1,0.15990141,0.15990141034126282,0.15990141034126282,0.0646335,0.06984171
region,Los Ríos,2020-12-01,1,0.23637983,0.23637983202934265,0.23637983202934265,0.055836778,0.05802536
region,Los Ríos,2021-01-01,1,0.33756447,0.33756446838378906,0.33756446838378906,0.052404054,0.053747375
region,Los Ríos,2021-02-01,1,0.33952025,0.33952024579048157,0.33952024579048157,0.061014578,0.06053849
region,Los Ríos,2021-03-01,1,0.40576437,0.4057643711566925,0.4057643711566925,0.06269598,0.06763284
region,Los Ríos,2021-04-01,1,0.36329094,0.363290935754776,0.363290935754776,0.07514688,0.07586998
region,Los Ríos,2021-05-01,1,0.44905633,0.44905632734298706,0.44905632734298706,0.08362584,0.08007442
region,Los Ríos,2021-06-01,1,0.6601455,0.6601455211639404,0.6601455211639404,0.09136578,0.082091466
region,Los Ríos,2021-07-01,1,0.86685914,0.8668591380119324,0.8668591380119324,0.10055123,0.085243486
region,Los Ríos,2021-08-01,1,0.7707629,0.7707629203796387,0.7707629203796387,0.08655892,0.084711865
region,Los Ríos,2021-09-01,1,0.6108802,0.6108801960945129,0.6108801960945129,0.0869413,0.089921825
region,Los Ríos,2021-10-01,1,0.33682433,0.33682432770729065,0.33682432770729065,0.07647395,0.07618512
region,Los Ríos,2021-11-01,1,0.21715687,0.21715687215328217,0.21715687215328217,0.065602586,0.06753718
region,Los Ríos,2021-12-01,1,0.26254055,0.2625405490398407,0.2625405490398407,0.058350936,0.06310121
region,Los Ríos,2022-01-01,1,0.2965989,0.2965989112854004,0.2965989112854004,0.052366592,0.055048447
region,Los Ríos,2022-02-01,1,0.27631736,0.2763173580169678,0.2763173580169678,0.059236642,0.060266923
region,Los Ríos,2022-03-01,1,0.40283564,0.4028356373310089,0.4028356373310089,0.05629497,0.054587994
region,Los Ríos,2022-04-01,1,0.7244304,0.7244303822517395,0.7244303822517395,0.062642224,0.06308557
region,Los Ríos,2022-05-01,1,1.3708904,1.3708903789520264,1.3708903789520264,0.08710913,0.08607078
region,Los Ríos,2022-06-01,1,1.2004006,1.2004005908966064,1.2004005908966064,0.109340556,0.09749608
region,Los Ríos,2022-07-01,1,1.0729133,1.0729132890701294,1.0729132890701294,0.08539311,0.080700755
region,Los Ríos,2022-08-01,1,0.9216327,0.921632707118988,0.921632707118988,0.09682211,0.08436748
region,Los Ríos,2022-09-01,1,0.70359945,0.7035994529724121,0.7035994529724121,0.08577708,0.08373121
region,Los Ríos,2022-10-01,1,0.2616757,0.2616756856441498,0.2616756856441498,0.073655955,0.08023424
region,Los Ríos,2022-11-01,1,0.23507778,0.23507778346538544,0.23507778346538544,0.06957783,0.075289376
region,Los Ríos,2022-12-01,1,0.102398925,0.10239892452955246,0.10239892452955246,0.054387502,0.060548738
region,Los Ríos,2023-02-01,1,0.37222221,0.3722222149372101,0.3722222149372101,0.05735497,0.054320965
region,Los Ríos,2023-03-01,1,0.3632915,0.36329150199890137,0.36329150199890137,0.06032315,0.060618307
region,Los Ríos,2023-04-01,1,0.3846779,0.3846778869628906,0.3846778869628906,0.07193513,0.0767659
region,Los Ríos,2023-05-01,1,0.7171042,0.7171041965484619,0.7171041965484619,0.07936301,0.07152374
region,Los Ríos,2023-06-01,1,0.8983822,0.8983821868896484,0.8983821868896484,0.08802285,0.07827239
region,Los Ríos,2023-07-01,1,1.0165135,1.016513466835022,1.016513466835022,0.09221061,0.079358146
region,Los Ríos,2023-08-01,1,1.0986892,1.0986891984939575,1.0986891984939575,0.086241245,0.083259076
region,Los Ríos,2023-09-01,1,0.5725,0.5724999904632568,0.5724999904632568,0.059268653,0.06428095
region,Los Ríos,2023-10-01,1,0.5995485,0.5995485186576843,0.5995485186576843,0.074995615,0.07169524
region,Los Ríos,2023-11-01,1,0.6447493,0.6447492837905884,0.6447492837905884,0.06505581,0.06741707
region,Los Ríos,2023-12-01,1,0.4714247,0.4714246988296509,0.4714246988296509,0.06332071,0.062589936
region,Los Ríos,2024-01-01,1,0.21304053,0.2130405306816101,0.2130405306816101,0.058514435,0.056321274
region,Los Ríos,2024-02-01,1,0.32465693,0.3246569335460663,0.3246569335460663,0.05792752,0.058315154
region,Los Ríos,2024-03-01,1,0.5693759,0.5693758726119995,0.5693758726119995,0.06125221,0.06255543
region,Los Ríos,2024-04-01,1,0.7676331,0.7676330804824829,0.7676330804824829,0.0673287,0.06570654
region,Los Ríos,2024-05-01,1,1.5365494,1.53654944896698,1.53654944896698,0.09693886,0.087426096
region,Los Ríos,2024-06-01,1,0.91030854,0.9103085398674011,0.9103085398674011,0.086866304,0.07423111
region,Los Ríos,2024-07-01,1,1.0908017,1.09080171585083,1.09080171585083,0.107780196,0.0998336
region,Los Ríos,2024-08-01,1,0.9822911,0.9822911024093628,0.9822911024093628,0.09842503,0.09219552
region,Los Ríos,2024-09-01,1,0.75511205,0.7551120519638062,0.7551120519638062,0.08296129,0.08212585
region,Los Ríos,2024-10-01,1,0.33056757,0.3305675685405731,0.3305675685405731,0.089434244,0.09630556
region,Los Ríos,2024-11-01,1,0.37297484,0.37297484278678894,0.37297484278678894,0.06732024,0.077175364
region,Los Ríos,2024-12-01,1,0.228531,0.22853100299835205,0.22853100299835205,0.06399748,0.06626141
region,Aysén,2019-01-01,1,0.32233605,0.3223360478878021,0.3223360478878021,0.044196364,0.048448104
region,Aysén,2019-02-01,1,0.44098654,0.4409865438938141,0.4409865438938141,0.046996467,0.05344282
region,Aysén,2019-03-01,1,1.0123265,1.0123264789581299,1.0123264789581299,0.050346732,0.056807626
region,Aysén,2019-04-01,1,0.99,0.9900000095367432,0.9900000095367432,0.05285488,0.05857701
region,Aysén,2019-05-01,1,1.1082273,1.108227252960205,1.108227252960205,0.055379923,0.062178507
region,Aysén,2019-06-01,1,1.4824196,1.4824196100234985,1.4824196100234985,0.059189916,0.07092647
region,Aysén,2019-07-01,1,1.899485,1.8994849920272827,1.8994849920272827,0.062142927,0.0746794
region,Aysén,2019-08-01,1,1.40613,1.4061299562454224,1.4061299562454224,0.06294683,0.06888665
region,Aysén,2019-09-01,1,0.7504935,0.7504935264587402,0.7504935264587402,0.06286222,0.07229217
region,Aysén,2019-10-01,1,0.63317376,0.6331737637519836,0.6331737637519836,0.060401782,0.07386025
region,Aysén,2019-11-01,1,0.5819748,0.5819748044013977,0.5819748044013977,0.055383954,0.06576403
region,Aysén,2019-12-01,1,0.725791,0.7257909774780273,0.7257909774780273,0.049623482,0.05943952
region,Aysén,2020-01-01,1,0.70833564,0.7083356380462646,0.7083356380462646,0.047319937,0.057560153
region,Aysén,2020-02-01,1,0.78043664,0.780436635017395,0.780436635017395,0.046425387,0.05860542
region,Aysén,2020-03-01,1,0.485878,0.48587799072265625,0.48587799072265625,0.047227535,0.053548574
region,Aysén,2020-04-01,1,0.57240164,0.5724016427993774,0.5724016427993774,0.052151766,0.060713585
region,Aysén,2020-05-01,1,0.86081195,0.8608119487762451,0.8608119487762451,0.052979637,0.062455803
region,Aysén,2020-06-01,1,1.3125141,1.312514066696167,1.312514066696167,0.057172474,0.069240786
region,Aysén,2020-07-01,1,1.5781461,1.5781461000442505,1.5781461000442505,0.0602222,0.07471655
region,Aysén,2020-08-01,1,0.6013779,0.6013779044151306,0.6013779044151306,0.058403175,0.07268634
region,Aysén,2020-09-01,1,0.5332221,0.5332220792770386,0.5332220792770386,0.059984326,0.07701668
region,Aysén,2020-10-01,1,0.51271003,0.5127100348472595,0.5127100348472595,0.058717716,0.07891185
region,Aysén,2020-11-01,1,0.31144056,0.3114405572414398,0.3114405572414398,0.05482198,0.069979616
region,Aysén,2020-12-01,1,0.23343283,0.2334328293800354,0.2334328293800354,0.047222696,0.05263567
region,Aysén,2021-01-01,1,0.16370219,0.16370218992233276,0.16370218992233276,0.043931518,0.048184883
region,Aysén,2021-02-01,1,0.121608496,0.12160849571228027,0.12160849571228027,0.04537461,0.051443677
region,Aysén,2021-03-01,1,0.2835684,0.283568412065506,0.283568412065506,0.044148937,0.048885513
region,Aysén,2021-04-01,1,0.464958,0.4649580121040344,0.4649580121040344,0.04707419,0.05170948
region,Aysén,2021-05-01,1,1.3397253,1.3397252559661865,1.3397252559661865,0.0518488,0.06308228
region,Aysén,2021-06-01,1,1.77993,1.7799299955368042,1.7799299955368042,0.05516286,0.06856813
region,Aysén,2021-07-01,1,0.70561475,0.7056147456169128,0.7056147456169128,0.054590836,0.06633555
region,Aysén,2021-08-01,1,1.044446,1.0444459915161133,1.0444459915161133,0.059336893,0.071330205
region,Aysén,2021-09-01,1,0.67352253,0.6735225319862366,0.6735225319862366,0.06076342,0.07637538
region,Aysén,2021-10-01,1,0.23816939,0.23816938698291779,0.23816938698291779,0.05803304,0.06851425
region,Aysén,2021-11-01,1,0.16646153,0.1664615273475647,0.1664615273475647,0.053553846,0.06380845
region,Aysén,2021-12-01,1,0.1072549,0.10725490003824234,0.10725490003824234,0.048840195,0.05583027
region,Aysén,2022-01-01,1,0.10867029,0.10867028683423996,0.10867028683423996,0.044489272,0.049058132
region,Aysén,2022-02-01,1,0.11251506,0.11251506209373474,0.11251506209373474,0.044778313,0.04802193
region,Aysén,2022-03-01,1,0.27916667,0.27916666865348816,0.27916666865348816,0.044317164,0.046935797
region,Aysén,2022-04-01,1,0.6051195,0.605119526386261,0.605119526386261,0.046827845,0.052398905
region,Aysén,2022-05-01,1,1.4875853,1.4875853061676025,1.4875853061676025,0.054194525,0.06564291
region,Aysén,2022-06-01,1,1.9783663,1.9783662557601929,1.9783662557601929,0.059926584,0.07179662
region,Aysén,2022-07-01,1,1.1413044,1.14130437374115,1.14130437374115,0.058414977,0.07050922
region,Aysén,2022-08-01,1,0.843946,0.8439459800720215,0.8439459800720215,0.05899802,0.07013704
region,Aysén,2022-09-01,1,0.7663824,0.7663823962211609,0.7663823962211609,0.059236802,0.072517045
region,Aysén,2022-10-01,1,0.71066874,0.7106687426567078,0.7106687426567078,0.057154212,0.07258608
region,Aysén,2022-11-01,1,0.31434357,0.31434357166290283,0.31434357166290283,0.054941136,0.070141576
region,Aysén,2022-12-01,1,0.447749,0.44774898886680603,0.44774898886680603,0.045959353,0.051349327
region,Aysén,2023-01-01,1,0.16024292,0.16024291515350342,0.16024291515350342,0.044946298,0.04700123
region,Aysén,2023-02-01,1,0.23908408,0.23908407986164093,0.23908407986164093,0.042592514,0.04399381
region,Aysén,2023-03-01,1,0.41490194,0.4149019420146942,0.4149019420146942,0.044125434,0.04725959
region,Aysén,2023-04-01,1,0.52897614,0.5289761424064636,0.5289761424064636,0.048324943,0.053898558
region,Aysén,2023-05-01,1,0.4582162,0.45821619033813477,0.45821619033813477,0.05024132,0.05729797
region,Aysén,2023-06-01,1,1.0621989,1.0621988773345947,1.0621988773345947,0.05481768,0.06453511
region,Aysén,2023-07-01,1,1.0007162,1.000716209411621,1.000716209411621,0.06042099,0.070010014
region,Aysén,2023-08-01,1,0.56123644,0.5612364411354065,0.5612364411354065,0.05903729,0.070722565
region,Aysén,2023-09-01,1,0.5631127,0.5631126761436462,0.5631126761436462,0.061944995,0.07366674
region,Aysén,2023-10-01,1,0.3571642,0.357164204120636,0.357164204120636,0.06058756,0.071311764
region,Aysén,2023-11-01,1,0.4209637,0.42096370458602905,0.42096370458602905,0.05524156,0.06399011
region,Aysén,2023-12-01,1,0.29889187,0.2988918721675873,0.2988918721675873,0.051024906,0.05818062
region,Aysén,2024-01-01,1,0.19986449,0.1998644918203354,0.1998644918203354,0.04751563,0.04826798
region,Aysén,2024-02-01,1,0.20303908,0.20303907990455627,0.20303907990455627,0.046755396,0.048560698
region,Aysén,2024-03-01,1,0.33219582,0.33219581842422485,0.33219581842422485,0.04643574,0.04715858
region,Aysén,2024-04-01,1,0.7745301,0.7745301127433777,0.7745301127433777,0.049771827,0.0547866
region,Aysén,2024-05-01,1,1.9950539,1.9950538873672485,1.9950538873672485,0.059764195,0.067899965
region,Aysén,2024-06-01,1,1.4314373,1.4314372539520264,1.4314372539520264,0.062415097,0.07037667
region,Aysén,2024-07-01,1,1.093125,1.0931249856948853,1.0931249856948853,0.06297408,0.07374696
region,Aysén,2024-08-01,1,1.1119298,1.1119297742843628,1.1119297742843628,0.06437054,0.07610009
region,Aysén,2024-09-01,1,0.63478875,0.6347887516021729,0.6347887516021729,0.065135255,0.077456824
region,Aysén,2024-10-01,1,0.23124492,0.23124492168426514,0.23124492168426514,0.0670348,0.0869514
region,Aysén,2024-11-01,1,0.22072728,0.22072727978229523,0.22072727978229523,0.05876067,0.07632381
region,Aysén,2024-12-01,1,0.17182066,0.17182065546512604,0.17182065546512604,0.052771546,0.06326946
