nivel,zona,mes,n_est,obs,obs_p25,obs_p75,gcf_so2,cams_so2
nacional,Chile,2019-01-01,34,3.2205107,1.49657142162323,4.008716940879822,10.396062,7.465507
nacional,Chile,2019-02-01,34,2.926005,1.2042145431041718,3.502679228782654,13.303741,6.7593765
nacional,Chile,2019-03-01,34,3.542696,1.2917144894599915,4.15136593580246,14.953746,9.369025
nacional,Chile,2019-04-01,35,3.2113893,1.1788150668144226,4.008874297142029,17.863005,11.369617
nacional,Chile,2019-05-01,37,4.8943644,1.1898106336593628,5.328819751739502,19.63986,11.030355
nacional,Chile,2019-06-01,36,3.088462,1.0851964354515076,3.440130054950714,21.356247,9.315497
nacional,Chile,2019-07-01,38,3.2932098,1.1132601201534271,3.167726159095764,23.5672,8.811792
nacional,Chile,2019-08-01,36,2.905044,1.1606992781162262,3.188662827014923,20.42924,8.212279
nacional,Chile,2019-09-01,36,2.654689,1.0901863873004913,3.120935082435608,18.894081,8.012021
nacional,Chile,2019-10-01,37,2.6525438,1.15583336353302,4.401918411254883,13.75451,8.62901
nacional,Chile,2019-11-01,38,2.8695576,1.2425690591335297,4.178190231323242,11.177555,8.645447
nacional,Chile,2019-12-01,37,3.153432,1.3509999513626099,3.403062105178833,10.583722,7.3235054
nacional,Chile,2020-01-01,39,2.6147676,1.2012431025505066,3.251700520515442,10.787943,7.3526025
nacional,Chile,2020-02-01,39,2.6879392,1.2137460112571716,3.5124075412750244,11.899214,7.658118
nacional,Chile,2020-03-01,39,2.7385519,1.164719820022583,2.8665047883987427,13.760087,11.334174
nacional,Chile,2020-04-01,39,2.6540093,1.144488513469696,3.371755361557007,17.700457,14.947798
nacional,Chile,2020-05-01,38,3.0295506,1.2001902163028717,3.8147279620170593,20.61304,16.458647
nacional,Chile,2020-06-01,39,2.4758701,1.0316587090492249,3.164354085922241,20.157377,12.731748
nacional,Chile,2020-07-01,39,2.5505104,1.0116490721702576,3.1162915229797363,21.260078,13.23893
nacional,Chile,2020-08-01,37,2.757139,1.060311198234558,3.332775115966797,18.402594,12.685043
nacional,Chile,2020-09-01,36,2.8121214,1.2125810086727142,4.066856861114502,17.89269,12.253833
nacional,Chile,2020-10-01,35,3.0719025,1.241883397102356,4.780019760131836,13.848886,11.445992
nacional,Chile,2020-11-01,35,2.5325367,1.0786908864974976,3.129466414451599,11.0878935,10.549078
nacional,Chile,2020-12-01,39,2.567947,1.047596275806427,2.728713274002075,10.078567,8.567675
nacional,Chile,2021-01-01,41,2.7451355,1.150611400604248,2.987398386001587,8.59161,6.303147
nacional,Chile,2021-02-01,41,2.5628033,1.115190863609314,3.2090606689453125,9.508458,8.3318
nacional,Chile,2021-03-01,41,2.700459,1.1373770236968994,3.749336004257202,11.945849,10.599036
nacional,Chile,2021-04-01,41,2.9284945,1.0205433368682861,4.831579685211182,15.20231,14.224772
nacional,Chile,2021-05-01,41,3.2208843,1.0572296380996704,3.1885576248168945,17.914717,14.702468
nacional,Chile,2021-06-01,41,3.3992631,1.0313687324523926,3.08390212059021,20.951422,12.531107
nacional,Chile,2021-07-01,41,3.5354483,1.0540976524353027,3.96565580368042,22.127884,11.488133
nacional,Chile,2021-08-01,41,2.8879688,1.0171096324920654,3.9868130683898926,18.488573,11.762769
nacional,Chile,2021-09-01,41,2.5953076,1.0173380374908447,4.06766414642334,14.744484,11.731265
nacional,Chile,2021-10-01,41,2.9158456,1.015480399131775,4.0663862228393555,13.064602,10.763186
nacional,Chile,2021-11-01,41,2.8092713,1.1731135845184326,3.1144773960113525,10.379023,9.935873
nacional,Chile,2021-12-01,41,2.4658606,1.0027694702148438,2.603977680206299,9.914862,9.252842
nacional,Chile,2022-01-01,41,2.6298587,1.0043225288391113,2.8912532329559326,7.7586865,6.8549776
nacional,Chile,2022-02-01,41,2.842963,1.0184534788131714,2.892235517501831,10.183771,7.6114464
nacional,Chile,2022-03-01,41,2.9050355,1.0725833177566528,3.4154303073883057,13.499634,10.550299
nacional,Chile,2022-04-01,40,2.825426,1.0370727181434631,3.026854455471039,16.512268,13.2561655
nacional,Chile,2022-05-01,40,3.0803201,1.040455162525177,3.872303307056427,19.882364,14.205161
nacional,Chile,2022-06-01,40,2.3012252,1.0049146711826324,2.4462897181510925,19.565002,11.706245
nacional,Chile,2022-07-01,40,2.2672129,1.010698914527893,2.2882957458496094,18.478687,10.935112
nacional,Chile,2022-08-01,40,2.1960144,1.1141801476478577,2.7233088612556458,18.402575,11.605416
nacional,Chile,2022-09-01,40,1.8834523,1.002980262041092,2.1557267904281616,15.833343,10.957894
nacional,Chile,2022-10-01,40,1.976719,1.0323935151100159,2.2629944682121277,13.043761,10.91296
nacional,Chile,2022-11-01,40,2.253336,1.0136186480522156,2.5870321393013,12.442113,9.574489
nacional,Chile,2022-12-01,40,1.9332315,1.009776383638382,2.6026917099952698,9.708172,8.010131
nacional,Chile,2023-01-01,39,2.1991396,1.0816240906715393,2.1273545026779175,8.750145,6.661035
nacional,Chile,2023-02-01,40,2.5974495,1.087300717830658,2.996881902217865,12.59157,8.833937
nacional,Chile,2023-03-01,40,2.4574945,1.1274170279502869,2.9234496355056763,13.289823,9.675795
nacional,Chile,2023-04-01,40,2.7317455,1.0399448871612549,3.617621064186096,16.351236,12.810622
nacional,Chile,2023-05-01,40,3.1509295,1.0941343903541565,3.7459471821784973,19.452553,13.80095
nacional,Chile,2023-06-01,40,2.5894914,1.1158775091171265,2.6997458934783936,21.564926,11.959494
nacional,Chile,2023-07-01,40,2.6928563,1.2021304368972778,3.107024073600769,21.023401,11.50211
nacional,Chile,2023-08-01,40,2.8230987,1.0877786874771118,3.0537713170051575,18.299137,11.156959
nacional,Chile,2023-09-01,40,2.1059122,1.0562365055084229,3.08923602104187,15.933215,10.8361225
nacional,Chile,2023-10-01,40,2.0753682,1.0020750761032104,2.874955952167511,13.311902,10.384819
nacional,Chile,2023-11-01,36,2.165677,1.0414097905158997,3.337149500846863,10.799669,10.1409855
nacional,Chile,2023-12-01,36,1.9808877,1.0549844205379486,2.3325509428977966,10.104502,9.700767
nacional,Chile,2024-01-01,36,2.0834475,1.211810678243637,2.54893559217453,9.8434725,7.3587437
nacional,Chile,2024-02-01,36,2.0504599,1.2001241743564606,2.336984872817993,11.481714,8.155153
nacional,Chile,2024-03-01,36,2.1129646,1.1271970570087433,2.569883167743683,15.114515,10.775195
nacional,Chile,2024-04-01,36,2.1298118,1.1267592310905457,2.623358726501465,16.41885,13.3694105
nacional,Chile,2024-05-01,39,2.3966475,1.164048194885254,2.7568639516830444,19.465496,14.68797
nacional,Chile,2024-06-01,39,2.4472072,1.0996875166893005,2.6664167642593384,20.06339,11.5934105
nacional,Chile,2024-07-01,39,2.4198868,1.055769920349121,2.775598168373108,22.245089,12.346222
nacional,Chile,2024-08-01,39,2.3299189,1.1233536005020142,2.505064845085144,17.979065,11.11066
nacional,Chile,2024-09-01,39,2.1718698,1.060494065284729,2.7857714891433716,16.365013,11.596278
nacional,Chile,2024-10-01,39,2.0570538,1.014285683631897,2.5539615154266357,14.723089,10.893058
nacional,Chile,2024-11-01,39,1.9104722,1.010873794555664,2.217302680015564,10.440853,9.642632
nacional,Chile,2024-12-01,39,1.8934236,1.018880546092987,2.1026275157928467,9.633438,9.162826
macrozona,Norte Grande,2019-01-01,4,1.7104294,0.3045138604938984,1.7507861852645874,6.774645,12.299642
macrozona,Norte Grande,2019-02-01,4,1.3548819,0.7586481422185898,1.3173563778400421,9.580755,16.751062
macrozona,Norte Grande,2019-03-01,4,1.43068,0.8190926015377045,1.4849753081798553,12.023476,30.828325
macrozona,Norte Grande,2019-04-01,4,2.466604,0.8638516664505005,2.232836812734604,13.635497,37.430447
macrozona,Norte Grande,2019-05-01,4,16.749237,0.7909684628248215,13.21551975607872,14.935952,38.945515
macrozona,Norte Grande,2019-06-01,4,1.8208599,0.8356145918369293,1.6550933420658112,16.948387,34.5393
macrozona,Norte Grande,2019-07-01,5,1.4659824,1.002408742904663,2.889500141143799,16.756111,40.82565
macrozona,Norte Grande,2019-08-01,4,1.6606467,0.8871109038591385,1.5301432013511658,15.650728,36.832134
macrozona,Norte Grande,2019-09-01,4,1.0353252,0.6754335910081863,1.441865235567093,14.190447,42.099396
macrozona,Norte Grande,2019-10-01,4,1.5162834,0.9117682576179504,1.851080060005188,10.367791,38.083275
macrozona,Norte Grande,2019-11-01,4,1.9425433,0.70432049036026,1.7983993291854858,8.322926,24.291607
macrozona,Norte Grande,2019-12-01,3,0.87359524,0.6613830924034119,0.9060772657394409,8.901716,33.41674
macrozona,Norte Grande,2020-01-01,5,0.94281423,0.8446070551872253,1.085395336151123,6.7291656,23.013405
macrozona,Norte Grande,2020-02-01,5,1.8273017,1.004809856414795,1.4823555946350098,8.228847,25.292225
macrozona,Norte Grande,2020-03-01,5,0.7985021,0.7702973484992981,0.9088586568832397,10.739811,45.610405
macrozona,Norte Grande,2020-04-01,5,1.1836641,0.8773044943809509,1.0496028661727905,12.406584,60.800713
macrozona,Norte Grande,2020-05-01,5,2.1509686,0.9897699356079102,1.4358494281768799,14.703655,75.2605
macrozona,Norte Grande,2020-06-01,5,1.4647411,0.973650336265564,1.0356067419052124,13.591515,63.484352
macrozona,Norte Grande,2020-07-01,5,0.61200607,0.23285521566867828,0.6535723805427551,14.934672,79.17139
macrozona,Norte Grande,2020-08-01,5,0.7330124,0.5699182748794556,0.8654999732971191,10.82361,63.31004
macrozona,Norte Grande,2020-09-01,5,1.260372,1.0024657249450684,1.102636694908142,11.562373,64.43601
macrozona,Norte Grande,2020-10-01,5,1.8514588,1.0044476985931396,1.346909523010254,10.176553,54.133022
macrozona,Norte Grande,2020-11-01,5,1.8792816,0.9435021281242371,1.0445467233657837,9.249119,46.4859
macrozona,Norte Grande,2020-12-01,5,3.1220255,0.7568970322608948,1.0336527824401855,7.05857,34.542
macrozona,Norte Grande,2021-01-01,5,2.271486,0.8489972949028015,1.0984857082366943,6.9488273,23.437458
macrozona,Norte Grande,2021-02-01,5,0.94334954,1.0068758726119995,1.0555239915847778,9.22871,35.62936
macrozona,Norte Grande,2021-03-01,5,1.6537606,0.7929234504699707,1.3141756057739258,9.717744,43.21465
macrozona,Norte Grande,2021-04-01,5,1.714446,0.7192016839981079,1.0,12.742248,59.989586
macrozona,Norte Grande,2021-05-01,5,2.4129925,0.8923918604850769,1.0572296380996704,15.32959,67.01975
macrozona,Norte Grande,2021-06-01,5,2.7279334,0.9063253998756409,1.367136836051941,14.721093,58.973133
macrozona,Norte Grande,2021-07-01,5,3.9410114,1.000836730003357,1.2057496309280396,14.713233,60.594044
macrozona,Norte Grande,2021-08-01,5,2.2753425,0.8982051610946655,1.0045135021209717,12.433357,59.928917
macrozona,Norte Grande,2021-09-01,5,2.021938,0.6166526675224304,1.0173380374908447,11.687166,57.003147
macrozona,Norte Grande,2021-10-01,5,2.2294123,0.878683865070343,1.0191068649291992,11.175418,47.23863
macrozona,Norte Grande,2021-11-01,5,2.0091426,0.9049859642982483,1.1731135845184326,8.74368,41.723938
macrozona,Norte Grande,2021-12-01,5,2.3161566,0.7028725743293762,1.0,7.391226,31.701893
macrozona,Norte Grande,2022-01-01,5,2.1492364,0.832882285118103,1.0172666311264038,7.7864404,20.055906
macrozona,Norte Grande,2022-02-01,5,2.7166367,0.9632982015609741,1.2228550910949707,8.873675,29.105875
macrozona,Norte Grande,2022-03-01,5,1.8858944,1.0000542402267456,1.1363228559494019,11.015393,43.809814
macrozona,Norte Grande,2022-04-01,5,1.1688508,0.9722517132759094,1.015902042388916,14.136304,71.76356
macrozona,Norte Grande,2022-05-01,5,1.5396774,0.8964546322822571,1.0,14.748335,68.75907
macrozona,Norte Grande,2022-06-01,5,1.7112471,1.0,1.4776536226272583,13.126099,58.31614
macrozona,Norte Grande,2022-07-01,5,1.7276727,1.0107471942901611,1.439078688621521,14.339442,58.6747
macrozona,Norte Grande,2022-08-01,5,2.0476975,1.0,1.82704758644104,13.738972,58.78073
macrozona,Norte Grande,2022-09-01,5,1.7233703,1.0002237558364868,1.6462162733078003,11.802403,55.21922
macrozona,Norte Grande,2022-10-01,5,1.6333153,1.04918372631073,1.4712820053100586,11.131982,50.748123
macrozona,Norte Grande,2022-11-01,5,1.2560056,1.0,1.5413352251052856,9.207517,40.95168
macrozona,Norte Grande,2022-12-01,5,1.5250658,1.0029833316802979,1.2604188919067383,7.5626597,29.860825
macrozona,Norte Grande,2023-01-01,5,1.4018159,1.0710270404815674,1.4941169023513794,7.3711176,21.149893
macrozona,Norte Grande,2023-02-01,5,1.4433455,0.828050971031189,1.8574153184890747,8.03486,30.55725
macrozona,Norte Grande,2023-03-01,5,2.2414472,1.0069501399993896,1.402578353881836,10.241392,38.489624
macrozona,Norte Grande,2023-04-01,5,2.5169833,1.000393271446228,1.5124229192733765,13.57538,56.786438
macrozona,Norte Grande,2023-05-01,5,2.1212773,1.0587533712387085,2.058068037033081,15.098712,67.836464
macrozona,Norte Grande,2023-06-01,5,1.7123535,1.102075219154358,2.29651141166687,14.865688,64.45481
macrozona,Norte Grande,2023-07-01,5,1.9527133,1.528538465499878,1.9876526594161987,14.131519,63.926952
macrozona,Norte Grande,2023-08-01,5,1.8846997,1.3613957166671753,2.1329782009124756,13.364989,62.53511
macrozona,Norte Grande,2023-09-01,5,1.7360668,1.1499578952789307,2.108954906463623,11.304522,58.3723
macrozona,Norte Grande,2023-10-01,5,1.5979817,1.1946467161178589,1.4086923599243164,10.686046,52.814445
macrozona,Norte Grande,2023-11-01,5,2.251883,0.936633825302124,1.9356039762496948,8.760842,39.408527
macrozona,Norte Grande,2023-12-01,5,1.6354917,1.0028687715530396,1.783777117729187,8.0586405,37.088963
macrozona,Norte Grande,2024-01-01,5,1.3536813,0.9231029748916626,1.4430665969848633,6.7037697,21.394287
macrozona,Norte Grande,2024-02-01,5,1.088846,0.9461705088615417,1.336484432220459,7.8430862,31.30934
macrozona,Norte Grande,2024-03-01,5,1.3390459,0.815426230430603,1.4074119329452515,10.929325,41.52975
macrozona,Norte Grande,2024-04-01,5,1.4181281,0.9535161852836609,1.6508818864822388,12.187104,56.762535
macrozona,Norte Grande,2024-05-01,5,1.6510768,1.2121614217758179,2.2689809799194336,14.117847,62.86568
macrozona,Norte Grande,2024-06-01,5,1.9496027,1.9219915866851807,2.0869510173797607,16.420841,59.051643
macrozona,Norte Grande,2024-07-01,5,1.4622132,1.0169742107391357,1.756142258644104,15.144146,61.061996
macrozona,Norte Grande,2024-08-01,5,1.874892,1.1821613311767578,2.487717390060425,13.645805,55.736183
macrozona,Norte Grande,2024-09-01,5,2.0450394,1.6224298477172852,2.387478828430176,13.491303,57.459156
macrozona,Norte Grande,2024-10-01,5,2.2400086,1.9472455978393555,2.8801767826080322,11.469557,51.756855
macrozona,Norte Grande,2024-11-01,5,1.6444272,1.3957401514053345,1.90518319606781,8.911375,39.407978
macrozona,Norte Grande,2024-12-01,5,1.0330399,0.9785868525505066,1.1340136528015137,8.741959,37.76034
macrozona,Norte Chico,2019-01-01,2,2.0540895,1.937633991241455,2.1194729804992676,23.249525,0.19000018
macrozona,Norte Chico,2019-02-01,2,1.894888,1.7905623316764832,2.0004668831825256,25.97126,0.18056804
macrozona,Norte Chico,2019-03-01,2,2.734963,1.9935252368450165,3.478398233652115,33.412773,0.20448577
macrozona,Norte Chico,2019-04-01,2,4.538876,2.7901377081871033,5.746040165424347,41.52404,0.21514425
macrozona,Norte Chico,2019-05-01,2,7.8958287,7.00144100189209,7.859072685241699,63.11631,0.1975749
macrozona,Norte Chico,2019-06-01,2,5.0050497,3.513767719268799,6.358737468719482,55.188705,0.18972811
macrozona,Norte Chico,2019-07-01,2,2.9498954,2.704091966152191,3.056211769580841,65.40365,0.2016531
macrozona,Norte Chico,2019-08-01,2,2.819283,2.804045617580414,2.845793068408966,55.61512,0.22996822
macrozona,Norte Chico,2019-09-01,2,3.2775888,3.068579375743866,3.486016809940338,45.226006,0.14650783
macrozona,Norte Chico,2019-10-01,2,3.4,2.8597071766853333,3.9663309454917908,28.63543,0.07698626
macrozona,Norte Chico,2019-11-01,2,2.9108737,2.4399420022964478,3.3373078107833862,29.846853,0.19987522
macrozona,Norte Chico,2019-12-01,2,2.2863612,1.8149540722370148,2.7642126977443695,27.770191,0.20423599
macrozona,Norte Chico,2020-01-01,2,2.5760581,2.1415219008922577,3.0153371393680573,23.193264,0.19321774
macrozona,Norte Chico,2020-02-01,2,2.4706113,1.9496880769729614,2.964934229850769,28.049467,0.17984326
macrozona,Norte Chico,2020-03-01,2,2.051131,2.047667384147644,2.054418683052063,33.954906,0.18449716
macrozona,Norte Chico,2020-04-01,2,1.8072455,1.6613615453243256,1.9539454281330109,45.03972,0.22703964
macrozona,Norte Chico,2020-05-01,2,1.5628551,1.1933344155550003,1.93438158929348,64.57116,0.2525876
macrozona,Norte Chico,2020-06-01,2,1.7811863,1.4987667202949524,2.054192006587982,53.640106,0.23898587
macrozona,Norte Chico,2020-07-01,2,1.9623125,1.6768589615821838,2.2446672320365906,57.63951,0.17678466
macrozona,Norte Chico,2020-08-01,2,2.3492103,2.205944776535034,2.4952328205108643,52.98701,0.20354132
macrozona,Norte Chico,2020-09-01,2,2.9626036,2.4160843193531036,3.50453981757164,46.26772,0.17501432
macrozona,Norte Chico,2020-10-01,2,2.4619672,2.443807303905487,2.4833393692970276,35.779945,0.1700846
macrozona,Norte Chico,2020-11-01,2,2.0814276,2.0244803726673126,2.1393536031246185,24.77834,0.17367902
macrozona,Norte Chico,2020-12-01,2,2.2070453,2.038312643766403,2.3889736235141754,22.600124,0.17919035
macrozona,Norte Chico,2021-01-01,2,2.3082292,2.0628445148468018,2.5424225330352783,20.32515,0.20724943
macrozona,Norte Chico,2021-02-01,2,2.5257576,2.208213597536087,2.8754449784755707,22.707952,0.16540758
macrozona,Norte Chico,2021-03-01,2,2.7303722,2.371407151222229,3.082476496696472,29.191132,0.18436134
macrozona,Norte Chico,2021-04-01,2,2.945613,2.5016761422157288,3.356461226940155,43.170574,0.2093176
macrozona,Norte Chico,2021-05-01,2,2.66005,2.363402307033539,2.9135058522224426,52.882248,0.23151207
macrozona,Norte Chico,2021-06-01,2,1.8482611,1.6185588836669922,2.0786385536193848,64.72471,0.27864948
macrozona,Norte Chico,2021-07-01,2,2.061777,2.040085792541504,2.0836586952209473,69.16443,0.21954256
macrozona,Norte Chico,2021-08-01,2,2.4181166,2.2033739387989044,2.632859081029892,47.937103,0.17518009
macrozona,Norte Chico,2021-09-01,2,2.2951229,2.160332143306732,2.429535686969757,44.720303,0.17075308
macrozona,Norte Chico,2021-10-01,2,2.032821,1.9581352472305298,2.107711672782898,35.402393,0.16913967
macrozona,Norte Chico,2021-11-01,2,2.3760839,2.3722851872444153,2.3799471259117126,28.784575,0.16305953
macrozona,Norte Chico,2021-12-01,2,2.4732518,2.347179651260376,2.5996668338775635,23.836828,0.17359665
macrozona,Norte Chico,2022-01-01,2,2.7906604,2.7586238980293274,2.822870194911957,21.150076,0.16937947
macrozona,Norte Chico,2022-02-01,2,2.760507,2.6944955587387085,2.8263221979141235,25.450768,0.16469434
macrozona,Norte Chico,2022-03-01,2,3.0610282,2.8838273882865906,3.2382293343544006,41.68945,0.21762837
macrozona,Norte Chico,2022-04-01,2,3.2528813,2.985865294933319,3.5213947892189026,53.738564,0.25378275
macrozona,Norte Chico,2022-05-01,2,3.5602443,3.260931074619293,3.9554983973503113,64.14969,0.3023241
macrozona,Norte Chico,2022-06-01,2,2.685404,2.6685041785240173,2.7014482617378235,57.386497,0.36526966
macrozona,Norte Chico,2022-07-01,2,2.6291385,2.3656780123710632,2.8911848664283752,52.892868,0.23444803
macrozona,Norte Chico,2022-08-01,2,2.8387508,2.614501476287842,3.0685791969299316,60.104378,0.17587915
macrozona,Norte Chico,2022-09-01,2,3.826829,3.8222045302391052,3.8314536213874817,46.25201,0.15552996
macrozona,Norte Chico,2022-10-01,2,3.2079349,2.7048816680908203,3.615659713745117,41.66945,0.16726029
macrozona,Norte Chico,2022-11-01,2,3.2835538,3.1167856454849243,3.4526628255844116,31.56197,0.17932387
macrozona,Norte Chico,2022-12-01,2,4.2279177,4.139758586883545,4.357393741607666,27.043194,0.19669124
macrozona,Norte Chico,2023-01-01,2,2.567177,2.1025393307209015,2.9581490457057953,22.867287,0.20713688
macrozona,Norte Chico,2023-02-01,2,3.323003,3.2688239216804504,3.3768600821495056,28.114746,0.23448916
macrozona,Norte Chico,2023-03-01,2,3.6515095,3.5106990933418274,3.9815863966941833,38.02164,0.1788525
macrozona,Norte Chico,2023-04-01,2,3.3299632,3.103816866874695,3.507808804512024,47.882805,0.22988807
macrozona,Norte Chico,2023-05-01,2,3.2064412,2.8999757766723633,3.504723072052002,59.46112,0.25719544
macrozona,Norte Chico,2023-06-01,2,3.1928282,2.927822172641754,3.4519779086112976,60.68446,0.25851947
macrozona,Norte Chico,2023-07-01,2,6.011632,5.09027886390686,6.935473203659058,67.721405,0.22048786
macrozona,Norte Chico,2023-08-01,2,15.01752,9.183394432067871,21.04451084136963,51.64345,0.2028821
macrozona,Norte Chico,2023-09-01,2,3.928624,3.922021210193634,3.935813844203949,42.432156,0.18962885
macrozona,Norte Chico,2023-10-01,2,4.0798583,3.845117926597595,4.3145991563797,38.107044,0.16682756
macrozona,Norte Chico,2023-11-01,2,3.4021924,3.394745707511902,3.4079633951187134,28.473192,0.17806529
macrozona,Norte Chico,2023-12-01,2,2.2655246,1.7524809539318085,2.7799598276615143,25.52436,0.19775718
macrozona,Norte Chico,2024-01-01,2,2.9011233,2.761410117149353,3.034439206123352,23.93273,0.20079698
macrozona,Norte Chico,2024-02-01,2,3.4423938,3.218414008617401,3.665065824985504,25.296078,0.18327433
macrozona,Norte Chico,2024-03-01,2,3.1261022,2.895812690258026,3.3514323830604553,40.34202,0.20287447
macrozona,Norte Chico,2024-04-01,2,3.2444916,3.0024085640907288,3.4838544726371765,45.945763,0.19959004
macrozona,Norte Chico,2024-05-01,2,3.597186,3.3697962164878845,3.953503429889679,55.91089,0.24613331
macrozona,Norte Chico,2024-06-01,2,3.7253442,3.5181533694267273,3.933702528476715,64.950325,0.29051006
macrozona,Norte Chico,2024-07-01,2,3.0131145,2.9630147218704224,3.0956019163131714,70.67901,0.25619608
macrozona,Norte Chico,2024-08-01,2,2.4690263,2.3450019359588623,2.5940611362457275,54.337177,0.25820085
macrozona,Norte Chico,2024-09-01,2,2.4422753,2.1686860620975494,2.723659247159958,54.143005,0.19011289
macrozona,Norte Chico,2024-10-01,2,2.6456034,2.2730668783187866,3.0191465616226196,41.76047,0.16003083
macrozona,Norte Chico,2024-11-01,2,1.8359778,1.7068365514278412,1.9651186764240265,33.879417,0.1822046
macrozona,Norte Chico,2024-12-01,2,2.1014767,1.945669174194336,2.259399890899658,26.645435,0.17523707
macrozona,Centro,2019-01-01,15,3.2094357,1.625490427017212,4.346664190292358,17.231802,13.2016115
macrozona,Centro,2019-02-01,15,3.1261601,1.2191487550735474,4.299527645111084,22.708582,11.067267
macrozona,Centro,2019-03-01,14,4.210005,1.5233570635318756,5.605207085609436,25.343666,13.88499
macrozona,Centro,2019-04-01,14,3.9548326,1.1548601686954498,5.4786282777786255,31.144133,17.477942
macrozona,Centro,2019-05-01,15,4.871936,1.3025140166282654,7.257411956787109,35.47472,14.848334
macrozona,Centro,2019-06-01,15,4.2742753,1.3575036525726318,6.0549702644348145,33.764206,12.733609
macrozona,Centro,2019-07-01,15,5.171403,1.596891462802887,8.428168296813965,39.511734,11.576789
macrozona,Centro,2019-08-01,14,4.1568832,1.4635033905506134,5.488411784172058,36.277,11.239236
macrozona,Centro,2019-09-01,14,3.302915,1.186792254447937,4.2611430287361145,33.36445,11.165011
macrozona,Centro,2019-10-01,15,3.4576898,1.5244446992874146,4.985839605331421,26.890171,11.739827
macrozona,Centro,2019-11-01,15,3.4557219,1.8762059211730957,4.305798292160034,20.076513,14.203583
macrozona,Centro,2019-12-01,15,3.7900681,2.3002695441246033,4.2264251708984375,19.13832,12.146083
macrozona,Centro,2020-01-01,15,3.041405,1.6015413999557495,3.282594680786133,20.856089,11.618058
macrozona,Centro,2020-02-01,14,2.939618,1.4126082062721252,3.7342692613601685,23.539446,11.084299
macrozona,Centro,2020-03-01,14,3.3816655,1.7917480170726776,4.470690727233887,26.229914,14.437594
macrozona,Centro,2020-04-01,14,3.45385,1.7548366785049438,4.369862675666809,34.077053,17.446146
macrozona,Centro,2020-05-01,14,4.3828173,1.8651109337806702,6.000622987747192,37.441566,16.551764
macrozona,Centro,2020-06-01,14,3.8153973,1.778703510761261,4.103584408760071,37.991787,11.286835
macrozona,Centro,2020-07-01,14,4.4952407,2.0634248852729797,5.47188138961792,39.863045,10.479756
macrozona,Centro,2020-08-01,14,4.7221475,2.3073020577430725,5.803266644477844,34.685898,11.513305
macrozona,Centro,2020-09-01,13,4.4314466,2.0665786266326904,6.185569763183594,36.390903,9.927076
macrozona,Centro,2020-10-01,12,4.796003,1.620803028345108,6.460590243339539,27.601374,10.244272
macrozona,Centro,2020-11-01,12,3.4256933,1.4567072093486786,4.984125733375549,22.15803,10.907837
macrozona,Centro,2020-12-01,12,3.1738727,1.4031122326850891,4.405048131942749,21.435326,10.207498
macrozona,Centro,2021-01-01,14,3.7397587,1.306398868560791,4.531292796134949,18.1792,9.718601
macrozona,Centro,2021-02-01,14,3.5909066,1.0885342061519623,4.194429516792297,18.376127,11.169837
macrozona,Centro,2021-03-01,14,3.4512215,1.34629887342453,4.560739159584045,23.650167,13.4429245
macrozona,Centro,2021-04-01,14,3.9778445,1.1358356177806854,5.082749724388123,30.377901,17.993355
macrozona,Centro,2021-05-01,14,5.201162,1.3231548368930817,7.529099464416504,35.091496,16.474667
macrozona,Centro,2021-06-01,14,5.114438,1.3597326278686523,7.647508263587952,41.651787,12.764305
macrozona,Centro,2021-07-01,14,5.654263,2.0057349503040314,6.9145166873931885,47.38048,9.620408
macrozona,Centro,2021-08-01,14,4.361166,1.4845962524414062,5.831942319869995,38.67994,11.382131
macrozona,Centro,2021-09-01,14,3.9411047,1.3913032412528992,5.472368121147156,29.650513,12.596181
macrozona,Centro,2021-10-01,14,3.9384532,1.5634737610816956,5.16965913772583,26.444452,13.052321
macrozona,Centro,2021-11-01,14,4.025691,1.604211837053299,5.576424717903137,21.114403,13.026761
macrozona,Centro,2021-12-01,14,3.291654,1.4446575343608856,3.971384108066559,18.581944,12.349642
macrozona,Centro,2022-01-01,14,4.039513,1.5929268896579742,5.745389819145203,14.227815,11.139563
macrozona,Centro,2022-02-01,14,4.0164466,1.7265662550926208,6.356627821922302,20.504725,10.522314
macrozona,Centro,2022-03-01,14,4.6341076,2.0358132123947144,6.392408132553101,27.40085,14.306849
macrozona,Centro,2022-04-01,13,5.3554564,2.0914902687072754,8.202762603759766,33.765778,14.991432
macrozona,Centro,2022-05-01,13,6.0485706,3.0821237564086914,7.8956522941589355,41.6163,15.319241
macrozona,Centro,2022-06-01,13,3.940171,1.629470705986023,4.9759721755981445,41.164303,11.986394
macrozona,Centro,2022-07-01,13,3.9751766,1.895843744277954,5.193828105926514,39.188812,9.805559
macrozona,Centro,2022-08-01,13,3.1208925,1.836388111114502,4.322367191314697,38.623226,11.021847
macrozona,Centro,2022-09-01,13,2.472579,1.4760222434997559,2.6442978382110596,33.58158,11.631877
macrozona,Centro,2022-10-01,13,2.5940466,1.0415995121002197,2.9430079460144043,26.5536,12.307737
macrozona,Centro,2022-11-01,13,3.506269,1.1406805515289307,4.00947904586792,27.19889,12.322397
macrozona,Centro,2022-12-01,13,2.1755018,1.297378420829773,3.0017552375793457,20.46461,11.621145
macrozona,Centro,2023-01-01,13,2.9629443,1.2190675735473633,4.826048851013184,17.960321,10.756872
macrozona,Centro,2023-02-01,13,3.7354338,1.659672737121582,4.3621439933776855,27.157867,10.716201
macrozona,Centro,2023-03-01,13,3.8215015,1.8764044046401978,4.669986724853516,28.797728,13.298473
macrozona,Centro,2023-04-01,13,4.315866,1.58177649974823,5.06535005569458,34.772865,15.538043
macrozona,Centro,2023-05-01,13,4.878567,2.350846767425537,6.484237194061279,41.22838,14.904705
macrozona,Centro,2023-06-01,13,3.6392128,1.7956643104553223,3.401534080505371,47.273285,10.57492
macrozona,Centro,2023-07-01,13,3.728694,1.8852174282073975,3.3440730571746826,44.930973,9.670295
macrozona,Centro,2023-08-01,13,3.3062184,1.7205936908721924,3.8305001258850098,39.811802,9.25352
macrozona,Centro,2023-09-01,13,2.9233117,1.7356067895889282,3.6666712760925293,34.663998,10.163837
macrozona,Centro,2023-10-01,13,2.8141983,1.7073849439620972,3.732013463973999,26.376764,11.287484
macrozona,Centro,2023-11-01,13,2.772821,1.4927119016647339,3.5694258213043213,20.712812,12.04099
macrozona,Centro,2023-12-01,13,2.5967605,1.3490506410598755,3.506436347961426,19.244492,11.677474
macrozona,Centro,2024-01-01,13,2.6127703,2.025326728820801,3.305567979812622,19.515066,11.44023
macrozona,Centro,2024-02-01,13,2.5089002,1.5335116386413574,4.0292534828186035,22.609436,10.219713
macrozona,Centro,2024-03-01,13,2.801417,1.564583420753479,4.467187881469727,30.63865,12.901373
macrozona,Centro,2024-04-01,13,3.169598,1.6753230094909668,4.7215447425842285,31.907385,13.79288
macrozona,Centro,2024-05-01,13,3.612045,1.613041639328003,3.935067892074585,35.97597,14.119153
macrozona,Centro,2024-06-01,13,3.5218015,1.508152723312378,3.794544219970703,39.163746,10.135738
macrozona,Centro,2024-07-01,13,3.9178326,2.2565088272094727,3.787252902984619,44.422836,10.825105
macrozona,Centro,2024-08-01,13,3.573523,2.2577297687530518,3.9758434295654297,35.13412,9.911942
macrozona,Centro,2024-09-01,13,3.3034005,2.0607500076293945,3.5260918140411377,32.197334,11.22433
macrozona,Centro,2024-10-01,13,3.0655806,1.811209797859192,3.466251850128174,29.768019,11.88896
macrozona,Centro,2024-11-01,13,2.842046,1.3027538061141968,3.5748038291931152,20.114832,12.290516
macrozona,Centro,2024-12-01,13,2.672581,1.323548436164856,3.3778347969055176,18.964287,11.511937
macrozona,Sur,2019-01-01,12,3.9817173,1.7000512182712555,4.3857845067977905,1.7045318,0.69939244
macrozona,Sur,2019-02-01,12,3.4177432,2.242846578359604,3.281890869140625,1.8943421,0.74956214
macrozona,Sur,2019-03-01,13,3.6776674,2.2488768100738525,3.190459966659546,2.003542,0.8926577
macrozona,Sur,2019-04-01,14,2.5637608,1.8736832737922668,2.68484365940094,2.5261931,1.0377245
macrozona,Sur,2019-05-01,15,2.1669607,1.4858291149139404,2.9580140113830566,2.8915024,1.085211
macrozona,Sur,2019-06-01,14,1.7297244,1.062120109796524,1.8634202182292938,2.6336594,0.70730436
macrozona,Sur,2019-07-01,15,1.7078294,1.060483992099762,1.9293076395988464,2.489405,0.629674
macrozona,Sur,2019-08-01,15,2.0524406,1.3332340717315674,2.855123519897461,2.377217,0.6110189
macrozona,Sur,2019-09-01,15,2.2821743,1.3809258341789246,2.411077380180359,2.0182774,0.652042
macrozona,Sur,2019-10-01,15,2.159152,1.3543936610221863,2.4037461280822754,1.8583114,0.6804939
macrozona,Sur,2019-11-01,16,2.5848994,1.3415565192699432,2.3338083624839783,1.5075897,0.55572546
macrozona,Sur,2019-12-01,16,3.1439729,1.3861336410045624,2.402148962020874,1.2155668,0.47167233
macrozona,Sur,2020-01-01,16,2.7750933,1.3010005950927734,2.550581693649292,1.3821635,0.56209683
macrozona,Sur,2020-02-01,17,2.8675013,1.4820435047149658,2.586777925491333,1.4531237,0.58894944
macrozona,Sur,2020-03-01,17,2.9238148,1.5016642808914185,2.81900954246521,1.7170306,0.6676499
macrozona,Sur,2020-04-01,17,2.6183836,1.45321786403656,2.810915470123291,1.9706466,0.8016373
macrozona,Sur,2020-05-01,16,2.3785362,1.3547659814357758,2.61067533493042,2.3878977,0.89888555
macrozona,Sur,2020-06-01,17,1.7049228,1.0219032764434814,1.9870365858078003,2.2563856,0.6223383
macrozona,Sur,2020-07-01,17,1.4450809,1.007807731628418,1.8831393718719482,2.2050848,0.54347616
macrozona,Sur,2020-08-01,15,1.7128726,1.0869396328926086,2.1965551376342773,1.9098322,0.53499335
macrozona,Sur,2020-09-01,15,2.042718,1.2336665987968445,2.3610475063323975,2.0266662,0.6777421
macrozona,Sur,2020-10-01,15,2.2733014,1.2464575171470642,2.37811541557312,1.7848735,0.60735255
macrozona,Sur,2020-11-01,15,2.1745572,1.2152991890907288,2.1966965794563293,1.41533,0.58557165
macrozona,Sur,2020-12-01,19,2.059081,1.0698267221450806,2.285293698310852,1.2480115,0.4929677
macrozona,Sur,2021-01-01,19,2.291873,1.3275087475776672,2.422551393508911,1.2535843,0.4933948
macrozona,Sur,2021-02-01,19,2.2176824,1.2602151036262512,2.847463607788086,1.5382482,0.69334394
macrozona,Sur,2021-03-01,19,2.4737175,1.2326340675354004,2.947466254234314,1.8408511,0.80326456
macrozona,Sur,2021-04-01,19,2.5177114,1.028756022453308,2.3281400203704834,1.8253592,0.82921994
macrozona,Sur,2021-05-01,19,1.9696301,1.0586073398590088,1.9439192414283752,2.3429024,0.90007657
macrozona,Sur,2021-06-01,19,2.4040189,1.02819162607193,1.6879237294197083,2.3682337,0.773443
macrozona,Sur,2021-07-01,19,2.13361,1.0262811779975891,1.9195074439048767,2.437713,0.65754586
macrozona,Sur,2021-08-01,19,2.0662177,1.0215012431144714,1.826861321926117,2.1371691,0.57787395
macrozona,Sur,2021-09-01,19,1.8439823,1.0202351212501526,1.5634695887565613,1.7572163,0.6137933
macrozona,Sur,2021-10-01,19,2.5194135,1.0386772751808167,2.6993075609207153,1.496775,0.5715007
macrozona,Sur,2021-11-01,19,2.2490094,1.2245509028434753,2.6413211822509766,1.2414387,0.57877326
macrozona,Sur,2021-12-01,19,1.825613,1.0008763670921326,2.248442053794861,1.4316843,0.6326097
macrozona,Sur,2022-01-01,19,1.6784028,1.0002917647361755,1.8609209656715393,1.1911708,0.5570328
macrozona,Sur,2022-02-01,19,2.086371,1.0165252089500427,2.1957422494888306,1.4829304,0.70209146
macrozona,Sur,2022-03-01,19,1.9772385,1.074498474597931,1.9805536270141602,1.5229605,0.88954777
macrozona,Sur,2022-04-01,19,1.4528263,1.0488917231559753,1.4485998153686523,1.5999811,0.74951684
macrozona,Sur,2022-05-01,19,1.467776,1.0684292316436768,1.77733713388443,2.5779266,0.8951114
macrozona,Sur,2022-06-01,19,1.296147,0.9771541953086853,1.5217624306678772,2.9748607,0.8103582
macrozona,Sur,2022-07-01,19,1.2053912,0.9580731391906738,1.4853938817977905,2.1955245,0.5469644
macrozona,Sur,2022-08-01,19,1.5712608,1.0859272480010986,1.7347667813301086,2.0959907,0.59224254
macrozona,Sur,2022-09-01,19,1.3229494,0.986432820558548,1.453067660331726,1.899663,0.6874966
macrozona,Sur,2022-10-01,19,1.5503937,1.0025532841682434,1.7225871086120605,1.5751232,0.6047351
macrozona,Sur,2022-11-01,19,1.5936626,1.0101386308670044,1.7623313665390015,1.4591614,0.6613219
macrozona,Sur,2022-12-01,19,1.6864465,1.0073952078819275,1.6341203451156616,1.2656145,0.59537315
macrozona,Sur,2023-01-01,18,1.8846923,1.0885666608810425,1.9168890714645386,1.2378227,0.6228538
macrozona,Sur,2023-02-01,19,2.0897396,1.0843303203582764,2.242734909057617,2.0871158,2.8769639
macrozona,Sur,2023-03-01,19,1.5247468,1.1077057719230652,1.7740373015403748,1.6476089,0.69528854
macrozona,Sur,2023-04-01,19,1.6987357,1.0107089281082153,1.5425259470939636,1.7047355,0.85971516
macrozona,Sur,2023-05-01,19,2.3208702,1.0080748796463013,1.54423588514328,2.2084994,0.81292546
macrozona,Sur,2023-06-01,19,2.0548754,1.0371378064155579,1.5741709470748901,2.216868,0.69386727
macrozona,Sur,2023-07-01,19,1.8395144,1.049879014492035,1.5114624500274658,2.2492793,0.60251
macrozona,Sur,2023-08-01,19,1.4326179,1.0071324706077576,1.5994105339050293,2.0409722,0.5398432
macrozona,Sur,2023-09-01,19,1.3618987,1.0070186853408813,1.4286988377571106,1.6743175,0.5761024
macrozona,Sur,2023-10-01,19,1.4297441,0.8200213611125946,1.348010540008545,1.5640461,0.58749276
macrozona,Sur,2023-11-01,15,1.5346977,1.051179587841034,1.4347050786018372,1.4436347,0.55544317
macrozona,Sur,2023-12-01,15,1.5860845,1.088864505290985,1.383462131023407,1.4090784,0.60492134
macrozona,Sur,2024-01-01,15,1.8279316,1.2159929275512695,1.4751531481742859,1.423701,0.56396514
macrozona,Sur,2024-02-01,15,1.7940633,1.1435616612434387,1.5622512698173523,1.619356,0.66705734
macrozona,Sur,2024-03-01,15,1.7490225,1.1152573227882385,1.592202603816986,1.7409191,0.6327105
macrozona,Sur,2024-04-01,15,1.3754526,1.1265877485275269,1.5209553241729736,2.0227916,0.863759
macrozona,Sur,2024-05-01,18,1.4739649,1.0634208917617798,1.6465227007865906,2.7660723,0.88287514
macrozona,Sur,2024-06-01,18,1.6880661,1.0403239727020264,1.6461363434791565,1.9886457,0.54158866
macrozona,Sur,2024-07-01,18,1.5358398,1.0217927992343903,1.6447031199932098,2.7113788,0.7127657
macrozona,Sur,2024-08-01,18,1.5376943,1.0756444931030273,1.7982714474201202,2.161609,0.59644645
macrozona,Sur,2024-09-01,18,1.3920792,1.0012640953063965,1.5807774662971497,1.8366661,0.5930972
macrozona,Sur,2024-10-01,18,1.2387153,1.0024917721748352,1.3804675936698914,1.9661723,0.6502812
macrozona,Sur,2024-11-01,18,1.3347253,1.0029063820838928,1.6984448730945587,1.282389,0.5646879
macrozona,Sur,2024-12-01,18,1.5751073,1.0052019357681274,1.6940398812294006,1.2712724,0.5317816
macrozona,Austral,2019-01-01,1,1.0004102,1.0004101991653442,1.0004101991653442,0.18766521,0.082171395
macrozona,Austral,2019-02-01,1,1.007027,1.00702702999115,1.00702702999115,0.27711245,0.06839174
macrozona,Austral,2019-03-01,1,1.0139973,1.0139973163604736,1.0139973163604736,0.28497183,0.06294285
macrozona,Austral,2019-04-01,1,1.0524124,1.0524123907089233,1.0524123907089233,0.19229284,0.042520974
macrozona,Austral,2019-05-01,1,1.0502304,1.0502303838729858,1.0502303838729858,0.21969007,0.051012587
macrozona,Austral,2019-06-01,1,1.1124693,1.1124693155288696,1.1124693155288696,0.17759149,0.044375464
macrozona,Austral,2019-07-01,1,1.0805835,1.0805834531784058,1.0805834531784058,0.21869539,0.05263525
macrozona,Austral,2019-08-01,1,1.0404885,1.0404884815216064,1.0404884815216064,0.16599177,0.04234778
macrozona,Austral,2019-09-01,1,1.0223776,1.022377610206604,1.022377610206604,0.16838172,0.04183272
macrozona,Austral,2019-10-01,1,1.00688,1.0068800449371338,1.0068800449371338,0.15305388,0.043895513
macrozona,Austral,2019-11-01,1,1.0022472,1.0022472143173218,1.0022472143173218,0.10971335,0.045369238
macrozona,Austral,2019-12-01,1,1.001683,1.001682996749878,1.001682996749878,0.12277984,0.05161423
macrozona,Austral,2020-01-01,1,1.003225,1.0032249689102173,1.0032249689102173,0.17896032,0.06471292
macrozona,Austral,2020-02-01,1,1.0036696,1.0036696195602417,1.0036696195602417,0.16672727,0.06260049
macrozona,Austral,2020-03-01,1,1.0031005,1.0031005144119263,1.0031005144119263,0.14763387,0.05916579
macrozona,Austral,2020-04-01,1,1.0099579,1.0099579095840454,1.0099579095840454,0.21364833,0.053312648
macrozona,Austral,2020-05-01,1,1.1314422,1.1314421892166138,1.1314421892166138,0.23555194,0.050647072
macrozona,Austral,2020-06-01,1,1.3275797,1.3275797367095947,1.3275797367095947,0.19661653,0.0442908
macrozona,Austral,2020-07-01,1,1.034044,1.0340440273284912,1.0340440273284912,0.19742118,0.044087306
macrozona,Austral,2020-08-01,1,1.0517988,1.0517988204956055,1.0517988204956055,0.12373131,0.03781969
macrozona,Austral,2020-09-01,1,1.2883503,1.2883503437042236,1.2883503437042236,0.16252047,0.04259371
macrozona,Austral,2020-10-01,1,1.001712,1.0017119646072388,1.0017119646072388,0.15725307,0.04262623
macrozona,Austral,2020-11-01,1,1.0003933,1.000393271446228,1.000393271446228,0.1744156,0.04573277
macrozona,Austral,2020-12-01,1,1.0462345,1.0462344884872437,1.0462344884872437,0.14673097,0.043744173
macrozona,Austral,2021-01-01,1,1.0201353,1.0201352834701538,1.0201352834701538,0.20189767,0.060108747
macrozona,Austral,2021-02-01,1,1.2141017,1.2141016721725464,1.2141016721725464,0.3717627,0.054351795
macrozona,Austral,2021-03-01,1,1.1701552,1.1701551675796509,1.1701551675796509,0.20840874,0.059935194
macrozona,Austral,2021-04-01,1,1.6659243,1.665924310684204,1.665924310684204,0.15320495,0.0470704
macrozona,Austral,2021-05-01,1,2.822101,2.82210111618042,2.82210111618042,0.27530518,0.053337622
macrozona,Austral,2021-06-01,1,3.0839021,3.08390212059021,3.08390212059021,0.23446892,0.047531117
macrozona,Austral,2021-07-01,1,2.3746345,2.3746345043182373,2.3746345043182373,0.14066073,0.0421425
macrozona,Austral,2021-08-01,1,1.0077808,1.0077807903289795,1.0077807903289795,0.1768559,0.045341175
macrozona,Austral,2021-09-01,1,1.0055408,1.0055408477783203,1.0055408477783203,0.15727481,0.046352465
macrozona,Austral,2021-10-01,1,1.0,1.0,1.0,0.0940495,0.033781823
macrozona,Austral,2021-11-01,1,1.0,1.0,1.0,0.14097065,0.040396854
macrozona,Austral,2021-12-01,1,1.2120949,1.2120949029922485,1.2120949029922485,0.24117646,0.05160579
macrozona,Austral,2022-01-01,1,1.0001358,1.0001357793807983,1.0001357793807983,0.19139233,0.07667971
macrozona,Austral,2022-02-01,1,1.0033537,1.0033537149429321,1.0033537149429321,0.22674017,0.055368062
macrozona,Austral,2022-03-01,1,1.0150493,1.0150493383407593,1.0150493383407593,0.164883,0.05577183
macrozona,Austral,2022-04-01,1,1.1766425,1.1766425371170044,1.1766425371170044,0.14745316,0.043651164
macrozona,Austral,2022-05-01,1,1.1623836,1.1623835563659668,1.1623835563659668,0.28476244,0.046183307
macrozona,Austral,2022-06-01,1,1.5240985,1.524098515510559,1.524098515510559,0.28414896,0.04956347
macrozona,Austral,2022-07-01,1,1.6130791,1.6130790710449219,1.6130790710449219,0.19419408,0.04941726
macrozona,Austral,2022-08-01,1,1.4024966,1.402496576309204,1.402496576309204,0.12155338,0.04043928
macrozona,Austral,2022-09-01,1,1.4295387,1.4295387268066406,1.4295387268066406,0.11421714,0.03806392
macrozona,Austral,2022-10-01,1,1.0510763,1.0510762929916382,1.0510762929916382,0.1703754,0.04005687
macrozona,Austral,2022-11-01,1,1.0000979,1.0000978708267212,1.0000978708267212,0.17993598,0.04610658
macrozona,Austral,2022-12-01,1,1.0,1.0,1.0,0.1373172,0.04944479
macrozona,Austral,2023-01-01,1,1.0001217,1.0001217126846313,1.0001217126846313,0.21382566,0.057301722
macrozona,Austral,2023-02-01,1,1.0,1.0,1.0,0.15324545,0.051374216
macrozona,Austral,2023-03-01,1,1.000945,1.000944972038269,1.000944972038269,0.21379428,0.058922973
macrozona,Austral,2023-04-01,1,1.0964336,1.0964336395263672,1.0964336395263672,0.22561061,0.048345312
macrozona,Austral,2023-05-01,1,1.2350067,1.2350066900253296,1.2350066900253296,0.16969414,0.048466746
macrozona,Austral,2023-06-01,1,1.9943478,1.9943478107452393,1.9943478107452393,0.23125544,0.0437855
macrozona,Austral,2023-07-01,1,2.129661,2.1296610832214355,2.1296610832214355,0.2697331,0.050183292
macrozona,Austral,2023-08-01,1,2.810408,2.810408115386963,2.810408115386963,0.11758428,0.04013823
macrozona,Austral,2023-09-01,1,3.1099856,3.109985589981079,3.109985589981079,0.24528009,0.050054453
macrozona,Austral,2023-10-01,1,1.2228513,1.222851276397705,1.222851276397705,0.22442932,0.04010764
macrozona,Austral,2023-11-01,1,1.022965,1.0229649543762207,1.0229649543762207,0.10209595,0.042197257
macrozona,Austral,2023-12-01,1,1.0568107,1.056810736656189,1.056810736656189,0.22543125,0.057515133
macrozona,Austral,2024-01-01,1,1.2226051,1.2226051092147827,1.2226051092147827,0.21615161,0.058317382
macrozona,Austral,2024-02-01,1,1.4746245,1.474624514579773,1.474624514579773,0.19219758,0.057071894
macrozona,Austral,2024-03-01,1,1.2791328,1.2791328430175781,1.2791328430175781,0.14085552,0.058363188
macrozona,Austral,2024-04-01,1,1.8208134,1.8208134174346924,1.8208134174346924,0.17589961,0.0483242
macrozona,Austral,2024-05-01,1,1.115935,1.11593496799469,1.11593496799469,0.29203713,0.055345993
macrozona,Austral,2024-06-01,1,1.0089511,1.0089510679244995,1.0089510679244995,0.23805025,0.04609831
macrozona,Austral,2024-07-01,1,1.0015804,1.0015803575515747,1.0015803575515747,0.23120223,0.045911416
macrozona,Austral,2024-08-01,1,1.0000947,1.0000946521759033,1.0000946521759033,0.22176142,0.045872577
macrozona,Austral,2024-09-01,1,1.0047956,1.0047955513000488,1.0047955513000488,0.10058541,0.030384935
macrozona,Austral,2024-10-01,1,1.0,1.0,1.0,0.18190238,0.037269562
macrozona,Austral,2024-11-01,1,1.001094,1.0010939836502075,1.0010939836502075,0.12720166,0.042819157
macrozona,Austral,2024-12-01,1,1.0369294,1.0369293689727783,1.0369293689727783,0.22465268,0.050644185
region,Antofagasta,2019-01-01,4,1.7104294,0.3045138604938984,1.7507861852645874,6.774645,12.299642
region,Antofagasta,2019-02-01,4,1.3548819,0.7586481422185898,1.3173563778400421,9.580755,16.751062
region,Antofagasta,2019-03-01,4,1.43068,0.8190926015377045,1.4849753081798553,12.023476,30.828325
region,Antofagasta,2019-04-01,4,2.466604,0.8638516664505005,2.232836812734604,13.635497,37.430447
region,Antofagasta,2019-05-01,4,16.749237,0.7909684628248215,13.21551975607872,14.935952,38.945515
region,Antofagasta,2019-06-01,4,1.8208599,0.8356145918369293,1.6550933420658112,16.948387,34.5393
region,Antofagasta,2019-07-01,5,1.4659824,1.002408742904663,2.889500141143799,16.756111,40.82565
region,Antofagasta,2019-08-01,4,1.6606467,0.8871109038591385,1.5301432013511658,15.650728,36.832134
region,Antofagasta,2019-09-01,4,1.0353252,0.6754335910081863,1.441865235567093,14.190447,42.099396
region,Antofagasta,2019-10-01,4,1.5162834,0.9117682576179504,1.851080060005188,10.367791,38.083275
region,Antofagasta,2019-11-01,4,1.9425433,0.70432049036026,1.7983993291854858,8.322926,24.291607
region,Antofagasta,2019-12-01,3,0.87359524,0.6613830924034119,0.9060772657394409,8.901716,33.41674
region,Antofagasta,2020-01-01,5,0.94281423,0.8446070551872253,1.085395336151123,6.7291656,23.013405
region,Antofagasta,2020-02-01,5,1.8273017,1.004809856414795,1.4823555946350098,8.228847,25.292225
region,Antofagasta,2020-03-01,5,0.7985021,0.7702973484992981,0.9088586568832397,10.739811,45.610405
region,Antofagasta,2020-04-01,5,1.1836641,0.8773044943809509,1.0496028661727905,12.406584,60.800713
region,Antofagasta,2020-05-01,5,2.1509686,0.9897699356079102,1.4358494281768799,14.703655,75.2605
region,Antofagasta,2020-06-01,5,1.4647411,0.973650336265564,1.0356067419052124,13.591515,63.484352
region,Antofagasta,2020-07-01,5,0.61200607,0.23285521566867828,0.6535723805427551,14.934672,79.17139
region,Antofagasta,2020-08-01,5,0.7330124,0.5699182748794556,0.8654999732971191,10.82361,63.31004
region,Antofagasta,2020-09-01,5,1.260372,1.0024657249450684,1.102636694908142,11.562373,64.43601
region,Antofagasta,2020-10-01,5,1.8514588,1.0044476985931396,1.346909523010254,10.176553,54.133022
region,Antofagasta,2020-11-01,5,1.8792816,0.9435021281242371,1.0445467233657837,9.249119,46.4859
region,Antofagasta,2020-12-01,5,3.1220255,0.7568970322608948,1.0336527824401855,7.05857,34.542
region,Antofagasta,2021-01-01,5,2.271486,0.8489972949028015,1.0984857082366943,6.9488273,23.437458
region,Antofagasta,2021-02-01,5,0.94334954,1.0068758726119995,1.0555239915847778,9.22871,35.62936
region,Antofagasta,2021-03-01,5,1.6537606,0.7929234504699707,1.3141756057739258,9.717744,43.21465
region,Antofagasta,2021-04-01,5,1.714446,0.7192016839981079,1.0,12.742248,59.989586
region,Antofagasta,2021-05-01,5,2.4129925,0.8923918604850769,1.0572296380996704,15.32959,67.01975
region,Antofagasta,2021-06-01,5,2.7279334,0.9063253998756409,1.367136836051941,14.721093,58.973133
region,Antofagasta,2021-07-01,5,3.9410114,1.000836730003357,1.2057496309280396,14.713233,60.594044
region,Antofagasta,2021-08-01,5,2.2753425,0.8982051610946655,1.0045135021209717,12.433357,59.928917
region,Antofagasta,2021-09-01,5,2.021938,0.6166526675224304,1.0173380374908447,11.687166,57.003147
region,Antofagasta,2021-10-01,5,2.2294123,0.878683865070343,1.0191068649291992,11.175418,47.23863
region,Antofagasta,2021-11-01,5,2.0091426,0.9049859642982483,1.1731135845184326,8.74368,41.723938
region,Antofagasta,2021-12-01,5,2.3161566,0.7028725743293762,1.0,7.391226,31.701893
region,Antofagasta,2022-01-01,5,2.1492364,0.832882285118103,1.0172666311264038,7.7864404,20.055906
region,Antofagasta,2022-02-01,5,2.7166367,0.9632982015609741,1.2228550910949707,8.873675,29.105875
region,Antofagasta,2022-03-01,5,1.8858944,1.0000542402267456,1.1363228559494019,11.015393,43.809814
region,Antofagasta,2022-04-01,5,1.1688508,0.9722517132759094,1.015902042388916,14.136304,71.76356
region,Antofagasta,2022-05-01,5,1.5396774,0.8964546322822571,1.0,14.748335,68.75907
region,Antofagasta,2022-06-01,5,1.7112471,1.0,1.4776536226272583,13.126099,58.31614
region,Antofagasta,2022-07-01,5,1.7276727,1.0107471942901611,1.439078688621521,14.339442,58.6747
region,Antofagasta,2022-08-01,5,2.0476975,1.0,1.82704758644104,13.738972,58.78073
region,Antofagasta,2022-09-01,5,1.7233703,1.0002237558364868,1.6462162733078003,11.802403,55.21922
region,Antofagasta,2022-10-01,5,1.6333153,1.04918372631073,1.4712820053100586,11.131982,50.748123
region,Antofagasta,2022-11-01,5,1.2560056,1.0,1.5413352251052856,9.207517,40.95168
region,Antofagasta,2022-12-01,5,1.5250658,1.0029833316802979,1.2604188919067383,7.5626597,29.860825
region,Antofagasta,2023-01-01,5,1.4018159,1.0710270404815674,1.4941169023513794,7.3711176,21.149893
region,Antofagasta,2023-02-01,5,1.4433455,0.828050971031189,1.8574153184890747,8.03486,30.55725
region,Antofagasta,2023-03-01,5,2.2414472,1.0069501399993896,1.402578353881836,10.241392,38.489624
region,Antofagasta,2023-04-01,5,2.5169833,1.000393271446228,1.5124229192733765,13.57538,56.786438
region,Antofagasta,2023-05-01,5,2.1212773,1.0587533712387085,2.058068037033081,15.098712,67.836464
region,Antofagasta,2023-06-01,5,1.7123535,1.102075219154358,2.29651141166687,14.865688,64.45481
region,Antofagasta,2023-07-01,5,1.9527133,1.528538465499878,1.9876526594161987,14.131519,63.926952
region,Antofagasta,2023-08-01,5,1.8846997,1.3613957166671753,2.1329782009124756,13.364989,62.53511
region,Antofagasta,2023-09-01,5,1.7360668,1.1499578952789307,2.108954906463623,11.304522,58.3723
region,Antofagasta,2023-10-01,5,1.5979817,1.1946467161178589,1.4086923599243164,10.686046,52.814445
region,Antofagasta,2023-11-01,5,2.251883,0.936633825302124,1.9356039762496948,8.760842,39.408527
region,Antofagasta,2023-12-01,5,1.6354917,1.0028687715530396,1.783777117729187,8.0586405,37.088963
region,Antofagasta,2024-01-01,5,1.3536813,0.9231029748916626,1.4430665969848633,6.7037697,21.394287
region,Antofagasta,2024-02-01,5,1.088846,0.9461705088615417,1.336484432220459,7.8430862,31.30934
region,Antofagasta,2024-03-01,5,1.3390459,0.815426230430603,1.4074119329452515,10.929325,41.52975
region,Antofagasta,2024-04-01,5,1.4181281,0.9535161852836609,1.6508818864822388,12.187104,56.762535
region,Antofagasta,2024-05-01,5,1.6510768,1.2121614217758179,2.2689809799194336,14.117847,62.86568
region,Antofagasta,2024-06-01,5,1.9496027,1.9219915866851807,2.0869510173797607,16.420841,59.051643
region,Antofagasta,2024-07-01,5,1.4622132,1.0169742107391357,1.756142258644104,15.144146,61.061996
region,Antofagasta,2024-08-01,5,1.874892,1.1821613311767578,2.487717390060425,13.645805,55.736183
region,Antofagasta,2024-09-01,5,2.0450394,1.6224298477172852,2.387478828430176,13.491303,57.459156
region,Antofagasta,2024-10-01,5,2.2400086,1.9472455978393555,2.8801767826080322,11.469557,51.756855
region,Antofagasta,2024-11-01,5,1.6444272,1.3957401514053345,1.90518319606781,8.911375,39.407978
region,Antofagasta,2024-12-01,5,1.0330399,0.9785868525505066,1.1340136528015137,8.741959,37.76034
region,Atacama,2019-01-01,2,2.0540895,1.937633991241455,2.1194729804992676,23.249525,0.19000018
region,Atacama,2019-02-01,2,1.894888,1.7905623316764832,2.0004668831825256,25.97126,0.18056804
region,Atacama,2019-03-01,2,2.734963,1.9935252368450165,3.478398233652115,33.412773,0.20448577
region,Atacama,2019-04-01,2,4.538876,2.7901377081871033,5.746040165424347,41.52404,0.21514425
region,Atacama,2019-05-01,2,7.8958287,7.00144100189209,7.859072685241699,63.11631,0.1975749
region,Atacama,2019-06-01,2,5.0050497,3.513767719268799,6.358737468719482,55.188705,0.18972811
region,Atacama,2019-07-01,2,2.9498954,2.704091966152191,3.056211769580841,65.40365,0.2016531
region,Atacama,2019-08-01,2,2.819283,2.804045617580414,2.845793068408966,55.61512,0.22996822
region,Atacama,2019-09-01,2,3.2775888,3.068579375743866,3.486016809940338,45.226006,0.14650783
region,Atacama,2019-10-01,2,3.4,2.8597071766853333,3.9663309454917908,28.63543,0.07698626
region,Atacama,2019-11-01,2,2.9108737,2.4399420022964478,3.3373078107833862,29.846853,0.19987522
region,Atacama,2019-12-01,2,2.2863612,1.8149540722370148,2.7642126977443695,27.770191,0.20423599
region,Atacama,2020-01-01,2,2.5760581,2.1415219008922577,3.0153371393680573,23.193264,0.19321774
region,Atacama,2020-02-01,2,2.4706113,1.9496880769729614,2.964934229850769,28.049467,0.17984326
region,Atacama,2020-03-01,2,2.051131,2.047667384147644,2.054418683052063,33.954906,0.18449716
region,Atacama,2020-04-01,2,1.8072455,1.6613615453243256,1.9539454281330109,45.03972,0.22703964
region,Atacama,2020-05-01,2,1.5628551,1.1933344155550003,1.93438158929348,64.57116,0.2525876
region,Atacama,2020-06-01,2,1.7811863,1.4987667202949524,2.054192006587982,53.640106,0.23898587
region,Atacama,2020-07-01,2,1.9623125,1.6768589615821838,2.2446672320365906,57.63951,0.17678466
region,Atacama,2020-08-01,2,2.3492103,2.205944776535034,2.4952328205108643,52.98701,0.20354132
region,Atacama,2020-09-01,2,2.9626036,2.4160843193531036,3.50453981757164,46.26772,0.17501432
region,Atacama,2020-10-01,2,2.4619672,2.443807303905487,2.4833393692970276,35.779945,0.1700846
region,Atacama,2020-11-01,2,2.0814276,2.0244803726673126,2.1393536031246185,24.77834,0.17367902
region,Atacama,2020-12-01,2,2.2070453,2.038312643766403,2.3889736235141754,22.600124,0.17919035
region,Atacama,2021-01-01,2,2.3082292,2.0628445148468018,2.5424225330352783,20.32515,0.20724943
region,Atacama,2021-02-01,2,2.5257576,2.208213597536087,2.8754449784755707,22.707952,0.16540758
region,Atacama,2021-03-01,2,2.7303722,2.371407151222229,3.082476496696472,29.191132,0.18436134
region,Atacama,2021-04-01,2,2.945613,2.5016761422157288,3.356461226940155,43.170574,0.2093176
region,Atacama,2021-05-01,2,2.66005,2.363402307033539,2.9135058522224426,52.882248,0.23151207
region,Atacama,2021-06-01,2,1.8482611,1.6185588836669922,2.0786385536193848,64.72471,0.27864948
region,Atacama,2021-07-01,2,2.061777,2.040085792541504,2.0836586952209473,69.16443,0.21954256
region,Atacama,2021-08-01,2,2.4181166,2.2033739387989044,2.632859081029892,47.937103,0.17518009
region,Atacama,2021-09-01,2,2.2951229,2.160332143306732,2.429535686969757,44.720303,0.17075308
region,Atacama,2021-10-01,2,2.032821,1.9581352472305298,2.107711672782898,35.402393,0.16913967
region,Atacama,2021-11-01,2,2.3760839,2.3722851872444153,2.3799471259117126,28.784575,0.16305953
region,Atacama,2021-12-01,2,2.4732518,2.347179651260376,2.5996668338775635,23.836828,0.17359665
region,Atacama,2022-01-01,2,2.7906604,2.7586238980293274,2.822870194911957,21.150076,0.16937947
region,Atacama,2022-02-01,2,2.760507,2.6944955587387085,2.8263221979141235,25.450768,0.16469434
region,Atacama,2022-03-01,2,3.0610282,2.8838273882865906,3.2382293343544006,41.68945,0.21762837
region,Atacama,2022-04-01,2,3.2528813,2.985865294933319,3.5213947892189026,53.738564,0.25378275
region,Atacama,2022-05-01,2,3.5602443,3.260931074619293,3.9554983973503113,64.14969,0.3023241
region,Atacama,2022-06-01,2,2.685404,2.6685041785240173,2.7014482617378235,57.386497,0.36526966
region,Atacama,2022-07-01,2,2.6291385,2.3656780123710632,2.8911848664283752,52.892868,0.23444803
region,Atacama,2022-08-01,2,2.8387508,2.614501476287842,3.0685791969299316,60.104378,0.17587915
region,Atacama,2022-09-01,2,3.826829,3.8222045302391052,3.8314536213874817,46.25201,0.15552996
region,Atacama,2022-10-01,2,3.2079349,2.7048816680908203,3.615659713745117,41.66945,0.16726029
region,Atacama,2022-11-01,2,3.2835538,3.1167856454849243,3.4526628255844116,31.56197,0.17932387
region,Atacama,2022-12-01,2,4.2279177,4.139758586883545,4.357393741607666,27.043194,0.19669124
region,Atacama,2023-01-01,2,2.567177,2.1025393307209015,2.9581490457057953,22.867287,0.20713688
region,Atacama,2023-02-01,2,3.323003,3.2688239216804504,3.3768600821495056,28.114746,0.23448916
region,Atacama,2023-03-01,2,3.6515095,3.5106990933418274,3.9815863966941833,38.02164,0.1788525
region,Atacama,2023-04-01,2,3.3299632,3.103816866874695,3.507808804512024,47.882805,0.22988807
region,Atacama,2023-05-01,2,3.2064412,2.8999757766723633,3.504723072052002,59.46112,0.25719544
region,Atacama,2023-06-01,2,3.1928282,2.927822172641754,3.4519779086112976,60.68446,0.25851947
region,Atacama,2023-07-01,2,6.011632,5.09027886390686,6.935473203659058,67.721405,0.22048786
region,Atacama,2023-08-01,2,15.01752,9.183394432067871,21.04451084136963,51.64345,0.2028821
region,Atacama,2023-09-01,2,3.928624,3.922021210193634,3.935813844203949,42.432156,0.18962885
region,Atacama,2023-10-01,2,4.0798583,3.845117926597595,4.3145991563797,38.107044,0.16682756
region,Atacama,2023-11-01,2,3.4021924,3.394745707511902,3.4079633951187134,28.473192,0.17806529
region,Atacama,2023-12-01,2,2.2655246,1.7524809539318085,2.7799598276615143,25.52436,0.19775718
region,Atacama,2024-01-01,2,2.9011233,2.761410117149353,3.034439206123352,23.93273,0.20079698
region,Atacama,2024-02-01,2,3.4423938,3.218414008617401,3.665065824985504,25.296078,0.18327433
region,Atacama,2024-03-01,2,3.1261022,2.895812690258026,3.3514323830604553,40.34202,0.20287447
region,Atacama,2024-04-01,2,3.2444916,3.0024085640907288,3.4838544726371765,45.945763,0.19959004
region,Atacama,2024-05-01,2,3.597186,3.3697962164878845,3.953503429889679,55.91089,0.24613331
region,Atacama,2024-06-01,2,3.7253442,3.5181533694267273,3.933702528476715,64.950325,0.29051006
region,Atacama,2024-07-01,2,3.0131145,2.9630147218704224,3.0956019163131714,70.67901,0.25619608
region,Atacama,2024-08-01,2,2.4690263,2.3450019359588623,2.5940611362457275,54.337177,0.25820085
region,Atacama,2024-09-01,2,2.4422753,2.1686860620975494,2.723659247159958,54.143005,0.19011289
region,Atacama,2024-10-01,2,2.6456034,2.2730668783187866,3.0191465616226196,41.76047,0.16003083
region,Atacama,2024-11-01,2,1.8359778,1.7068365514278412,1.9651186764240265,33.879417,0.1822046
region,Atacama,2024-12-01,2,2.1014767,1.945669174194336,2.259399890899658,26.645435,0.17523707
region,Valparaíso,2019-01-01,9,3.9529467,2.4933242797851562,4.55958890914917,26.072525,9.85353
region,Valparaíso,2019-02-01,9,3.9304652,2.383085012435913,4.638725757598877,33.9717,8.602791
region,Valparaíso,2019-03-01,9,5.610003,3.845959424972534,6.426860809326172,36.77792,10.928765
region,Valparaíso,2019-04-01,9,5.417154,3.8945913314819336,6.572756767272949,44.652943,13.4844
region,Valparaíso,2019-05-01,9,6.7343054,3.616874933242798,10.111612319946289,50.988766,10.843101
region,Valparaíso,2019-06-01,9,6.1393723,3.493072748184204,6.578429222106934,50.489323,7.837613
region,Valparaíso,2019-07-01,9,7.260791,5.074681758880615,8.737837791442871,57.625286,7.271921
region,Valparaíso,2019-08-01,9,5.5040555,4.04608678817749,6.041655540466309,52.34029,7.6260033
region,Valparaíso,2019-09-01,9,4.2189198,2.9902641773223877,5.545932292938232,48.133766,7.252242
region,Valparaíso,2019-10-01,9,4.522818,3.5207133293151855,5.272449493408203,40.164597,7.7565603
region,Valparaíso,2019-11-01,9,4.327677,4.138882637023926,4.434110164642334,30.031704,10.566369
region,Valparaíso,2019-12-01,9,4.680427,3.403062105178833,5.450408935546875,27.969501,10.2491
region,Valparaíso,2020-01-01,9,3.7672002,2.499863862991333,3.5965676307678223,30.110363,9.175619
region,Valparaíso,2020-02-01,9,3.5813055,2.1689796447753906,3.8511533737182617,33.732113,8.928472
region,Valparaíso,2020-03-01,9,4.0675254,2.7151153087615967,5.099551677703857,37.35973,10.871704
region,Valparaíso,2020-04-01,9,4.3085504,2.600266933441162,5.572360515594482,49.098545,13.113514
region,Valparaíso,2020-05-01,9,5.6520524,3.0245652198791504,8.469419479370117,53.537556,12.317141
region,Valparaíso,2020-06-01,9,4.718798,2.7907052040100098,4.606900215148926,53.11954,7.336065
region,Valparaíso,2020-07-01,9,5.6822615,4.738146781921387,5.6921539306640625,56.634975,6.389351
region,Valparaíso,2020-08-01,9,6.006103,4.922773838043213,7.122489929199219,47.586643,7.16379
region,Valparaíso,2020-09-01,9,5.5165634,4.515792369842529,6.547974586486816,45.55827,8.254284
region,Valparaíso,2020-10-01,9,6.012806,5.413618087768555,6.64702844619751,34.53171,8.882547
region,Valparaíso,2020-11-01,9,4.2075105,2.838904619216919,5.4775495529174805,27.866138,9.988577
region,Valparaíso,2020-12-01,9,3.8474767,2.505291700363159,4.479215145111084,27.137194,9.978563
region,Valparaíso,2021-01-01,9,4.8585906,3.526594400405884,5.9235944747924805,24.591305,8.539918
region,Valparaíso,2021-02-01,9,5.0005665,3.209714889526367,6.123658180236816,25.731512,8.583663
region,Valparaíso,2021-03-01,9,4.6954236,3.749336004257202,5.31806755065918,33.57011,9.769438
region,Valparaíso,2021-04-01,9,5.567425,4.356732368469238,5.219661712646484,43.002,12.794114
region,Valparaíso,2021-05-01,9,7.4499393,5.1913957595825195,9.124005317687988,49.707687,11.410886
region,Valparaíso,2021-06-01,9,7.1360426,4.321054935455322,9.064117431640625,58.56422,8.93747
region,Valparaíso,2021-07-01,9,7.2801375,5.134634494781494,9.02844524383545,62.71258,7.2859664
region,Valparaíso,2021-08-01,9,6.0787706,4.873058319091797,6.120729446411133,54.974068,6.8893604
region,Valparaíso,2021-09-01,9,5.4706955,4.316260814666748,6.1472272872924805,41.956924,7.7275248
region,Valparaíso,2021-10-01,9,5.3948417,4.254342555999756,6.294146537780762,37.854347,8.24339
region,Valparaíso,2021-11-01,9,5.448191,3.7651541233062744,7.677360534667969,30.144058,9.477002
region,Valparaíso,2021-12-01,9,4.2644653,2.8804471492767334,6.042669773101807,26.369923,9.469444
region,Valparaíso,2022-01-01,9,5.451475,3.1783130168914795,7.936368465423584,20.012371,8.558586
region,Valparaíso,2022-02-01,9,5.430723,2.448057174682617,7.328382968902588,29.326822,8.353549
region,Valparaíso,2022-03-01,9,6.198693,3.647254228591919,7.453649520874023,38.244316,11.528852
region,Valparaíso,2022-04-01,9,7.0766225,4.1356964111328125,9.022324562072754,45.56302,12.795619
region,Valparaíso,2022-05-01,9,7.949848,5.4632248878479,10.880325317382812,55.85269,12.272365
region,Valparaíso,2022-06-01,9,4.879414,1.9999582767486572,5.135838031768799,54.780525,8.491148
region,Valparaíso,2022-07-01,9,4.9742055,2.6688146591186523,6.027090549468994,51.71674,6.535995
region,Valparaíso,2022-08-01,9,3.7940936,2.604492425918579,4.596358776092529,52.52375,7.389868
region,Valparaíso,2022-09-01,9,2.8885198,1.7734825611114502,3.859832286834717,45.250473,8.008654
region,Valparaíso,2022-10-01,9,3.242269,1.633270263671875,3.4846339225769043,35.662598,9.113352
region,Valparaíso,2022-11-01,9,4.5383782,2.1092448234558105,4.930704116821289,36.962425,9.810754
region,Valparaíso,2022-12-01,9,2.600654,2.162496566772461,3.0570499897003174,27.644238,10.361229
region,Valparaíso,2023-01-01,9,3.802925,1.8830852508544922,5.038494110107422,24.13687,9.078224
region,Valparaíso,2023-02-01,9,4.775256,2.476766347885132,6.013922214508057,36.78025,9.303688
region,Valparaíso,2023-03-01,9,4.9170475,2.9140608310699463,7.427937984466553,38.9582,10.978799
region,Valparaíso,2023-04-01,9,5.549074,3.669036865234375,6.288022041320801,46.899975,12.892541
region,Valparaíso,2023-05-01,9,6.1775336,3.787496566772461,7.591675281524658,55.35939,11.813779
region,Valparaíso,2023-06-01,9,4.1995645,1.7956643104553223,3.5621509552001953,63.83702,8.382071
region,Valparaíso,2023-07-01,9,4.3594604,1.8852174282073975,3.8632054328918457,60.204823,6.8575835
region,Valparaíso,2023-08-01,9,3.880783,2.0425844192504883,3.9714090824127197,53.55115,6.728745
region,Valparaíso,2023-09-01,9,3.289322,1.9658881425857544,4.079637050628662,45.738224,7.689066
region,Valparaíso,2023-10-01,9,3.2188747,2.056083917617798,3.893812656402588,35.18866,8.461593
region,Valparaíso,2023-11-01,9,3.2072606,2.0382492542266846,3.990844964981079,27.259054,10.124632
region,Valparaíso,2023-12-01,9,2.9074302,2.158888816833496,3.7422432899475098,25.92895,10.093963
region,Valparaíso,2024-01-01,9,2.8742669,2.0355143547058105,3.5663697719573975,26.481306,10.002634
region,Valparaíso,2024-02-01,9,2.8707304,1.58186674118042,4.333972930908203,30.804829,8.8095875
region,Valparaíso,2024-03-01,9,3.1966224,1.6209783554077148,4.734668254852295,39.70737,12.214064
region,Valparaíso,2024-04-01,9,3.798283,2.616044759750366,5.067278861999512,42.806137,12.4841585
region,Valparaíso,2024-05-01,9,4.4514227,2.6088497638702393,5.346175670623779,47.73053,10.851989
region,Valparaíso,2024-06-01,9,4.2591786,2.3781559467315674,5.142293930053711,52.258865,7.3655286
region,Valparaíso,2024-07-01,9,4.6731167,2.2565088272094727,5.5627641677856445,59.052586,7.634297
region,Valparaíso,2024-08-01,9,4.2685738,2.437440872192383,5.399306297302246,46.422375,6.820777
region,Valparaíso,2024-09-01,9,3.9233906,3.141554832458496,4.867355823516846,42.9255,8.250782
region,Valparaíso,2024-10-01,9,3.6557884,2.1090378761291504,4.809701442718506,39.889244,8.569923
region,Valparaíso,2024-11-01,9,3.4636564,2.378920078277588,3.6621737480163574,26.829273,10.219215
region,Valparaíso,2024-12-01,9,3.25874,2.1183905601501465,3.87058424949646,25.565407,10.117749
region,Metropolitana,2019-01-01,4,1.6727685,1.4890227019786835,1.8187932670116425,5.05153,24.764112
region,Metropolitana,2019-02-01,4,1.4389502,1.1491557359695435,1.5972857475280762,5.3562284,21.416609
region,Metropolitana,2019-03-01,3,1.4304155,1.1596086025238037,1.613833487033844,6.9783473,27.901344
region,Metropolitana,2019-04-01,3,1.4051094,1.0627646446228027,1.5989296436309814,9.023062,35.853313
region,Metropolitana,2019-05-01,4,1.8641875,1.0561823844909668,2.1888092160224915,10.3694105,31.943823
region,Metropolitana,2019-06-01,4,1.7023387,1.1774239838123322,2.0067620277404785,10.691518,27.390594
region,Metropolitana,2019-07-01,4,2.0544631,1.7250931859016418,2.3476086258888245,11.972021,26.297499
region,Metropolitana,2019-08-01,3,2.1726918,1.8610326051712036,2.6742539405822754,10.370501,25.733925
region,Metropolitana,2019-09-01,3,2.0895154,1.7933077216148376,2.597245216369629,9.695995,26.615868
region,Metropolitana,2019-10-01,4,2.13227,1.7928915321826935,2.6195430755615234,7.187816,24.93761
region,Metropolitana,2019-11-01,4,2.5823197,2.47454172372818,3.1577308773994446,5.409541,27.60751
region,Metropolitana,2019-12-01,4,2.898874,2.4654440581798553,3.2254603505134583,4.225673,22.87967
region,Metropolitana,2020-01-01,4,2.1633244,1.7574938535690308,3.238780438899994,6.204623,23.311573
region,Metropolitana,2020-02-01,3,2.19339,1.7120714783668518,2.6262733936309814,6.877234,21.635838
region,Metropolitana,2020-03-01,3,2.6463795,1.8056854605674744,3.3489071130752563,8.557969,31.042063
region,Metropolitana,2020-04-01,3,2.509081,1.9228830337524414,3.147151827812195,10.211277,36.83581
region,Metropolitana,2020-05-01,3,2.7870808,2.311530292034149,3.587967038154602,11.600154,36.11309
region,Metropolitana,2020-06-01,3,2.8673496,2.3468456864356995,3.743987560272217,13.79414,27.451729
region,Metropolitana,2020-07-01,3,3.2360792,2.666925549507141,4.1012279987335205,12.916134,26.431786
region,Metropolitana,2020-08-01,3,3.1133263,2.322214186191559,4.059586524963379,13.634272,30.920444
region,Metropolitana,2020-09-01,2,1.3303039,2.176510453224182,3.9071701765060425,19.745165,32.838486
region,Metropolitana,2020-10-01,1,1.3175268,1.3175268173217773,1.3175268173217773,15.481192,31.44032
region,Metropolitana,2020-11-01,1,1.2323922,1.2323921918869019,1.2323921918869019,11.823624,29.825262
region,Metropolitana,2020-12-01,1,1.4073119,1.4073119163513184,1.4073119163513184,10.130527,23.365948
region,Metropolitana,2021-01-01,3,1.2615883,1.1419760584831238,1.3300504684448242,5.356319,20.833454
region,Metropolitana,2021-02-01,3,1.0843452,1.0308110117912292,1.1228273510932922,7.238446,23.18466
region,Metropolitana,2021-03-01,3,1.357276,1.1496236324310303,1.5304166674613953,8.287873,29.446667
region,Metropolitana,2021-04-01,3,1.1263232,1.0424721240997314,1.18856543302536,10.214868,40.137802
region,Metropolitana,2021-05-01,3,1.2039094,1.140665352344513,1.2917636632919312,12.265447,38.062077
region,Metropolitana,2021-06-01,3,1.434929,1.1079003810882568,1.659439504146576,13.260169,30.472624
region,Metropolitana,2021-07-01,3,1.7617224,1.809782326221466,2.312158524990082,9.08652,30.555037
region,Metropolitana,2021-08-01,3,1.4356579,1.3430452942848206,1.5329167246818542,13.041458,28.669573
region,Metropolitana,2021-09-01,3,1.3410394,1.3056895732879639,1.3982411623001099,10.627376,31.649504
region,Metropolitana,2021-10-01,3,1.5631226,1.5306309461593628,1.5845052003860474,8.69157,32.314907
region,Metropolitana,2021-11-01,3,1.8063822,1.7298681139945984,1.92779940366745,7.114939,28.62264
region,Metropolitana,2021-12-01,3,1.8571234,1.7398662567138672,2.0112205743789673,6.4633613,25.754835
region,Metropolitana,2022-01-01,3,1.7795044,1.5887940526008606,1.885933756828308,5.606856,23.38518
region,Metropolitana,2022-02-01,3,1.7306608,1.547133207321167,1.8874478936195374,6.7085524,21.014194
region,Metropolitana,2022-03-01,3,1.9394732,1.7281989455223083,2.1666150093078613,8.619107,29.95899
region,Metropolitana,2022-04-01,2,1.9241062,1.7039042711257935,2.1467822790145874,10.970709,32.775352
region,Metropolitana,2022-05-01,2,2.5686784,2.309350371360779,2.824532628059387,15.115133,37.5082
region,Metropolitana,2022-06-01,2,2.664114,2.3377135396003723,2.9896082282066345,16.481688,33.709618
region,Metropolitana,2022-07-01,2,2.5183024,2.201425790786743,2.8125898838043213,17.332766,28.962515
region,Metropolitana,2022-08-01,2,2.4590502,2.139768362045288,2.766428232192993,15.0324745,31.24099
region,Metropolitana,2022-09-01,2,2.089673,1.874779999256134,2.306367814540863,12.496061,33.43308
region,Metropolitana,2022-10-01,2,1.2780191,1.1609427630901337,1.3996292650699615,10.187791,33.157825
region,Metropolitana,2022-11-01,2,1.3625782,1.2517065107822418,1.4737584292888641,8.92095,30.271534
region,Metropolitana,2022-12-01,2,1.2773167,1.2123689353466034,1.3486744463443756,7.098672,24.410486
region,Metropolitana,2023-01-01,2,1.0656183,1.0571706891059875,1.0740658640861511,6.9082627,24.019363
region,Metropolitana,2023-02-01,2,1.5444329,1.4141790270805359,1.6746864914894104,8.5829315,22.667606
region,Metropolitana,2023-03-01,2,1.5587248,1.3878955841064453,1.7323427200317383,9.800678,30.865505
region,Metropolitana,2023-04-01,2,1.8208874,1.6365713477134705,2.0026453137397766,11.948468,35.70621
region,Metropolitana,2023-05-01,2,2.2832453,2.0444512367248535,2.527923583984375,15.082587,37.08831
region,Metropolitana,2023-06-01,2,2.5489936,2.3258004188537598,2.7778735160827637,16.217213,26.17216
region,Metropolitana,2023-07-01,2,2.5212839,2.2907724380493164,2.756833553314209,16.445566,26.782091
region,Metropolitana,2023-08-01,2,2.4354043,2.0775179266929626,2.791366398334503,14.011775,24.977179
region,Metropolitana,2023-09-01,2,2.6071866,2.3676295280456543,2.8440895080566406,12.272068,26.309435
region,Metropolitana,2023-10-01,2,2.4535975,2.194900006055832,2.704016834497452,10.648406,29.841621
region,Metropolitana,2023-11-01,2,2.495131,2.3532413244247437,2.7165013551712036,9.251602,28.6944
region,Metropolitana,2023-12-01,2,2.7246387,2.5482779145240784,2.8976966738700867,7.5752406,25.000374
region,Metropolitana,2024-01-01,2,2.811122,2.6603938341140747,2.9440592527389526,6.8246126,24.369072
region,Metropolitana,2024-02-01,2,2.2709734,2.148034155368805,2.4068939089775085,7.888553,22.12206
region,Metropolitana,2024-03-01,2,2.763848,2.6003186106681824,2.726602613925934,13.474433,30.365467
region,Metropolitana,2024-04-01,2,2.2139359,2.1096356213092804,2.4008890092372894,12.0477,29.462597
region,Metropolitana,2024-05-01,2,1.9213105,1.6115857064723969,2.2121773064136505,14.788685,36.660145
region,Metropolitana,2024-06-01,2,2.0247207,1.7149651050567627,2.3344762325286865,15.054814,27.692907
region,Metropolitana,2024-07-01,2,2.6728551,2.6621111631393433,2.683426022529602,17.557846,30.469683
region,Metropolitana,2024-08-01,2,2.3043277,2.2812697291374207,2.3283496499061584,14.874799,28.55584
region,Metropolitana,2024-09-01,2,2.1470208,2.1038854122161865,2.1901562213897705,12.927975,30.16087
region,Metropolitana,2024-10-01,2,1.9350322,1.8693347871303558,1.9855847656726837,10.583951,33.99185
region,Metropolitana,2024-11-01,2,1.8942399,1.869202345609665,1.919417530298233,8.410134,28.56677
region,Metropolitana,2024-12-01,2,1.6943473,1.606692135334015,1.7815317511558533,7.0689983,24.22902
region,O'Higgins,2019-01-01,1,4.5549793,4.55497932434082,4.55497932434082,2.426014,10.013352
region,O'Higgins,2019-02-01,1,3.542244,3.5422439575195312,3.5422439575195312,2.9547212,8.529909
region,O'Higgins,2019-03-01,1,3.2105007,3.210500717163086,3.210500717163086,3.8470402,11.008521
region,O'Higgins,2019-04-01,1,1.2267249,1.2267248630523682,1.2267248630523682,5.1322956,14.429588
region,O'Higgins,2019-05-01,1,1.1898106,1.1898106336593628,1.1898106336593628,6.4033394,12.286475
region,O'Higgins,2019-06-01,1,1.0052514,1.005251407623291,1.005251407623291,7.716492,10.148494
region,O'Higgins,2019-07-01,1,1.0249115,1.0249115228652954,1.0249115228652954,8.9366455,10.666671
region,O'Higgins,2019-08-01,1,1.1462787,1.146278738975525,1.146278738975525,5.3646297,10.637603
region,O'Higgins,2019-09-01,1,1.0658625,1.0658625364303589,1.0658625364303589,4.6476526,10.703757
region,O'Higgins,2019-10-01,1,1.0011549,1.001154899597168,1.001154899597168,3.621395,9.906819
region,O'Higgins,2019-11-01,1,1.0260863,1.0260863304138184,1.0260863304138184,2.400041,10.149403
region,O'Higgins,2019-12-01,1,1.018076,1.018075942993164,1.018075942993164,2.0262568,8.891569
region,O'Higgins,2020-01-01,1,1.017412,1.0174119472503662,1.0174119472503662,1.9164538,9.317331
region,O'Higgins,2020-02-01,1,1.0709596,1.0709595680236816,1.0709595680236816,2.6797729,8.430181
region,O'Higgins,2020-03-01,1,1.0137618,1.0137617588043213,1.0137617588043213,3.4549813,11.436896
region,O'Higgins,2020-04-01,1,1.0632772,1.063277244567871,1.063277244567871,4.645422,13.3840275
region,O'Higgins,2020-05-01,1,1.1129229,1.1129229068756104,1.1129229068756104,6.239803,12.375904
region,O'Higgins,2020-06-01,1,1.0102998,1.010299801826477,1.010299801826477,7.718907,9.119378
region,O'Higgins,2020-07-01,1,1.0523087,1.0523086786270142,1.0523086786270142,8.410508,9.406602
region,O'Higgins,2020-08-01,1,1.0905874,1.0905873775482178,1.0905873775482178,7.5741534,10.88838
region,O'Higgins,2020-09-01,1,1.1934664,1.1934664249420166,1.1934664249420166,5.531474,11.167445
region,O'Higgins,2020-10-01,1,1.0964305,1.0964305400848389,1.0964305400848389,3.422345,10.907287
region,O'Higgins,2020-11-01,1,1.0272613,1.0272612571716309,1.0272612571716309,2.486324,10.576966
region,O'Higgins,2020-12-01,1,1.0489581,1.0489580631256104,1.0489580631256104,2.2477872,8.754738
region,O'Higgins,2021-01-01,1,1.065527,1.0655269622802734,1.0655269622802734,2.0676193,8.421173
region,O'Higgins,2021-02-01,1,1.0429403,1.0429402589797974,1.0429402589797974,3.0902157,8.711666
region,O'Higgins,2021-03-01,1,1.0163772,1.0163772106170654,1.0163772106170654,3.2606544,10.835487
region,O'Higgins,2021-04-01,1,1.0227472,1.0227471590042114,1.0227471590042114,4.5708833,14.2659445
region,O'Higgins,2021-05-01,1,1.0258514,1.0258513689041138,1.0258513689041138,6.4999266,12.597441
region,O'Higgins,2021-06-01,1,1.0086743,1.0086742639541626,1.0086742639541626,7.4984946,10.378803
region,O'Higgins,2021-07-01,1,1.0157317,1.015731692314148,1.015731692314148,7.7326508,10.7695465
region,O'Higgins,2021-08-01,1,1.0101359,1.0101358890533447,1.0101358890533447,6.9259863,10.20407
region,O'Higgins,2021-09-01,1,1.0111592,1.0111591815948486,1.0111591815948486,5.3970294,10.886321
region,O'Higgins,2021-10-01,1,1.010919,1.0109189748764038,1.0109189748764038,3.3480947,10.926284
region,O'Higgins,2021-11-01,1,1.0019554,1.0019553899765015,1.0019553899765015,2.6613116,10.304658
region,O'Higgins,2021-12-01,1,1.0626117,1.062611699104309,1.062611699104309,2.0220292,9.99643
region,O'Higgins,2022-01-01,1,1.1755978,1.1755977869033813,1.1755977869033813,1.5776669,8.939753
region,O'Higgins,2022-02-01,1,1.1983484,1.1983484029769897,1.1983484029769897,2.4036849,8.2954445
region,O'Higgins,2022-03-01,1,1.0194215,1.0194214582443237,1.0194214582443237,3.7999938,11.201335
region,O'Higgins,2022-04-01,1,1.0113624,1.0113624334335327,1.0113624334335327,5.1309776,12.665148
region,O'Higgins,2022-05-01,1,1.0211471,1.0211471319198608,1.0211471319198608,6.624132,12.722449
region,O'Higgins,2022-06-01,1,1.0265595,1.0265594720840454,1.0265594720840454,7.8561525,10.920269
region,O'Higgins,2022-07-01,1,1.0105541,1.0105540752410889,1.0105540752410889,9.123883,10.177725
region,O'Higgins,2022-08-01,1,1.0014052,1.0014052391052246,1.0014052391052246,8.018968,11.144339
region,O'Higgins,2022-09-01,1,1.000085,1.0000849962234497,1.0000849962234497,4.082551,11.200591
region,O'Higgins,2022-10-01,1,1.0,1.0,1.0,3.1856203,11.005819
region,O'Higgins,2022-11-01,1,1.0,1.0,1.0,2.8447394,10.39193
region,O'Higgins,2022-12-01,1,1.0,1.0,1.0,1.8653561,9.023724
region,O'Higgins,2023-01-01,1,1.0,1.0,1.0,1.917584,9.337284
region,O'Higgins,2023-02-01,1,1.0012217,1.0012216567993164,1.0012216567993164,3.3739815,8.535786
region,O'Higgins,2023-03-01,1,1.006213,1.0062129497528076,1.0062129497528076,3.644773,11.446303
region,O'Higgins,2023-04-01,1,1.0122905,1.0122904777526855,1.0122904777526855,4.4660087,13.173669
region,O'Higgins,2023-05-01,1,1.0006486,1.0006486177444458,1.0006486177444458,6.82049,12.505507
region,O'Higgins,2023-06-01,1,1.0260112,1.0260112285614014,1.0260112285614014,6.299721,9.133419
region,O'Higgins,2023-07-01,1,1.1036699,1.1036698818206787,1.1036698818206787,7.8600764,9.853383
region,O'Higgins,2023-08-01,1,1.0021709,1.0021709203720093,1.0021709203720093,6.4180994,9.162117
region,O'Higgins,2023-09-01,1,1.000037,1.0000369548797607,1.0000369548797607,6.8856525,9.535487
region,O'Higgins,2023-10-01,1,1.0023171,1.0023170709609985,1.0023170709609985,3.790568,10.417327
region,O'Higgins,2023-11-01,1,1.0006703,1.000670313835144,1.000670313835144,3.051955,10.523151
region,O'Higgins,2023-12-01,1,1.0028223,1.0028222799301147,1.0028222799301147,2.3119237,10.141307
region,O'Higgins,2024-01-01,1,1.0000405,1.0000405311584473,1.0000405311584473,2.3019404,9.701817
region,O'Higgins,2024-02-01,1,1.0001163,1.0001163482666016,1.0001163482666016,2.5502899,8.753176
region,O'Higgins,2024-03-01,1,1.000581,1.0005810260772705,1.0005810260772705,3.5636594,11.420985
region,O'Higgins,2024-04-01,1,1.000589,1.0005890130996704,1.0005890130996704,4.5186396,11.864284
region,O'Higgins,2024-05-01,1,1.0015541,1.0015541315078735,1.0015541315078735,6.8933444,12.090655
region,O'Higgins,2024-06-01,1,1.010028,1.0100280046463013,1.0100280046463013,7.6931744,9.410598
region,O'Higgins,2024-07-01,1,1.0264179,1.026417851448059,1.026417851448059,9.528078,10.491487
region,O'Higgins,2024-08-01,1,1.0041814,1.0041813850402832,1.0041813850402832,7.7263417,10.059302
region,O'Higgins,2024-09-01,1,1.3185315,1.3185315132141113,1.3185315132141113,5.9526224,10.527905
region,O'Higgins,2024-10-01,1,1.0040731,1.004073143005371,1.004073143005371,3.6938968,11.294
region,O'Higgins,2024-11-01,1,1.000433,1.0004329681396484,1.0004329681396484,2.4357855,10.173344
region,O'Higgins,2024-12-01,1,1.0000407,1.0000406503677368,1.0000406503677368,2.0677013,9.515347
region,Maule,2019-01-01,1,1.2781456,1.2781455516815186,1.2781455516815186,0.9007367,0.49557
region,Maule,2019-02-01,1,1.2665765,1.2665765285491943,1.2665765285491943,0.9925455,0.5409487
region,Maule,2019-03-01,1,1.214966,1.214966058731079,1.214966058731079,1.2245002,0.73567545
region,Maule,2019-04-01,1,1.1309053,1.130905270576477,1.130905270576477,1.4878342,0.70320463
region,Maule,2019-05-01,1,1.0268946,1.0268945693969727,1.0268945693969727,1.9804235,0.6980005
region,Maule,2019-06-01,1,1.0759212,1.0759211778640747,1.0759211778640747,1.8296827,0.5190533
region,Maule,2019-07-01,1,1.2148497,1.2148497104644775,1.2148497104644775,1.6101594,0.4926481
region,Maule,2019-08-01,1,1.0878891,1.0878890752792358,1.0878890752792358,1.477261,0.47917596
region,Maule,2019-09-01,1,1.0080308,1.0080307722091675,1.0080307722091675,1.2211499,0.46932727
region,Maule,2019-10-01,1,1.0070204,1.007020354270935,1.007020354270935,1.1741472,0.4650155
region,Maule,2019-11-01,1,1.0163497,1.0163496732711792,1.0163496732711792,0.9095809,0.4347712
region,Maule,2019-12-01,1,1.1663824,1.1663824319839478,1.1663824319839478,0.82830167,0.48205176
region,Maule,2020-01-01,1,1.2011973,1.2011972665786743,1.2011972665786743,0.94813,0.5299173
region,Maule,2020-02-01,1,1.120625,1.1206250190734863,1.1206250190734863,0.9682633,0.54828274
region,Maule,2020-03-01,1,1.7666171,1.7666170597076416,1.7666170597076416,1.2342683,0.5970423
region,Maule,2020-04-01,1,1.0378312,1.03783118724823,1.03783118724823,1.3044573,0.7318029
region,Maule,2020-05-01,1,1.057612,1.0576119422912598,1.0576119422912598,1.5727153,0.6202681
region,Maule,2020-06-01,1,1.1251857,1.1251857280731201,1.1251857280731201,2.1524336,0.5261532
region,Maule,2020-07-01,1,1.085163,1.0851629972457886,1.0851629972457886,1.89758,0.44794518
region,Maule,2020-08-01,1,1.0560459,1.0560458898544312,1.0560458898544312,1.2754979,0.4631862
region,Maule,2020-09-01,1,1.0044335,1.004433512687683,1.004433512687683,1.2002501,0.5288835
region,Maule,2020-10-01,1,1.0075952,1.007595181465149,1.007595181465149,1.3487507,0.4602482
region,Maule,2020-11-01,1,1.0118968,1.0118968486785889,1.0118968486785889,0.9853281,0.49083123
region,Maule,2020-12-01,1,1.0260272,1.0260272026062012,1.0260272026062012,0.7683541,0.4124308
region,Maule,2021-01-01,1,1.0551018,1.055101752281189,1.055101752281189,0.95344543,0.47784463
region,Maule,2021-02-01,1,1.0005563,1.0005563497543335,1.0005563497543335,0.93039834,0.44312015
region,Maule,2021-03-01,1,1.0180815,1.018081545829773,1.018081545829773,1.1834506,0.6246722
region,Maule,2021-04-01,1,1.0205433,1.0205433368682861,1.0205433368682861,1.3998082,0.65483105
region,Maule,2021-05-01,1,1.3205128,1.3205127716064453,1.3205127716064453,1.8355043,0.6300997
region,Maule,2021-06-01,1,1.1879383,1.1879383325576782,1.1879383325576782,1.9976368,0.58454776
region,Maule,2021-07-01,1,1.0296311,1.0296311378479004,1.0296311378479004,1.8453021,0.51706797
region,Maule,2021-08-01,1,1.1237534,1.1237534284591675,1.1237534284591675,1.4813997,0.48167762
region,Maule,2021-09-01,1,1.0307542,1.0307542085647583,1.0307542085647583,1.2095425,0.4581041
region,Maule,2021-10-01,1,1.0051767,1.0051766633987427,1.0051766633987427,1.066162,0.46068126
region,Maule,2021-11-01,1,1.0004207,1.0004206895828247,1.0004206895828247,0.90039647,0.47397712
region,Maule,2021-12-01,1,1.0041577,1.0041576623916626,1.0041576623916626,0.912205,0.49458304
region,Maule,2022-01-01,1,1.0043225,1.0043225288391113,1.0043225288391113,0.8417529,0.3637529
region,Maule,2022-02-01,1,1.0343329,1.0343328714370728,1.0343328714370728,1.023978,0.48925313
region,Maule,2022-03-01,1,1.0021981,1.0021981000900269,1.0021981000900269,1.1849834,0.6368245
region,Maule,2022-04-01,1,1.0093842,1.0093841552734375,1.0093841552734375,1.265641,0.6011781
region,Maule,2022-05-01,1,1.0000271,1.000027060508728,1.000027060508728,2.046202,0.7550541
region,Maule,2022-06-01,1,1.0045747,1.0045746564865112,1.0045746564865112,2.111565,0.7187136
region,Maule,2022-07-01,1,1.0003918,1.0003918409347534,1.0003918409347534,1.854177,0.46304712
region,Maule,2022-08-01,1,1.0018945,1.001894474029541,1.001894474029541,1.6121116,0.46775192
region,Maule,2022-09-01,1,1.0000699,1.0000698566436768,1.0000698566436768,1.3847593,0.47125065
region,Maule,2022-10-01,1,1.0047755,1.0047755241394043,1.0047755241394043,0.92241615,0.48898435
region,Maule,2022-11-01,1,1.1043217,1.1043217182159424,1.1043217182159424,1.0953145,0.5718622
region,Maule,2022-12-01,1,1.2973784,1.297378420829773,1.297378420829773,0.8679586,0.4898244
region,Maule,2023-01-01,1,1.2190676,1.2190675735473633,1.2190675735473633,0.9181343,0.54752976
region,Maule,2023-02-01,1,1.5221045,1.5221045017242432,1.5221045017242432,1.7730522,1.605644
region,Maule,2023-03-01,1,1.3948233,1.3948233127593994,1.3948233127593994,1.3226407,0.5881124
region,Maule,2023-04-01,1,1.502569,1.5025689601898193,1.5025689601898193,1.2892765,0.6233581
region,Maule,2023-05-01,1,2.3508468,2.350846767425537,2.350846767425537,1.8429399,0.6615065
region,Maule,2023-06-01,1,3.401534,3.401534080505371,3.401534080505371,1.6405585,0.5586253
region,Maule,2023-07-01,1,3.0915499,3.091549873352051,3.091549873352051,1.8311156,0.50190735
region,Maule,2023-08-01,1,2.1886857,2.188685655593872,2.188685655593872,1.4230742,0.44316855
region,Maule,2023-09-01,1,1.7356068,1.7356067895889282,1.7356067895889282,1.4276096,0.44436583
region,Maule,2023-10-01,1,1.707385,1.7073849439620972,1.7073849439620972,1.1603713,0.46708164
region,Maule,2023-11-01,1,1.1899999,1.1899999380111694,1.1899999380111694,1.0120667,0.3884213
region,Maule,2023-12-01,1,1.2067881,1.2067880630493164,1.2067880630493164,0.890086,0.4402031
region,Maule,2024-01-01,1,1.5751085,1.575108528137207,1.575108528137207,0.96783084,0.53274405
region,Maule,2024-02-01,1,1.3647695,1.364769458770752,1.364769458770752,0.93601686,0.51754165
region,Maule,2024-03-01,1,1.3431444,1.343144416809082,1.343144416809082,1.1847056,0.57851374
region,Maule,2024-04-01,1,1.675323,1.6753230094909668,1.6753230094909668,1.2510432,0.60700417
region,Maule,2024-05-01,1,2.0707288,2.0707287788391113,2.0707287788391113,2.0051613,0.7376273
region,Maule,2024-06-01,1,2.4449513,2.444951295852661,2.444951295852661,1.9916872,0.4819815
region,Maule,2024-07-01,1,2.5257258,2.525725841522217,2.525725841522217,2.0078948,0.56039643
region,Maule,2024-08-01,1,2.443212,2.4432120323181152,2.4432120323181152,1.7958028,0.4876161
region,Maule,2024-09-01,1,2.0684936,2.068493604660034,2.068493604660034,1.2634547,0.44184503
region,Maule,2024-10-01,1,1.9604877,1.960487723350525,1.960487723350525,1.1421491,0.50280213
region,Maule,2024-11-01,1,1.0073501,1.0073500871658325,1.0073500871658325,1.020237,0.41014728
region,Maule,2024-12-01,1,1.0749595,1.0749595165252686,1.0749595165252686,0.8011819,0.453366
region,Biobío–Ñuble,2019-01-01,11,4.184723,2.0615065693855286,4.734756708145142,1.8159387,0.74077225
region,Biobío–Ñuble,2019-02-01,11,3.447896,1.9923598170280457,3.315922260284424,2.0178757,0.7953162
region,Biobío–Ñuble,2019-03-01,12,3.8597102,2.3511515855789185,3.378584861755371,2.1166117,0.9395118
region,Biobío–Ñuble,2019-04-01,13,2.6917415,1.9829072952270508,2.7060930728912354,2.6721382,1.0979716
region,Biobío–Ñuble,2019-05-01,14,2.2405477,1.683983713388443,2.965307831764221,3.05301,1.1490405
region,Biobío–Ñuble,2019-06-01,13,1.7617991,1.0533974170684814,1.9117763042449951,2.7985468,0.74956083
region,Biobío–Ñuble,2019-07-01,14,1.75739,1.084721177816391,1.9397306740283966,2.5974877,0.6573509
region,Biobío–Ñuble,2019-08-01,14,2.1256013,1.4453983902931213,2.9173563718795776,2.4903283,0.63825244
region,Biobío–Ñuble,2019-09-01,14,2.3332262,1.342416673898697,2.413865029811859,2.1301894,0.68318325
region,Biobío–Ñuble,2019-10-01,14,2.1168928,1.3514265716075897,2.1843217611312866,1.9658529,0.71517193
region,Biobío–Ñuble,2019-11-01,15,2.5904646,1.3268885016441345,2.245243787765503,1.602385,0.58392495
region,Biobío–Ñuble,2019-12-01,15,3.197313,1.3847004771232605,2.276307463645935,1.275617,0.48788545
region,Biobío–Ñuble,2020-01-01,15,2.7968795,1.281879186630249,2.468508243560791,1.4522237,0.58593935
region,Biobío–Ñuble,2020-02-01,16,2.8866363,1.392913043498993,2.3681452870368958,1.5213777,0.61207736
region,Biobío–Ñuble,2020-03-01,16,2.9540474,1.4295802414417267,2.8427571654319763,1.7921032,0.6922623
region,Biobío–Ñuble,2020-04-01,16,2.6317384,1.3820829689502716,3.5858261585235596,2.0480576,0.8339573
region,Biobío–Ñuble,2020-05-01,15,2.3687513,1.3004325032234192,2.531976819038391,2.4931507,0.94199884
region,Biobío–Ñuble,2020-06-01,16,1.6430886,1.0194834470748901,1.985975056886673,2.339484,0.645519
region,Biobío–Ñuble,2020-07-01,16,1.3659815,1.0025623589754105,1.673288345336914,2.2816465,0.5637671
region,Biobío–Ñuble,2020-08-01,14,1.6851561,1.0809357464313507,2.2186934053897858,2.0017598,0.55820966
region,Biobío–Ñuble,2020-09-01,14,2.020045,1.2263095676898956,2.322086453437805,2.128492,0.71030134
region,Biobío–Ñuble,2020-10-01,14,2.2572403,1.2177834212779999,2.208470940589905,1.8790462,0.63662475
region,Biobío–Ñuble,2020-11-01,14,2.1583464,1.1971516907215118,1.975776493549347,1.4952364,0.614021
region,Biobío–Ñuble,2020-12-01,18,2.0433831,1.0638740062713623,2.197276085615158,1.3102052,0.5114492
region,Biobío–Ñuble,2021-01-01,18,2.2701511,1.3140250146389008,2.327672839164734,1.3028654,0.5086566
region,Biobío–Ñuble,2021-02-01,18,2.172023,1.2573932707309723,2.711103677749634,1.5965286,0.71983516
region,Biobío–Ñuble,2021-03-01,18,2.4489841,1.18500554561615,2.8019092679023743,1.9098464,0.8328974
region,Biobío–Ñuble,2021-04-01,18,2.607241,1.0679931640625,2.437048316001892,1.8886902,0.85870636
region,Biobío–Ñuble,2021-05-01,18,2.025327,1.0826266705989838,2.050111800432205,2.4239254,0.9336546
region,Biobío–Ñuble,2021-06-01,18,2.4877548,1.0514508187770844,1.7123940289020538,2.44375,0.8030133
region,Biobío–Ñuble,2021-07-01,18,2.1929505,1.0222964882850647,2.121297925710678,2.5035813,0.67903775
region,Biobío–Ñuble,2021-08-01,18,2.127707,1.0277923047542572,1.9453464448451996,2.2188542,0.59807307
region,Biobío–Ñuble,2021-09-01,18,1.8892331,1.012793093919754,1.6026969254016876,1.8158889,0.63340145
region,Biobío–Ñuble,2021-10-01,18,2.6093192,1.1199523508548737,3.018636167049408,1.5592678,0.5934311
region,Biobío–Ñuble,2021-11-01,18,2.3203578,1.2840155363082886,2.6974319219589233,1.2917454,0.59971154
region,Biobío–Ñuble,2021-12-01,18,1.8851609,1.0020069181919098,2.3185951113700867,1.5056534,0.661429
region,Biobío–Ñuble,2022-01-01,18,1.7220426,1.0102781653404236,1.901848942041397,1.238786,0.577365
region,Biobío–Ñuble,2022-02-01,18,2.149379,1.0182750225067139,2.2035908102989197,1.5361956,0.72805816
region,Biobío–Ñuble,2022-03-01,18,2.0324953,1.0841666162014008,1.9887795448303223,1.5823524,0.9265249
region,Biobío–Ñuble,2022-04-01,18,1.469257,1.0465106666088104,1.4792287945747375,1.6658388,0.77802086
region,Biobío–Ñuble,2022-05-01,18,1.456742,1.0573622584342957,1.8316784501075745,2.669116,0.9273085
region,Biobío–Ñuble,2022-06-01,18,1.2588965,0.9655894339084625,1.4671773612499237,3.0683744,0.83650535
region,Biobío–Ñuble,2022-07-01,18,1.1754699,0.9502611756324768,1.4260657727718353,2.2678776,0.56479657
region,Biobío–Ñuble,2022-08-01,18,1.5831094,1.0826103687286377,1.7722112834453583,2.16853,0.6141858
region,Biobío–Ñuble,2022-09-01,18,1.3372883,0.9776996821165085,1.4631190299987793,1.9725728,0.7127347
region,Biobío–Ñuble,2022-10-01,18,1.5576671,1.0020703971385956,1.7255947589874268,1.6356212,0.62882435
region,Biobío–Ñuble,2022-11-01,18,1.5934179,1.0066586136817932,1.7934129238128662,1.5150696,0.685194
region,Biobío–Ñuble,2022-12-01,18,1.6894758,1.005072444677353,1.6507259607315063,1.2936168,0.60531217
region,Biobío–Ñuble,2023-01-01,18,1.8846923,1.0885666608810425,1.9168890714645386,1.2378227,0.6228538
region,Biobío–Ñuble,2023-02-01,18,2.0926356,1.0813599228858948,2.348013997077942,2.1013417,2.899311
region,Biobío–Ñuble,2023-03-01,18,1.5225863,1.1057638227939606,1.8157601654529572,1.7047992,0.7188252
region,Biobío–Ñuble,2023-04-01,18,1.7391747,1.0218521356582642,1.5665291845798492,1.7642553,0.8925607
region,Biobío–Ñuble,2023-05-01,18,2.3956306,1.0301701426506042,1.575362116098404,2.2872593,0.8425086
region,Biobío–Ñuble,2023-06-01,18,2.1150055,1.0827466547489166,1.577713131904602,2.2895858,0.71689427
region,Biobío–Ñuble,2023-07-01,18,1.8823586,1.0422763228416443,1.5144639015197754,2.3158705,0.6227294
region,Biobío–Ñuble,2023-08-01,18,1.4568104,1.0175573825836182,1.6120626330375671,2.1123512,0.55803627
region,Biobío–Ñuble,2023-09-01,18,1.3624679,1.0241691768169403,1.4328480064868927,1.6768098,0.57689637
region,Biobío–Ñuble,2023-10-01,18,1.451494,0.8116570264101028,1.3482182621955872,1.6207247,0.6084199
region,Biobío–Ñuble,2023-11-01,14,1.5734271,1.078625500202179,1.4442135393619537,1.524449,0.5825971
region,Biobío–Ñuble,2023-12-01,14,1.6287023,1.138367921113968,1.4075251519680023,1.4783431,0.632133
region,Biobío–Ñuble,2024-01-01,14,1.8881329,1.2556060552597046,1.4883463084697723,1.4962914,0.5879523
region,Biobío–Ñuble,2024-02-01,14,1.8533217,1.2603529691696167,1.5652402937412262,1.7063074,0.6981668
region,Biobío–Ñuble,2024-03-01,14,1.8032907,1.1752892434597015,1.5935164988040924,1.8302692,0.6592955
region,Biobío–Ñuble,2024-04-01,14,1.4034094,1.1571479737758636,1.5768624544143677,2.1304765,0.91019136
region,Biobío–Ñuble,2024-05-01,17,1.5103062,1.1072560548782349,1.6592329740524292,2.8890002,0.9246154
region,Biobío–Ñuble,2024-06-01,17,1.7321856,1.0498855113983154,1.694000005722046,2.0484033,0.56000626
region,Biobío–Ñuble,2024-07-01,17,1.569613,1.085121989250183,1.6664769649505615,2.8042367,0.7402901
region,Biobío–Ñuble,2024-08-01,17,1.5731548,1.0803923606872559,1.8146427869796753,2.2340221,0.6181648
region,Biobío–Ñuble,2024-09-01,17,1.4161088,1.005056381225586,1.6163097620010376,1.920812,0.6189075
region,Biobío–Ñuble,2024-10-01,17,1.2535274,1.0047210454940796,1.3876022100448608,2.0515695,0.67723995
region,Biobío–Ñuble,2024-11-01,17,1.3557856,1.0105780363082886,1.77406907081604,1.3423522,0.5884887
region,Biobío–Ñuble,2024-12-01,17,1.6112132,1.0169918537139893,1.6970711946487427,1.3225245,0.5513555
region,Los Ríos,2019-01-01,1,1.742507,1.742506980895996,1.742506980895996,0.47567952,0.24296072
region,Los Ríos,2019-02-01,1,3.083063,3.0830628871917725,3.0830628871917725,0.5231762,0.24171287
region,Los Ríos,2019-03-01,1,1.4795607,1.4795607328414917,1.4795607328414917,0.63825804,0.32690966
region,Los Ríos,2019-04-01,1,1.0,1.0,1.0,0.74293584,0.30158314
region,Los Ríos,2019-05-01,1,1.314734,1.3147339820861816,1.3147339820861816,1.0210553,0.3459921
region,Los Ríos,2019-06-01,1,1.3761756,1.3761756420135498,1.3761756420135498,0.8161611,0.2415258
region,Los Ríos,2019-07-01,1,1.0433705,1.0433704853057861,1.0433704853057861,1.0403388,0.25861076
region,Los Ríos,2019-08-01,1,1.1133469,1.1133469343185425,1.1133469343185425,0.92531455,0.26144764
region,Los Ríos,2019-09-01,1,1.6408559,1.6408559083938599,1.6408559083938599,0.6124339,0.26084286
region,Los Ríos,2019-10-01,1,2.7077777,2.707777738571167,2.707777738571167,0.46216875,0.23029001
region,Los Ríos,2019-11-01,1,2.5147142,2.514714241027832,2.514714241027832,0.31200457,0.20006588
region,Los Ríos,2019-12-01,1,2.3931918,2.3931918144226074,2.3931918144226074,0.3703381,0.24346747
region,Los Ríos,2020-01-01,1,2.475664,2.475663900375366,2.475663900375366,0.41926444,0.23440705
region,Los Ríos,2020-02-01,1,2.586778,2.586777925491333,2.586777925491333,0.45180124,0.24965066
region,Los Ríos,2020-03-01,1,2.4799452,2.479945182800293,2.479945182800293,0.61483055,0.30629674
region,Los Ríos,2020-04-01,1,2.4292986,2.4292986392974854,2.4292986392974854,0.8746238,0.34403467
region,Los Ríos,2020-05-01,1,2.516904,2.51690411567688,2.51690411567688,0.89950645,0.28921518
region,Los Ríos,2020-06-01,1,2.5613174,2.5613174438476562,2.5613174438476562,1.1054846,0.30128884
region,Los Ríos,2020-07-01,1,2.5507493,2.5507493019104004,2.5507493019104004,1.1348883,0.25984558
region,Los Ríos,2020-08-01,1,2.0874078,2.0874078273773193,2.0874078273773193,0.66761917,0.22127251
region,Los Ríos,2020-09-01,1,2.352095,2.352094888687134,2.352094888687134,0.63722765,0.23346424
region,Los Ríos,2020-10-01,1,2.4916303,2.4916303157806396,2.4916303157806396,0.504713,0.20943362
region,Los Ríos,2020-11-01,1,2.394521,2.3945209980010986,2.3945209980010986,0.3310797,0.19954124
region,Los Ríos,2020-12-01,1,2.2940845,2.2940845489501953,2.2940845489501953,0.31694368,0.21629155
region,Los Ríos,2021-01-01,1,2.6581435,2.6581435203552246,2.6581435203552246,0.42261755,0.23605268
region,Los Ríos,2021-02-01,1,2.9715743,2.971574306488037,2.971574306488037,0.5759638,0.2559407
region,Los Ríos,2021-03-01,1,2.8964176,2.8964176177978516,2.8964176177978516,0.66170114,0.29683086
region,Los Ríos,2021-04-01,1,1.0,1.0,1.0,0.75176907,0.3293647
region,Los Ríos,2021-05-01,1,1.0000703,1.000070333480835,1.000070333480835,0.93246377,0.31555432
region,Los Ríos,2021-06-01,1,1.0102035,1.01020348072052,1.01020348072052,1.1112396,0.28123426
region,Los Ríos,2021-07-01,1,1.0408663,1.0408662557601929,1.0408662557601929,1.2247542,0.26177597
region,Los Ríos,2021-08-01,1,1.0171096,1.0171096324920654,1.0171096324920654,0.7434884,0.2332428
region,Los Ríos,2021-09-01,1,1.0375072,1.037507176399231,1.037507176399231,0.7115346,0.2643301
region,Los Ríos,2021-10-01,1,1.0000136,1.0000135898590088,1.0000135898590088,0.44065523,0.20087999
region,Los Ríos,2021-11-01,1,1.0001124,1.0001124143600464,1.0001124143600464,0.36086017,0.21226515
region,Los Ríos,2021-12-01,1,1.0,1.0,1.0,0.406126,0.23303974
region,Los Ríos,2022-01-01,1,1.0000949,1.0000948905944824,1.0000948905944824,0.45106933,0.24100317
region,Los Ríos,2022-02-01,1,1.0,1.0,1.0,0.5645426,0.25438005
region,Los Ríos,2022-03-01,1,1.0035069,1.0035068988800049,1.0035068988800049,0.476362,0.23794068
region,Los Ríos,2022-04-01,1,1.1691842,1.1691842079162598,1.1691842079162598,0.4630778,0.25745234
region,Los Ríos,2022-05-01,1,1.6631148,1.6631147861480713,1.6631147861480713,0.9635555,0.32510698
region,Los Ríos,2022-06-01,1,1.9548783,1.954878330230713,1.954878330230713,1.3211802,0.34797618
region,Los Ríos,2022-07-01,1,1.7201761,1.720176100730896,1.720176100730896,0.95072013,0.24016896
region,Los Ríos,2022-08-01,1,1.3723706,1.3723706007003784,1.3723706007003784,0.8783403,0.2239011
region,Los Ríos,2022-09-01,1,1.0717672,1.0717672109603882,1.0717672109603882,0.62246495,0.24538697
region,Los Ríos,2022-10-01,1,1.4266081,1.4266080856323242,1.4266080856323242,0.54551303,0.19476216
region,Los Ríos,2022-11-01,1,1.597949,1.5979490280151367,1.5979490280151367,0.4797802,0.24313767
region,Los Ríos,2022-12-01,1,1.581779,1.5817790031433105,1.5817790031433105,0.2980656,0.2519546
region,Los Ríos,2023-02-01,1,1.7477778,1.7477778196334839,1.7477778196334839,0.40731353,0.2382201
region,Los Ríos,2023-03-01,1,1.5638623,1.5638623237609863,1.5638623237609863,0.61215985,0.26914847
region,Los Ríos,2023-04-01,1,1.0,1.0,1.0,0.6763122,0.29218712
region,Los Ríos,2023-05-01,1,1.0010163,1.0010162591934204,1.0010162591934204,0.8180352,0.29065052
region,Los Ríos,2023-06-01,1,1.0041062,1.0041061639785767,1.0041061639785767,0.94613475,0.29147446
region,Los Ríos,2023-07-01,1,1.0871351,1.0871350765228271,1.0871350765228271,1.0798839,0.24743979
region,Los Ríos,2023-08-01,1,1.0047561,1.0047560930252075,1.0047560930252075,0.77858984,0.21808645
region,Los Ríos,2023-09-01,1,1.0,1.0,1.0,0.089892186,0.07131431
region,Los Ríos,2023-10-01,1,1.0013491,1.0013490915298462,1.0013490915298462,0.44767922,0.17530163
region,Los Ríos,2023-11-01,1,1.0018436,1.0018435716629028,1.0018435716629028,0.33176297,0.18184926
region,Los Ríos,2023-12-01,1,1.0019267,1.0019266605377197,1.0019266605377197,0.45967323,0.23193371
region,Los Ríos,2024-01-01,1,1.0,1.0,1.0,0.42538786,0.23407623
region,Los Ríos,2024-02-01,1,1.0042982,1.004298210144043,1.004298210144043,0.46051413,0.25244722
region,Los Ríos,2024-03-01,1,1.0061349,1.0061348676681519,1.0061348676681519,0.5177922,0.2687846
region,Los Ríos,2024-04-01,1,1.0,1.0,1.0,0.57660866,0.24018167
region,Los Ríos,2024-05-01,1,1.0033965,1.0033965110778809,1.0033965110778809,1.1743287,0.34239864
region,Los Ríos,2024-06-01,1,1.0,1.0,1.0,1.0566955,0.25435695
region,Los Ríos,2024-07-01,1,1.0000845,1.0000845193862915,1.0000845193862915,1.2383409,0.27613455
region,Los Ríos,2024-08-01,1,1.0000271,1.000027060508728,1.000027060508728,1.0636547,0.2671451
region,Los Ríos,2024-09-01,1,1.0,1.0,1.0,0.463703,0.17196386
region,Los Ríos,2024-10-01,1,1.0001354,1.0001354217529297,1.0001354217529297,0.5906774,0.21605463
region,Los Ríos,2024-11-01,1,1.0003492,1.0003491640090942,1.0003491640090942,0.3303487,0.18680067
region,Los Ríos,2024-12-01,1,1.001272,1.0012719631195068,1.0012719631195068,0.45671758,0.22075135
region,Aysén,2019-01-01,1,1.0004102,1.0004101991653442,1.0004101991653442,0.18766521,0.082171395
region,Aysén,2019-02-01,1,1.007027,1.00702702999115,1.00702702999115,0.27711245,0.06839174
region,Aysén,2019-03-01,1,1.0139973,1.0139973163604736,1.0139973163604736,0.28497183,0.06294285
region,Aysén,2019-04-01,1,1.0524124,1.0524123907089233,1.0524123907089233,0.19229284,0.042520974
region,Aysén,2019-05-01,1,1.0502304,1.0502303838729858,1.0502303838729858,0.21969007,0.051012587
region,Aysén,2019-06-01,1,1.1124693,1.1124693155288696,1.1124693155288696,0.17759149,0.044375464
region,Aysén,2019-07-01,1,1.0805835,1.0805834531784058,1.0805834531784058,0.21869539,0.05263525
region,Aysén,2019-08-01,1,1.0404885,1.0404884815216064,1.0404884815216064,0.16599177,0.04234778
region,Aysén,2019-09-01,1,1.0223776,1.022377610206604,1.022377610206604,0.16838172,0.04183272
region,Aysén,2019-10-01,1,1.00688,1.0068800449371338,1.0068800449371338,0.15305388,0.043895513
region,Aysén,2019-11-01,1,1.0022472,1.0022472143173218,1.0022472143173218,0.10971335,0.045369238
region,Aysén,2019-12-01,1,1.001683,1.001682996749878,1.001682996749878,0.12277984,0.05161423
region,Aysén,2020-01-01,1,1.003225,1.0032249689102173,1.0032249689102173,0.17896032,0.06471292
region,Aysén,2020-02-01,1,1.0036696,1.0036696195602417,1.0036696195602417,0.16672727,0.06260049
region,Aysén,2020-03-01,1,1.0031005,1.0031005144119263,1.0031005144119263,0.14763387,0.05916579
region,Aysén,2020-04-01,1,1.0099579,1.0099579095840454,1.0099579095840454,0.21364833,0.053312648
region,Aysén,2020-05-01,1,1.1314422,1.1314421892166138,1.1314421892166138,0.23555194,0.050647072
region,Aysén,2020-06-01,1,1.3275797,1.3275797367095947,1.3275797367095947,0.19661653,0.0442908
region,Aysén,2020-07-01,1,1.034044,1.0340440273284912,1.0340440273284912,0.19742118,0.044087306
region,Aysén,2020-08-01,1,1.0517988,1.0517988204956055,1.0517988204956055,0.12373131,0.03781969
region,Aysén,2020-09-01,1,1.2883503,1.2883503437042236,1.2883503437042236,0.16252047,0.04259371
region,Aysén,2020-10-01,1,1.001712,1.0017119646072388,1.0017119646072388,0.15725307,0.04262623
region,Aysén,2020-11-01,1,1.0003933,1.000393271446228,1.000393271446228,0.1744156,0.04573277
region,Aysén,2020-12-01,1,1.0462345,1.0462344884872437,1.0462344884872437,0.14673097,0.043744173
region,Aysén,2021-01-01,1,1.0201353,1.0201352834701538,1.0201352834701538,0.20189767,0.060108747
region,Aysén,2021-02-01,1,1.2141017,1.2141016721725464,1.2141016721725464,0.3717627,0.054351795
region,Aysén,2021-03-01,1,1.1701552,1.1701551675796509,1.1701551675796509,0.20840874,0.059935194
region,Aysén,2021-04-01,1,1.6659243,1.665924310684204,1.665924310684204,0.15320495,0.0470704
region,Aysén,2021-05-01,1,2.822101,2.82210111618042,2.82210111618042,0.27530518,0.053337622
region,Aysén,2021-06-01,1,3.0839021,3.08390212059021,3.08390212059021,0.23446892,0.047531117
region,Aysén,2021-07-01,1,2.3746345,2.3746345043182373,2.3746345043182373,0.14066073,0.0421425
region,Aysén,2021-08-01,1,1.0077808,1.0077807903289795,1.0077807903289795,0.1768559,0.045341175
region,Aysén,2021-09-01,1,1.0055408,1.0055408477783203,1.0055408477783203,0.15727481,0.046352465
region,Aysén,2021-10-01,1,1.0,1.0,1.0,0.0940495,0.033781823
region,Aysén,2021-11-01,1,1.0,1.0,1.0,0.14097065,0.040396854
region,Aysén,2021-12-01,1,1.2120949,1.2120949029922485,1.2120949029922485,0.24117646,0.05160579
region,Aysén,2022-01-01,1,1.0001358,1.0001357793807983,1.0001357793807983,0.19139233,0.07667971
region,Aysén,2022-02-01,1,1.0033537,1.0033537149429321,1.0033537149429321,0.22674017,0.055368062
region,Aysén,2022-03-01,1,1.0150493,1.0150493383407593,1.0150493383407593,0.164883,0.05577183
region,Aysén,2022-04-01,1,1.1766425,1.1766425371170044,1.1766425371170044,0.14745316,0.043651164
region,Aysén,2022-05-01,1,1.1623836,1.1623835563659668,1.1623835563659668,0.28476244,0.046183307
region,Aysén,2022-06-01,1,1.5240985,1.524098515510559,1.524098515510559,0.28414896,0.04956347
region,Aysén,2022-07-01,1,1.6130791,1.6130790710449219,1.6130790710449219,0.19419408,0.04941726
region,Aysén,2022-08-01,1,1.4024966,1.402496576309204,1.402496576309204,0.12155338,0.04043928
region,Aysén,2022-09-01,1,1.4295387,1.4295387268066406,1.4295387268066406,0.11421714,0.03806392
region,Aysén,2022-10-01,1,1.0510763,1.0510762929916382,1.0510762929916382,0.1703754,0.04005687
region,Aysén,2022-11-01,1,1.0000979,1.0000978708267212,1.0000978708267212,0.17993598,0.04610658
region,Aysén,2022-12-01,1,1.0,1.0,1.0,0.1373172,0.04944479
region,Aysén,2023-01-01,1,1.0001217,1.0001217126846313,1.0001217126846313,0.21382566,0.057301722
region,Aysén,2023-02-01,1,1.0,1.0,1.0,0.15324545,0.051374216
region,Aysén,2023-03-01,1,1.000945,1.000944972038269,1.000944972038269,0.21379428,0.058922973
region,Aysén,2023-04-01,1,1.0964336,1.0964336395263672,1.0964336395263672,0.22561061,0.048345312
region,Aysén,2023-05-01,1,1.2350067,1.2350066900253296,1.2350066900253296,0.16969414,0.048466746
region,Aysén,2023-06-01,1,1.9943478,1.9943478107452393,1.9943478107452393,0.23125544,0.0437855
region,Aysén,2023-07-01,1,2.129661,2.1296610832214355,2.1296610832214355,0.2697331,0.050183292
region,Aysén,2023-08-01,1,2.810408,2.810408115386963,2.810408115386963,0.11758428,0.04013823
region,Aysén,2023-09-01,1,3.1099856,3.109985589981079,3.109985589981079,0.24528009,0.050054453
region,Aysén,2023-10-01,1,1.2228513,1.222851276397705,1.222851276397705,0.22442932,0.04010764
region,Aysén,2023-11-01,1,1.022965,1.0229649543762207,1.0229649543762207,0.10209595,0.042197257
region,Aysén,2023-12-01,1,1.0568107,1.056810736656189,1.056810736656189,0.22543125,0.057515133
region,Aysén,2024-01-01,1,1.2226051,1.2226051092147827,1.2226051092147827,0.21615161,0.058317382
region,Aysén,2024-02-01,1,1.4746245,1.474624514579773,1.474624514579773,0.19219758,0.057071894
region,Aysén,2024-03-01,1,1.2791328,1.2791328430175781,1.2791328430175781,0.14085552,0.058363188
region,Aysén,2024-04-01,1,1.8208134,1.8208134174346924,1.8208134174346924,0.17589961,0.0483242
region,Aysén,2024-05-01,1,1.115935,1.11593496799469,1.11593496799469,0.29203713,0.055345993
region,Aysén,2024-06-01,1,1.0089511,1.0089510679244995,1.0089510679244995,0.23805025,0.04609831
region,Aysén,2024-07-01,1,1.0015804,1.0015803575515747,1.0015803575515747,0.23120223,0.045911416
region,Aysén,2024-08-01,1,1.0000947,1.0000946521759033,1.0000946521759033,0.22176142,0.045872577
region,Aysén,2024-09-01,1,1.0047956,1.0047955513000488,1.0047955513000488,0.10058541,0.030384935
region,Aysén,2024-10-01,1,1.0,1.0,1.0,0.18190238,0.037269562
region,Aysén,2024-11-01,1,1.001094,1.0010939836502075,1.0010939836502075,0.12720166,0.042819157
region,Aysén,2024-12-01,1,1.0369294,1.0369293689727783,1.0369293689727783,0.22465268,0.050644185
