nivel,zona,mes,n_est,obs,obs_p25,obs_p75,gcf_pm25,cams_pm25
nacional,Chile,2019-01-01,72,9.85516,6.965013027191162,11.95818567276001,13.768753,11.182562
nacional,Chile,2019-02-01,72,12.612549,9.27529764175415,15.481812477111816,18.072924,12.673609
nacional,Chile,2019-03-01,73,13.553138,10.587044715881348,16.75741195678711,19.089773,16.621328
nacional,Chile,2019-04-01,77,21.74195,14.303370475769043,27.96797752380371,25.948992,26.834444
nacional,Chile,2019-05-01,78,31.502285,16.596939086914062,39.83849239349365,32.588303,36.99114
nacional,Chile,2019-06-01,76,32.530834,15.310775756835938,45.97212505340576,22.507612,30.115362
nacional,Chile,2019-07-01,80,35.64126,17.42196226119995,50.889339447021484,26.681543,36.6572
nacional,Chile,2019-08-01,79,29.241219,15.995236873626709,36.965667724609375,23.617346,31.5334
nacional,Chile,2019-09-01,79,17.397522,11.024720191955566,20.102371215820312,21.601511,23.069042
nacional,Chile,2019-10-01,80,13.046736,9.45278000831604,15.639712572097778,15.734432,17.985048
nacional,Chile,2019-11-01,81,10.59264,8.0363130569458,14.107843399047852,15.833487,22.248613
nacional,Chile,2019-12-01,80,9.77107,7.1854435205459595,12.22909164428711,12.462407,13.694587
nacional,Chile,2020-01-01,82,11.107671,8.277305841445923,14.435504913330078,15.466349,16.172682
nacional,Chile,2020-02-01,81,12.349411,8.112391471862793,14.45755386352539,17.01406,16.361565
nacional,Chile,2020-03-01,81,10.858256,8.11300277709961,13.06877613067627,19.623465,16.18047
nacional,Chile,2020-04-01,82,18.812243,12.6374671459198,22.113857746124268,25.180553,24.727634
nacional,Chile,2020-05-01,81,31.843674,16.198101043701172,42.52425765991211,25.486084,31.61491
nacional,Chile,2020-06-01,82,31.15364,14.904919147491455,45.57221508026123,23.53284,27.413214
nacional,Chile,2020-07-01,81,34.693687,14.65810775756836,48.24615478515625,22.590725,30.188658
nacional,Chile,2020-08-01,80,25.185902,13.132324457168579,34.436156272888184,24.42865,31.541857
nacional,Chile,2020-09-01,80,19.29425,11.970033407211304,23.226327896118164,24.100988,27.120535
nacional,Chile,2020-10-01,80,12.827395,9.982118606567383,16.080305337905884,19.051329,16.57156
nacional,Chile,2020-11-01,80,9.685488,7.598489880561829,11.66703748703003,13.649935,13.258439
nacional,Chile,2020-12-01,85,9.006519,6.564102649688721,11.12229061126709,11.834998,10.01467
nacional,Chile,2021-01-01,85,10.22812,7.172890663146973,12.835195541381836,12.573553,12.394243
nacional,Chile,2021-02-01,85,9.517556,6.8119401931762695,12.246268272399902,14.478883,11.628195
nacional,Chile,2021-03-01,89,11.269604,9.385444641113281,13.374831199645996,19.098068,14.698819
nacional,Chile,2021-04-01,89,17.989557,12.70981502532959,22.35195541381836,19.418455,21.590992
nacional,Chile,2021-05-01,90,33.791695,18.073119163513184,43.50443744659424,25.266592,28.856007
nacional,Chile,2021-06-01,89,37.596745,15.970792770385742,50.0265007019043,24.878057,30.52486
nacional,Chile,2021-07-01,90,38.09804,20.839777946472168,51.005635261535645,27.69783,36.074642
nacional,Chile,2021-08-01,89,28.08292,15.647140502929688,38.601890563964844,24.239197,29.375008
nacional,Chile,2021-09-01,89,18.053476,11.78661060333252,22.275524139404297,19.013647,23.22849
nacional,Chile,2021-10-01,89,12.6091175,9.329300880432129,14.86424732208252,15.507125,17.213451
nacional,Chile,2021-11-01,89,9.316029,6.987377166748047,11.392646789550781,12.143047,12.262854
nacional,Chile,2021-12-01,89,10.464855,7.538461685180664,12.757084846496582,13.112685,12.425173
nacional,Chile,2022-01-01,89,8.087105,5.936764717102051,9.883064270019531,9.908968,10.090708
nacional,Chile,2022-02-01,89,11.987273,8.968438148498535,14.476900100708008,15.922558,12.623349
nacional,Chile,2022-03-01,89,12.55117,9.841248512268066,14.981395721435547,18.748035,22.774935
nacional,Chile,2022-04-01,90,18.20951,13.238597869873047,22.266263961791992,17.066471,21.016014
nacional,Chile,2022-05-01,88,36.51246,19.19019317626953,50.46747303009033,31.818998,33.3956
nacional,Chile,2022-06-01,90,36.694378,15.260640859603882,52.867127418518066,27.577305,33.43528
nacional,Chile,2022-07-01,90,28.354513,14.180397033691406,41.12040042877197,22.222708,28.723787
nacional,Chile,2022-08-01,90,27.92218,14.977977275848389,36.55962371826172,25.575075,30.827272
nacional,Chile,2022-09-01,90,18.522253,11.472167730331421,23.21931791305542,21.82283,27.785593
nacional,Chile,2022-10-01,90,10.619057,7.6034934520721436,12.513002157211304,15.905443,20.589226
nacional,Chile,2022-11-01,90,8.916807,6.869587063789368,10.92397665977478,14.457693,16.13345
nacional,Chile,2022-12-01,91,9.094497,6.43212366104126,12.328592300415039,12.391998,22.876642
nacional,Chile,2023-01-01,90,8.975947,6.301483988761902,11.81839656829834,12.188198,11.155071
nacional,Chile,2023-02-01,91,23.042019,9.505954265594482,28.22120952606201,45.937416,72.74799
nacional,Chile,2023-03-01,91,10.806817,8.354499816894531,13.312188625335693,21.10774,16.492807
nacional,Chile,2023-04-01,91,17.063791,11.88245677947998,20.766825675964355,21.030855,23.412523
nacional,Chile,2023-05-01,91,28.748915,16.998151779174805,39.35091018676758,28.017845,29.30092
nacional,Chile,2023-06-01,90,32.771107,16.125107765197754,44.366193771362305,26.493734,26.774527
nacional,Chile,2023-07-01,90,34.265587,14.897698640823364,47.23943901062012,22.83815,28.998037
nacional,Chile,2023-08-01,89,24.508852,13.115591049194336,31.35725975036621,22.238173,24.278542
nacional,Chile,2023-09-01,91,16.576126,10.171292781829834,20.734722137451172,18.405542,21.441072
nacional,Chile,2023-10-01,91,11.588831,8.338307857513428,14.804908752441406,17.35357,18.52453
nacional,Chile,2023-11-01,84,8.956768,6.428037762641907,11.563432455062866,12.722609,14.006616
nacional,Chile,2023-12-01,86,8.416294,5.987179517745972,10.30947232246399,11.959808,14.1762905
nacional,Chile,2024-01-01,87,8.781175,6.169228553771973,11.365684509277344,11.961404,9.926861
nacional,Chile,2024-02-01,87,11.109016,6.901389837265015,12.222888469696045,14.956207,14.370119
nacional,Chile,2024-03-01,89,10.509654,7.583832263946533,13.42338752746582,19.175936,16.833675
nacional,Chile,2024-04-01,89,16.848742,10.823033332824707,21.181564331054688,19.42447,20.291334
nacional,Chile,2024-05-01,92,38.72459,15.92314100265503,52.73490238189697,27.157093,32.114395
nacional,Chile,2024-06-01,91,27.098701,13.489408016204834,37.24566841125488,20.541403,26.455606
nacional,Chile,2024-07-01,89,40.9398,20.713424682617188,58.744937896728516,29.563078,35.533886
nacional,Chile,2024-08-01,89,28.189486,13.335579872131348,39.225807189941406,22.654999,27.391157
nacional,Chile,2024-09-01,92,16.67848,10.562002182006836,21.20257568359375,21.455221,25.102442
nacional,Chile,2024-10-01,94,11.229839,7.993858337402344,13.244233846664429,19.78133,19.459766
nacional,Chile,2024-11-01,94,9.879425,6.667158722877502,10.618999481201172,11.673246,13.176534
nacional,Chile,2024-12-01,94,8.953009,6.334939360618591,10.309907674789429,10.874595,11.035782
macrozona,Norte Grande,2019-01-01,10,8.638214,6.959651947021484,11.47224473953247,13.423022,5.0154305
macrozona,Norte Grande,2019-02-01,10,8.44769,5.888973712921143,11.732955932617188,13.825933,5.0390286
macrozona,Norte Grande,2019-03-01,10,10.625172,7.637893915176392,13.475868701934814,13.200291,4.849538
macrozona,Norte Grande,2019-04-01,10,11.15174,9.345391035079956,13.545139074325562,12.03666,6.091056
macrozona,Norte Grande,2019-05-01,10,10.884721,6.48258900642395,14.298859357833862,11.597765,8.020436
macrozona,Norte Grande,2019-06-01,9,11.983793,9.309721946716309,14.631192207336426,11.625689,9.570455
macrozona,Norte Grande,2019-07-01,11,10.8647175,7.958619117736816,15.507983207702637,11.230592,9.563583
macrozona,Norte Grande,2019-08-01,10,11.326397,7.944984436035156,14.785975933074951,13.808707,9.089366
macrozona,Norte Grande,2019-09-01,10,9.215261,7.93359112739563,11.030208110809326,12.561191,6.717802
macrozona,Norte Grande,2019-10-01,10,9.800778,7.782732844352722,11.912986755371094,12.115517,5.841304
macrozona,Norte Grande,2019-11-01,10,9.777509,8.286283254623413,11.48258376121521,12.868172,4.461892
macrozona,Norte Grande,2019-12-01,9,9.674778,8.38552474975586,11.020408630371094,12.003515,4.320092
macrozona,Norte Grande,2020-01-01,11,9.593438,7.945659160614014,9.922554016113281,12.032043,4.161596
macrozona,Norte Grande,2020-02-01,11,9.615927,7.677941083908081,10.525288105010986,13.6294365,3.273722
macrozona,Norte Grande,2020-03-01,11,9.087588,7.588473558425903,10.306076049804688,14.547127,4.250078
macrozona,Norte Grande,2020-04-01,11,9.395098,7.753448486328125,10.542020320892334,13.396889,6.2877765
macrozona,Norte Grande,2020-05-01,11,10.886083,8.554992914199829,13.88075876235962,12.5102415,8.874544
macrozona,Norte Grande,2020-06-01,11,9.65579,6.811912775039673,12.394879817962646,10.493701,7.9273047
macrozona,Norte Grande,2020-07-01,11,10.017421,6.703566074371338,12.704158306121826,10.905461,10.593039
macrozona,Norte Grande,2020-08-01,11,10.586623,8.926880836486816,12.004483699798584,11.217628,8.437132
macrozona,Norte Grande,2020-09-01,11,9.541124,7.476576566696167,11.563868045806885,11.551642,6.1554785
macrozona,Norte Grande,2020-10-01,11,9.270175,7.296541213989258,11.582223892211914,11.812499,4.744078
macrozona,Norte Grande,2020-11-01,11,8.595465,6.700669288635254,10.81044340133667,9.694639,5.1318326
macrozona,Norte Grande,2020-12-01,11,10.288248,8.117187261581421,12.40504264831543,10.871368,4.125876
macrozona,Norte Grande,2021-01-01,11,10.493151,5.9389355182647705,13.761523246765137,10.760261,3.1503267
macrozona,Norte Grande,2021-02-01,11,9.925987,6.4514946937561035,13.116277694702148,10.683615,3.309904
macrozona,Norte Grande,2021-03-01,11,8.836408,7.484151363372803,10.495750427246094,11.592075,4.2269692
macrozona,Norte Grande,2021-04-01,11,9.425413,6.310448884963989,11.937080383300781,11.137794,5.5574036
macrozona,Norte Grande,2021-05-01,11,10.281877,5.941915988922119,13.825964450836182,11.188786,9.292017
macrozona,Norte Grande,2021-06-01,10,10.190232,5.648808240890503,13.498093366622925,11.03409,9.199244
macrozona,Norte Grande,2021-07-01,11,11.893156,7.34941029548645,16.220958709716797,11.8144865,11.978682
macrozona,Norte Grande,2021-08-01,11,10.647448,6.848282814025879,13.791853904724121,11.01121,10.335339
macrozona,Norte Grande,2021-09-01,11,10.265631,7.448769807815552,13.20652151107788,11.756616,6.742812
macrozona,Norte Grande,2021-10-01,11,10.7767725,7.824314117431641,14.197196960449219,10.560614,6.4045973
macrozona,Norte Grande,2021-11-01,11,9.276163,7.170138835906982,10.873485565185547,10.584718,5.7933006
macrozona,Norte Grande,2021-12-01,11,9.171358,6.321419954299927,10.656123638153076,11.868721,4.962259
macrozona,Norte Grande,2022-01-01,11,9.304446,6.476625680923462,11.817834854125977,12.984339,4.7403936
macrozona,Norte Grande,2022-02-01,11,9.792066,7.581343173980713,12.431521892547607,12.328888,5.0539594
macrozona,Norte Grande,2022-03-01,11,11.210041,7.753445863723755,12.9169921875,14.108962,5.3178344
macrozona,Norte Grande,2022-04-01,11,9.638063,7.077639818191528,12.169826030731201,11.65607,7.3258157
macrozona,Norte Grande,2022-05-01,11,10.723842,7.27495813369751,14.612931251525879,12.855473,9.942777
macrozona,Norte Grande,2022-06-01,11,9.306154,6.216672897338867,11.924570083618164,10.908276,10.043271
macrozona,Norte Grande,2022-07-01,11,10.390565,7.0452306270599365,13.095539569854736,11.169353,10.05665
macrozona,Norte Grande,2022-08-01,11,9.7654505,6.596697568893433,12.960060119628906,11.946374,10.734839
macrozona,Norte Grande,2022-09-01,11,8.309396,5.86763858795166,11.071881294250488,11.692449,8.770431
macrozona,Norte Grande,2022-10-01,11,7.287156,4.478956460952759,9.699361324310303,11.642032,9.469593
macrozona,Norte Grande,2022-11-01,11,8.326966,6.7529051303863525,9.960418224334717,11.250158,6.535386
macrozona,Norte Grande,2022-12-01,11,8.789681,7.1752777099609375,11.58487844467163,12.762175,4.4979186
macrozona,Norte Grande,2023-01-01,11,10.0424595,7.102864742279053,12.520021915435791,11.583664,4.845818
macrozona,Norte Grande,2023-02-01,11,9.751406,6.2184741497039795,11.383172512054443,13.956386,6.058781
macrozona,Norte Grande,2023-03-01,11,8.719643,5.932118892669678,10.980352401733398,14.45468,4.273265
macrozona,Norte Grande,2023-04-01,11,8.424735,6.027763605117798,11.750763416290283,14.385124,7.1025386
macrozona,Norte Grande,2023-05-01,11,9.10154,6.6961894035339355,11.925929546356201,13.681503,9.183977
macrozona,Norte Grande,2023-06-01,11,10.154663,9.025330066680908,10.914600372314453,12.465325,10.229266
macrozona,Norte Grande,2023-07-01,11,9.920706,8.721775531768799,10.903203010559082,12.419284,9.332387
macrozona,Norte Grande,2023-08-01,11,9.84728,7.425706624984741,11.298013687133789,12.698141,8.544338
macrozona,Norte Grande,2023-09-01,11,8.91086,7.04315972328186,11.04839563369751,10.90622,6.9210124
macrozona,Norte Grande,2023-10-01,11,8.758694,6.778292179107666,9.521774291992188,12.224844,5.512937
macrozona,Norte Grande,2023-11-01,11,8.144818,5.685734987258911,8.9215669631958,10.718871,5.206172
macrozona,Norte Grande,2023-12-01,11,8.621099,6.613145351409912,9.5310959815979,11.923099,5.576527
macrozona,Norte Grande,2024-01-01,11,9.141009,7.188818454742432,10.526343822479248,12.138491,4.054771
macrozona,Norte Grande,2024-02-01,11,21.379953,6.952133417129517,9.693400382995605,13.19041,6.0237894
macrozona,Norte Grande,2024-03-01,11,10.779618,7.04267954826355,13.227537631988525,15.087572,4.8347626
macrozona,Norte Grande,2024-04-01,11,9.09726,6.273120880126953,10.380003929138184,13.8029995,6.380702
macrozona,Norte Grande,2024-05-01,11,8.564383,5.754878520965576,9.71781063079834,12.345156,8.564493
macrozona,Norte Grande,2024-06-01,11,10.752995,7.343619346618652,11.800159931182861,13.122227,9.419686
macrozona,Norte Grande,2024-07-01,11,9.836865,7.643527269363403,11.168376445770264,13.291221,10.37691
macrozona,Norte Grande,2024-08-01,11,8.728314,6.818778038024902,10.114223003387451,12.285009,9.04248
macrozona,Norte Grande,2024-09-01,11,9.259961,6.742372274398804,9.685704231262207,14.1304455,8.496802
macrozona,Norte Grande,2024-10-01,11,9.934426,6.8231041431427,10.343660354614258,13.466783,6.741108
macrozona,Norte Grande,2024-11-01,11,14.560784,7.301706075668335,10.351898670196533,12.544548,5.68309
macrozona,Norte Grande,2024-12-01,11,10.7603245,7.443382978439331,12.1166353225708,11.833854,5.6649885
macrozona,Norte Chico,2019-01-01,6,9.212212,8.053788661956787,10.779500722885132,12.247365,4.101793
macrozona,Norte Chico,2019-02-01,6,9.922703,8.481770753860474,10.955919981002808,14.752094,4.41076
macrozona,Norte Chico,2019-03-01,6,11.39317,9.330645322799683,12.905460596084595,15.772481,5.476448
macrozona,Norte Chico,2019-04-01,6,11.177381,9.651139736175537,12.866796016693115,19.520573,4.6049905
macrozona,Norte Chico,2019-05-01,6,14.774932,9.39157748222351,15.350543737411499,22.70011,5.8867393
macrozona,Norte Chico,2019-06-01,6,13.5575485,10.901736497879028,15.002909660339355,20.549843,5.619378
macrozona,Norte Chico,2019-07-01,6,16.01184,13.527164936065674,18.031005382537842,26.39763,7.0532613
macrozona,Norte Chico,2019-08-01,6,14.593419,12.866587400436401,15.494433641433716,23.778288,7.2082043
macrozona,Norte Chico,2019-09-01,6,8.48338,7.204362988471985,9.165714025497437,18.855545,3.6968741
macrozona,Norte Chico,2019-10-01,6,9.90051,7.8095128536224365,10.388104677200317,14.329259,5.277631
macrozona,Norte Chico,2019-11-01,6,10.052431,8.50075364112854,12.786962985992432,15.451655,5.2149043
macrozona,Norte Chico,2019-12-01,6,10.912233,8.984237432479858,12.91210126876831,12.754873,3.755987
macrozona,Norte Chico,2020-01-01,6,9.595227,7.211208462715149,11.49959421157837,13.979453,5.66971
macrozona,Norte Chico,2020-02-01,7,10.891209,8.207274913787842,11.699429035186768,14.239041,4.1025023
macrozona,Norte Chico,2020-03-01,7,8.821794,6.795022964477539,11.014132022857666,15.929853,3.7922058
macrozona,Norte Chico,2020-04-01,7,9.870098,8.619995594024658,11.589044094085693,21.632292,5.634905
macrozona,Norte Chico,2020-05-01,7,12.554496,11.078811168670654,14.62863540649414,25.607973,5.9901714
macrozona,Norte Chico,2020-06-01,7,11.695592,9.414882183074951,13.83926010131836,17.939766,5.9556847
macrozona,Norte Chico,2020-07-01,7,11.700755,9.615199565887451,14.591726779937744,19.382324,7.905537
macrozona,Norte Chico,2020-08-01,7,10.2079115,8.18343210220337,13.259033203125,19.957022,9.085047
macrozona,Norte Chico,2020-09-01,7,8.496285,5.878682851791382,10.657999992370605,19.592539,6.7374616
macrozona,Norte Chico,2020-10-01,7,9.097743,5.964699029922485,10.157321453094482,15.478578,4.7347574
macrozona,Norte Chico,2020-11-01,7,8.203096,6.1618263721466064,8.638459205627441,11.6353855,3.9067822
macrozona,Norte Chico,2020-12-01,7,8.934572,6.828629016876221,8.878158569335938,11.3704,4.293402
macrozona,Norte Chico,2021-01-01,7,9.742974,7.317939281463623,9.664109706878662,11.35617,7.570891
macrozona,Norte Chico,2021-02-01,7,7.8365774,6.0390331745147705,8.24323058128357,11.388834,3.433151
macrozona,Norte Chico,2021-03-01,7,8.879659,6.524984836578369,9.477242469787598,14.780864,2.9505804
macrozona,Norte Chico,2021-04-01,7,9.673227,7.022233486175537,11.052555084228516,17.769236,4.132086
macrozona,Norte Chico,2021-05-01,7,12.026662,8.741323471069336,15.420989990234375,19.939941,6.2939925
macrozona,Norte Chico,2021-06-01,7,10.226826,6.434198379516602,14.433440208435059,22.08703,6.8186636
macrozona,Norte Chico,2021-07-01,7,12.718187,8.5667142868042,17.632012367248535,26.040863,8.413964
macrozona,Norte Chico,2021-08-01,7,10.464424,7.8283984661102295,14.215428352355957,18.773182,6.194744
macrozona,Norte Chico,2021-09-01,7,10.238362,8.071090936660767,11.89833402633667,16.854094,5.4756484
macrozona,Norte Chico,2021-10-01,7,9.597862,7.440395832061768,10.945618152618408,14.310597,4.3424797
macrozona,Norte Chico,2021-11-01,7,7.790163,6.030206203460693,8.44539999961853,12.236936,3.2162821
macrozona,Norte Chico,2021-12-01,7,7.806613,5.825268745422363,7.675438642501831,11.304119,3.0069149
macrozona,Norte Chico,2022-01-01,7,8.58547,6.952265501022339,8.065703868865967,10.52019,3.0854692
macrozona,Norte Chico,2022-02-01,7,9.378442,6.883906364440918,9.672152996063232,13.367067,4.270919
macrozona,Norte Chico,2022-03-01,7,9.770135,7.590685844421387,11.152098655700684,18.144405,4.0629187
macrozona,Norte Chico,2022-04-01,7,9.046963,6.375595808029175,10.761091232299805,19.610691,4.9671435
macrozona,Norte Chico,2022-05-01,7,11.6775465,8.146653175354004,15.5809006690979,25.846432,5.9674435
macrozona,Norte Chico,2022-06-01,7,10.074264,6.226999282836914,14.064508438110352,19.977297,6.0703535
macrozona,Norte Chico,2022-07-01,7,9.337081,6.752885580062866,12.430731773376465,17.633205,4.805977
macrozona,Norte Chico,2022-08-01,7,9.462342,7.027137041091919,11.828760147094727,23.77206,8.627286
macrozona,Norte Chico,2022-09-01,7,8.695014,7.079758882522583,9.787922382354736,18.641768,7.888642
macrozona,Norte Chico,2022-10-01,7,6.9240627,5.5443031787872314,7.347736597061157,17.105875,8.121485
macrozona,Norte Chico,2022-11-01,7,6.0271673,5.022811651229858,6.292611598968506,13.589248,8.073348
macrozona,Norte Chico,2022-12-01,7,7.6075163,6.736242055892944,8.279655456542969,13.222399,6.5049386
macrozona,Norte Chico,2023-01-01,7,10.449719,6.959005355834961,9.28696870803833,11.466038,4.829362
macrozona,Norte Chico,2023-02-01,7,13.927993,10.47343635559082,13.834288597106934,23.112976,10.228637
macrozona,Norte Chico,2023-03-01,7,8.677588,6.602961778640747,8.09512448310852,20.533371,4.7615976
macrozona,Norte Chico,2023-04-01,7,9.384554,7.031790256500244,10.076526641845703,19.563206,5.158688
macrozona,Norte Chico,2023-05-01,7,12.664984,7.760379791259766,16.67336368560791,25.845984,5.7103596
macrozona,Norte Chico,2023-06-01,7,12.31009,7.6273276805877686,16.576539993286133,22.73234,6.9866095
macrozona,Norte Chico,2023-07-01,7,12.222655,7.7979700565338135,17.137761116027832,22.486156,6.203385
macrozona,Norte Chico,2023-08-01,7,11.749855,7.447391510009766,13.794883251190186,19.137133,6.3092337
macrozona,Norte Chico,2023-09-01,7,9.572998,7.51716947555542,10.127639770507812,14.974765,5.90416
macrozona,Norte Chico,2023-10-01,7,9.573025,7.196913957595825,10.105794906616211,15.044376,4.588346
macrozona,Norte Chico,2023-11-01,7,7.9183426,5.5678324699401855,9.088868618011475,11.962398,3.642595
macrozona,Norte Chico,2023-12-01,7,7.833077,6.1418445110321045,8.176879405975342,11.243134,3.7371762
macrozona,Norte Chico,2024-01-01,7,8.060811,5.328596353530884,7.520106792449951,11.593228,3.0018115
macrozona,Norte Chico,2024-02-01,7,7.7077813,5.5445122718811035,7.409809112548828,14.041866,4.455338
macrozona,Norte Chico,2024-03-01,7,7.086731,5.2839086055755615,6.855510950088501,18.482143,3.8752096
macrozona,Norte Chico,2024-04-01,7,7.7128296,5.571207284927368,8.027854919433594,18.049547,4.209147
macrozona,Norte Chico,2024-05-01,7,10.541635,7.795415639877319,14.383355617523193,20.053164,5.102475
macrozona,Norte Chico,2024-06-01,7,8.296341,5.980062484741211,11.20906114578247,20.929693,5.912247
macrozona,Norte Chico,2024-07-01,7,10.503567,8.313281536102295,13.458880424499512,26.85315,7.9568567
macrozona,Norte Chico,2024-08-01,7,7.4951725,5.6825597286224365,9.420026779174805,20.011862,7.437918
macrozona,Norte Chico,2024-09-01,7,9.621881,9.33376932144165,11.013853073120117,22.428846,7.7479396
macrozona,Norte Chico,2024-10-01,7,6.253996,5.437373638153076,6.85720157623291,16.600494,4.514458
macrozona,Norte Chico,2024-11-01,7,8.179865,7.589583396911621,8.862090110778809,13.066002,4.905235
macrozona,Norte Chico,2024-12-01,7,7.4747066,7.0094521045684814,8.139922618865967,11.517788,4.5716696
macrozona,Centro,2019-01-01,26,12.506483,9.927823066711426,13.949900388717651,21.79222,20.19776
macrozona,Centro,2019-02-01,26,14.759553,12.353731393814087,17.171524047851562,29.219337,20.209198
macrozona,Centro,2019-03-01,26,15.731365,14.021011590957642,17.48843812942505,30.8051,29.82563
macrozona,Centro,2019-04-01,28,25.006844,19.538524627685547,30.019137859344482,43.248848,47.98357
macrozona,Centro,2019-05-01,28,30.346691,20.611985683441162,38.73577690124512,48.607307,58.47274
macrozona,Centro,2019-06-01,28,33.79644,18.982073307037354,45.60513401031494,41.951424,66.48924
macrozona,Centro,2019-07-01,29,41.541344,21.656757354736328,55.64802169799805,52.323975,82.35028
macrozona,Centro,2019-08-01,29,28.08967,17.764543533325195,34.05107498168945,43.507828,67.75915
macrozona,Centro,2019-09-01,29,15.792687,13.546089172363281,18.513212203979492,39.521408,47.895966
macrozona,Centro,2019-10-01,30,12.553092,10.073418140411377,15.427747964859009,27.08929,32.38372
macrozona,Centro,2019-11-01,30,12.357157,9.530489206314087,14.887885093688965,26.97906,46.24898
macrozona,Centro,2019-12-01,30,11.690737,10.064852476119995,14.256887435913086,19.802467,26.315975
macrozona,Centro,2020-01-01,30,12.654297,10.619937419891357,14.836112022399902,23.100546,23.980942
macrozona,Centro,2020-02-01,29,17.07365,11.086206436157227,17.70977020263672,27.68803,32.761295
macrozona,Centro,2020-03-01,29,12.906851,10.764623641967773,15.870619773864746,31.640205,31.836891
macrozona,Centro,2020-04-01,29,19.225763,16.258752822875977,22.087743759155273,41.862938,47.132107
macrozona,Centro,2020-05-01,29,29.680141,20.93126678466797,36.029727935791016,48.028095,69.10239
macrozona,Centro,2020-06-01,29,31.714912,16.886262893676758,42.6273307800293,44.429783,61.448772
macrozona,Centro,2020-07-01,29,33.00942,16.807537078857422,47.34013748168945,43.814743,67.07689
macrozona,Centro,2020-08-01,29,25.30127,16.40751075744629,31.84005355834961,47.96563,70.71741
macrozona,Centro,2020-09-01,29,17.8396,13.417739868164062,20.70448112487793,46.485184,59.24837
macrozona,Centro,2020-10-01,29,12.935391,10.970270156860352,14.647849082946777,33.641174,33.5198
macrozona,Centro,2020-11-01,29,11.316322,9.681118965148926,12.709497451782227,23.409998,24.642454
macrozona,Centro,2020-12-01,29,10.640913,9.17475700378418,12.297930717468262,19.332506,17.54099
macrozona,Centro,2021-01-01,29,12.422076,11.040055274963379,13.780952453613281,20.879595,24.681297
macrozona,Centro,2021-02-01,29,11.618372,9.89820384979248,13.253731727600098,25.304993,24.292414
macrozona,Centro,2021-03-01,30,12.569304,11.132177114486694,13.745724439620972,31.044998,27.185606
macrozona,Centro,2021-04-01,30,18.915352,15.177548170089722,22.189002513885498,36.44052,45.14621
macrozona,Centro,2021-05-01,31,33.300293,24.573219299316406,39.43420219421387,47.46231,63.222633
macrozona,Centro,2021-06-01,31,35.311676,22.52712059020996,45.8857421875,49.34488,70.270065
macrozona,Centro,2021-07-01,31,44.3748,27.07661247253418,61.999677658081055,56.7358,84.593956
macrozona,Centro,2021-08-01,30,32.382656,21.033036708831787,40.37070560455322,48.11984,66.685265
macrozona,Centro,2021-09-01,30,16.10685,13.173063516616821,18.367153644561768,36.80539,53.503872
macrozona,Centro,2021-10-01,30,12.196444,10.783010244369507,13.967772722244263,28.190102,36.92139
macrozona,Centro,2021-11-01,30,10.491283,8.713998079299927,12.377269744873047,21.182297,23.528435
macrozona,Centro,2021-12-01,30,12.243602,10.003754377365112,14.616825342178345,19.52544,20.429285
macrozona,Centro,2022-01-01,30,9.434838,7.193683624267578,11.249086618423462,14.331819,19.1911
macrozona,Centro,2022-02-01,30,13.690302,12.123765707015991,14.919533252716064,23.911245,19.893204
macrozona,Centro,2022-03-01,30,14.252992,12.996779441833496,15.181758642196655,31.14826,33.38719
macrozona,Centro,2022-04-01,31,18.182308,14.638729095458984,20.68314838409424,31.179289,45.039295
macrozona,Centro,2022-05-01,31,37.97296,26.705166816711426,49.991310119628906,57.729618,69.53128
macrozona,Centro,2022-06-01,31,37.718067,24.815101623535156,50.88377571105957,51.71922,75.60128
macrozona,Centro,2022-07-01,31,30.460562,19.818700790405273,40.4962158203125,45.46161,67.69421
macrozona,Centro,2022-08-01,31,29.353397,21.235261917114258,36.00129699707031,50.870853,70.91343
macrozona,Centro,2022-09-01,31,18.24487,14.578227996826172,22.165969848632812,42.232487,60.279133
macrozona,Centro,2022-10-01,31,10.819254,9.2541823387146,12.077603340148926,28.421553,41.17225
macrozona,Centro,2022-11-01,31,10.557627,9.299652576446533,12.264747619628906,25.226856,30.606411
macrozona,Centro,2022-12-01,31,11.976573,9.889925479888916,14.192337036132812,20.359728,49.116722
macrozona,Centro,2023-01-01,31,11.117886,9.365672588348389,13.001352787017822,18.813051,17.711065
macrozona,Centro,2023-02-01,31,27.994982,22.823527336120605,31.407390594482422,56.991146,49.86773
macrozona,Centro,2023-03-01,31,12.9542885,11.501001358032227,14.337600708007812,33.39234,28.73996
macrozona,Centro,2023-04-01,31,18.017534,16.038301467895508,20.576104164123535,36.188023,44.043133
macrozona,Centro,2023-05-01,31,32.589817,24.246702194213867,41.234235763549805,51.253292,62.538925
macrozona,Centro,2023-06-01,31,31.229723,20.758795738220215,40.81221961975098,52.929634,60.479546
macrozona,Centro,2023-07-01,31,33.465076,21.909385681152344,44.15473747253418,45.63905,67.9348
macrozona,Centro,2023-08-01,31,21.522552,16.458395957946777,26.114253044128418,44.352474,54.445717
macrozona,Centro,2023-09-01,32,15.652112,11.778217554092407,20.63174819946289,36.186558,46.13745
macrozona,Centro,2023-10-01,32,12.028962,8.482630729675293,14.623192310333252,31.81512,38.383957
macrozona,Centro,2023-11-01,30,9.148187,7.115733504295349,11.448111534118652,21.36664,27.085676
macrozona,Centro,2023-12-01,31,10.791868,7.84855318069458,13.745697498321533,19.22565,28.620344
macrozona,Centro,2024-01-01,31,10.855764,8.796481132507324,13.15827751159668,19.111101,17.995499
macrozona,Centro,2024-02-01,31,11.750989,8.759539127349854,13.698381423950195,25.618317,28.650455
macrozona,Centro,2024-03-01,31,11.808422,9.525941848754883,14.102604866027832,30.09315,31.162355
macrozona,Centro,2024-04-01,31,14.650676,12.504932403564453,17.14279842376709,32.618073,40.19314
macrozona,Centro,2024-05-01,31,31.20686,21.453740119934082,37.664329528808594,46.98958,67.93206
macrozona,Centro,2024-06-01,30,28.971132,17.07056474685669,40.62476921081543,41.971066,65.784836
macrozona,Centro,2024-07-01,30,44.090687,31.07936429977417,58.1099853515625,60.42641,84.48681
macrozona,Centro,2024-08-01,30,23.948776,16.91494131088257,30.256311893463135,45.023914,63.177303
macrozona,Centro,2024-09-01,31,16.14871,13.827451229095459,18.296460151672363,40.746304,55.910225
macrozona,Centro,2024-10-01,32,10.4193,8.19174599647522,12.411804914474487,34.4566,40.574795
macrozona,Centro,2024-11-01,32,9.139415,6.904836416244507,11.374652862548828,19.4229,25.09577
macrozona,Centro,2024-12-01,32,10.212254,8.012871146202087,12.769593000411987,17.590212,20.446335
macrozona,Sur,2019-01-01,26,8.287048,6.177233099937439,10.004189014434814,7.9687366,6.8635097
macrozona,Sur,2019-02-01,26,13.259199,10.411235332489014,16.41221857070923,11.601418,11.073285
macrozona,Sur,2019-03-01,27,12.92588,9.99820852279663,15.843282222747803,13.456649,13.125159
macrozona,Sur,2019-04-01,29,23.866695,17.80337142944336,27.576011657714844,18.022133,20.8467
macrozona,Sur,2019-05-01,30,41.073177,27.029661655426025,48.34738636016846,29.050472,34.573483
macrozona,Sur,2019-06-01,29,38.12904,19.42898178100586,48.68272018432617,9.450922,9.160902
macrozona,Sur,2019-07-01,30,37.075836,18.711700439453125,49.961031913757324,8.693371,9.421957
macrozona,Sur,2019-08-01,30,37.737904,23.069698333740234,47.60655212402344,10.103372,12.295961
macrozona,Sur,2019-09-01,30,21.621534,12.925383806228638,26.520320892333984,9.92637,10.227254
macrozona,Sur,2019-10-01,30,14.537052,9.83508563041687,16.69758129119873,7.634769,10.943523
macrozona,Sur,2019-11-01,31,9.218298,6.759770393371582,11.230246543884277,7.253246,8.646427
macrozona,Sur,2019-12-01,31,7.8513856,6.1413562297821045,8.989734172821045,6.6931906,7.1033616
macrozona,Sur,2020-01-01,31,10.998311,6.6259377002716064,13.886073112487793,11.041533,15.589581
macrozona,Sur,2020-02-01,30,9.528803,6.7788755893707275,10.92323923110962,10.347034,9.286497
macrozona,Sur,2020-03-01,30,9.88148,8.254019498825073,11.352336645126343,13.127955,9.975133
macrozona,Sur,2020-04-01,31,22.384016,15.022346496582031,27.627079963684082,16.780375,16.7882
macrozona,Sur,2020-05-01,30,44.05486,26.319167613983154,53.88442134857178,11.272024,13.311076
macrozona,Sur,2020-06-01,31,39.60594,28.189146041870117,50.50899696350098,11.754107,9.467357
macrozona,Sur,2020-07-01,30,45.35655,24.11510181427002,62.48922252655029,8.973976,9.504028
macrozona,Sur,2020-08-01,29,33.1098,18.942203521728516,42.952510833740234,9.643538,9.808819
macrozona,Sur,2020-09-01,29,26.11223,16.459497451782227,36.28888702392578,10.335127,10.630845
macrozona,Sur,2020-10-01,29,14.707538,10.263157844543457,19.059139251708984,10.34998,8.451602
macrozona,Sur,2020-11-01,29,9.131216,6.53556489944458,10.484722137451172,7.38073,8.204454
macrozona,Sur,2020-12-01,34,7.4392996,5.837427616119385,8.36393404006958,6.391075,6.801536
macrozona,Sur,2021-01-01,34,8.933314,6.186571955680847,10.834190607070923,7.5680523,6.8376784
macrozona,Sur,2021-02-01,34,8.47219,6.895117402076721,9.495952367782593,8.511272,6.140355
macrozona,Sur,2021-03-01,36,11.44354,9.462830066680908,12.73778486251831,14.846513,11.724583
macrozona,Sur,2021-04-01,36,20.484835,15.143240451812744,23.768178939819336,10.512475,13.044098
macrozona,Sur,2021-05-01,36,41.58097,27.14692211151123,49.44665813446045,14.665804,13.525904
macrozona,Sur,2021-06-01,36,47.08787,25.5729341506958,60.7667236328125,10.701447,9.930702
macrozona,Sur,2021-07-01,36,44.12501,27.85068988800049,56.05902671813965,10.822513,10.848368
macrozona,Sur,2021-08-01,36,32.023357,21.74866008758545,41.4094877243042,11.85637,11.639957
macrozona,Sur,2021-09-01,36,22.55141,15.461350440979004,25.909467220306396,9.073989,9.249429
macrozona,Sur,2021-10-01,36,13.99584,8.770739078521729,16.97888994216919,8.547137,8.356289
macrozona,Sur,2021-11-01,36,8.584614,6.641835927963257,9.860658884048462,6.4143066,7.680525
macrozona,Sur,2021-12-01,36,10.507964,7.328358054161072,11.92923092842102,9.710874,10.963942
macrozona,Sur,2022-01-01,36,6.6517105,4.835684180259705,7.719827055931091,6.0383105,6.0797567
macrozona,Sur,2022-02-01,36,12.450803,9.531876802444458,16.9669451713562,12.502158,11.607272
macrozona,Sur,2022-03-01,36,12.031343,9.817428350448608,13.357538938522339,12.281445,25.496447
macrozona,Sur,2022-04-01,36,21.7528,15.029361963272095,30.55534029006958,7.7332554,9.706806
macrozona,Sur,2022-05-01,35,45.70225,29.920592308044434,57.34102249145508,19.125706,17.520542
macrozona,Sur,2022-06-01,36,42.3604,24.759512424468994,58.436713218688965,16.471651,13.607524
macrozona,Sur,2022-07-01,36,33.124947,17.28619623184204,44.29299831390381,8.717152,8.600059
macrozona,Sur,2022-08-01,36,33.875786,20.117137908935547,41.55607032775879,11.467548,10.769472
macrozona,Sur,2022-09-01,36,22.060234,14.416171312332153,28.854325771331787,10.208412,12.12501
macrozona,Sur,2022-10-01,36,11.752249,8.631112575531006,14.617095470428467,7.5458827,10.074808
macrozona,Sur,2022-11-01,36,8.325584,6.739542126655579,9.394774913787842,7.8949714,9.42656
macrozona,Sur,2022-12-01,37,7.353133,4.8700947761535645,8.662125587463379,6.619059,11.207205
macrozona,Sur,2023-01-01,36,7.0762253,4.746631026268005,8.331856966018677,8.037972,9.380048
macrozona,Sur,2023-02-01,37,26.802395,7.752238750457764,44.48059844970703,55.961033,132.7568
macrozona,Sur,2023-03-01,37,9.587232,8.012162208557129,10.952893257141113,15.877952,14.166401
macrozona,Sur,2023-04-01,37,18.11052,13.165738105773926,20.960838317871094,13.393135,17.60678
macrozona,Sur,2023-05-01,37,32.910538,25.016172409057617,38.928375244140625,16.195988,14.973139
macrozona,Sur,2023-06-01,36,40.30023,24.550944805145264,52.712799072265625,11.884158,9.960415
macrozona,Sur,2023-07-01,36,41.794582,28.08019781112671,56.83552551269531,8.92833,9.394256
macrozona,Sur,2023-08-01,35,32.49124,19.600954055786133,41.623146057128906,9.063421,9.209963
macrozona,Sur,2023-09-01,36,18.979803,12.111931085586548,23.166926860809326,7.5949526,9.404512
macrozona,Sur,2023-10-01,36,12.408099,9.211013793945312,15.66302752494812,8.313864,9.266801
macrozona,Sur,2023-11-01,32,9.095423,6.745833516120911,11.700973749160767,7.174792,8.635808
macrozona,Sur,2023-12-01,32,6.5096703,5.194805145263672,7.528512001037598,6.7073812,7.062108
macrozona,Sur,2024-01-01,33,7.3643603,5.385964870452881,9.596231460571289,6.433061,6.438925
macrozona,Sur,2024-02-01,33,8.596371,6.047328472137451,9.617339134216309,7.587564,7.421858
macrozona,Sur,2024-03-01,35,9.566851,7.801626920700073,11.839731693267822,13.034591,12.34799
macrozona,Sur,2024-04-01,35,20.403994,16.71848440170288,24.286131858825684,12.777652,13.71951
macrozona,Sur,2024-05-01,38,54.709473,30.98799753189087,65.37050533294678,19.338737,18.05375
macrozona,Sur,2024-06-01,38,29.546492,17.140587329864502,37.42154407501221,8.072475,8.05383
macrozona,Sur,2024-07-01,36,52.16755,40.91806602478027,60.94827079772949,12.7538,12.112133
macrozona,Sur,2024-08-01,36,38.689022,25.05197048187256,47.4494047164917,10.322111,10.653878
macrozona,Sur,2024-09-01,38,20.49379,11.796621084213257,26.517337322235107,9.774771,10.34798
macrozona,Sur,2024-10-01,39,12.984641,8.93498706817627,15.042810916900635,12.197971,10.439018
macrozona,Sur,2024-11-01,39,9.473131,6.194504261016846,10.546940326690674,6.076996,8.087465
macrozona,Sur,2024-12-01,39,7.9994645,5.339293956756592,8.578917026519775,6.111237,6.811383
macrozona,Austral,2019-01-01,4,6.427452,5.519637405872345,7.552379608154297,2.3660853,4.6609554
macrozona,Austral,2019-02-01,4,8.041214,4.884692072868347,9.973793268203735,2.4601433,3.9143248
macrozona,Austral,2019-03-01,4,14.55191,10.386208176612854,19.75105905532837,2.44911,2.9727497
macrozona,Austral,2019-04-01,4,26.331188,16.373178601264954,39.84540271759033,2.6609418,3.608197
macrozona,Austral,2019-05-01,4,37.6677,27.139159679412842,55.25008487701416,2.7105157,2.6795373
macrozona,Austral,2019-06-01,4,58.54357,42.438897371292114,85.71639251708984,3.2614381,1.9352312
macrozona,Austral,2019-07-01,4,64.91262,34.14750373363495,104.09392738342285,3.9454377,2.2228708
macrozona,Austral,2019-08-01,4,41.87851,29.70593023300171,62.04386043548584,2.8939948,2.8994343
macrozona,Austral,2019-09-01,4,29.25995,19.483635663986206,44.28951644897461,2.6590078,4.169577
macrozona,Austral,2019-10-01,4,15.915318,11.452194809913635,21.9360294342041,1.8107147,4.30834
macrozona,Austral,2019-11-01,4,10.013362,8.789975643157959,11.680437803268433,2.1959956,5.4679246
macrozona,Austral,2019-12-01,4,8.455007,7.614482045173645,9.755697011947632,2.0261672,5.234724
macrozona,Austral,2020-01-01,4,6.442466,5.309848427772522,7.463882207870483,2.489341,8.016524
macrozona,Austral,2020-02-01,4,8.66884,6.8483134508132935,10.597294807434082,2.4952862,5.4812393
macrozona,Austral,2020-03-01,4,11.66146,9.834791541099548,14.96197509765625,1.8557103,3.5732195
macrozona,Austral,2020-04-01,4,30.832695,21.963244915008545,44.53725719451904,2.754671,2.5708346
macrozona,Austral,2020-05-01,4,47.003036,35.81834053993225,67.7398567199707,2.4865055,2.0086527
macrozona,Austral,2020-06-01,4,56.614254,34.662291407585144,86.7232666015625,3.013122,2.2375631
macrozona,Austral,2020-07-01,4,71.1521,35.71681606769562,113.11651802062988,2.8923392,1.8625529
macrozona,Austral,2020-08-01,4,30.877884,23.265361845493317,44.73385810852051,2.9909053,4.0860014
macrozona,Austral,2020-09-01,4,24.658398,18.902686417102814,35.960511207580566,2.6104615,4.61699
macrozona,Austral,2020-10-01,4,14.332209,13.49482148885727,18.287940979003906,2.4614127,5.231387
macrozona,Austral,2020-11-01,4,7.327568,6.147497594356537,8.977506399154663,2.075518,4.9739475
macrozona,Austral,2020-12-01,4,5.8837523,4.887068867683411,6.330142021179199,1.8440919,4.6910877
macrozona,Austral,2021-01-01,4,5.5492,4.049001455307007,6.1903921365737915,2.073991,3.8256965
macrozona,Austral,2021-02-01,4,5.1690974,4.436659395694733,5.977914333343506,2.4431508,2.9261327
macrozona,Austral,2021-03-01,5,11.197805,8.546558380126953,14.223274230957031,1.9555689,2.6076496
macrozona,Austral,2021-04-01,5,24.818716,23.579021453857422,27.934539794921875,2.2814023,2.0356855
macrozona,Austral,2021-05-01,5,59.708954,42.39487838745117,87.73260498046875,2.7622724,2.1997893
macrozona,Austral,2021-06-01,5,77.83099,47.71089553833008,118.20613098144531,3.264678,2.6048725
macrozona,Austral,2021-07-01,5,46.496136,38.27088928222656,43.82051467895508,2.8866096,2.905419
macrozona,Austral,2021-08-01,5,38.783676,13.666666984558105,52.129032135009766,3.1615083,3.154733
macrozona,Austral,2021-09-01,5,25.681698,29.726388931274414,30.951644897460938,2.2850435,2.796706
macrozona,Austral,2021-10-01,5,13.418516,13.936141014099121,16.389785766601562,2.0527108,4.575687
macrozona,Austral,2021-11-01,5,9.74044,10.30112075805664,11.383216857910156,1.989511,4.0757117
macrozona,Austral,2021-12-01,5,6.2102957,5.480379104614258,6.675236701965332,2.1414402,3.9833162
macrozona,Austral,2022-01-01,5,6.4095006,5.522327423095703,6.8753581047058105,2.1703613,4.514778
macrozona,Austral,2022-02-01,5,6.2666426,6.255988121032715,6.989536762237549,2.272878,4.005223
macrozona,Austral,2022-03-01,5,13.527339,5.835616588592529,17.239892959594727,2.1638062,3.1440377
macrozona,Austral,2022-04-01,5,24.62057,26.538787841796875,30.756267547607422,2.1579916,2.2517936
macrozona,Austral,2022-05-01,4,58.730522,30.276537537574768,93.33085632324219,3.0705757,2.2533615
macrozona,Austral,2022-06-01,5,85.6438,56.56619644165039,128.88145446777344,3.718443,1.8219451
macrozona,Austral,2022-07-01,5,49.48094,41.50135040283203,76.80323791503906,2.9836872,2.3536255
macrozona,Austral,2022-08-01,5,43.185814,32.969085693359375,43.74327850341797,3.1349614,3.1637301
macrozona,Austral,2022-09-01,5,29.367481,22.759052276611328,33.74369812011719,2.4160948,3.359898
macrozona,Austral,2022-10-01,5,14.22468,10.166666984558105,18.501483917236328,2.2243185,5.5532246
macrozona,Austral,2022-11-01,5,8.37037,7.280334949493408,10.926080703735352,2.1114287,6.2233353
macrozona,Austral,2022-12-01,5,6.3031826,5.9339776039123535,7.570067882537842,1.7773886,5.707271
macrozona,Austral,2023-01-01,5,4.5442896,4.117250442504883,5.165311813354492,2.2074645,5.0298343
macrozona,Austral,2023-02-01,5,4.9612246,3.8665666580200195,6.897809982299805,1.9149365,4.7468104
macrozona,Austral,2023-03-01,5,14.530473,13.84573745727539,18.64187240600586,1.7268914,3.8119822
macrozona,Austral,2023-04-01,5,33.023586,21.19327735900879,43.327754974365234,2.103262,2.4027803
macrozona,Austral,2023-05-01,5,39.88901,30.02968978881836,47.150943756103516,2.5466883,2.622681
macrozona,Austral,2023-06-01,5,65.6307,36.085350036621094,96.69444274902344,3.3692355,2.5533886
macrozona,Austral,2023-07-01,5,69.29477,41.31897735595703,101.64189147949219,3.7927577,2.0919783
macrozona,Austral,2023-08-01,5,36.611095,26.203779220581055,53.37297439575195,3.0144556,3.2250216
macrozona,Austral,2023-09-01,5,31.883675,21.649789810180664,43.30404281616211,2.5505555,2.9851918
macrozona,Austral,2023-10-01,5,12.094146,7.31929349899292,17.051982879638672,2.0547218,4.4245505
macrozona,Austral,2023-11-01,4,10.478745,8.74274879693985,13.356101989746094,1.8654279,5.101023
macrozona,Austral,2023-12-01,5,6.5022,5.3967390060424805,7.615384578704834,1.9877015,4.261886
macrozona,Austral,2024-01-01,5,4.7488413,3.819918155670166,5.751014709472656,1.9050131,4.2944984
macrozona,Austral,2024-02-01,5,5.6383104,3.8047690391540527,7.0470781326293945,1.8754324,3.6779203
macrozona,Austral,2024-03-01,5,14.121533,12.417462348937988,17.824323654174805,1.8762612,3.5737453
macrozona,Austral,2024-04-01,5,35.401237,24.100839614868164,49.255584716796875,2.092188,2.5693643
macrozona,Austral,2024-05-01,5,82.533585,45.59811782836914,126.87466430664062,3.4969947,1.8721122
macrozona,Austral,2024-06-01,5,60.48019,34.28929138183594,92.45896911621094,4.3119416,1.5333406
macrozona,Austral,2024-07-01,5,54.075985,39.8991813659668,71.22237396240234,3.3502219,2.6970716
macrozona,Austral,2024-08-01,5,51.37615,37.58142852783203,61.27456283569336,3.5443082,1.8037397
macrozona,Austral,2024-09-01,5,18.501959,21.01810646057129,22.470014572143555,2.3944728,3.7772126
macrozona,Austral,2024-10-01,5,13.214548,9.40243911743164,16.080053329467773,2.2013109,3.6055248
macrozona,Austral,2024-11-01,5,9.973162,8.223152160644531,11.987430572509766,1.7537031,4.75797
macrozona,Austral,2024-12-01,5,6.558593,4.527740001678467,7.607046127319336,1.9235817,4.3994517
region,Arica y P.,2019-01-01,1,12.32967,12.329669952392578,12.329669952392578,10.84213,8.766307
region,Arica y P.,2019-02-01,1,10.909502,10.909502029418945,10.909502029418945,12.667449,4.642965
region,Arica y P.,2019-03-01,1,12.092992,12.092991828918457,12.092991828918457,13.208943,5.112736
region,Arica y P.,2019-04-01,1,11.485994,11.485994338989258,11.485994338989258,12.183324,4.9498234
region,Arica y P.,2019-05-01,1,13.102319,13.10231876373291,13.10231876373291,14.211984,4.874905
region,Arica y P.,2019-06-01,1,13.309659,13.309659004211426,13.309659004211426,12.464551,4.819409
region,Arica y P.,2019-07-01,1,9.987838,9.987837791442871,9.987837791442871,12.046339,4.8574057
region,Arica y P.,2019-08-01,1,9.130552,9.130552291870117,9.130552291870117,16.632263,5.1576858
region,Arica y P.,2019-09-01,1,10.150783,10.150782585144043,10.150782585144043,12.527347,3.48722
region,Arica y P.,2019-10-01,1,11.082211,11.082210540771484,11.082210540771484,11.579359,3.5110686
region,Arica y P.,2019-11-01,1,11.031297,11.031296730041504,11.031296730041504,9.681946,3.5571089
region,Arica y P.,2019-12-01,1,12.20996,12.209959983825684,12.209959983825684,8.698129,3.8630466
region,Arica y P.,2020-01-01,1,9.390313,9.390313148498535,9.390313148498535,8.483223,4.6221123
region,Arica y P.,2020-02-01,1,11.83258,11.832579612731934,11.832579612731934,10.560077,3.4350708
region,Arica y P.,2020-03-01,1,10.767979,10.76797866821289,10.76797866821289,10.416213,3.8250756
region,Arica y P.,2020-04-01,1,12.437236,12.437235832214355,12.437235832214355,13.507665,4.5383773
region,Arica y P.,2020-05-01,1,14.0,14.0,14.0,16.494862,6.7783203
region,Arica y P.,2020-06-01,1,12.686798,12.686798095703125,12.686798095703125,11.968675,4.1733537
region,Arica y P.,2020-07-01,1,12.865306,12.86530590057373,12.86530590057373,12.773347,4.7619543
region,Arica y P.,2020-08-01,1,11.85,11.850000381469727,11.850000381469727,10.600398,3.7068095
region,Arica y P.,2020-09-01,1,11.203366,11.20336627960205,11.20336627960205,10.227283,2.2581139
region,Arica y P.,2020-10-01,1,11.963365,11.963364601135254,11.963364601135254,9.630544,2.1438792
region,Arica y P.,2020-11-01,1,11.762857,11.762857437133789,11.762857437133789,8.438524,2.6376107
region,Arica y P.,2020-12-01,1,11.603329,11.603328704833984,11.603328704833984,8.43364,3.6209865
region,Arica y P.,2021-01-01,1,10.58078,10.580780029296875,10.580780029296875,6.43215,2.5978858
region,Arica y P.,2021-02-01,1,12.253799,12.253799438476562,12.253799438476562,8.025974,3.2506742
region,Arica y P.,2021-03-01,1,13.228487,13.228487014770508,13.228487014770508,7.6166306,4.1964984
region,Arica y P.,2021-04-01,1,12.709815,12.70981502532959,12.70981502532959,11.269262,3.658652
region,Arica y P.,2021-05-01,1,13.123627,13.123626708984375,13.123626708984375,13.171397,5.813297
region,Arica y P.,2021-06-01,1,13.926081,13.926080703735352,13.926080703735352,14.126349,5.611431
region,Arica y P.,2021-07-01,1,13.117007,13.1170072555542,13.1170072555542,12.664739,5.9050264
region,Arica y P.,2021-08-01,1,10.521089,10.521088600158691,10.521088600158691,12.11617,4.0245075
region,Arica y P.,2021-09-01,1,9.492733,9.492733001708984,9.492733001708984,11.168203,2.738495
region,Arica y P.,2021-10-01,1,11.08931,11.089309692382812,11.089309692382812,10.123164,3.4072978
region,Arica y P.,2021-11-01,1,8.980365,8.980364799499512,8.980364799499512,8.411392,4.4198527
region,Arica y P.,2021-12-01,1,8.984973,8.984972953796387,8.984972953796387,8.066409,3.8649173
region,Arica y P.,2022-01-01,1,9.720327,9.720327377319336,9.720327377319336,9.084752,5.068725
region,Arica y P.,2022-02-01,1,11.882622,11.882621765136719,11.882621765136719,9.074144,5.5691385
region,Arica y P.,2022-03-01,1,13.570248,13.570247650146484,13.570247650146484,12.006696,5.033975
region,Arica y P.,2022-04-01,1,12.621739,12.621739387512207,12.621739387512207,13.595835,5.027868
region,Arica y P.,2022-05-01,1,12.799451,12.799450874328613,12.799450874328613,15.71154,6.826578
region,Arica y P.,2022-06-01,1,14.152081,14.152080535888672,14.152080535888672,12.9603615,6.9172235
region,Arica y P.,2022-07-01,1,10.902927,10.90292739868164,10.90292739868164,10.769599,4.6201377
region,Arica y P.,2022-08-01,1,11.451035,11.451034545898438,11.451034545898438,13.239623,6.1838946
region,Arica y P.,2022-09-01,1,9.822982,9.822981834411621,9.822981834411621,14.997607,5.256366
region,Arica y P.,2022-10-01,1,10.599689,10.599688529968262,10.599688529968262,11.8894615,5.401282
region,Arica y P.,2022-11-01,1,10.244898,10.244897842407227,10.244897842407227,8.845138,4.7875576
region,Arica y P.,2022-12-01,1,10.351021,10.351020812988281,10.351020812988281,9.970989,4.8068175
region,Arica y P.,2023-01-01,1,12.121088,12.121088027954102,12.121088027954102,8.003277,4.844771
region,Arica y P.,2023-02-01,1,11.385321,11.385320663452148,11.385320663452148,11.469956,6.0377727
region,Arica y P.,2023-03-01,1,11.0,11.0,11.0,10.365661,3.0671964
region,Arica y P.,2023-04-01,1,12.067961,12.067960739135742,12.067960739135742,14.032617,5.2593884
region,Arica y P.,2023-05-01,1,10.513235,10.513235092163086,10.513235092163086,15.756625,6.323999
region,Arica y P.,2023-06-01,1,10.973293,10.97329330444336,10.97329330444336,15.566422,5.530815
region,Arica y P.,2023-07-01,1,10.284091,10.284090995788574,10.284090995788574,13.679432,4.3766522
region,Arica y P.,2023-08-01,1,9.583333,9.583333015441895,9.583333015441895,12.49925,4.5740423
region,Arica y P.,2023-09-01,1,10.085074,10.085074424743652,10.085074424743652,10.670186,3.7505243
region,Arica y P.,2023-10-01,1,10.058333,10.058333396911621,10.058333396911621,10.727905,3.7936988
region,Arica y P.,2023-11-01,1,9.213763,9.213763236999512,9.213763236999512,8.262791,3.8384275
region,Arica y P.,2023-12-01,1,9.919719,9.919718742370605,9.919718742370605,8.625913,4.6424646
region,Arica y P.,2024-01-01,1,9.768011,9.768011093139648,9.768011093139648,8.127239,4.407704
region,Arica y P.,2024-02-01,1,9.182749,9.182748794555664,9.182748794555664,8.239367,5.8477006
region,Arica y P.,2024-03-01,1,9.477551,9.477551460266113,9.477551460266113,11.531206,5.125525
region,Arica y P.,2024-04-01,1,10.823033,10.823033332824707,10.823033332824707,13.324046,5.3548574
region,Arica y P.,2024-05-01,1,8.897681,8.89768123626709,8.89768123626709,14.435128,4.6576304
region,Arica y P.,2024-06-01,1,11.22708,11.227080345153809,11.227080345153809,15.0356,5.454405
region,Arica y P.,2024-07-01,1,12.2972975,12.297297477722168,12.297297477722168,15.738165,5.763601
region,Arica y P.,2024-08-01,1,9.712142,9.712141990661621,9.712141990661621,14.753008,5.4052463
region,Arica y P.,2024-09-01,1,8.683029,8.683029174804688,8.683029174804688,15.054451,4.1919413
region,Arica y P.,2024-10-01,1,9.234568,9.234567642211914,9.234567642211914,12.292397,4.1004014
region,Arica y P.,2024-11-01,1,8.988523,8.98852252960205,8.98852252960205,8.548496,4.5379243
region,Arica y P.,2024-12-01,1,10.498631,10.49863052368164,10.49863052368164,8.855898,4.9756637
region,Tarapacá,2019-01-01,1,5.792453,5.792452812194824,5.792452812194824,11.653511,6.0236964
region,Tarapacá,2019-02-01,1,6.481132,6.4811320304870605,6.4811320304870605,12.595497,4.1273775
region,Tarapacá,2019-03-01,1,9.87431,9.874309539794922,9.874309539794922,14.157301,5.7204537
region,Tarapacá,2019-04-01,1,10.766854,10.766854286193848,10.766854286193848,14.126052,6.5848966
region,Tarapacá,2019-05-01,1,12.482527,12.482526779174805,12.482526779174805,15.027381,8.397812
region,Tarapacá,2019-06-01,1,18.960949,18.960948944091797,18.960948944091797,17.254723,9.562105
region,Tarapacá,2019-07-01,1,14.615385,14.615385055541992,14.615385055541992,16.542822,10.803705
region,Tarapacá,2019-08-01,1,15.069577,15.06957721710205,15.06957721710205,17.88297,10.758825
region,Tarapacá,2019-09-01,1,11.591352,11.591352462768555,11.591352462768555,15.236596,6.6651535
region,Tarapacá,2019-10-01,1,11.341463,11.341463088989258,11.341463088989258,13.766087,5.4685483
region,Tarapacá,2019-11-01,1,10.262272,10.262271881103516,10.262271881103516,12.278933,3.9849365
region,Tarapacá,2019-12-01,1,9.059295,9.059294700622559,9.059294700622559,10.775702,4.144359
region,Tarapacá,2020-01-01,1,7.3643723,7.364372253417969,7.364372253417969,10.372217,3.3610132
region,Tarapacá,2020-02-01,1,8.190407,8.190406799316406,8.190406799316406,11.878203,2.7291524
region,Tarapacá,2020-03-01,1,7.414966,7.414966106414795,7.414966106414795,11.545537,2.93938
region,Tarapacá,2020-04-01,1,10.071023,10.071022987365723,10.071022987365723,14.274307,5.446184
region,Tarapacá,2020-05-01,1,13.761518,13.761517524719238,13.761517524719238,16.22467,8.849787
region,Tarapacá,2020-06-01,1,10.422969,10.422968864440918,10.422968864440918,15.49413,8.245305
region,Tarapacá,2020-07-01,1,14.717391,14.717391014099121,14.717391014099121,16.934875,10.783526
region,Tarapacá,2020-08-01,1,12.158967,12.158967018127441,12.158967018127441,14.889444,7.393233
region,Tarapacá,2020-09-01,1,10.739191,10.739191055297852,10.739191055297852,14.479701,5.1178694
region,Tarapacá,2020-10-01,1,8.647774,8.647773742675781,8.647773742675781,12.885493,4.037743
region,Tarapacá,2020-11-01,1,10.185133,10.18513298034668,10.18513298034668,10.632774,4.213204
region,Tarapacá,2020-12-01,1,10.032787,10.032787322998047,10.032787322998047,9.974695,3.5551867
region,Tarapacá,2021-01-01,1,9.210811,9.210810661315918,9.210810661315918,7.9082026,2.7231529
region,Tarapacá,2021-02-01,1,8.330827,8.330826759338379,8.330826759338379,9.411367,3.4140062
region,Tarapacá,2021-03-01,1,8.772666,8.772665977478027,8.772665977478027,9.594504,4.149657
region,Tarapacá,2021-04-01,1,7.4081044,7.408104419708252,7.408104419708252,13.120305,5.7883363
region,Tarapacá,2021-05-01,1,9.253521,9.253520965576172,9.253520965576172,14.024695,8.569836
region,Tarapacá,2021-07-01,1,15.761341,15.761341094970703,15.761341094970703,17.432297,8.522547
region,Tarapacá,2021-08-01,1,13.948936,13.948936462402344,13.948936462402344,16.408525,7.7328515
region,Tarapacá,2021-09-01,1,14.408648,14.408647537231445,14.408647537231445,15.451328,6.358231
region,Tarapacá,2021-10-01,1,14.899593,14.899593353271484,14.899593353271484,13.219923,6.204358
region,Tarapacá,2021-11-01,1,14.244382,14.24438190460205,14.24438190460205,10.882037,6.448195
region,Tarapacá,2021-12-01,1,12.688347,12.688346862792969,12.688346862792969,10.446478,4.41756
region,Tarapacá,2022-01-01,1,12.806191,12.806191444396973,12.806191444396973,10.790658,4.7450905
region,Tarapacá,2022-02-01,1,12.980422,12.980422019958496,12.980422019958496,10.591321,5.6655316
region,Tarapacá,2022-03-01,1,12.263737,12.263736724853516,12.263736724853516,12.379909,5.9289966
region,Tarapacá,2022-04-01,1,11.717913,11.717912673950195,11.717912673950195,14.8868065,6.8820624
region,Tarapacá,2022-05-01,1,15.19407,15.194069862365723,15.194069862365723,17.444714,10.702215
region,Tarapacá,2022-06-01,1,13.507779,13.507779121398926,13.507779121398926,15.021548,11.08528
region,Tarapacá,2022-07-01,1,15.427989,15.42798900604248,15.42798900604248,17.071169,9.881709
region,Tarapacá,2022-08-01,1,15.315144,15.315143585205078,15.315143585205078,17.022839,12.300307
region,Tarapacá,2022-09-01,1,12.81356,12.813559532165527,12.813559532165527,15.538454,8.379704
region,Tarapacá,2022-10-01,1,12.217332,12.217331886291504,12.217331886291504,14.0036,9.844388
region,Tarapacá,2022-11-01,1,11.59944,11.59943962097168,11.59943962097168,11.604711,6.858743
region,Tarapacá,2022-12-01,1,12.750729,12.750728607177734,12.750728607177734,11.455891,4.213439
region,Tarapacá,2023-01-01,1,12.918956,12.91895580291748,12.91895580291748,9.500844,5.2453246
region,Tarapacá,2023-02-01,1,11.381024,11.381024360656738,11.381024360656738,11.698358,5.845405
region,Tarapacá,2023-03-01,1,10.960705,10.960704803466797,10.960704803466797,10.682143,3.8643107
region,Tarapacá,2023-04-01,1,11.433566,11.433566093444824,11.433566093444824,14.358847,6.1474614
region,Tarapacá,2023-05-01,1,11.416216,11.416215896606445,11.416215896606445,18.002445,8.388001
region,Tarapacá,2023-06-01,1,10.855907,10.855907440185547,10.855907440185547,18.903961,10.29504
region,Tarapacá,2023-07-01,1,10.763123,10.76312255859375,10.76312255859375,18.406275,9.092005
region,Tarapacá,2023-08-01,1,8.860335,8.860335350036621,8.860335350036621,17.639515,8.208354
region,Tarapacá,2023-09-01,1,7.990085,7.990085124969482,7.990085124969482,13.939401,6.98149
region,Tarapacá,2023-10-01,1,7.5595407,7.559540748596191,7.559540748596191,13.689847,4.8060255
region,Tarapacá,2023-11-01,1,3.7633054,3.763305425643921,3.763305425643921,10.951746,4.946315
region,Tarapacá,2023-12-01,1,3.9818943,3.9818942546844482,3.9818942546844482,11.215745,5.0706186
region,Tarapacá,2024-01-01,1,4.3414307,4.3414306640625,4.3414306640625,10.307974,3.927499
region,Tarapacá,2024-02-01,1,7.569956,7.569955825805664,7.569955825805664,10.6868,5.6297355
region,Tarapacá,2024-03-01,1,16.609459,16.609458923339844,16.609458923339844,12.253608,5.8325224
region,Tarapacá,2024-04-01,1,5.047619,5.047618865966797,5.047618865966797,14.548497,6.650161
region,Tarapacá,2024-05-01,1,5.7897573,5.789757251739502,5.789757251739502,16.28839,8.462448
region,Tarapacá,2024-06-01,1,7.913165,7.913165092468262,7.913165092468262,18.801693,10.312088
region,Tarapacá,2024-07-01,1,8.702069,8.702069282531738,8.702069282531738,18.969782,11.677594
region,Tarapacá,2024-08-01,1,6.8354254,6.83542537689209,6.83542537689209,17.220943,10.783412
region,Tarapacá,2024-09-01,1,6.6058497,6.605849742889404,6.605849742889404,17.269815,7.579714
region,Tarapacá,2024-10-01,1,6.180217,6.1802167892456055,6.1802167892456055,14.216432,5.965776
region,Tarapacá,2024-11-01,1,5.7399163,5.7399163246154785,5.7399163246154785,11.229887,4.9471836
region,Tarapacá,2024-12-01,1,6.056552,6.056551933288574,6.056551933288574,11.342795,5.6194754
region,Antofagasta,2019-01-01,8,8.844384,7.036137580871582,10.972480297088623,13.711996,4.7755904
region,Antofagasta,2019-02-01,8,8.36757,5.733499050140381,12.03734278678894,14.151629,5.2159667
region,Antofagasta,2019-03-01,8,10.5317,6.9707725048065186,14.303498029708862,13.080465,4.70803
region,Antofagasta,2019-04-01,8,11.158073,8.551899790763855,14.683829545974731,11.7515955,6.173982
region,Antofagasta,2019-05-01,8,10.33366,5.783722281455994,15.046494007110596,10.722917,8.416932
region,Antofagasta,2019-06-01,7,10.7499485,8.153442621231079,13.980170726776123,10.6640215,10.266925
region,Antofagasta,2019-07-01,9,10.434343,7.745967864990234,16.40058135986328,10.313417,10.0814905
region,Antofagasta,2019-08-01,8,11.135552,7.284553050994873,14.417978286743164,12.93631,9.380635
region,Antofagasta,2019-09-01,8,8.723829,7.594294309616089,10.876736164093018,12.166921,7.198311
region,Antofagasta,2019-10-01,8,9.355513,7.486037254333496,12.132815837860107,11.940578,6.268714
region,Antofagasta,2019-11-01,8,9.549866,8.077566146850586,11.899829626083374,13.35879,4.643553
region,Antofagasta,2019-12-01,7,9.377479,7.80379581451416,10.453370571136475,12.642306,4.409157
region,Antofagasta,2020-01-01,9,9.903823,7.991596698760986,10.454794883728027,12.675738,4.2082915
region,Antofagasta,2020-02-01,9,9.534891,7.664705753326416,10.506689071655273,14.166455,3.3180926
region,Antofagasta,2020-03-01,9,9.086118,7.761981010437012,9.844173431396484,15.398676,4.4571147
region,Antofagasta,2020-04-01,9,8.968745,7.55007266998291,10.309667587280273,13.284137,6.584587
region,Antofagasta,2020-05-01,9,10.1993475,7.805107593536377,12.775372505187988,11.627478,9.117888
region,Antofagasta,2020-06-01,9,9.20414,6.154381275177002,12.102961540222168,9.722463,8.335544
region,Antofagasta,2020-07-01,9,9.063241,6.3306450843811035,11.643410682678223,9.906915,11.305471
region,Antofagasta,2020-08-01,9,10.246382,8.874141693115234,11.689188957214355,10.852412,9.1313505
region,Antofagasta,2020-09-01,9,9.201727,7.237069129943848,11.924369812011719,11.359853,6.740368
region,Antofagasta,2020-10-01,9,9.033136,7.287790775299072,11.314516067504883,11.938979,5.1236277
region,Antofagasta,2020-11-01,9,8.040729,5.481894016265869,8.620344161987305,9.729473,5.529339
region,Antofagasta,2020-12-01,9,10.159953,7.108187198638916,13.206756591796875,11.27824,4.2576423
region,Antofagasta,2021-01-01,9,10.634235,5.86834716796875,14.59586238861084,11.591168,3.263824
region,Antofagasta,2021-02-01,9,9.837767,6.0910491943359375,13.978755950927734,11.169709,3.3042364
region,Antofagasta,2021-03-01,9,8.388436,6.797537803649902,10.305438995361328,12.2311125,4.238913
region,Antofagasta,2021-04-01,9,9.280064,6.262108325958252,11.164345741271973,10.905492,5.7440987
region,Antofagasta,2021-05-01,9,9.976431,4.36962366104126,14.528302192687988,10.937073,9.687452
region,Antofagasta,2021-06-01,9,9.765462,4.779390335083008,12.819672584533691,10.682496,9.607182
region,Antofagasta,2021-07-01,9,11.447146,7.211940288543701,16.68057632446289,11.272989,12.947874
region,Antofagasta,2021-08-01,9,10.30747,5.663956642150879,13.634771347045898,10.308752,11.320158
region,Antofagasta,2021-09-01,9,9.8836155,7.211428642272949,12.35867977142334,11.405067,7.2175484
region,Antofagasta,2021-10-01,9,10.280795,7.789757251739502,13.678378105163574,10.312338,6.7629986
region,Antofagasta,2021-11-01,9,8.752558,6.5527777671813965,9.48396110534668,10.79531,5.8740478
region,Antofagasta,2021-12-01,9,8.798484,5.696675777435303,10.460295677185059,12.449905,5.14501
region,Antofagasta,2022-01-01,9,8.857889,6.443842887878418,10.968536376953125,13.673891,4.702883
region,Antofagasta,2022-02-01,9,9.209682,7.119402885437012,11.242424011230469,12.877946,4.9297447
region,Antofagasta,2022-03-01,9,10.819641,6.8155341148376465,12.109305381774902,14.547267,5.2802453
region,Antofagasta,2022-04-01,9,9.025485,6.61904764175415,11.290960311889648,11.026905,7.6552544
region,Antofagasta,2022-05-01,9,9.987649,7.0506157875061035,14.31393814086914,12.0191765,10.202777
region,Antofagasta,2022-06-01,9,8.290286,6.175000190734863,10.230539321899414,10.214023,10.274054
region,Antofagasta,2022-07-01,9,9.762933,6.535353660583496,12.045330047607422,10.534848,10.624781
region,Antofagasta,2022-08-01,9,8.95398,6.4549126625061035,9.863965034484863,11.231747,11.064942
region,Antofagasta,2022-09-01,9,7.7025423,5.585535526275635,9.121127128601074,11.067287,9.002876
region,Antofagasta,2022-10-01,9,6.37502,4.106849193572998,7.916083812713623,11.342446,9.843236
region,Antofagasta,2022-11-01,9,7.7370377,6.321752071380615,9.630555152893066,11.4757595,6.691764
region,Antofagasta,2022-12-01,9,8.18852,7.067946910858154,11.180790901184082,13.220665,4.492959
region,Antofagasta,2023-01-01,9,9.464069,6.450204849243164,9.39054012298584,12.246053,4.7994957
region,Antofagasta,2023-02-01,9,9.380221,5.879227161407471,9.300653457641602,14.495816,6.085605
region,Antofagasta,2023-03-01,9,8.217318,5.776371479034424,9.377437591552734,15.327499,4.4508257
region,Antofagasta,2023-04-01,9,7.717681,5.814579963684082,9.912732124328613,14.423126,7.3951263
region,Antofagasta,2023-05-01,9,8.678022,6.314516067504883,12.435643196105957,12.951257,9.585467
region,Antofagasta,2023-06-01,9,9.988649,8.757702827453613,9.900875091552734,11.416796,10.728245
region,Antofagasta,2023-07-01,9,9.783683,8.613821029663086,11.043283462524414,11.590149,9.9023075
region,Antofagasta,2023-08-01,9,9.985368,6.828378200531006,11.368876457214355,12.161775,8.986961
region,Antofagasta,2023-09-01,9,8.888358,6.096234321594238,11.306513786315918,10.579647,7.2637634
region,Antofagasta,2023-10-01,9,8.742357,6.364383697509766,8.985215187072754,12.234112,5.7958484
region,Antofagasta,2023-11-01,9,8.524118,5.717948913574219,8.62937068939209,10.957877,5.383257
region,Antofagasta,2023-12-01,9,9.01369,7.227642059326172,9.142473220825195,12.387388,5.7438064
region,Antofagasta,2024-01-01,9,9.619084,7.482900142669678,11.133333206176758,12.772618,4.0317006
region,Antofagasta,2024-02-01,9,24.318573,6.334311008453369,10.204051971435547,14.033936,6.0881357
region,Antofagasta,2024-03-01,9,10.26259,6.95788049697876,10.508064270019531,15.813131,4.6881347
region,Antofagasta,2024-04-01,9,9.333545,6.676035404205322,9.93697452545166,13.777677,6.467662
region,Antofagasta,2024-05-01,9,8.839551,5.71999979019165,10.53794002532959,11.669112,9.01027
region,Antofagasta,2024-06-01,9,11.023334,7.1650166511535645,12.373239517211914,12.25732,9.76717
region,Antofagasta,2024-07-01,9,9.683564,7.11002779006958,10.03945541381836,12.380668,10.756459
region,Antofagasta,2024-08-01,9,8.826275,6.802130699157715,10.516304016113281,11.461336,9.260845
region,Antofagasta,2024-09-01,9,9.62347,6.758620738983154,10.59520435333252,13.67345,9.081652
region,Antofagasta,2024-10-01,9,10.451821,7.465991497039795,10.995945930480957,13.514549,7.1349373
region,Antofagasta,2024-11-01,9,16.201155,8.093524932861328,10.35694408416748,13.142959,5.8960023
region,Antofagasta,2024-12-01,9,11.330326,7.992826461791992,12.910690307617188,12.234286,5.7498403
region,Atacama,2019-01-01,4,8.455722,7.717288970947266,8.79392385482788,13.367709,2.606627
region,Atacama,2019-02-01,4,8.70861,8.166096806526184,9.126989841461182,15.669514,2.8022568
region,Atacama,2019-03-01,4,10.069501,9.028385877609253,10.392472982406616,16.581823,3.3098533
region,Atacama,2019-04-01,4,10.446403,9.424893856048584,10.702777862548828,20.231178,2.2863684
region,Atacama,2019-05-01,4,12.704026,8.29722261428833,12.705645322799683,25.043882,2.6956844
region,Atacama,2019-06-01,4,11.807343,10.249214887619019,12.837312698364258,21.65978,3.155407
region,Atacama,2019-07-01,4,14.718538,13.109206676483154,15.42457365989685,26.925688,3.9559221
region,Atacama,2019-08-01,4,14.155503,12.283257961273193,15.222409725189209,24.583277,4.733384
region,Atacama,2019-09-01,4,8.720419,7.510253548622131,9.72988224029541,19.98271,2.010946
region,Atacama,2019-10-01,4,10.834445,7.72918164730072,11.507580518722534,15.846552,3.1524804
region,Atacama,2019-11-01,4,11.338469,8.75841236114502,14.097104549407959,16.793457,3.1093795
region,Atacama,2019-12-01,4,12.007415,9.90501618385315,14.096774339675903,14.1828785,2.4658692
region,Atacama,2020-01-01,4,10.66171,8.325527548789978,12.921090364456177,15.069735,4.2142153
region,Atacama,2020-02-01,4,12.683677,9.22529649734497,15.19620132446289,15.1003895,2.712893
region,Atacama,2020-03-01,4,10.103424,9.145156383514404,12.0,16.601881,1.9862264
region,Atacama,2020-04-01,4,11.18792,10.232212781906128,12.539345502853394,23.928175,2.798317
region,Atacama,2020-05-01,4,13.630216,11.23967432975769,15.448979377746582,29.952084,2.2645342
region,Atacama,2020-06-01,4,12.55028,9.568552255630493,13.653425216674805,20.29975,3.0919096
region,Atacama,2020-07-01,4,12.210384,9.707060098648071,12.436156034469604,22.062706,4.7333755
region,Atacama,2020-08-01,4,10.104504,8.593732118606567,10.739154815673828,22.242882,5.678001
region,Atacama,2020-09-01,4,8.3167305,5.460416525602341,10.980291366577148,21.38025,3.4016087
region,Atacama,2020-10-01,4,9.43391,5.969448566436768,10.910126686096191,16.598408,2.8086636
region,Atacama,2020-11-01,4,8.895944,6.360179781913757,10.09750509262085,12.304255,2.0033908
region,Atacama,2020-12-01,4,9.519878,6.740591287612915,10.368721961975098,12.3721285,2.5236912
region,Atacama,2021-01-01,4,10.496418,7.390463590621948,10.869473695755005,12.216573,8.141602
region,Atacama,2021-02-01,4,8.199777,6.214232683181763,8.459160804748535,12.514206,1.9411192
region,Atacama,2021-03-01,4,9.411626,6.574740171432495,9.86694610118866,15.266281,1.3095967
region,Atacama,2021-04-01,4,9.762843,7.042453765869141,10.827736854553223,19.37522,1.6391871
region,Atacama,2021-05-01,4,12.074586,8.745998859405518,13.996785640716553,22.382206,3.1674592
region,Atacama,2021-06-01,4,9.367153,6.843605279922485,10.94731616973877,26.289778,3.144807
region,Atacama,2021-07-01,4,11.407839,8.645875453948975,12.783432960510254,31.201717,4.3849287
region,Atacama,2021-08-01,4,10.135936,7.887954354286194,11.032779693603516,20.663303,3.2912834
region,Atacama,2021-09-01,4,10.513845,8.496219754219055,11.216103076934814,18.293854,3.0601912
region,Atacama,2021-10-01,4,9.930646,7.949422121047974,10.642416715621948,15.346216,2.4387698
region,Atacama,2021-11-01,4,7.9850435,6.092608094215393,8.261805534362793,13.270811,1.9040989
region,Atacama,2021-12-01,4,8.389449,5.845094203948975,8.78830635547638,12.17746,1.7347077
region,Atacama,2022-01-01,4,9.242424,6.402941703796387,9.864583134651184,10.849207,1.8904663
region,Atacama,2022-02-01,4,9.759328,6.37608277797699,10.420149326324463,13.96056,2.8503966
region,Atacama,2022-03-01,4,9.526404,5.618615627288818,11.59294080734253,20.040625,2.3616657
region,Atacama,2022-04-01,4,8.97833,6.47516667842865,9.890731692314148,22.660297,2.2249045
region,Atacama,2022-05-01,4,10.996164,8.519052505493164,11.802492380142212,28.798515,2.2458117
region,Atacama,2022-06-01,4,8.282688,6.327341079711914,8.686309456825256,23.492552,3.20739
region,Atacama,2022-07-01,4,9.243171,6.805878281593323,10.207522869110107,20.635605,1.9815314
region,Atacama,2022-08-01,4,9.630146,7.259158730506897,10.737773180007935,27.607763,5.2561526
region,Atacama,2022-09-01,4,9.3213415,7.395716309547424,9.901878118515015,20.176672,5.295591
region,Atacama,2022-10-01,4,7.392665,5.759331107139587,7.799760222434998,18.964201,5.5883946
region,Atacama,2022-11-01,4,6.2119207,5.082134127616882,6.601070523262024,14.743528,5.3848705
region,Atacama,2022-12-01,4,7.4308887,6.549187183380127,7.613979697227478,14.112865,3.5636704
region,Atacama,2023-01-01,4,12.148936,6.9795026779174805,12.382717728614807,12.0163555,3.559325
region,Atacama,2023-02-01,4,14.636194,9.582812070846558,15.875758647918701,21.808388,8.214156
region,Atacama,2023-03-01,4,9.590955,6.622184634208679,9.745453000068665,22.030283,2.6841953
region,Atacama,2023-04-01,4,10.155136,7.432678461074829,10.566943526268005,22.011059,2.5648477
region,Atacama,2023-05-01,4,12.568113,8.454413890838623,14.661626100540161,28.760767,2.4085076
region,Atacama,2023-06-01,4,12.598395,7.993439078330994,16.603484630584717,26.209278,3.8058436
region,Atacama,2023-07-01,4,12.778535,8.29912006855011,17.20643377304077,26.367546,2.8110921
region,Atacama,2023-08-01,4,13.874325,7.8756632804870605,17.275771379470825,21.544783,3.1965685
region,Atacama,2023-09-01,4,10.626912,8.094695806503296,11.632016658782959,16.233707,3.798295
region,Atacama,2023-10-01,4,10.228899,7.527028441429138,11.178234100341797,16.59369,3.0645375
region,Atacama,2023-11-01,4,8.96239,6.5948638916015625,10.23291826248169,13.2961445,2.199379
region,Atacama,2023-12-01,4,8.989219,6.578409314155579,9.8943350315094,12.376428,2.1545136
region,Atacama,2024-01-01,4,9.480528,6.412361979484558,10.023553133010864,12.342486,1.9585875
region,Atacama,2024-02-01,4,8.511095,5.614848256111145,8.872043251991272,14.241404,2.4182565
region,Atacama,2024-03-01,4,7.8512287,5.4853591322898865,8.435654878616333,20.269451,2.2600331
region,Atacama,2024-04-01,4,8.38794,6.1131298542022705,9.186977624893188,20.280577,1.9517648
region,Atacama,2024-05-01,4,10.4253025,8.245826125144958,11.094757795333862,22.943893,2.746876
region,Atacama,2024-06-01,4,7.907066,6.2852959632873535,9.091536045074463,25.21568,2.770692
region,Atacama,2024-07-01,4,9.775118,8.789705514907837,10.39319396018982,30.952911,4.202925
region,Atacama,2024-08-01,4,7.2642035,6.226000189781189,8.21606194972992,23.230505,4.4878836
region,Atacama,2024-09-01,4,9.910136,9.438153982162476,10.189612627029419,24.995878,4.6062694
region,Atacama,2024-10-01,4,6.245372,5.574869632720947,6.769489288330078,18.191046,2.240131
region,Atacama,2024-11-01,4,7.766446,7.332635045051575,8.021180629730225,14.53383,2.7548423
region,Atacama,2024-12-01,4,7.13165,6.829630136489868,7.310549378395081,12.465752,2.7842307
region,Coquimbo,2019-01-01,2,10.757829,10.552453756332397,10.941029787063599,9.958341,7.156635
region,Coquimbo,2019-02-01,2,12.2485075,11.555581092834473,12.933209419250488,12.994621,7.492124
region,Coquimbo,2019-03-01,2,14.031608,12.840037107467651,15.219976663589478,14.159238,9.795066
region,Coquimbo,2019-04-01,2,12.585573,12.287975788116455,12.866796016693115,18.15163,9.0717
region,Coquimbo,2019-05-01,2,17.345037,15.680327892303467,18.978567600250244,19.791363,9.847009
region,Coquimbo,2019-06-01,2,17.053072,15.809257745742798,18.324995756149292,18.333065,10.540438
region,Coquimbo,2019-07-01,2,18.324799,17.799716472625732,18.85271692276001,25.45325,12.592572
region,Coquimbo,2019-08-01,2,15.480901,15.468086004257202,15.494433641433716,22.146898,12.223682
region,Coquimbo,2019-09-01,2,8.0007105,7.4923564195632935,8.474174857139587,16.56036,7.1298413
region,Coquimbo,2019-10-01,2,8.864828,8.395086765289307,9.333308696746826,12.646663,7.634304
region,Coquimbo,2019-11-01,2,7.9787083,7.619686603546143,8.344935894012451,13.288014,8.6100445
region,Coquimbo,2019-12-01,2,8.728495,8.618279457092285,8.838709831237793,9.9075,6.32842
region,Coquimbo,2020-01-01,2,7.467296,7.211208462715149,7.7226938009262085,11.804035,8.573831
region,Coquimbo,2020-02-01,3,8.119754,7.740103483200073,8.401079177856445,12.907254,6.251071
region,Coquimbo,2020-03-01,3,7.171017,6.564113140106201,7.732590198516846,15.064261,6.1183596
region,Coquimbo,2020-04-01,3,8.128385,7.702468633651733,8.939414978027344,18.597914,9.383915
region,Coquimbo,2020-05-01,3,11.0784855,9.50011658668518,14.085256576538086,19.64736,11.102171
region,Coquimbo,2020-06-01,3,10.556538,8.373430252075195,13.83926010131836,14.794586,9.772275
region,Coquimbo,2020-07-01,3,11.012745,9.099774360656738,14.591726779937744,15.763745,12.188027
region,Coquimbo,2020-08-01,3,10.34323,8.806603908538818,13.259033203125,16.965765,13.54348
region,Coquimbo,2020-09-01,3,8.73662,7.6577231884002686,10.657999992370605,17.19969,11.202494
region,Coquimbo,2020-10-01,3,8.657143,7.777580976486206,10.157321453094482,14.010862,7.2592077
region,Coquimbo,2020-11-01,3,7.284378,6.597170114517212,8.080483436584473,10.748461,6.4306903
region,Coquimbo,2020-12-01,3,8.144222,7.534274339675903,8.823498725891113,10.017749,6.6830754
region,Coquimbo,2021-01-01,3,8.735978,7.792732238769531,9.664109706878662,10.206218,6.8081217
region,Coquimbo,2021-02-01,3,7.3473897,6.37305474281311,8.24323058128357,9.873086,5.44275
region,Coquimbo,2021-03-01,3,8.161879,6.714715003967285,9.477242469787598,14.125894,5.164748
region,Coquimbo,2021-04-01,3,9.554048,8.633704662322998,11.052555084228516,15.633434,7.4473963
region,Coquimbo,2021-05-01,3,11.963718,9.998787641525269,15.420989990234375,16.732323,10.400314
region,Coquimbo,2021-06-01,3,11.329588,9.063150405883789,14.86940050125122,16.695864,11.531383
region,Coquimbo,2021-07-01,3,14.389014,11.077854633331299,19.528950691223145,19.460249,13.551393
region,Coquimbo,2021-08-01,3,10.908182,9.160115003585815,14.215428352355957,16.2198,10.117056
region,Coquimbo,2021-09-01,3,9.869545,8.83341670036316,11.89833402633667,14.926534,8.709482
region,Coquimbo,2021-10-01,3,9.158702,8.042338848114014,10.945618152618408,12.943935,6.854725
region,Coquimbo,2021-11-01,3,7.5215726,6.856549501419067,8.44539999961853,10.812012,5.0247803
region,Coquimbo,2021-12-01,3,7.0274034,6.637510299682617,7.675438642501831,10.136525,4.707763
region,Coquimbo,2022-01-01,3,7.6896234,7.387205600738525,8.065703868865967,10.07153,4.7150187
region,Coquimbo,2022-02-01,3,8.869327,8.427361249923706,9.672152996063232,12.573771,6.169672
region,Coquimbo,2022-03-01,3,10.096978,9.25787353515625,11.152098655700684,15.601573,6.344301
region,Coquimbo,2022-04-01,3,9.138591,7.977895736694336,10.761091232299805,15.5393305,8.628155
region,Coquimbo,2022-05-01,3,12.558611,10.972777128219604,15.5809006690979,22.029217,10.779725
region,Coquimbo,2022-06-01,3,12.355814,10.063742876052856,15.895695686340332,15.500661,9.716305
region,Coquimbo,2022-07-01,3,9.463993,8.034262895584106,12.430731773376465,13.575724,8.622969
region,Coquimbo,2022-08-01,3,9.24079,7.639916181564331,11.828760147094727,18.707758,13.078212
region,Coquimbo,2022-09-01,3,7.845571,6.568419694900513,9.787922382354736,16.560081,11.405414
region,Coquimbo,2022-10-01,3,6.284336,5.381634950637817,7.347736597061157,14.568921,11.579612
region,Coquimbo,2022-11-01,3,5.7791295,5.502369403839111,6.292611598968506,12.039582,11.682727
region,Coquimbo,2022-12-01,3,7.844757,7.569220542907715,8.279655456542969,12.026352,10.455558
region,Coquimbo,2023-01-01,3,8.162727,7.568975210189819,9.28696870803833,10.725359,6.5387163
region,Coquimbo,2023-02-01,3,12.9856,11.964497089385986,13.834288597106934,24.848972,12.909276
region,Coquimbo,2023-03-01,3,7.444647,6.937820911407471,8.09512448310852,18.512709,7.5658536
region,Coquimbo,2023-04-01,3,8.358306,7.27418327331543,10.076526641845703,16.3032,8.613118
region,Coquimbo,2023-05-01,3,12.797335,10.103044033050537,16.67336368560791,21.863605,10.221575
region,Coquimbo,2023-06-01,3,11.923796,9.200924038887024,16.04967975616455,18.073668,11.248448
region,Coquimbo,2023-07-01,3,11.479033,8.50220513343811,15.90133285522461,17.293869,10.741389
region,Coquimbo,2023-08-01,3,8.887574,6.745811462402344,11.071608543395996,15.893328,10.502901
region,Coquimbo,2023-09-01,3,8.150634,6.913389205932617,9.740286350250244,13.275693,8.746237
region,Coquimbo,2023-10-01,3,8.701077,7.502691745758057,10.062652111053467,12.984649,6.614163
region,Coquimbo,2023-11-01,3,6.5218616,5.203122138977051,7.237112283706665,10.178424,5.57299
region,Coquimbo,2023-12-01,3,6.295699,5.364919424057007,7.204301118850708,9.736137,5.8417206
region,Coquimbo,2024-01-01,3,6.1782665,5.328596353530884,6.609379768371582,10.599713,4.3851256
region,Coquimbo,2024-02-01,3,6.6476235,6.209378004074097,7.409809112548828,13.778534,7.1437383
region,Coquimbo,2024-03-01,3,6.0677433,5.2839086055755615,6.7606024742126465,16.099869,6.0280533
region,Coquimbo,2024-04-01,3,6.8056207,5.734387397766113,7.9408018589019775,15.051502,7.242603
region,Coquimbo,2024-05-01,3,10.697654,8.858919739723206,14.383355617523193,16.176247,8.2617
region,Coquimbo,2024-06-01,3,8.815313,6.933627963066101,11.85140323638916,15.215712,10.100502
region,Coquimbo,2024-07-01,3,11.476362,8.867281079292297,15.3126540184021,21.378185,12.969986
region,Coquimbo,2024-08-01,3,7.7955575,6.795860528945923,9.471559524536133,15.825876,11.274567
region,Coquimbo,2024-09-01,3,9.234798,7.870103120803833,11.484004497528076,18.981724,11.966712
region,Coquimbo,2024-10-01,3,6.265527,5.90693998336792,6.85720157623291,14.473794,7.555424
region,Coquimbo,2024-11-01,3,8.731538,8.586633682250977,8.862090110778809,11.1073065,7.7747555
region,Coquimbo,2024-12-01,3,7.931808,7.628601789474487,8.320030212402344,10.254688,6.953313
region,Valparaíso,2019-01-01,7,12.312986,11.244377613067627,12.238580226898193,16.930845,26.372494
region,Valparaíso,2019-02-01,7,13.05186,12.150301933288574,13.35342264175415,22.961325,22.91761
region,Valparaíso,2019-03-01,7,13.971152,13.63306474685669,14.264971733093262,24.15451,35.81644
region,Valparaíso,2019-04-01,9,18.085104,16.78881072998047,19.54178237915039,29.605536,58.71692
region,Valparaíso,2019-05-01,9,18.43098,16.195919036865234,19.075471878051758,38.484894,69.40564
region,Valparaíso,2019-06-01,9,19.424314,14.620641708374023,17.669958114624023,30.647331,78.277214
region,Valparaíso,2019-07-01,10,23.070059,18.521684169769287,21.627906322479248,40.750977,96.47426
region,Valparaíso,2019-08-01,10,17.82125,16.26563596725464,17.68692111968994,38.523373,83.30528
region,Valparaíso,2019-09-01,10,12.468937,11.202175617218018,13.488980770111084,32.06221,51.97074
region,Valparaíso,2019-10-01,11,11.122414,9.974337577819824,12.380736351013184,22.601252,36.949978
region,Valparaíso,2019-11-01,11,14.186558,12.966261386871338,15.572999477386475,33.05952,81.47595
region,Valparaíso,2019-12-01,11,12.001005,10.901163101196289,12.933118343353271,19.686127,39.54354
region,Valparaíso,2020-01-01,11,12.451754,10.640155792236328,14.46215295791626,20.603903,26.707582
region,Valparaíso,2020-02-01,11,13.28233,11.0719633102417,15.698535442352295,21.901157,24.546986
region,Valparaíso,2020-03-01,11,11.308001,10.587440013885498,11.641693115234375,24.464085,34.060966
region,Valparaíso,2020-04-01,11,15.680525,14.176570892333984,16.87567901611328,36.39689,59.629173
region,Valparaíso,2020-05-01,11,19.377987,16.98895263671875,21.67515754699707,46.584415,101.73309
region,Valparaíso,2020-06-01,11,18.561117,12.689966678619385,21.711270332336426,33.444138,72.86127
region,Valparaíso,2020-07-01,11,17.850681,13.69102954864502,19.358662605285645,40.040653,80.182526
region,Valparaíso,2020-08-01,11,16.484684,12.938796520233154,17.828755378723145,36.58749,83.49195
region,Valparaíso,2020-09-01,11,14.352323,12.959508895874023,15.0256929397583,38.266323,71.3398
region,Valparaíso,2020-10-01,11,12.4924965,11.438992023468018,13.376997470855713,26.371077,38.89089
region,Valparaíso,2020-11-01,11,10.786296,9.92972469329834,11.381996154785156,17.57313,28.244282
region,Valparaíso,2020-12-01,11,11.2357235,10.563930034637451,12.486896514892578,17.11033,22.233713
region,Valparaíso,2021-01-01,11,13.7271805,12.371172904968262,14.284269332885742,20.74648,39.056206
region,Valparaíso,2021-02-01,11,11.415986,10.531322002410889,12.659962177276611,17.880835,32.006382
region,Valparaíso,2021-03-01,11,12.3828125,12.017487049102783,13.435585498809814,25.220415,32.831623
region,Valparaíso,2021-04-01,11,15.853598,14.331692695617676,17.817286491394043,27.844137,56.794476
region,Valparaíso,2021-05-01,11,20.9611,17.626744270324707,24.573219299316406,37.59899,83.56625
region,Valparaíso,2021-06-01,11,19.889454,15.465076923370361,23.503379821777344,43.776012,95.132355
region,Valparaíso,2021-07-01,11,25.834827,21.34395980834961,29.942513465881348,52.846516,108.78918
region,Valparaíso,2021-08-01,11,21.16032,18.33640480041504,24.34298801422119,43.18837,82.67812
region,Valparaíso,2021-09-01,11,12.663825,11.17481803894043,13.362793445587158,31.143524,63.711514
region,Valparaíso,2021-10-01,11,12.215505,10.69299840927124,13.037858486175537,23.83059,39.670303
region,Valparaíso,2021-11-01,11,11.046998,10.087696552276611,11.370844841003418,17.971743,26.811491
region,Valparaíso,2021-12-01,11,10.9760065,9.433748722076416,12.188697338104248,17.02635,22.06491
region,Valparaíso,2022-01-01,11,10.057677,9.065367698669434,11.183899879455566,11.017804,19.50952
region,Valparaíso,2022-02-01,11,13.109373,11.827300071716309,13.52815580368042,19.919939,22.749546
region,Valparaíso,2022-03-01,11,14.806076,13.548294067382812,14.822199821472168,31.924433,44.837273
region,Valparaíso,2022-04-01,11,15.446315,13.937169551849365,16.817861080169678,27.504086,61.362297
region,Valparaíso,2022-05-01,11,24.291687,19.850818634033203,28.324216842651367,47.68243,93.3557
region,Valparaíso,2022-06-01,11,20.199137,15.988182067871094,24.815101623535156,42.651237,88.08583
region,Valparaíso,2022-07-01,11,17.16671,12.558455467224121,20.84279727935791,34.153088,80.44118
region,Valparaíso,2022-08-01,11,17.962894,14.662565231323242,22.32819175720215,43.811108,88.38703
region,Valparaíso,2022-09-01,11,12.604164,11.100395679473877,14.86841630935669,38.519295,71.45316
region,Valparaíso,2022-10-01,11,10.041211,8.855240821838379,10.998127460479736,24.337908,48.419327
region,Valparaíso,2022-11-01,11,9.630475,9.299652576446533,10.59611463546753,22.64452,34.7997
region,Valparaíso,2022-12-01,11,12.165132,11.838228702545166,12.798897743225098,16.682,87.23911
region,Valparaíso,2023-01-01,11,11.551628,10.210819721221924,12.66630220413208,14.60142,18.35474
region,Valparaíso,2023-02-01,11,20.920286,19.403386116027832,22.823527336120605,39.377922,44.23737
region,Valparaíso,2023-03-01,11,12.781583,11.334280014038086,14.018550872802734,30.15587,33.791286
region,Valparaíso,2023-04-01,11,14.696638,13.32982873916626,16.201513290405273,30.295073,59.10938
region,Valparaíso,2023-05-01,11,22.127499,18.95632553100586,24.9100923538208,45.745544,86.39626
region,Valparaíso,2023-06-01,11,19.681181,15.854800701141357,22.757119178771973,53.333775,83.16111
region,Valparaíso,2023-07-01,11,18.190851,13.95545482635498,22.07280921936035,41.49292,90.894745
region,Valparaíso,2023-08-01,11,13.737265,11.075011730194092,16.458395957946777,43.272987,72.27204
region,Valparaíso,2023-09-01,12,11.013335,8.960766553878784,12.655192613601685,29.040113,57.65461
region,Valparaíso,2023-10-01,12,11.036215,8.457087278366089,12.638416528701782,23.77881,46.478786
region,Valparaíso,2023-11-01,12,9.160554,8.296584367752075,9.592562675476074,15.5007305,31.67004
region,Valparaíso,2023-12-01,12,10.173425,8.583166599273682,11.29745602607727,15.292372,40.712368
region,Valparaíso,2024-01-01,12,10.689619,9.013239860534668,12.349161624908447,15.540129,21.469614
region,Valparaíso,2024-02-01,12,12.726797,10.502989768981934,14.831144332885742,22.315039,37.410732
region,Valparaíso,2024-03-01,12,12.658151,10.699628114700317,13.766385793685913,25.013445,38.70403
region,Valparaíso,2024-04-01,12,13.216728,11.257237434387207,15.009846687316895,26.743237,55.07226
region,Valparaíso,2024-05-01,12,20.143278,14.508379220962524,24.184972763061523,38.860264,79.04686
region,Valparaíso,2024-06-01,11,17.860264,13.715060710906982,21.495954513549805,36.437344,78.498314
region,Valparaíso,2024-07-01,11,28.71081,22.18936538696289,34.818315505981445,51.007427,105.296074
region,Valparaíso,2024-08-01,11,15.424626,11.782366275787354,16.959620475769043,38.332684,74.50665
region,Valparaíso,2024-09-01,11,13.873409,10.988227367401123,15.356631755828857,35.477802,70.02699
region,Valparaíso,2024-10-01,12,9.702314,7.886983752250671,10.215389966964722,29.890274,47.477753
region,Valparaíso,2024-11-01,12,10.79862,7.861766815185547,12.457048654556274,14.92202,30.682932
region,Valparaíso,2024-12-01,12,11.004372,8.658408403396606,12.809431791305542,14.119042,25.363262
region,Metropolitana,2019-01-01,10,16.44277,13.552540063858032,19.906782627105713,36.512154,24.883013
region,Metropolitana,2019-02-01,10,18.280268,16.892749786376953,21.125320434570312,44.70207,26.731508
region,Metropolitana,2019-03-01,10,17.502321,15.438433170318604,18.994711875915527,49.550953,38.70226
region,Metropolitana,2019-04-01,10,29.942131,28.456443786621094,31.835355281829834,72.9966,63.21352
region,Metropolitana,2019-05-01,10,30.47253,28.88002347946167,33.573729038238525,70.344444,76.49444
region,Metropolitana,2019-06-01,10,38.862698,36.51378154754639,44.49251842498779,71.18564,97.98644
region,Metropolitana,2019-07-01,10,50.749058,47.925503730773926,54.898499488830566,84.859924,121.8354
region,Metropolitana,2019-08-01,10,31.835564,28.60934019088745,35.44099426269531,67.02827,95.09548
region,Metropolitana,2019-09-01,10,17.817104,17.37568950653076,19.141340255737305,62.63263,71.82692
region,Metropolitana,2019-10-01,10,16.084724,15.69977355003357,16.898858070373535,44.51722,44.333115
region,Metropolitana,2019-11-01,10,14.475014,14.081005573272705,14.730952501296997,35.088463,39.02002
region,Metropolitana,2019-12-01,10,14.600776,13.745418548583984,15.41905403137207,30.787964,27.261364
region,Metropolitana,2020-01-01,10,15.45256,14.446874618530273,16.57694101333618,36.155457,27.048433
region,Metropolitana,2020-02-01,9,17.25113,16.487733840942383,19.053314208984375,44.22888,33.79839
region,Metropolitana,2020-03-01,9,17.221542,16.092424392700195,17.7261905670166,55.480873,44.398163
region,Metropolitana,2020-04-01,9,22.545595,21.881614685058594,23.784915924072266,68.39495,58.76392
region,Metropolitana,2020-05-01,9,33.029556,30.07779312133789,38.3665771484375,74.00711,75.49705
region,Metropolitana,2020-06-01,9,32.190037,29.176128387451172,39.04861068725586,77.75787,87.15937
region,Metropolitana,2020-07-01,9,38.80818,33.02564239501953,48.24615478515625,71.67681,99.11517
region,Metropolitana,2020-08-01,9,29.237148,27.65994644165039,31.84005355834961,84.04283,105.80542
region,Metropolitana,2020-09-01,9,21.112562,19.919445037841797,22.461645126342773,76.09947,84.2537
region,Metropolitana,2020-10-01,9,15.76289,14.647849082946777,17.50609016418457,56.440495,48.565365
region,Metropolitana,2020-11-01,9,13.952939,11.980528831481934,15.929166793823242,41.892387,34.291927
region,Metropolitana,2020-12-01,9,12.554029,10.752100944519043,14.126684188842773,33.64903,21.789185
region,Metropolitana,2021-01-01,9,13.835219,12.275537490844727,15.024291038513184,32.546383,21.574547
region,Metropolitana,2021-02-01,9,14.183131,13.089418411254883,15.327868461608887,46.793053,29.762175
region,Metropolitana,2021-03-01,9,14.134751,12.994550704956055,15.680180549621582,54.18081,38.904762
region,Metropolitana,2021-04-01,9,22.45682,20.568435668945312,24.64102554321289,68.08128,62.621
region,Metropolitana,2021-05-01,10,39.142063,35.374382972717285,44.28744602203369,79.59765,84.689705
region,Metropolitana,2021-06-01,10,39.89644,36.118289947509766,47.26523303985596,79.84873,93.150116
region,Metropolitana,2021-07-01,10,54.90007,48.72438144683838,66.8227596282959,89.33819,120.849724
region,Metropolitana,2021-08-01,9,37.847263,35.12010955810547,40.560646057128906,77.047646,95.283005
region,Metropolitana,2021-09-01,9,18.091616,17.561111450195312,18.448179244995117,60.562088,79.32858
region,Metropolitana,2021-10-01,9,14.244691,13.963788032531738,14.784122467041016,47.473377,58.467934
region,Metropolitana,2021-11-01,9,12.5097065,11.643453598022461,12.602510452270508,37.06648,32.95138
region,Metropolitana,2021-12-01,9,14.4899645,13.296496391296387,14.99864673614502,32.606678,28.48247
region,Metropolitana,2022-01-01,9,11.417815,11.142857551574707,11.838274955749512,25.419233,26.770632
region,Metropolitana,2022-02-01,9,14.450697,13.757485389709473,15.036277770996094,37.763557,25.775425
region,Metropolitana,2022-03-01,9,16.43769,14.995495796203613,17.153457641601562,49.339336,42.021763
region,Metropolitana,2022-04-01,10,21.644627,19.988161087036133,24.29805088043213,53.149418,56.34179
region,Metropolitana,2022-05-01,10,48.23234,45.32967758178711,52.833746910095215,85.09399,84.76162
region,Metropolitana,2022-06-01,10,47.617226,45.22604560852051,53.37638759613037,83.605774,113.61995
region,Metropolitana,2022-07-01,10,35.68063,34.22476577758789,40.69547653198242,80.06086,103.7748
region,Metropolitana,2022-08-01,10,35.58924,32.05168437957764,38.74905776977539,80.80986,104.781425
region,Metropolitana,2022-09-01,10,22.26957,20.21177864074707,24.11176872253418,65.26279,86.82062
region,Metropolitana,2022-10-01,10,12.729229,11.87190866470337,13.667675018310547,47.675003,58.17363
region,Metropolitana,2022-11-01,10,12.765694,12.060298681259155,13.284915447235107,39.523113,37.88446
region,Metropolitana,2022-12-01,10,14.577226,13.521774768829346,15.103495836257935,34.29974,41.1909
region,Metropolitana,2023-01-01,10,12.954657,11.902713775634766,13.783874988555908,31.013056,21.393902
region,Metropolitana,2023-02-01,10,26.483221,25.61863946914673,27.371737957000732,69.636284,40.963478
region,Metropolitana,2023-03-01,10,14.925594,13.415135145187378,15.689100742340088,49.826904,39.97449
region,Metropolitana,2023-04-01,10,19.894135,18.0793399810791,21.144861221313477,62.367702,55.539455
region,Metropolitana,2023-05-01,10,39.72381,38.51614570617676,44.436259269714355,81.58229,75.7027
region,Metropolitana,2023-06-01,10,37.32885,35.67072677612305,42.28954029083252,79.95475,72.67382
region,Metropolitana,2023-07-01,10,40.57332,38.85244655609131,46.68582057952881,74.878555,91.675514
region,Metropolitana,2023-08-01,10,25.020681,23.582852840423584,26.622167587280273,67.23915,71.4579
region,Metropolitana,2023-09-01,10,20.372763,19.695480823516846,20.894444465637207,58.867558,59.770523
region,Metropolitana,2023-10-01,10,15.247699,14.307934045791626,16.348837852478027,54.996292,50.120975
region,Metropolitana,2023-11-01,9,11.550097,9.599443435668945,13.21579647064209,40.292057,36.401745
region,Metropolitana,2023-12-01,10,14.835028,13.673269033432007,16.235470056533813,33.831898,29.347775
region,Metropolitana,2024-01-01,10,13.220665,12.170269012451172,13.932691812515259,32.4287,21.868303
region,Metropolitana,2024-02-01,10,13.864188,12.90430474281311,14.738840818405151,41.89393,32.295612
region,Metropolitana,2024-03-01,10,14.133079,12.324451684951782,15.880780458450317,48.826298,41.07517
region,Metropolitana,2024-04-01,10,16.917294,16.18379020690918,18.121866703033447,54.283176,48.063847
region,Metropolitana,2024-05-01,10,32.680115,29.38728141784668,37.04544448852539,72.70925,87.335175
region,Metropolitana,2024-06-01,10,35.431747,30.172828674316406,41.6345272064209,68.5019,90.58187
region,Metropolitana,2024-07-01,10,51.38397,46.117568016052246,58.1099853515625,97.47651,117.36196
region,Metropolitana,2024-08-01,10,28.00431,25.783416748046875,30.31133222579956,73.654625,92.558754
region,Metropolitana,2024-09-01,10,18.718716,17.261805057525635,19.933327198028564,65.04478,77.23778
region,Metropolitana,2024-10-01,10,13.479875,12.411804914474487,14.705076932907104,55.14297,59.21943
region,Metropolitana,2024-11-01,10,10.256335,8.69453477859497,11.561716556549072,35.246346,33.270424
region,Metropolitana,2024-12-01,10,12.311582,10.480392694473267,13.30660343170166,31.03512,25.232218
region,O'Higgins,2019-01-01,4,10.142955,9.722640037536621,10.350528240203857,11.572985,12.769602
region,O'Higgins,2019-02-01,4,13.417665,12.614180564880371,13.663793087005615,20.79157,11.805684
region,O'Higgins,2019-03-01,4,14.442393,12.650167465209961,16.233736515045166,21.558973,16.10659
region,O'Higgins,2019-04-01,4,24.264748,21.731906414031982,27.177759170532227,30.307869,22.903837
region,O'Higgins,2019-05-01,4,40.021763,38.87957954406738,41.20401096343994,30.822256,28.027151
region,O'Higgins,2019-06-01,4,48.07494,46.49174213409424,50.56156635284424,25.0424,25.639008
region,O'Higgins,2019-07-01,4,56.277035,54.19167709350586,60.27766704559326,38.812317,30.470423
region,O'Higgins,2019-08-01,4,32.747208,31.048179149627686,34.703983306884766,27.857353,25.814388
region,O'Higgins,2019-09-01,4,16.579481,15.400104284286499,18.066346168518066,26.730488,22.586884
region,O'Higgins,2019-10-01,4,10.978048,8.994735479354858,12.279277324676514,15.823161,17.164112
region,O'Higgins,2019-11-01,4,8.315751,5.782593369483948,10.077659130096436,12.265032,13.60315
region,O'Higgins,2019-12-01,4,9.055954,6.029707312583923,11.130489349365234,9.762809,10.867806
region,O'Higgins,2020-01-01,4,10.344185,8.468241930007935,11.751230239868164,13.641388,17.491154
region,O'Higgins,2020-02-01,4,36.613216,15.483304500579834,42.17311334609985,21.384768,20.96008
region,O'Higgins,2020-03-01,4,12.444895,10.86553144454956,13.964025735855103,23.781115,15.79594
region,O'Higgins,2020-04-01,4,19.187588,18.576632499694824,19.96473503112793,24.460577,22.035908
region,O'Higgins,2020-05-01,4,34.828346,33.83025789260864,36.450867652893066,27.906528,26.387314
region,O'Higgins,2020-06-01,4,47.12861,45.12794494628906,49.51647186279297,27.336185,27.465736
region,O'Higgins,2020-07-01,4,46.952084,44.77091693878174,51.901400566101074,22.576248,26.057127
region,O'Higgins,2020-08-01,4,31.950842,29.60655403137207,34.15589904785156,36.42808,27.078266
region,O'Higgins,2020-09-01,4,19.465681,18.29493522644043,20.52258539199829,32.96646,25.23592
region,O'Higgins,2020-10-01,4,12.2649145,10.697940826416016,13.96405553817749,23.092678,15.200918
region,O'Higgins,2020-11-01,4,11.148226,9.860585927963257,12.525169610977173,14.824523,12.975119
region,O'Higgins,2020-12-01,4,9.616141,8.477585077285767,10.71155858039856,9.671779,8.807623
region,O'Higgins,2021-01-01,4,10.81104,10.046105861663818,11.432078123092651,11.139249,13.450672
region,O'Higgins,2021-02-01,4,10.888457,10.507092237472534,11.737091064453125,15.365317,12.040957
region,O'Higgins,2021-03-01,4,11.3029995,10.507719993591309,11.678499221801758,18.708555,12.339177
region,O'Higgins,2021-04-01,4,17.022253,15.085286617279053,19.077444553375244,24.170732,19.928738
region,O'Higgins,2021-05-01,4,35.526745,34.5725302696228,38.05709743499756,32.76313,28.269064
region,O'Higgins,2021-06-01,4,45.982185,44.301021575927734,47.56624984741211,29.170065,29.33834
region,O'Higgins,2021-07-01,4,54.295677,46.19784641265869,63.63101291656494,39.34413,31.180006
region,O'Higgins,2021-08-01,4,42.120182,38.66098403930664,46.19642925262451,35.639412,30.02732
region,O'Higgins,2021-09-01,4,16.491135,15.440713167190552,17.047739028930664,31.584192,26.931602
region,O'Higgins,2021-10-01,4,10.609706,10.038463592529297,10.943901538848877,21.10145,22.072535
region,O'Higgins,2021-11-01,4,8.950768,7.656308650970459,9.353459596633911,14.114807,14.452408
region,O'Higgins,2021-12-01,4,11.459845,8.760769367218018,13.090134382247925,12.940428,13.987856
region,O'Higgins,2022-01-01,4,7.362087,6.5906902551651,7.762956857681274,11.443583,17.760477
region,O'Higgins,2022-02-01,4,11.833269,10.73023509979248,12.86876392364502,15.628529,12.372314
region,O'Higgins,2022-03-01,4,13.079746,11.978761911392212,14.81417465209961,19.132511,16.387014
region,O'Higgins,2022-04-01,4,18.192348,16.3383948802948,19.444405555725098,19.755796,22.207624
region,O'Higgins,2022-05-01,4,44.4675,39.01514148712158,49.93500900268555,37.939014,31.767384
region,O'Higgins,2022-06-01,4,54.122208,51.21017646789551,55.62313652038574,33.376762,29.15754
region,O'Higgins,2022-07-01,4,46.108997,41.06486511230469,49.25393199920654,32.210392,24.78937
region,O'Higgins,2022-08-01,4,36.843033,34.606536865234375,37.688639640808105,37.578262,26.79005
region,O'Higgins,2022-09-01,4,23.121525,21.248423099517822,24.663278102874756,28.595476,25.60155
region,O'Higgins,2022-10-01,4,12.629906,9.7746741771698,14.557240009307861,17.66122,17.534405
region,O'Higgins,2022-11-01,4,11.8603735,9.342969417572021,13.774023056030273,14.503769,15.699453
region,O'Higgins,2022-12-01,4,12.913299,11.312352657318115,13.681914806365967,14.492583,22.441185
region,O'Higgins,2023-01-01,4,11.016684,9.078020334243774,12.732213258743286,11.411529,11.174443
region,O'Higgins,2023-02-01,4,32.798298,29.374813079833984,35.78544807434082,48.28389,28.174349
region,O'Higgins,2023-03-01,4,12.9391575,11.540820121765137,13.303165912628174,20.003864,16.015593
region,O'Higgins,2023-04-01,4,21.080593,19.368896007537842,22.917303562164307,22.336632,19.11472
region,O'Higgins,2023-05-01,4,38.708004,37.80095195770264,39.60726356506348,31.356066,25.300198
region,O'Higgins,2023-06-01,4,41.25266,40.21887493133545,42.43034076690674,29.47473,24.257107
region,O'Higgins,2023-07-01,4,45.385895,42.81149673461914,47.646246910095215,28.354063,26.927887
region,O'Higgins,2023-08-01,4,25.318552,24.63603401184082,25.587552070617676,29.048975,23.089506
region,O'Higgins,2023-09-01,4,20.423264,19.50234365463257,21.29500961303711,28.157484,19.954483
region,O'Higgins,2023-10-01,4,11.937998,10.438627004623413,14.016303539276123,24.044743,19.388826
region,O'Higgins,2023-11-01,4,8.821789,6.505510926246643,11.287868022918701,16.220339,16.31659
region,O'Higgins,2023-12-01,4,9.8951025,8.6637943983078,11.212656021118164,11.580674,15.461837
region,O'Higgins,2024-01-01,4,11.184417,10.517637014389038,12.717414617538452,11.480158,10.577829
region,O'Higgins,2024-02-01,4,9.922251,7.835112929344177,12.189520120620728,16.494839,15.668404
region,O'Higgins,2024-03-01,4,10.266102,8.618083477020264,11.165451765060425,18.249886,14.371567
region,O'Higgins,2024-04-01,4,16.831806,16.626941680908203,17.33926486968994,19.898304,17.745625
region,O'Higgins,2024-05-01,4,39.624435,37.48886680603027,42.11635208129883,26.956474,27.008125
region,O'Higgins,2024-06-01,4,41.074375,39.24112796783447,42.120421409606934,21.74345,30.434128
region,O'Higgins,2024-07-01,4,59.14516,52.78833055496216,67.8355598449707,36.933784,25.20268
region,O'Higgins,2024-08-01,4,30.625553,30.180687427520752,31.244786262512207,31.859085,24.533115
region,O'Higgins,2024-09-01,4,18.272375,17.91852045059204,18.613338470458984,30.227928,24.624805
region,O'Higgins,2024-10-01,4,9.424088,9.008490443229675,9.94676423072815,23.644114,19.104786
region,O'Higgins,2024-11-01,4,6.9111032,6.450593829154968,7.577047109603882,11.185249,13.118178
region,O'Higgins,2024-12-01,4,7.369986,6.802591919898987,8.114532709121704,10.101048,12.838951
region,Maule,2019-01-01,5,6.895714,6.395918369293213,6.976933479309082,7.72602,8.217413
region,Maule,2019-02-01,5,11.233623,9.620895385742188,12.39402961730957,14.021994,10.379815
region,Maule,2019-03-01,5,16.01138,15.481132507324219,16.75741195678711,13.517548,16.251707
region,Maule,2019-04-01,5,28.474714,25.490882873535156,31.494428634643555,20.649502,19.39462
region,Maule,2019-05-01,5,43.930676,34.340511322021484,53.362022399902344,37.393223,26.74045
region,Maule,2019-06-01,5,37.842804,27.859722137451172,45.48463821411133,16.746265,14.493247
region,Maule,2019-07-01,5,47.17987,35.65663528442383,55.67881393432617,19.576693,15.811124
region,Maule,2019-08-01,5,36.942703,31.675676345825195,37.34005355834961,18.735165,16.252954
region,Maule,2019-09-01,5,17.503618,13.82361125946045,19.25487518310547,18.30568,13.0497675
region,Maule,2019-10-01,5,9.890747,8.795699119567871,11.37601089477539,11.424307,11.899068
region,Maule,2019-11-01,5,7.222285,5.549562454223633,8.765690803527832,8.741381,9.3057165
region,Maule,2019-12-01,5,7.4038095,6.735978126525879,8.546575546264648,6.4821754,8.132464
region,Maule,2020-01-01,5,9.476348,8.938775062561035,11.183381080627441,10.63703,17.185139
region,Maule,2020-02-01,5,9.745718,9.341984748840332,11.347222328186035,15.144157,58.26683
region,Maule,2020-03-01,5,9.655341,7.186141490936279,11.352303504943848,14.346536,19.277515
region,Maule,2020-04-01,5,20.895653,17.862117767333984,23.04360008239746,19.437983,19.040398
region,Maule,2020-05-01,5,42.160465,32.82432556152344,47.15310287475586,20.726633,20.20683
region,Maule,2020-06-01,5,47.035614,35.00140380859375,52.54137420654297,21.085741,17.062113
region,Maule,2020-07-01,5,44.465588,31.717741012573242,54.61808395385742,18.768286,13.589251
region,Maule,2020-08-01,5,31.818083,20.740890502929688,42.33333206176758,16.515182,14.85699
region,Maule,2020-09-01,5,18.261538,13.376388549804688,21.865358352661133,21.8657,14.927961
region,Maule,2020-10-01,5,9.340254,7.2271504402160645,11.412161827087402,16.739584,9.529735
region,Maule,2020-11-01,5,7.8817444,7.818309783935547,9.137447357177734,9.816948,8.885883
region,Maule,2020-12-01,5,6.728237,5.484438419342041,8.722745895385742,6.082915,6.7409415
region,Maule,2021-01-01,5,8.325261,7.867142677307129,8.577656745910645,7.807493,8.314022
region,Maule,2021-02-01,5,7.9578443,6.6315789222717285,9.50687026977539,9.641113,7.6490517
region,Maule,2021-03-01,6,11.444889,10.59596848487854,11.91556453704834,15.685334,9.005052
region,Maule,2021-04-01,6,20.35064,16.565062522888184,23.733240127563477,12.940059,15.248715
region,Maule,2021-05-01,6,45.00745,33.210333824157715,54.447187423706055,26.480043,17.985966
region,Maule,2021-06-01,6,48.24814,38.031617164611816,57.53338432312012,22.693983,15.559545
region,Maule,2021-07-01,6,54.169765,37.67513561248779,71.54987335205078,21.713373,16.44941
region,Maule,2021-08-01,6,38.111313,27.579514503479004,45.409366607666016,21.671774,18.656292
region,Maule,2021-09-01,6,19.100443,16.87176275253296,21.012186527252197,14.808613,13.762932
region,Maule,2021-10-01,6,10.166892,10.783010244369507,11.076948881149292,12.059501,9.781448
region,Maule,2021-11-01,6,7.4869466,7.132641792297363,8.587702989578247,7.855673,9.517281
region,Maule,2021-12-01,6,11.711941,9.790873527526855,13.188934087753296,9.12213,9.986674
region,Maule,2022-01-01,6,6.7463293,5.867607235908508,7.642857074737549,5.5925956,8.272333
region,Maule,2022-02-01,6,14.799899,14.121701717376709,15.61973524093628,15.647552,10.952227
region,Maule,2022-03-01,6,11.219218,10.722579956054688,11.915717363357544,14.349105,12.38321
region,Maule,2022-04-01,6,17.553621,14.781991958618164,20.1623477935791,10.074799,12.501677
region,Maule,2022-05-01,6,41.32821,30.93568229675293,52.15211868286133,43.551224,26.157835
region,Maule,2022-06-01,6,41.42472,32.860140323638916,48.228230476379395,26.341145,19.921228
region,Maule,2022-07-01,6,34.92688,25.831106185913086,44.349159240722656,16.705282,13.55268
region,Maule,2022-08-01,6,33.33099,25.75655174255371,39.741498947143555,22.046247,14.538891
region,Maule,2022-09-01,6,18.5637,15.122948408126831,19.494359493255615,19.304998,18.156713
region,Maule,2022-10-01,6,7.8104577,6.740150451660156,8.773733377456665,10.758758,15.762452
region,Maule,2022-11-01,6,7.6883636,6.573049068450928,9.122982501983643,13.07571,20.808132
region,Maule,2022-12-01,6,6.7714543,5.468969464302063,7.764784336090088,7.9711504,11.278429
region,Maule,2023-01-01,6,7.349808,6.886118650436401,7.534561276435852,10.879643,14.756591
region,Maule,2023-02-01,6,40.390907,35.889018058776855,39.99142265319824,74.08609,89.29776
region,Maule,2023-03-01,6,10.281773,9.429213047027588,11.387158155441284,23.067951,11.394096
region,Maule,2023-04-01,6,18.965542,17.073978900909424,20.68608331680298,15.041447,15.865567
region,Maule,2023-05-01,6,35.781734,27.243391513824463,44.11585807800293,22.483505,20.144867
region,Maule,2023-06-01,6,35.23355,26.55414581298828,41.46024417877197,22.431982,23.044697
region,Maule,2023-07-01,6,40.942368,30.069931983947754,49.55989742279053,16.177341,15.152944
region,Maule,2023-08-01,6,27.000954,21.81554937362671,30.207038402557373,16.73958,13.720687
region,Maule,2023-09-01,6,13.586645,11.125301599502563,16.894222259521484,14.400862,12.6749
region,Maule,2023-10-01,6,8.524719,7.118711590766907,8.669373273849487,13.987336,12.79215
region,Maule,2023-11-01,5,5.5617948,4.531851768493652,5.6740946769714355,9.28098,10.164287
region,Maule,2023-12-01,5,5.3932247,4.704300880432129,5.779132843017578,7.1344156,9.242552
region,Maule,2024-01-01,5,6.3172584,6.013477325439453,6.543978214263916,7.23126,8.186764
region,Maule,2024-02-01,5,6.8039618,6.66960334777832,7.126801013946533,8.333287,11.678961
region,Maule,2024-03-01,5,6.851501,6.106901168823242,7.257104396820068,16.577559,9.339294
region,Maule,2024-04-01,5,11.62965,9.401122093200684,13.322175979614258,13.285218,11.841986
region,Maule,2024-05-01,5,46.208286,37.50409698486328,49.01621627807617,29.95435,37.04998
region,Maule,2024-06-01,5,29.851513,23.20749282836914,40.9371337890625,15.145561,16.202637
region,Maule,2024-07-01,5,51.788445,40.27875518798828,61.03504180908203,24.186232,17.39022
region,Maule,2024-08-01,5,29.650583,23.016460418701172,33.80753707885742,17.739836,15.87741
region,Maule,2024-09-01,6,14.546017,13.067868709564209,16.121769905090332,16.491167,15.177876
region,Maule,2024-10-01,6,7.274426,6.07254421710968,8.411507368087769,15.409396,11.961892
region,Maule,2024-11-01,6,5.6260467,3.5518584847450256,6.294572234153748,7.088037,8.894485
region,Maule,2024-12-01,6,7.0339212,4.58575314283371,7.9830909967422485,6.580331,7.984785
region,Biobío–Ñuble,2019-01-01,17,9.722093,7.677550792694092,10.747282981872559,9.294376,7.042933
region,Biobío–Ñuble,2019-02-01,17,15.653195,12.853731155395508,16.916418075561523,13.136398,12.1923065
region,Biobío–Ñuble,2019-03-01,18,13.8485155,10.601118087768555,18.66899585723877,12.204738,13.557303
region,Biobío–Ñuble,2019-04-01,20,21.239342,17.702528476715088,22.290947437286377,18.634968,25.211533
region,Biobío–Ñuble,2019-05-01,21,39.49269,24.997282028198242,48.662635803222656,36.11935,47.549667
region,Biobío–Ñuble,2019-06-01,20,35.239407,18.714288234710693,46.45546340942383,10.452239,11.016444
region,Biobío–Ñuble,2019-07-01,21,31.105215,17.98214340209961,35.5315055847168,9.48722,10.713066
region,Biobío–Ñuble,2019-08-01,21,33.538734,22.570850372314453,37.94078063964844,10.949695,13.991412
region,Biobío–Ñuble,2019-09-01,21,19.328568,12.459039688110352,22.956825256347656,11.152438,11.270914
region,Biobío–Ñuble,2019-10-01,21,13.477205,9.502029418945312,15.205962181091309,8.363419,12.104514
region,Biobío–Ñuble,2019-11-01,22,8.785947,6.604885101318359,10.539945125579834,7.7368107,8.585328
region,Biobío–Ñuble,2019-12-01,22,8.493411,7.093505501747131,9.019060850143433,7.1634583,7.067284
region,Biobío–Ñuble,2020-01-01,22,13.4879055,11.318347215652466,14.712361335754395,12.812651,17.668919
region,Biobío–Ñuble,2020-02-01,21,11.176975,9.434343338012695,12.863158226013184,11.903612,10.201026
region,Biobío–Ñuble,2020-03-01,21,10.959339,9.18648624420166,11.806944847106934,14.358161,10.453107
region,Biobío–Ñuble,2020-04-01,21,19.425837,15.0,20.50139617919922,14.527469,17.917849
region,Biobío–Ñuble,2020-05-01,20,37.90034,25.109172344207764,47.72841453552246,12.909303,16.39509
region,Biobío–Ñuble,2020-06-01,21,39.308044,22.923513412475586,53.63802719116211,13.171204,11.380823
region,Biobío–Ñuble,2020-07-01,20,41.188892,22.740381717681885,51.97908878326416,9.7330065,11.03306
region,Biobío–Ñuble,2020-08-01,19,27.494331,17.813112258911133,35.98507499694824,10.334311,11.093251
region,Biobío–Ñuble,2020-09-01,19,21.961138,15.945138454437256,25.33453941345215,11.56503,11.77224
region,Biobío–Ñuble,2020-10-01,19,12.222823,10.169988632202148,11.938551425933838,12.227227,8.930808
region,Biobío–Ñuble,2020-11-01,19,8.716422,6.530828952789307,9.12657880783081,8.233036,8.635002
region,Biobío–Ñuble,2020-12-01,24,7.8488626,6.483468294143677,8.501622676849365,6.9469047,6.6635447
region,Biobío–Ñuble,2021-01-01,24,10.414343,8.00065004825592,12.063607931137085,8.677243,7.280312
region,Biobío–Ñuble,2021-02-01,24,9.415139,7.7681028842926025,10.21635389328003,8.849832,6.203801
region,Biobío–Ñuble,2021-03-01,26,12.519194,10.315670490264893,13.468297004699707,14.218917,11.935127
region,Biobío–Ñuble,2021-04-01,26,19.057465,13.243697166442871,22.196807861328125,10.571805,14.22666
region,Biobío–Ñuble,2021-05-01,26,40.161377,26.896755695343018,47.00283145904541,16.685621,16.281443
region,Biobío–Ñuble,2021-06-01,26,40.24306,25.154006004333496,48.45287227630615,11.666032,11.4587555
region,Biobío–Ñuble,2021-07-01,26,39.696728,24.56444025039673,49.18978309631348,11.487024,12.417249
region,Biobío–Ñuble,2021-08-01,26,28.697353,20.344972133636475,33.51518154144287,12.5299225,12.912698
region,Biobío–Ñuble,2021-09-01,26,20.0805,12.688484191894531,23.14847183227539,9.385329,9.947056
region,Biobío–Ñuble,2021-10-01,26,12.895596,8.703771829605103,15.060439825057983,9.177891,8.794228
region,Biobío–Ñuble,2021-11-01,26,8.59293,6.764034867286682,9.70953893661499,6.794149,8.003648
region,Biobío–Ñuble,2021-12-01,26,12.30077,9.752123594284058,12.293662071228027,11.701695,12.569451
region,Biobío–Ñuble,2022-01-01,26,7.219338,5.911107063293457,7.828847050666809,6.225871,5.7880344
region,Biobío–Ñuble,2022-02-01,26,14.96449,12.00116515159607,17.81886386871338,13.895627,12.786541
region,Biobío–Ñuble,2022-03-01,26,11.782868,9.769788026809692,13.226433038711548,13.261129,31.155296
region,Biobío–Ñuble,2022-04-01,26,18.781588,14.472702741622925,20.361573219299316,8.370845,10.61782
region,Biobío–Ñuble,2022-05-01,25,41.48352,28.330028533935547,51.1315803527832,21.431969,21.56036
region,Biobío–Ñuble,2022-06-01,26,34.450462,22.3696928024292,42.44179630279541,18.091333,16.311123
region,Biobío–Ñuble,2022-07-01,26,28.885612,16.824914932250977,37.26588153839111,9.367968,9.584899
region,Biobío–Ñuble,2022-08-01,26,26.80437,18.592470169067383,35.25881767272949,12.210263,11.741342
region,Biobío–Ñuble,2022-09-01,26,18.860987,13.845093250274658,22.100625038146973,11.0732355,13.272477
region,Biobío–Ñuble,2022-10-01,26,10.411535,7.666082739830017,11.911113500595093,7.950478,10.31391
region,Biobío–Ñuble,2022-11-01,26,8.64533,7.1229246854782104,9.463526248931885,8.586904,9.487651
region,Biobío–Ñuble,2022-12-01,27,8.077224,6.822354793548584,9.520162105560303,7.515178,12.083205
region,Biobío–Ñuble,2023-01-01,27,8.084585,6.526810646057129,9.133106231689453,8.911796,10.00827
region,Biobío–Ñuble,2023-02-01,27,34.124428,19.525165557861328,49.2244758605957,71.31618,175.28174
region,Biobío–Ñuble,2023-03-01,27,9.388926,7.941012620925903,10.682730674743652,15.385973,10.23918
region,Biobío–Ñuble,2023-04-01,27,17.162518,12.136898517608643,20.788710594177246,14.277442,19.648062
region,Biobío–Ñuble,2023-05-01,27,31.820574,23.389253616333008,38.38524055480957,19.015753,18.267256
region,Biobío–Ñuble,2023-06-01,26,37.375156,23.66782569885254,49.66977500915527,13.441351,11.26444
region,Biobío–Ñuble,2023-07-01,26,41.0917,25.271347045898438,57.926764488220215,9.557972,10.697976
region,Biobío–Ñuble,2023-08-01,25,28.74463,19.095558166503906,36.08613586425781,9.572928,10.182472
region,Biobío–Ñuble,2023-09-01,26,16.35145,10.999106168746948,20.724303245544434,8.005741,9.975607
region,Biobío–Ñuble,2023-10-01,26,11.3123255,8.83913516998291,13.760380506515503,9.264174,9.905265
region,Biobío–Ñuble,2023-11-01,22,8.058951,6.551389098167419,9.247024536132812,8.158794,8.697628
region,Biobío–Ñuble,2023-12-01,22,7.1097317,6.190921902656555,7.7334513664245605,7.461573,7.1747446
region,Biobío–Ñuble,2024-01-01,23,8.658068,6.959906578063965,9.822206020355225,6.7224936,6.7444263
region,Biobío–Ñuble,2024-02-01,23,8.974043,7.615555286407471,9.871978759765625,7.9407463,7.769086
region,Biobío–Ñuble,2024-03-01,23,9.370204,8.00812292098999,11.128498077392578,13.379702,12.414797
region,Biobío–Ñuble,2024-04-01,23,19.21869,14.083030700683594,23.8537015914917,14.576139,17.096348
region,Biobío–Ñuble,2024-05-01,26,52.66107,29.761234760284424,63.180243492126465,22.868013,24.518778
region,Biobío–Ñuble,2024-06-01,26,27.925352,15.829819679260254,37.75937366485596,8.648803,9.402165
region,Biobío–Ñuble,2024-07-01,25,48.43649,32.85444641113281,54.69295883178711,13.891883,14.203492
region,Biobío–Ñuble,2024-08-01,25,34.224255,22.98646354675293,42.60565185546875,10.845988,12.073189
region,Biobío–Ñuble,2024-09-01,26,17.146648,9.946548700332642,22.408748626708984,10.896659,11.479375
region,Biobío–Ñuble,2024-10-01,27,12.819574,8.79555368423462,14.525147438049316,14.136449,11.5153265
region,Biobío–Ñuble,2024-11-01,27,9.7091675,6.008716821670532,9.505287170410156,6.4612403,8.117486
region,Biobío–Ñuble,2024-12-01,27,9.112476,6.1883955001831055,9.05028772354126,6.6616507,6.5766344
region,Araucanía,2019-01-01,3,4.577788,3.747747838497162,6.05458402633667,6.910258,6.458553
region,Araucanía,2019-02-01,3,9.150526,8.47269582748413,10.502827644348145,13.78032,13.214481
region,Araucanía,2019-03-01,3,10.906956,9.886849880218506,12.654699325561523,26.039595,15.1915455
region,Araucanía,2019-04-01,3,27.294117,22.27067756652832,32.28565692901611,33.267284,21.363146
region,Araucanía,2019-05-01,3,52.796223,42.60508346557617,59.52691078186035,23.659752,11.421345
region,Araucanía,2019-06-01,3,42.99768,35.46846294403076,49.602169036865234,11.421831,7.729803
region,Araucanía,2019-07-01,3,47.933544,32.76998043060303,59.01934051513672,9.787517,9.529597
region,Araucanía,2019-08-01,3,49.19276,33.405391693115234,59.184417724609375,11.920112,13.238541
region,Araucanía,2019-09-01,3,26.586704,19.435256958007812,31.401409149169922,11.336118,10.361906
region,Araucanía,2019-10-01,3,16.417978,12.756799221038818,19.727109909057617,10.062087,10.87959
region,Araucanía,2019-11-01,3,8.579324,7.019642114639282,9.790349006652832,8.142477,9.5621605
region,Araucanía,2019-12-01,3,5.62901,5.103149890899658,6.210254669189453,6.453342,7.4241176
region,Araucanía,2020-01-01,3,5.0861835,4.634403467178345,5.440576791763306,7.671144,11.098565
region,Araucanía,2020-02-01,3,5.940117,5.751845836639404,6.268596172332764,8.673336,7.5962057
region,Araucanía,2020-03-01,3,7.5437727,6.446974277496338,8.88514518737793,19.786232,12.569878
region,Araucanía,2020-04-01,3,29.085781,23.99388599395752,33.51436519622803,47.610752,30.823168
region,Araucanía,2020-05-01,3,55.77283,44.92385482788086,65.58131790161133,14.043111,12.19065
region,Araucanía,2020-06-01,3,49.116993,41.00591278076172,55.30101013183594,14.263549,8.783201
region,Araucanía,2020-07-01,3,52.276596,41.17112159729004,60.46327209472656,10.7142935,9.734909
region,Araucanía,2020-08-01,3,43.977947,33.714478492736816,53.738386154174805,13.418318,10.281565
region,Araucanía,2020-09-01,3,34.74012,27.63715362548828,41.69230651855469,13.72898,11.099684
region,Araucanía,2020-10-01,3,17.520216,14.075995445251465,21.26560401916504,12.194349,9.042348
region,Araucanía,2020-11-01,3,7.7684064,6.389561891555786,9.092430830001831,9.069141,8.864896
region,Araucanía,2020-12-01,3,5.035009,4.388230681419373,5.630818128585815,6.77976,7.2899694
region,Araucanía,2021-01-01,3,4.645655,4.280129432678223,4.951420307159424,6.681423,5.5174375
region,Araucanía,2021-02-01,3,5.760978,5.616610527038574,5.889377593994141,8.752321,6.6608934
region,Araucanía,2021-03-01,3,9.397482,8.322824001312256,9.98268985748291,39.271725,20.435059
region,Araucanía,2021-04-01,3,22.44522,18.659470558166504,25.327308654785156,19.995556,19.503723
region,Araucanía,2021-05-01,3,55.129887,45.28094291687012,64.05136108398438,16.360138,10.159197
region,Araucanía,2021-06-01,3,61.53474,51.18675994873047,70.98908615112305,12.315097,9.021208
region,Araucanía,2021-07-01,3,65.90513,53.67576026916504,77.90715408325195,13.526463,11.503642
region,Araucanía,2021-08-01,3,41.469032,32.552961349487305,48.95774269104004,17.091352,11.853637
region,Araucanía,2021-09-01,3,27.529493,21.742895126342773,32.16342258453369,12.757451,10.426396
region,Araucanía,2021-10-01,3,17.733513,13.88306474685669,20.709272384643555,11.09256,8.440087
region,Araucanía,2021-11-01,3,8.898887,6.911559820175171,10.21328353881836,8.880798,8.19673
region,Araucanía,2021-12-01,3,7.836323,6.420026779174805,8.832898616790771,8.029344,6.6356688
region,Araucanía,2022-01-01,3,6.307346,4.947312593460083,7.125450134277344,6.844628,6.638606
region,Araucanía,2022-02-01,3,10.148703,8.989583492279053,10.9755277633667,18.208721,13.839383
region,Araucanía,2022-03-01,3,12.266876,10.224756717681885,14.039371490478516,22.77339,20.706583
region,Araucanía,2022-04-01,3,28.181692,21.087743759155273,34.380096435546875,9.393601,10.108399
region,Araucanía,2022-05-01,3,61.835728,49.86014366149902,71.97723770141602,30.17624,14.35433
region,Araucanía,2022-06-01,3,61.05866,50.2590274810791,70.64742088317871,18.907072,10.24352
region,Araucanía,2022-07-01,3,39.629498,31.012789726257324,46.402652740478516,10.290344,8.601865
region,Araucanía,2022-08-01,3,40.81448,30.760367393493652,51.018211364746094,15.588891,11.666144
region,Araucanía,2022-09-01,3,24.377726,19.42365837097168,29.316057205200195,14.681986,12.664802
region,Araucanía,2022-10-01,3,13.759091,11.017352104187012,16.225451469421387,10.796664,10.902384
region,Araucanía,2022-11-01,3,6.494424,5.782042026519775,6.9596779346466064,9.541786,10.302747
region,Araucanía,2022-12-01,3,4.9008017,4.788542032241821,5.048107862472534,6.0829315,9.382733
region,Araucanía,2023-01-01,3,4.1845713,4.0998008251190186,4.207568407058716,6.977565,7.6878614
region,Araucanía,2023-02-01,3,6.5609756,5.964611291885376,6.8969526290893555,24.27366,15.003254
region,Araucanía,2023-03-01,3,9.592812,9.038817167282104,10.525540828704834,46.68379,68.1919
region,Araucanía,2023-04-01,3,18.660465,15.877696514129639,20.809968948364258,22.37479,25.112593
region,Araucanía,2023-05-01,3,35.93852,25.60538387298584,41.55620193481445,15.445389,11.08816
region,Araucanía,2023-06-01,3,62.657944,53.40606880187988,71.75218772888184,11.264398,9.589123
region,Araucanía,2023-07-01,3,46.938915,37.14428520202637,51.79756546020508,10.390474,9.284652
region,Araucanía,2023-08-01,3,43.61013,30.119617462158203,51.031819343566895,12.995873,10.136037
region,Araucanía,2023-09-01,3,22.896648,14.701379299163818,27.473775386810303,9.971924,9.768684
region,Araucanía,2023-10-01,3,16.030575,13.468172311782837,20.855036735534668,10.684214,9.171347
region,Araucanía,2023-11-01,3,7.6474686,5.704310655593872,9.325451374053955,8.167589,9.098846
region,Araucanía,2023-12-01,3,3.8085105,3.3458081483840942,4.570775985717773,8.096278,7.39587
region,Araucanía,2024-01-01,3,3.4790277,3.289714813232422,3.7116572856903076,6.7556767,5.985479
region,Araucanía,2024-02-01,3,4.5075326,4.303095817565918,4.756310701370239,9.128584,6.591673
region,Araucanía,2024-03-01,4,8.787423,7.377769589424133,9.596587181091309,25.738314,23.686357
region,Araucanía,2024-04-01,4,22.765226,20.29616641998291,24.11043882369995,17.530224,11.3402815
region,Araucanía,2024-05-01,4,51.09319,49.018927574157715,52.32523155212402,21.183346,10.084717
region,Araucanía,2024-06-01,4,32.975822,28.574615478515625,36.08195877075195,8.473446,6.9691167
region,Araucanía,2024-07-01,4,62.150455,56.893672943115234,71.36043930053711,15.174839,11.125634
region,Araucanía,2024-08-01,4,44.295074,41.65802812576294,51.6232852935791,13.31486,10.841886
region,Araucanía,2024-09-01,4,23.954704,19.816528797149658,27.40928554534912,11.418701,10.797197
region,Araucanía,2024-10-01,4,12.23468,9.75359296798706,14.971123456954956,13.267936,10.293556
region,Araucanía,2024-11-01,4,9.071327,6.954810380935669,10.9648597240448,6.96067,9.067032
region,Araucanía,2024-12-01,4,6.176008,4.697790145874023,7.537883758544922,7.1950607,6.7022924
region,Los Ríos,2019-01-01,3,5.276441,4.447517156600952,5.858791351318359,5.2780275,7.2106247
region,Los Ríos,2019-02-01,3,5.9194937,4.794910192489624,6.678032636642456,6.961638,7.4582067
region,Los Ríos,2019-03-01,3,8.093849,6.476770401000977,10.003052711486816,10.171628,10.475289
region,Los Ríos,2019-04-01,3,25.228422,18.820594787597656,33.20421886444092,8.975273,6.6599174
region,Los Ríos,2019-05-01,3,32.692516,25.446836948394775,43.652366638183594,9.628841,5.1811395
region,Los Ríos,2019-06-01,3,36.618893,29.218847274780273,49.09661293029785,5.156978,4.0266466
region,Los Ríos,2019-07-01,3,39.29982,29.6223726272583,52.772064208984375,5.5726876,5.359033
region,Los Ríos,2019-08-01,3,39.77475,27.45988655090332,52.37282752990723,6.252993,5.8155494
region,Los Ríos,2019-09-01,3,25.499535,17.716512203216553,33.468913078308105,5.0520263,6.6139007
region,Los Ríos,2019-10-01,3,14.745598,10.738110780715942,19.297731399536133,3.7183797,7.5035973
region,Los Ríos,2019-11-01,3,7.862117,6.854526877403259,9.804691791534424,4.8603153,9.336558
region,Los Ríos,2019-12-01,3,4.764305,4.018362283706665,5.346935987472534,5.5801077,7.4509883
region,Los Ríos,2020-01-01,3,4.447501,4.188252091407776,4.872012138366699,7.1482067,11.796353
region,Los Ríos,2020-02-01,3,4.9357176,4.55012059211731,5.472708463668823,6.5214844,7.5881276
region,Los Ríos,2020-03-01,3,5.816493,5.082321286201477,6.75916051864624,5.681981,7.297741
region,Los Ríos,2020-04-01,3,25.273787,18.786694526672363,33.11256790161133,8.86601,5.964971
region,Los Ríos,2020-05-01,3,39.138226,31.776326179504395,53.48124122619629,5.3599596,4.563846
region,Los Ríos,2020-06-01,3,29.162716,20.533416509628296,40.262556076049805,7.381841,4.930102
region,Los Ríos,2020-07-01,3,41.963627,30.71528387069702,55.81597900390625,5.7345824,5.119267
region,Los Ríos,2020-08-01,3,42.543774,32.36926794052124,56.2229061126709,5.088733,5.6080546
region,Los Ríos,2020-09-01,3,28.320965,24.113717079162598,36.466665267944336,5.577144,6.349869
region,Los Ríos,2020-10-01,3,14.723874,12.553625345230103,18.92579460144043,4.4952226,7.1987963
region,Los Ríos,2020-11-01,3,6.9279737,6.122893333435059,8.272346496582031,4.196897,7.0701723
region,Los Ríos,2020-12-01,3,4.9340963,4.585616827011108,5.3503804206848145,5.630461,7.8397713
region,Los Ríos,2021-01-01,3,4.3411026,4.2896504402160645,4.414276838302612,4.914924,6.898978
region,Los Ríos,2021-02-01,3,4.998002,4.696983337402344,5.414319753646851,7.030373,6.16418
region,Los Ríos,2021-03-01,3,5.4275427,4.7694714069366455,5.9622132778167725,7.616877,6.6798663
region,Los Ríos,2021-04-01,3,20.372778,14.684275150299072,26.388924598693848,5.651107,5.277527
region,Los Ríos,2021-05-01,3,34.514324,27.898390293121338,46.375423431396484,6.402376,4.1859097
region,Los Ríos,2021-06-01,3,48.318287,38.74733924865723,66.16824722290039,6.483086,4.451225
region,Los Ríos,2021-07-01,3,42.1573,35.24736022949219,56.15972137451172,6.548142,3.8622422
region,Los Ríos,2021-08-01,3,32.761692,27.259733200073242,42.67711639404297,6.9214683,6.0666394
region,Los Ríos,2021-09-01,3,25.753616,21.62539291381836,33.3056583404541,5.8855386,4.937432
region,Los Ríos,2021-10-01,3,13.736392,11.947548151016235,17.091023445129395,5.6514044,7.316128
region,Los Ríos,2021-11-01,3,5.5439816,4.5881946086883545,6.512500047683716,3.93985,6.516845
region,Los Ríos,2021-12-01,3,4.4705353,3.9016193151474,4.903234481811523,4.6196795,7.0140023
region,Los Ríos,2022-01-01,3,3.7409909,3.4476935863494873,4.311574697494507,5.8286605,7.6222806
region,Los Ríos,2022-02-01,3,4.559102,4.178835988044739,5.139949560165405,5.9692373,7.014457
region,Los Ríos,2022-03-01,3,9.868705,8.363881349563599,12.189516067504883,4.2551665,6.992501
region,Los Ríos,2022-04-01,3,23.430037,19.479427576065063,31.249035835266113,4.653334,6.3143086
region,Los Ríos,2022-05-01,3,47.160843,34.13844108581543,63.727821350097656,6.3768764,4.205636
region,Los Ríos,2022-06-01,3,43.226635,33.409038066864014,59.16633987426758,9.37545,4.815584
region,Los Ríos,2022-07-01,3,32.140232,26.40188217163086,42.9254035949707,5.2748704,4.979247
region,Los Ríos,2022-08-01,3,40.666065,34.46298789978027,52.12651443481445,6.94375,5.892007
region,Los Ríos,2022-09-01,3,26.218721,21.281404495239258,33.85987663269043,5.056556,6.218836
region,Los Ríos,2022-10-01,3,11.658715,9.996265888214111,14.86153793334961,4.7485657,9.263919
region,Los Ríos,2022-11-01,3,5.639185,4.987499833106995,6.682600259780884,4.7416797,8.489952
region,Los Ríos,2022-12-01,3,3.5931184,2.8431001901626587,3.8426437377929688,4.1778364,9.344285
region,Los Ríos,2023-01-01,2,2.9031608,2.792017161846161,3.014005720615387,6.1892686,8.452382
region,Los Ríos,2023-02-01,3,5.1044774,4.510234594345093,5.199139356613159,9.089598,13.3942175
region,Los Ríos,2023-03-01,3,7.980987,6.797138214111328,9.455710411071777,4.835573,6.103161
region,Los Ríos,2023-04-01,3,15.194587,13.237121343612671,19.01849365234375,6.29644,6.110933
region,Los Ríos,2023-05-01,3,26.226416,21.76081132888794,33.81585121154785,6.0459423,4.1113725
region,Los Ríos,2023-06-01,3,32.382168,26.112116813659668,42.96611213684082,7.093747,5.088394
region,Los Ríos,2023-07-01,3,32.194893,25.63575267791748,41.36760711669922,6.324485,4.5072784
region,Los Ríos,2023-08-01,3,33.989662,26.582160472869873,44.52410125732422,5.5138044,4.7870903
region,Los Ríos,2023-09-01,3,19.616175,15.251753807067871,23.112865447998047,4.4061646,6.0948973
region,Los Ríos,2023-10-01,3,13.211168,11.833525657653809,15.322924613952637,4.3690195,7.7395105
region,Los Ríos,2023-11-01,3,9.931755,8.422809362411499,12.438029766082764,3.7786286,9.7205715
region,Los Ríos,2023-12-01,3,4.8063936,4.577478647232056,5.1226725578308105,4.596492,7.00838
region,Los Ríos,2024-01-01,3,4.3017936,3.6158618927001953,4.751797318458557,6.4629936,6.3208957
region,Los Ríos,2024-02-01,3,3.8613527,3.5686756372451782,4.33116888999939,5.6371446,6.3372607
region,Los Ríos,2024-03-01,3,7.237642,5.883775234222412,8.274678707122803,6.3292255,7.347967
region,Los Ríos,2024-04-01,3,16.585238,13.938586235046387,21.531296730041504,5.7327714,5.9487514
region,Los Ríos,2024-05-01,3,47.333332,38.015464782714844,62.497955322265625,8.507311,4.105847
region,Los Ríos,2024-06-01,3,25.718351,19.40459942817688,34.1858491897583,5.6257625,4.362792
region,Los Ríos,2024-07-01,2,50.309628,50.16689395904541,50.467020988464355,6.5385785,3.5531147
region,Los Ríos,2024-08-01,2,45.468536,45.04276180267334,45.920735359191895,5.917081,3.8785648
region,Los Ríos,2024-09-01,3,26.204191,17.543295860290527,29.197196006774902,4.4699044,5.7626143
region,Los Ríos,2024-10-01,3,11.426455,7.554898381233215,13.280681610107422,5.6972218,6.61592
region,Los Ríos,2024-11-01,3,5.5930233,3.832200050354004,7.13038444519043,5.075174,8.088637
region,Los Ríos,2024-12-01,3,4.2420764,3.320658802986145,4.764111518859863,4.7664337,6.2740464
region,Los Lagos,2019-01-01,3,6.879651,6.654449224472046,7.2572715282440186,4.2070026,5.896503
region,Los Lagos,2019-02-01,3,10.894023,7.207153558731079,12.962448596954346,5.425861,6.2744784
region,Los Lagos,2019-03-01,3,14.40764,12.379899978637695,16.457817554473877,11.360081,11.2035
region,Los Lagos,2019-04-01,3,34.820595,30.305561065673828,38.436662673950195,8.109446,8.151565
region,Los Lagos,2019-05-01,3,47.665462,41.26352119445801,52.63688278198242,9.349573,5.4549327
region,Los Lagos,2019-06-01,3,53.015774,47.87030029296875,59.943559646606445,5.470954,4.1247487
region,Los Lagos,2019-07-01,3,61.63661,51.642784118652344,66.5980052947998,5.704697,5.2273393
region,Los Lagos,2019-08-01,3,52.534958,48.296979904174805,56.70417022705078,6.4252954,6.391254
region,Los Lagos,2019-09-01,3,28.19662,27.500061988830566,28.628689765930176,5.1361475,6.6839595
region,Los Lagos,2019-10-01,3,19.5027,18.494492530822754,20.75291156768799,4.159714,6.623779
region,Los Lagos,2019-11-01,3,14.095395,13.19791030883789,15.458287239074707,5.583776,7.450771
region,Los Lagos,2019-12-01,3,8.663317,7.7828404903411865,9.863258361816406,4.7297583,6.6845303
region,Los Lagos,2020-01-01,3,6.0095844,5.391579627990723,6.53432822227478,5.8927407,9.305238
region,Los Lagos,2020-02-01,3,6.706256,6.554775953292847,7.005773544311523,5.4410486,6.5584
region,Los Lagos,2020-03-01,3,9.137697,8.754751205444336,9.36811351776123,5.7447414,6.8838964
region,Los Lagos,2020-04-01,4,31.863033,20.998859405517578,33.52994155883789,8.6553335,6.409149
region,Los Lagos,2020-05-01,4,68.794815,63.060391426086426,73.23221206665039,5.683004,5.744506
region,Los Lagos,2020-06-01,4,41.681835,38.51950645446777,45.265570640563965,6.5699472,4.5089974
region,Los Lagos,2020-07-01,4,62.47907,56.82372283935547,66.60899353027344,6.5179067,5.389139
region,Los Lagos,2020-08-01,4,44.36487,35.838375091552734,51.49866199493408,6.9581075,6.540313
region,Los Lagos,2020-09-01,4,37.616886,35.21062231063843,39.85278034210205,5.547728,8.098693
region,Los Lagos,2020-10-01,4,24.329296,20.598680019378662,24.946852684020996,4.471172,6.6806097
region,Los Lagos,2020-11-01,4,13.730031,11.753780603408813,14.431038618087769,4.5514183,6.563447
region,Los Lagos,2020-12-01,4,9.069013,8.005865573883057,9.59912657737732,3.8996181,6.351337
region,Los Lagos,2021-01-01,4,6.8527184,5.756077289581299,7.37023389339447,3.629694,5.1447654
region,Los Lagos,2021-02-01,4,7.5257654,7.015709757804871,7.623995780944824,7.437205,5.35807
region,Los Lagos,2021-03-01,4,10.678196,9.132346630096436,11.3553147315979,5.86509,7.6175303
region,Los Lagos,2021-04-01,4,28.236141,24.903138160705566,30.84674882888794,6.642061,6.434055
region,Los Lagos,2021-05-01,4,45.741817,40.182443618774414,47.4383430480957,6.592018,5.340275
region,Los Lagos,2021-06-01,4,77.32255,63.75277805328369,88.84605026245117,6.732707,5.3401027
region,Los Lagos,2021-07-01,4,56.952076,49.40290927886963,61.06761074066162,7.817096,5.7405224
region,Los Lagos,2021-08-01,4,45.78974,42.6491174697876,47.20310306549072,7.285649,7.4647074
region,Los Lagos,2021-09-01,4,32.577896,26.821077346801758,37.8043212890625,6.6296005,7.0400124
region,Los Lagos,2021-10-01,4,18.416723,16.3829505443573,19.76118516921997,4.7560325,6.268594
region,Los Lagos,2021-11-01,4,10.603448,8.351990222930908,11.983327388763428,3.9702296,6.086125
region,Los Lagos,2021-12-01,4,7.1744347,6.119533121585846,8.339857697486877,3.7980978,8.348221
region,Los Lagos,2022-01-01,4,5.757041,4.390188276767731,7.262811660766602,4.4832835,6.216906
region,Los Lagos,2022-02-01,4,4.2715955,3.2910314798355103,5.076155662536621,4.321687,5.9398317
region,Los Lagos,2022-03-01,4,15.214235,13.055205345153809,16.473395347595215,3.7820747,5.917057
region,Los Lagos,2022-04-01,4,34.0007,30.58053207397461,37.68863582611084,4.8551807,6.3259344
region,Los Lagos,2022-05-01,4,58.16762,46.275779724121094,66.79014492034912,6.376913,5.3257146
region,Los Lagos,2022-06-01,4,77.554504,68.24844932556152,83.20090675354004,9.738585,5.671899
region,Los Lagos,2022-07-01,4,56.098072,50.338616371154785,63.055495262145996,5.9685054,5.031047
region,Los Lagos,2022-08-01,4,66.93608,58.20512104034424,79.30175971984863,7.226024,7.7987504
region,Los Lagos,2022-09-01,4,37.70152,31.993531703948975,42.81631946563721,5.168256,8.836546
region,Los Lagos,2022-10-01,4,18.875427,17.003551244735718,19.969936847686768,4.60297,8.530081
region,Los Lagos,2022-11-01,4,9.702031,8.669416189193726,10.283548593521118,4.63597,9.085743
region,Los Lagos,2022-12-01,4,6.6926746,6.035574793815613,7.568661570549011,2.7223034,7.9557004
region,Los Lagos,2023-01-01,4,4.2205234,3.344474673271179,5.198172450065613,3.810669,6.6909647
region,Los Lagos,2023-02-01,4,5.4303894,5.1768656969070435,5.895645618438721,3.8052983,5.1082172
region,Los Lagos,2023-03-01,4,12.242327,10.843380689620972,13.421553134918213,3.8743753,5.7334895
region,Los Lagos,2023-04-01,4,26.28896,23.244990825653076,29.680298805236816,5.9856,6.8859434
region,Los Lagos,2023-05-01,4,42.678658,33.546311378479004,48.461127281188965,6.4852824,5.1490088
region,Los Lagos,2023-06-01,4,48.1517,42.852417945861816,56.383999824523926,5.774362,5.363502
region,Los Lagos,2023-07-01,4,49.61754,42.062363624572754,57.49360656738281,5.829446,4.93628
region,Los Lagos,2023-08-01,4,46.508244,35.615580558776855,58.138808250427246,5.579849,5.759302
region,Los Lagos,2023-09-01,4,31.923803,28.211429119110107,35.97470760345459,4.903152,7.2968864
region,Los Lagos,2023-10-01,4,15.781411,13.239760398864746,17.462178707122803,3.7373729,6.603597
region,Los Lagos,2023-11-01,4,15.237258,13.71939206123352,16.729291439056396,3.602986,7.125361
region,Los Lagos,2023-12-01,4,6.5708942,5.218613862991333,7.507033467292786,3.1685722,6.2412047
region,Los Lagos,2024-01-01,4,5.5160203,4.584621906280518,7.115188121795654,4.638366,5.2189317
region,Los Lagos,2024-02-01,4,12.97202,7.515178799629211,15.749234676361084,6.0633287,6.9372616
region,Los Lagos,2024-03-01,5,12.646271,10.459944725036621,14.886332511901855,4.900108,5.581719
region,Los Lagos,2024-04-01,5,25.879436,23.863128662109375,27.77684783935547,5.4339485,5.6942587
region,Los Lagos,2024-05-01,5,70.68934,53.867210388183594,91.04576110839844,9.461993,5.4542475
region,Los Lagos,2024-06-01,5,36.868008,33.7457389831543,34.288299560546875,6.3466196,4.47184
region,Los Lagos,2024-07-01,5,62.740963,56.99189376831055,68.2207260131836,7.680437,6.095722
region,Los Lagos,2024-08-01,5,52.570488,39.92628479003906,61.156593322753906,7.2531095,6.5353413
region,Los Lagos,2024-09-01,5,31.67136,26.902578353881836,34.859527587890625,5.3567657,6.509866
region,Los Lagos,2024-10-01,5,15.191495,13.093151092529297,15.780027389526367,4.7442966,7.0008426
region,Los Lagos,2024-11-01,5,10.895694,9.13380241394043,10.936798095703125,3.9856617,7.158785
region,Los Lagos,2024-12-01,5,5.877292,5.600539684295654,6.493927001953125,3.1935663,8.42913
region,Aysén,2019-01-01,3,7.434605,6.6413044929504395,8.046335220336914,2.373909,4.119915
region,Aysén,2019-02-01,3,9.3585,6.806137800216675,11.480520725250244,2.5741198,3.5731864
region,Aysén,2019-03-01,3,18.04607,15.550854682922363,20.86869525909424,2.5473206,2.7207398
region,Aysén,2019-04-01,3,33.974495,30.00174045562744,40.11479377746582,2.7416537,3.2047932
region,Aysén,2019-05-01,3,48.771904,44.470176696777344,55.920541763305664,2.8909616,2.3129296
region,Aysén,2019-06-01,3,75.67039,69.9524040222168,86.1671371459961,3.6259778,1.7885778
region,Aysén,2019-07-01,3,84.62759,73.4076156616211,105.08691024780273,4.434252,2.06845
region,Aysén,2019-08-01,3,54.098198,49.949968338012695,62.13900184631348,3.2259972,2.4230137
region,Aysén,2019-09-01,3,37.627064,34.34122371673584,44.360374450683594,2.8625078,3.7128904
region,Aysén,2019-10-01,3,19.627195,17.475532054901123,22.58403778076172,1.8738427,3.6620657
region,Aysén,2019-11-01,3,11.681282,10.578582763671875,12.405673503875732,2.2230723,5.248498
region,Aysén,2019-12-01,3,9.916818,8.897590637207031,10.499231815338135,2.0047636,4.768272
region,Aysén,2020-01-01,3,7.0926943,6.320878505706787,7.868545055389404,2.4118633,7.606803
region,Aysén,2020-02-01,3,10.107195,8.77772045135498,11.321757316589355,2.5085382,5.0185966
region,Aysén,2020-03-01,3,14.134423,13.09876012802124,15.395339965820312,1.8141718,3.1950386
region,Aysén,2020-04-01,3,39.561543,35.687156677246094,45.45612907409668,2.9933915,2.2095647
region,Aysén,2020-05-01,3,60.652252,56.50539779663086,68.15312957763672,2.4435024,1.9803423
region,Aysén,2020-06-01,3,72.66883,65.01277732849121,87.10856628417969,3.311903,1.9827055
region,Aysén,2020-07-01,3,91.10157,78.9587173461914,113.94732284545898,3.358762,1.7391042
region,Aysén,2020-08-01,3,39.89674,37.090476989746094,44.98472213745117,3.334037,3.6102784
region,Aysén,2020-09-01,3,31.92348,30.00048828125,36.000600814819336,2.7097735,4.1136084
region,Aysén,2020-10-01,3,17.890287,17.452961921691895,18.445329666137695,2.4941125,5.0301003
region,Aysén,2020-11-01,3,8.439047,7.822773218154907,9.209887027740479,2.0411155,4.636172
region,Aysén,2020-12-01,3,6.5468893,5.343773603439331,7.204758644104004,1.7729369,3.9101434
region,Aysén,2021-01-01,3,6.0351987,4.683041095733643,7.044272184371948,2.0320613,3.0259104
region,Aysén,2021-02-01,3,5.064307,3.985259175300598,6.052400588989258,2.528822,2.5315433
region,Aysén,2021-03-01,4,12.451732,11.105985879898071,14.753455638885498,1.9478128,2.036916
region,Aysén,2021-04-01,4,29.970186,26.45157289505005,31.186549186706543,2.3222654,1.7778779
region,Aysén,2021-05-01,4,74.93336,75.08050060272217,88.03243255615234,2.9426765,2.0342636
region,Aysén,2021-06-01,4,96.17525,81.82178783416748,119.96119499206543,3.5280468,2.6554193
region,Aysén,2021-07-01,4,57.32917,41.54655170440674,60.56698703765869,2.9934154,2.353613
region,Aysén,2021-08-01,4,50.443798,32.27246069908142,54.30779552459717,3.5265298,2.8231328
region,Aysén,2021-09-01,4,31.457539,30.169758796691895,31.888176918029785,2.3709118,2.467038
region,Aysén,2021-10-01,4,15.83017,14.302583694458008,16.946609497070312,2.0049639,3.767175
region,Aysén,2021-11-01,4,11.212298,11.048738956451416,11.50681447982788,2.0513246,3.341887
region,Aysén,2021-12-01,4,6.824278,6.3124024868011475,7.147911071777344,2.1418765,3.5315754
region,Aysén,2022-01-01,4,7.0479617,5.986714005470276,7.567329287528992,2.18376,4.1595254
region,Aysén,2022-02-01,4,7.111058,6.3188512325286865,7.294251561164856,2.3839135,3.5456436
region,Aysén,2022-03-01,4,16.591623,13.611944556236267,17.278291702270508,2.2107236,2.7196538
region,Aysén,2022-04-01,4,30.676891,29.654892444610596,33.12386703491211,2.2606924,1.9294535
region,Aysén,2022-05-01,3,76.85682,64.76886749267578,95.95281982421875,3.345574,1.6363744
region,Aysén,2022-06-01,4,106.12364,88.99281597137451,131.33821868896484,4.2612796,1.5285187
region,Aysén,2022-07-01,4,63.6301,62.050642013549805,78.79534149169922,3.4126787,1.8070405
region,Aysén,2022-08-01,4,52.94062,38.441664695739746,56.618682861328125,3.3375475,3.1391594
region,Aysén,2022-09-01,4,35.93176,23.21931791305542,42.58964538574219,2.4712055,2.8640068
region,Aysén,2022-10-01,4,17.941423,13.130563020706177,19.20107889175415,2.233796,4.911377
region,Aysén,2022-11-01,4,9.745492,8.990712761878967,11.53562593460083,2.1807768,5.9356785
region,Aysén,2022-12-01,4,7.024313,6.242915511131287,7.697510361671448,1.7535375,5.257253
region,Aysén,2023-01-01,4,4.746753,4.486185789108276,5.178983807563782,2.1663547,4.6345496
region,Aysén,2023-02-01,4,5.5241866,4.725610256195068,6.9579960107803345,1.793212,3.9695642
region,Aysén,2023-03-01,4,17.417353,15.315714597702026,19.362523078918457,1.7308605,3.314998
region,Aysén,2023-04-01,4,40.53945,36.342252254486084,46.91962909698486,2.1768866,1.8200456
region,Aysén,2023-05-01,4,49.15883,39.73005676269531,55.465060234069824,2.5953658,2.1763387
region,Aysén,2023-06-01,4,81.0007,75.50259017944336,97.92250633239746,3.6991777,2.2365918
region,Aysén,2023-07-01,4,85.96514,76.67846298217773,105.3766040802002,4.3256493,2.1164777
region,Aysén,2023-08-01,4,45.953335,41.8506064414978,57.10970401763916,3.2306032,2.8954768
region,Aysén,2023-09-01,4,38.77657,37.60622262954712,44.26644039154053,2.8097255,2.8530726
region,Aysén,2023-10-01,4,14.569988,14.129431128501892,17.39906930923462,2.1322348,3.8076577
region,Aysén,2023-11-01,3,12.782791,11.612110614776611,13.945444107055664,1.9558816,4.85473
region,Aysén,2023-12-01,4,7.297976,6.352518081665039,8.023954033851624,1.9935925,3.9018629
region,Aysén,2024-01-01,4,5.0207667,4.762175142765045,5.943328619003296,1.833152,3.7100577
region,Aysén,2024-02-01,4,6.0955033,5.872680068016052,7.07071328163147,1.7892396,3.5273557
region,Aysén,2024-03-01,4,16.430363,13.20730710029602,18.13540267944336,1.9215109,3.3368666
region,Aysén,2024-04-01,4,43.040882,42.56914186477661,49.44938087463379,2.1837742,2.3046763
region,Aysén,2024-05-01,4,101.81683,89.9018907546997,127.72506713867188,3.9399078,1.8095269
region,Aysén,2024-06-01,4,74.12843,63.69622993469238,93.41142654418945,5.0312977,1.3503187
region,Aysén,2024-07-01,4,66.434105,60.58159923553467,75.1452751159668,3.6276772,2.0475564
region,Aysén,2024-08-01,4,62.754627,54.00774002075195,69.13584041595459,3.876919,1.7214974
region,Aysén,2024-09-01,4,22.096516,21.420379161834717,22.68769884109497,2.4907331,3.0359235
region,Aysén,2024-10-01,4,14.340886,13.992801666259766,16.164769649505615,2.100535,3.1264184
region,Aysén,2024-11-01,4,11.371558,8.97291898727417,13.00310754776001,1.7705898,4.6309752
region,Aysén,2024-12-01,4,7.267163,5.179714202880859,8.595040321350098,1.942065,3.889495
region,Magallanes,2019-01-01,1,3.4059947,3.4059946537017822,3.4059946537017822,2.3426132,6.2840753
region,Magallanes,2019-02-01,1,4.103139,4.1031389236450195,4.1031389236450195,2.1194062,4.9341702
region,Magallanes,2019-03-01,1,4.139973,4.139973163604736,4.139973163604736,2.156461,3.723692
region,Magallanes,2019-04-01,1,4.2103066,4.210306644439697,4.210306644439697,2.4273493,4.7757072
region,Magallanes,2019-05-01,1,5.4744625,5.474462509155273,5.474462509155273,2.1873684,3.742404
region,Magallanes,2019-06-01,1,5.838109,5.838109016418457,5.838109016418457,2.1396177,2.3865373
region,Magallanes,2019-07-01,1,5.4471545,5.447154521942139,5.447154521942139,2.471047,2.6886442
region,Magallanes,2019-08-01,1,4.970068,4.970067977905273,4.970067977905273,1.8912121,4.3384185
region,Magallanes,2019-09-01,1,4.5431757,4.54317569732666,4.54317569732666,2.0578604,5.518648
region,Magallanes,2019-10-01,1,4.81965,4.819650173187256,4.819650173187256,1.6220105,6.2402043
region,Magallanes,2019-11-01,1,4.5540123,4.554012298583984,4.554012298583984,2.1073701,6.1861386
region,Magallanes,2019-12-01,1,4.108871,4.108870983123779,4.108870983123779,2.089803,6.6215415
region,Magallanes,2020-01-01,1,4.4917808,4.491780757904053,4.491780757904053,2.7217743,9.245689
region,Magallanes,2020-02-01,1,4.345428,4.345427989959717,4.345427989959717,2.4554536,6.8718543
region,Magallanes,2020-03-01,1,4.332436,4.3324360847473145,4.3324360847473145,1.9788163,4.69402
region,Magallanes,2020-04-01,1,4.5851955,4.585195541381836,4.585195541381836,2.0368433,3.657167
region,Magallanes,2020-05-01,1,6.220727,6.22072696685791,6.22072696685791,2.614994,2.0932415
region,Magallanes,2020-06-01,1,7.5864024,7.586402416229248,7.586402416229248,2.1006975,3.0158536
region,Magallanes,2020-07-01,1,5.9721,5.972099781036377,5.972099781036377,1.3684175,2.265891
region,Magallanes,2020-08-01,1,3.9675677,3.9675676822662354,3.9675676822662354,1.9670732,5.505456
region,Magallanes,2020-09-01,1,3.3690808,3.3690807819366455,3.3690807819366455,2.3194416,6.0920796
region,Magallanes,2020-10-01,1,3.6531713,3.6531713008880615,3.6531713008880615,2.3632684,5.8355203
region,Magallanes,2020-11-01,1,3.8887284,3.888728380203247,3.888728380203247,2.1819568,6.019002
region,Magallanes,2020-12-01,1,3.85221,3.85221004486084,3.85221004486084,2.062078,7.0835385
region,Magallanes,2021-01-01,1,4.0554786,4.055478572845459,4.055478572845459,2.2028632,6.283846
region,Magallanes,2021-02-01,1,5.564972,5.564971923828125,5.564971923828125,2.1195037,4.4168043
region,Magallanes,2021-03-01,1,6.025836,6.025835990905762,6.025835990905762,1.9875602,4.9617085
region,Magallanes,2021-04-01,1,4.3635097,4.363509654998779,4.363509654998779,2.1191454,3.0593748
region,Magallanes,2021-05-01,1,4.671602,4.67160177230835,4.67160177230835,2.1100976,2.7981763
region,Magallanes,2021-06-01,1,5.575,5.574999809265137,5.574999809265137,2.2272985,2.4057746
region,Magallanes,2021-07-01,1,4.348178,4.348177909851074,4.348177909851074,2.4710612,5.0523252
region,Magallanes,2021-08-01,1,3.7876344,3.7876343727111816,3.7876343727111816,2.0659537,4.149979
region,Magallanes,2021-09-01,1,4.2388887,4.238888740539551,4.238888740539551,1.9662567,4.0206
region,Magallanes,2021-10-01,1,3.8561828,3.856182813644409,3.856182813644409,2.24203,7.7814817
region,Magallanes,2021-11-01,1,4.1555557,4.155555725097656,4.155555725097656,1.7549628,6.860169
region,Magallanes,2021-12-01,1,3.810484,3.810483932495117,3.810483932495117,2.139735,5.74899
region,Magallanes,2022-01-01,1,3.9045699,3.9045698642730713,3.9045698642730713,2.1177933,5.9085727
region,Magallanes,2022-02-01,1,3.6190476,3.6190476417541504,3.6190476417541504,1.9247347,5.4461946
region,Magallanes,2022-03-01,1,4.0873656,4.087365627288818,4.087365627288818,2.01927,4.451414
region,Magallanes,2022-04-01,1,3.9104896,3.910489559173584,3.910489559173584,1.806799,3.3540618
region,Magallanes,2022-05-01,1,4.6196237,4.61962366104126,4.61962366104126,2.2496471,4.095201
region,Magallanes,2022-06-01,1,3.9818435,3.9818434715270996,3.9818434715270996,1.5539197,2.9919622
region,Magallanes,2022-07-01,1,4.751344,4.751344203948975,4.751344203948975,1.6275198,4.0815396
region,Magallanes,2022-08-01,1,4.3239245,4.323924541473389,4.323924541473389,2.3278842,3.2616158
region,Magallanes,2022-09-01,1,4.25,4.25,4.25,2.2052205,5.2573705
region,Magallanes,2022-10-01,1,3.4501348,3.450134754180908,3.450134754180908,2.1968439,7.4138894
region,Magallanes,2022-11-01,1,3.7037551,3.7037551403045654,3.7037551403045654,1.8760885,7.199526
region,Magallanes,2022-12-01,1,3.5524194,3.552419424057007,3.552419424057007,1.8683686,7.4238706
region,Magallanes,2023-01-01,1,3.7848444,3.784844398498535,3.784844398498535,2.3616672,6.5125537
region,Magallanes,2023-02-01,1,3.0390391,3.039039134979248,3.039039134979248,2.3305545,7.4006524
region,Magallanes,2023-03-01,1,3.2005384,3.200538396835327,3.200538396835327,1.711315,5.762461
region,Magallanes,2023-04-01,1,3.7033427,3.7033426761627197,3.7033426761627197,1.8160447,4.6760945
region,Magallanes,2023-05-01,1,4.0215635,4.021563529968262,4.021563529968262,2.3583415,4.3497014
region,Magallanes,2023-06-01,1,4.3221755,4.3221755027771,4.3221755027771,2.0531485,3.8170395
region,Magallanes,2023-07-01,1,5.0107527,5.0107526779174805,5.0107526779174805,1.7378299,1.9975038
region,Magallanes,2023-08-01,1,3.9636118,3.9636118412017822,3.9636118412017822,2.2591035,4.376652
region,Magallanes,2023-09-01,1,4.1271186,4.1271185874938965,4.1271185874938965,1.5069193,3.5172133
region,Magallanes,2023-10-01,1,3.4068027,3.4068026542663574,3.4068026542663574,1.7827405,6.5891314
region,Magallanes,2023-11-01,1,3.598611,3.5986111164093018,3.5986111164093018,1.5953224,5.8364806
region,Magallanes,2023-12-01,1,3.636977,3.636976957321167,3.636976957321167,1.966491,5.5581646
region,Magallanes,2024-01-01,1,3.8199182,3.819918155670166,3.819918155670166,2.150497,6.291007
region,Magallanes,2024-02-01,1,3.804769,3.8047690391540527,3.8047690391540527,2.221102,4.2817483
region,Magallanes,2024-03-01,1,6.627907,6.627906799316406,6.627906799316406,1.7293977,4.3425674
region,Magallanes,2024-04-01,1,3.8049133,3.804913282394409,3.804913282394409,1.713401,3.6640706
region,Magallanes,2024-05-01,1,4.824966,4.824965953826904,4.824965953826904,1.7121209,2.1243215
region,Magallanes,2024-06-01,1,6.382148,6.382147789001465,6.382147789001465,1.4606024,2.2587914
region,Magallanes,2024-07-01,1,4.977058,4.977057933807373,4.977057933807373,2.2478888,5.277602
region,Magallanes,2024-08-01,1,4.8762035,4.876203536987305,4.876203536987305,2.1850407,2.1398358
region,Magallanes,2024-09-01,1,3.8062677,3.806267738342285,3.806267738342285,2.00093,6.8078384
region,Magallanes,2024-10-01,1,4.075209,4.075209140777588,4.075209140777588,3.0190294,7.493095
region,Magallanes,2024-11-01,1,4.306497,4.306497097015381,4.306497097015381,1.6852733,5.2725844
region,Magallanes,2024-12-01,1,3.7195122,3.7195122241973877,3.7195122241973877,1.8495235,6.4427443
